"whale_id","iteration","sim_id","step_id","choice_id","dTime","long","lat","used","location_type"
"254027_0_t1",1,"254027_0_t1_crw_001",1,"254027_0_t1_20240414T110000",2024-04-14 11:00:00,-122.8070879,37.5402499,0,"available_crw"
"254027_0_t1",1,"254027_0_t1_crw_001",2,"254027_0_t1_20240414T170000",2024-04-14 17:00:00,-122.801830568515,37.5811653778133,0,"available_crw"
"254027_0_t1",1,"254027_0_t1_crw_001",3,"254027_0_t1_20240414T230000",2024-04-14 23:00:00,-122.788872298267,37.5413510588032,0,"available_crw"
"254027_0_t1",1,"254027_0_t1_crw_001",4,"254027_0_t1_20240415T050000",2024-04-15 05:00:00,-122.757687577811,37.413163444254,0,"available_crw"
"254027_0_t1",1,"254027_0_t1_crw_001",5,"254027_0_t1_20240415T110000",2024-04-15 11:00:00,-122.774363515865,37.4493596267938,0,"available_crw"
"254027_0_t1",1,"254027_0_t1_crw_001",6,"254027_0_t1_20240415T170000",2024-04-15 17:00:00,-122.869384186617,37.5302525946518,0,"available_crw"
"254027_0_t1",1,"254027_0_t1_crw_001",7,"254027_0_t1_20240415T230000",2024-04-15 23:00:00,-122.904575573022,37.5687156611477,0,"available_crw"
"254027_0_t1",1,"254027_0_t1_crw_001",8,"254027_0_t1_20240416T050000",2024-04-16 05:00:00,-122.923421305335,37.5569857122372,0,"available_crw"
"254027_0_t1",1,"254027_0_t1_crw_001",9,"254027_0_t1_20240416T110000",2024-04-16 11:00:00,-123.058477508036,37.4829737909454,0,"available_crw"
"254027_0_t1",1,"254027_0_t1_crw_001",10,"254027_0_t1_20240416T170000",2024-04-16 17:00:00,-123.140985317551,37.5778479282053,0,"available_crw"
"254027_0_t1",1,"254027_0_t1_crw_001",11,"254027_0_t1_20240416T230000",2024-04-16 23:00:00,-123.13374171061,37.5733561301555,0,"available_crw"
"254027_0_t1",1,"254027_0_t1_crw_001",12,"254027_0_t1_20240417T050000",2024-04-17 05:00:00,-123.164900462811,37.5965365690889,0,"available_crw"
"254027_0_t1",1,"254027_0_t1_crw_001",13,"254027_0_t1_20240417T110000",2024-04-17 11:00:00,-123.156625181678,37.5933653661515,0,"available_crw"
"254027_0_t1",1,"254027_0_t1_crw_001",14,"254027_0_t1_20240417T170000",2024-04-17 17:00:00,-122.982885524964,37.5678466743021,0,"available_crw"
"254027_0_t1",1,"254027_0_t1_crw_001",15,"254027_0_t1_20240417T230000",2024-04-17 23:00:00,-122.863274785853,37.5474768203951,0,"available_crw"
"254027_0_t1",1,"254027_0_t1_crw_001",16,"254027_0_t1_20240418T050000",2024-04-18 05:00:00,-122.555328566968,37.4824957341212,0,"available_crw"
"254027_0_t1",1,"254027_0_t1_crw_001",17,"254027_0_t1_20240418T110000",2024-04-18 11:00:00,-122.595338616815,37.49414655509,0,"available_crw"
"254027_0_t1",1,"254027_0_t1_crw_001",18,"254027_0_t1_20240418T170000",2024-04-18 17:00:00,-122.589607271803,37.5093434812372,0,"available_crw"
"254027_0_t1",1,"254027_0_t1_crw_001",19,"254027_0_t1_20240418T230000",2024-04-18 23:00:00,-122.612721683254,37.5142032815861,0,"available_crw"
"254027_0_t1",1,"254027_0_t1_crw_001",20,"254027_0_t1_20240419T050000",2024-04-19 05:00:00,-122.78922626417,37.5127547596279,0,"available_crw"
"254027_0_t1",1,"254027_0_t1_crw_001",21,"254027_0_t1_20240419T110000",2024-04-19 11:00:00,-122.790610630483,37.5285846324591,0,"available_crw"
"254027_0_t1",2,"254027_0_t1_crw_002",1,"254027_0_t1_20240414T110000",2024-04-14 11:00:00,-122.8070879,37.5402499,0,"available_crw"
"254027_0_t1",2,"254027_0_t1_crw_002",2,"254027_0_t1_20240414T170000",2024-04-14 17:00:00,-122.807478827975,37.5529812714246,0,"available_crw"
"254027_0_t1",2,"254027_0_t1_crw_002",3,"254027_0_t1_20240414T230000",2024-04-14 23:00:00,-122.788327141096,37.5147844430994,0,"available_crw"
"254027_0_t1",2,"254027_0_t1_crw_002",4,"254027_0_t1_20240415T050000",2024-04-15 05:00:00,-122.682069857347,37.4025536087571,0,"available_crw"
"254027_0_t1",2,"254027_0_t1_crw_002",5,"254027_0_t1_20240415T110000",2024-04-15 11:00:00,-122.704535253352,37.4313834279209,0,"available_crw"
"254027_0_t1",2,"254027_0_t1_crw_002",6,"254027_0_t1_20240415T170000",2024-04-15 17:00:00,-122.743506737807,37.4765083053628,0,"available_crw"
"254027_0_t1",2,"254027_0_t1_crw_002",7,"254027_0_t1_20240415T230000",2024-04-15 23:00:00,-122.828063258276,37.5883787828676,0,"available_crw"
"254027_0_t1",2,"254027_0_t1_crw_002",8,"254027_0_t1_20240416T050000",2024-04-16 05:00:00,-122.787661005358,37.5627359896,0,"available_crw"
"254027_0_t1",2,"254027_0_t1_crw_002",9,"254027_0_t1_20240416T110000",2024-04-16 11:00:00,-122.73194750902,37.5305860242966,0,"available_crw"
"254027_0_t1",2,"254027_0_t1_crw_002",10,"254027_0_t1_20240416T170000",2024-04-16 17:00:00,-122.605555886425,37.4474820078788,0,"available_crw"
"254027_0_t1",2,"254027_0_t1_crw_002",11,"254027_0_t1_20240416T230000",2024-04-16 23:00:00,-122.486128058609,37.3581941750138,0,"available_crw"
"254027_0_t1",2,"254027_0_t1_crw_002",12,"254027_0_t1_20240417T050000",2024-04-17 05:00:00,-122.663657144266,37.087589012852,0,"available_crw"
"254027_0_t1",2,"254027_0_t1_crw_002",13,"254027_0_t1_20240417T110000",2024-04-17 11:00:00,-122.648436774783,37.1241751330909,0,"available_crw"
"254027_0_t1",2,"254027_0_t1_crw_002",14,"254027_0_t1_20240417T170000",2024-04-17 17:00:00,-122.665394031222,37.0930640291209,0,"available_crw"
"254027_0_t1",2,"254027_0_t1_crw_002",15,"254027_0_t1_20240417T230000",2024-04-17 23:00:00,-122.79763143306,37.1389508483887,0,"available_crw"
"254027_0_t1",2,"254027_0_t1_crw_002",16,"254027_0_t1_20240418T050000",2024-04-18 05:00:00,-122.728296718107,37.1866000020723,0,"available_crw"
"254027_0_t1",2,"254027_0_t1_crw_002",17,"254027_0_t1_20240418T110000",2024-04-18 11:00:00,-122.666486802757,37.2857717163323,0,"available_crw"
"254027_0_t1",2,"254027_0_t1_crw_002",18,"254027_0_t1_20240418T170000",2024-04-18 17:00:00,-122.424334659109,37.4681958311557,0,"available_crw"
"254027_0_t1",2,"254027_0_t1_crw_002",19,"254027_0_t1_20240418T230000",2024-04-18 23:00:00,-122.453786499915,37.4376078290417,0,"available_crw"
"254027_0_t1",2,"254027_0_t1_crw_002",20,"254027_0_t1_20240419T050000",2024-04-19 05:00:00,-122.734550927932,37.294759069069,0,"available_crw"
"254027_0_t1",2,"254027_0_t1_crw_002",21,"254027_0_t1_20240419T110000",2024-04-19 11:00:00,-122.726630242162,37.3058116414106,0,"available_crw"
"254027_0_t1",3,"254027_0_t1_crw_003",1,"254027_0_t1_20240414T110000",2024-04-14 11:00:00,-122.8070879,37.5402499,0,"available_crw"
"254027_0_t1",3,"254027_0_t1_crw_003",2,"254027_0_t1_20240414T170000",2024-04-14 17:00:00,-122.825450645075,37.5464155006604,0,"available_crw"
"254027_0_t1",3,"254027_0_t1_crw_003",3,"254027_0_t1_20240414T230000",2024-04-14 23:00:00,-122.818790616933,37.5613715706764,0,"available_crw"
"254027_0_t1",3,"254027_0_t1_crw_003",4,"254027_0_t1_20240415T050000",2024-04-15 05:00:00,-122.81802577928,37.5202469520255,0,"available_crw"
"254027_0_t1",3,"254027_0_t1_crw_003",5,"254027_0_t1_20240415T110000",2024-04-15 11:00:00,-122.762081634603,37.4188160009538,0,"available_crw"
"254027_0_t1",3,"254027_0_t1_crw_003",6,"254027_0_t1_20240415T170000",2024-04-15 17:00:00,-122.740971122857,37.153594141049,0,"available_crw"
"254027_0_t1",3,"254027_0_t1_crw_003",7,"254027_0_t1_20240415T230000",2024-04-15 23:00:00,-122.760649762569,37.1516659046812,0,"available_crw"
"254027_0_t1",3,"254027_0_t1_crw_003",8,"254027_0_t1_20240416T050000",2024-04-16 05:00:00,-122.747550893496,37.1588964286405,0,"available_crw"
"254027_0_t1",3,"254027_0_t1_crw_003",9,"254027_0_t1_20240416T110000",2024-04-16 11:00:00,-122.785218361183,37.1739563896781,0,"available_crw"
"254027_0_t1",3,"254027_0_t1_crw_003",10,"254027_0_t1_20240416T170000",2024-04-16 17:00:00,-122.92342189535,37.180901224459,0,"available_crw"
"254027_0_t1",3,"254027_0_t1_crw_003",11,"254027_0_t1_20240416T230000",2024-04-16 23:00:00,-122.905428820148,37.1504351613905,0,"available_crw"
"254027_0_t1",3,"254027_0_t1_crw_003",12,"254027_0_t1_20240417T050000",2024-04-17 05:00:00,-122.918120835299,37.1581164351991,0,"available_crw"
"254027_0_t1",3,"254027_0_t1_crw_003",13,"254027_0_t1_20240417T110000",2024-04-17 11:00:00,-123.081383700696,37.210166000854,0,"available_crw"
"254027_0_t1",3,"254027_0_t1_crw_003",14,"254027_0_t1_20240417T170000",2024-04-17 17:00:00,-123.034311779695,37.2018291702073,0,"available_crw"
"254027_0_t1",3,"254027_0_t1_crw_003",15,"254027_0_t1_20240417T230000",2024-04-17 23:00:00,-123.082442885853,37.2040353994424,0,"available_crw"
"254027_0_t1",3,"254027_0_t1_crw_003",16,"254027_0_t1_20240418T050000",2024-04-18 05:00:00,-123.150934734732,37.2045878248115,0,"available_crw"
"254027_0_t1",3,"254027_0_t1_crw_003",17,"254027_0_t1_20240418T110000",2024-04-18 11:00:00,-123.219381914035,37.2025511019482,0,"available_crw"
"254027_0_t1",3,"254027_0_t1_crw_003",18,"254027_0_t1_20240418T170000",2024-04-18 17:00:00,-123.225086010499,37.3178725637166,0,"available_crw"
"254027_0_t1",3,"254027_0_t1_crw_003",19,"254027_0_t1_20240418T230000",2024-04-18 23:00:00,-122.86014826216,37.4102494855459,0,"available_crw"
"254027_0_t1",3,"254027_0_t1_crw_003",20,"254027_0_t1_20240419T050000",2024-04-19 05:00:00,-122.900845500027,37.3850016014234,0,"available_crw"
"254027_0_t1",3,"254027_0_t1_crw_003",21,"254027_0_t1_20240419T110000",2024-04-19 11:00:00,-122.919828847253,37.4565559678399,0,"available_crw"
"254027_0_t1",4,"254027_0_t1_crw_004",1,"254027_0_t1_20240414T110000",2024-04-14 11:00:00,-122.8070879,37.5402499,0,"available_crw"
"254027_0_t1",4,"254027_0_t1_crw_004",2,"254027_0_t1_20240414T170000",2024-04-14 17:00:00,-122.805673818496,37.5474711608111,0,"available_crw"
"254027_0_t1",4,"254027_0_t1_crw_004",3,"254027_0_t1_20240414T230000",2024-04-14 23:00:00,-122.829417481297,37.5497663429176,0,"available_crw"
"254027_0_t1",4,"254027_0_t1_crw_004",4,"254027_0_t1_20240415T050000",2024-04-15 05:00:00,-122.781022758137,37.5512971797277,0,"available_crw"
"254027_0_t1",4,"254027_0_t1_crw_004",5,"254027_0_t1_20240415T110000",2024-04-15 11:00:00,-122.782772323461,37.5702895240778,0,"available_crw"
"254027_0_t1",4,"254027_0_t1_crw_004",6,"254027_0_t1_20240415T170000",2024-04-15 17:00:00,-122.638176651024,37.5788652572321,0,"available_crw"
"254027_0_t1",4,"254027_0_t1_crw_004",7,"254027_0_t1_20240415T230000",2024-04-15 23:00:00,-122.646716435797,37.576178616072,0,"available_crw"
"254027_0_t1",4,"254027_0_t1_crw_004",8,"254027_0_t1_20240416T050000",2024-04-16 05:00:00,-122.639571624183,37.5807697024733,0,"available_crw"
"254027_0_t1",4,"254027_0_t1_crw_004",9,"254027_0_t1_20240416T110000",2024-04-16 11:00:00,-122.665954127184,37.5454072863389,0,"available_crw"
"254027_0_t1",4,"254027_0_t1_crw_004",10,"254027_0_t1_20240416T170000",2024-04-16 17:00:00,-122.758085004779,37.4374239695719,0,"available_crw"
"254027_0_t1",4,"254027_0_t1_crw_004",11,"254027_0_t1_20240416T230000",2024-04-16 23:00:00,-122.775173249812,37.4455577778865,0,"available_crw"
"254027_0_t1",4,"254027_0_t1_crw_004",12,"254027_0_t1_20240417T050000",2024-04-17 05:00:00,-122.759225576678,37.4448413528028,0,"available_crw"
"254027_0_t1",4,"254027_0_t1_crw_004",13,"254027_0_t1_20240417T110000",2024-04-17 11:00:00,-122.678480674305,37.1461435534231,0,"available_crw"
"254027_0_t1",4,"254027_0_t1_crw_004",14,"254027_0_t1_20240417T170000",2024-04-17 17:00:00,-122.656059429034,37.0504311890563,0,"available_crw"
"254027_0_t1",4,"254027_0_t1_crw_004",15,"254027_0_t1_20240417T230000",2024-04-17 23:00:00,-122.579456385443,36.923951202237,0,"available_crw"
"254027_0_t1",4,"254027_0_t1_crw_004",16,"254027_0_t1_20240418T050000",2024-04-18 05:00:00,-122.45501642387,36.6907262753646,0,"available_crw"
"254027_0_t1",4,"254027_0_t1_crw_004",17,"254027_0_t1_20240418T110000",2024-04-18 11:00:00,-122.472646401096,36.6836375241174,0,"available_crw"
"254027_0_t1",4,"254027_0_t1_crw_004",18,"254027_0_t1_20240418T170000",2024-04-18 17:00:00,-122.461376749717,36.6668943550109,0,"available_crw"
"254027_0_t1",4,"254027_0_t1_crw_004",19,"254027_0_t1_20240418T230000",2024-04-18 23:00:00,-122.324517293955,36.4383814719345,0,"available_crw"
"254027_0_t1",4,"254027_0_t1_crw_004",20,"254027_0_t1_20240419T050000",2024-04-19 05:00:00,-122.300351218238,36.4658508351372,0,"available_crw"
"254027_0_t1",4,"254027_0_t1_crw_004",21,"254027_0_t1_20240419T110000",2024-04-19 11:00:00,-122.240431657277,36.5978986552158,0,"available_crw"
"254027_0_t1",5,"254027_0_t1_crw_005",1,"254027_0_t1_20240414T110000",2024-04-14 11:00:00,-122.8070879,37.5402499,0,"available_crw"
"254027_0_t1",5,"254027_0_t1_crw_005",2,"254027_0_t1_20240414T170000",2024-04-14 17:00:00,-122.807478827975,37.5529812714246,0,"available_crw"
"254027_0_t1",5,"254027_0_t1_crw_005",3,"254027_0_t1_20240414T230000",2024-04-14 23:00:00,-122.798569011619,37.5150785196092,0,"available_crw"
"254027_0_t1",5,"254027_0_t1_crw_005",4,"254027_0_t1_20240415T050000",2024-04-15 05:00:00,-122.782796233929,37.4617537479525,0,"available_crw"
"254027_0_t1",5,"254027_0_t1_crw_005",5,"254027_0_t1_20240415T110000",2024-04-15 11:00:00,-123.118397447817,37.3145385267377,0,"available_crw"
"254027_0_t1",5,"254027_0_t1_crw_005",6,"254027_0_t1_20240415T170000",2024-04-15 17:00:00,-123.112069129495,37.3198179836519,0,"available_crw"
"254027_0_t1",5,"254027_0_t1_crw_005",7,"254027_0_t1_20240415T230000",2024-04-15 23:00:00,-123.139440170338,37.2880528624938,0,"available_crw"
"254027_0_t1",5,"254027_0_t1_crw_005",8,"254027_0_t1_20240416T050000",2024-04-16 05:00:00,-123.119362546127,37.277790923779,0,"available_crw"
"254027_0_t1",5,"254027_0_t1_crw_005",9,"254027_0_t1_20240416T110000",2024-04-16 11:00:00,-122.982723926706,37.2590203269747,0,"available_crw"
"254027_0_t1",5,"254027_0_t1_crw_005",10,"254027_0_t1_20240416T170000",2024-04-16 17:00:00,-122.984955245948,37.2432518687526,0,"available_crw"
"254027_0_t1",5,"254027_0_t1_crw_005",11,"254027_0_t1_20240416T230000",2024-04-16 23:00:00,-122.945980124796,37.2560875711874,0,"available_crw"
"254027_0_t1",5,"254027_0_t1_crw_005",12,"254027_0_t1_20240417T050000",2024-04-17 05:00:00,-122.95165794044,37.1830874615743,0,"available_crw"
"254027_0_t1",5,"254027_0_t1_crw_005",13,"254027_0_t1_20240417T110000",2024-04-17 11:00:00,-123.031260593663,37.2190739180787,0,"available_crw"
"254027_0_t1",5,"254027_0_t1_crw_005",14,"254027_0_t1_20240417T170000",2024-04-17 17:00:00,-122.996331806145,37.1997905681082,0,"available_crw"
"254027_0_t1",5,"254027_0_t1_crw_005",15,"254027_0_t1_20240417T230000",2024-04-17 23:00:00,-122.938243955285,37.170776084956,0,"available_crw"
"254027_0_t1",5,"254027_0_t1_crw_005",16,"254027_0_t1_20240418T050000",2024-04-18 05:00:00,-122.972064366337,37.1912712198023,0,"available_crw"
"254027_0_t1",5,"254027_0_t1_crw_005",17,"254027_0_t1_20240418T110000",2024-04-18 11:00:00,-123.216428416236,37.3533283754353,0,"available_crw"
"254027_0_t1",5,"254027_0_t1_crw_005",18,"254027_0_t1_20240418T170000",2024-04-18 17:00:00,-123.231007404753,37.3382553129952,0,"available_crw"
"254027_0_t1",5,"254027_0_t1_crw_005",19,"254027_0_t1_20240418T230000",2024-04-18 23:00:00,-123.20797725318,37.3721531723476,0,"available_crw"
"254027_0_t1",5,"254027_0_t1_crw_005",20,"254027_0_t1_20240419T050000",2024-04-19 05:00:00,-122.957811882844,37.5478113749207,0,"available_crw"
"254027_0_t1",5,"254027_0_t1_crw_005",21,"254027_0_t1_20240419T110000",2024-04-19 11:00:00,-122.992230170806,37.5277856725879,0,"available_crw"
"254027_0_t1",6,"254027_0_t1_crw_006",1,"254027_0_t1_20240414T110000",2024-04-14 11:00:00,-122.8070879,37.5402499,0,"available_crw"
"254027_0_t1",6,"254027_0_t1_crw_006",2,"254027_0_t1_20240414T170000",2024-04-14 17:00:00,-122.792918319851,37.5771240995815,0,"available_crw"
"254027_0_t1",6,"254027_0_t1_crw_006",3,"254027_0_t1_20240414T230000",2024-04-14 23:00:00,-122.816022937975,37.5820764750514,0,"available_crw"
"254027_0_t1",6,"254027_0_t1_crw_006",4,"254027_0_t1_20240415T050000",2024-04-15 05:00:00,-122.811969745155,37.5976132854624,0,"available_crw"
"254027_0_t1",6,"254027_0_t1_crw_006",5,"254027_0_t1_20240415T110000",2024-04-15 11:00:00,-122.792240678532,37.5952966702743,0,"available_crw"
"254027_0_t1",6,"254027_0_t1_crw_006",6,"254027_0_t1_20240415T170000",2024-04-15 17:00:00,-122.723738408249,37.5898031865629,0,"available_crw"
"254027_0_t1",6,"254027_0_t1_crw_006",7,"254027_0_t1_20240415T230000",2024-04-15 23:00:00,-122.665444548829,37.5792059366628,0,"available_crw"
"254027_0_t1",6,"254027_0_t1_crw_006",8,"254027_0_t1_20240416T050000",2024-04-16 05:00:00,-122.706003399063,37.589711125913,0,"available_crw"
"254027_0_t1",6,"254027_0_t1_crw_006",9,"254027_0_t1_20240416T110000",2024-04-16 11:00:00,-122.658121062108,37.5837948334877,0,"available_crw"
"254027_0_t1",6,"254027_0_t1_crw_006",10,"254027_0_t1_20240416T170000",2024-04-16 17:00:00,-122.710500955319,37.523712435382,0,"available_crw"
"254027_0_t1",6,"254027_0_t1_crw_006",11,"254027_0_t1_20240416T230000",2024-04-16 23:00:00,-122.982647547158,37.3702725729053,0,"available_crw"
"254027_0_t1",6,"254027_0_t1_crw_006",12,"254027_0_t1_20240417T050000",2024-04-17 05:00:00,-123.249675353044,37.2328121111747,0,"available_crw"
"254027_0_t1",6,"254027_0_t1_crw_006",13,"254027_0_t1_20240417T110000",2024-04-17 11:00:00,-123.2188836749,37.2657645034364,0,"available_crw"
"254027_0_t1",6,"254027_0_t1_crw_006",14,"254027_0_t1_20240417T170000",2024-04-17 17:00:00,-123.177620846273,37.3000802562209,0,"available_crw"
"254027_0_t1",6,"254027_0_t1_crw_006",15,"254027_0_t1_20240417T230000",2024-04-17 23:00:00,-123.093353689873,37.4235598972208,0,"available_crw"
"254027_0_t1",6,"254027_0_t1_crw_006",16,"254027_0_t1_20240418T050000",2024-04-18 05:00:00,-123.040198463339,37.3639723953524,0,"available_crw"
"254027_0_t1",6,"254027_0_t1_crw_006",17,"254027_0_t1_20240418T110000",2024-04-18 11:00:00,-123.047489913042,37.3683938051937,0,"available_crw"
"254027_0_t1",6,"254027_0_t1_crw_006",18,"254027_0_t1_20240418T170000",2024-04-18 17:00:00,-123.211055817298,37.4207447571615,0,"available_crw"
"254027_0_t1",6,"254027_0_t1_crw_006",19,"254027_0_t1_20240418T230000",2024-04-18 23:00:00,-123.201919983787,37.4201760108837,0,"available_crw"
"254027_0_t1",6,"254027_0_t1_crw_006",20,"254027_0_t1_20240419T050000",2024-04-19 05:00:00,-123.210852732279,37.4185462194964,0,"available_crw"
"254027_0_t1",6,"254027_0_t1_crw_006",21,"254027_0_t1_20240419T110000",2024-04-19 11:00:00,-123.204746648332,37.4001358049777,0,"available_crw"
"254027_0_t1",7,"254027_0_t1_crw_007",1,"254027_0_t1_20240414T110000",2024-04-14 11:00:00,-122.8070879,37.5402499,0,"available_crw"
"254027_0_t1",7,"254027_0_t1_crw_007",2,"254027_0_t1_20240414T170000",2024-04-14 17:00:00,-122.785289704479,37.5324182512306,0,"available_crw"
"254027_0_t1",7,"254027_0_t1_crw_007",3,"254027_0_t1_20240414T230000",2024-04-14 23:00:00,-122.610944280045,37.5103537490925,0,"available_crw"
"254027_0_t1",7,"254027_0_t1_crw_007",4,"254027_0_t1_20240415T050000",2024-04-15 05:00:00,-122.607968786791,37.529248980643,0,"available_crw"
"254027_0_t1",7,"254027_0_t1_crw_007",5,"254027_0_t1_20240415T110000",2024-04-15 11:00:00,-122.647271796872,37.5167810201136,0,"available_crw"
"254027_0_t1",7,"254027_0_t1_crw_007",6,"254027_0_t1_20240415T170000",2024-04-15 17:00:00,-122.788007974667,37.4319915217898,0,"available_crw"
"254027_0_t1",7,"254027_0_t1_crw_007",7,"254027_0_t1_20240415T230000",2024-04-15 23:00:00,-122.857329849778,37.335986369685,0,"available_crw"
"254027_0_t1",7,"254027_0_t1_crw_007",8,"254027_0_t1_20240416T050000",2024-04-16 05:00:00,-123.111706050128,37.1648761839401,0,"available_crw"
"254027_0_t1",7,"254027_0_t1_crw_007",9,"254027_0_t1_20240416T110000",2024-04-16 11:00:00,-123.076952021322,37.1843423233449,0,"available_crw"
"254027_0_t1",7,"254027_0_t1_crw_007",10,"254027_0_t1_20240416T170000",2024-04-16 17:00:00,-122.783329003556,36.9892667645252,0,"available_crw"
"254027_0_t1",7,"254027_0_t1_crw_007",11,"254027_0_t1_20240416T230000",2024-04-16 23:00:00,-122.831706989618,37.0029096625744,0,"available_crw"
"254027_0_t1",7,"254027_0_t1_crw_007",12,"254027_0_t1_20240417T050000",2024-04-17 05:00:00,-123.00662149283,37.0126911882831,0,"available_crw"
"254027_0_t1",7,"254027_0_t1_crw_007",13,"254027_0_t1_20240417T110000",2024-04-17 11:00:00,-122.957417594896,37.0243188118161,0,"available_crw"
"254027_0_t1",7,"254027_0_t1_crw_007",14,"254027_0_t1_20240417T170000",2024-04-17 17:00:00,-122.964996409059,37.0202573946769,0,"available_crw"
"254027_0_t1",7,"254027_0_t1_crw_007",15,"254027_0_t1_20240417T230000",2024-04-17 23:00:00,-123.018011219353,36.9988736355433,0,"available_crw"
"254027_0_t1",7,"254027_0_t1_crw_007",16,"254027_0_t1_20240418T050000",2024-04-18 05:00:00,-123.167580080372,36.9473852235325,0,"available_crw"
"254027_0_t1",7,"254027_0_t1_crw_007",17,"254027_0_t1_20240418T110000",2024-04-18 11:00:00,-123.157479292234,36.9301519564654,0,"available_crw"
"254027_0_t1",7,"254027_0_t1_crw_007",18,"254027_0_t1_20240418T170000",2024-04-18 17:00:00,-123.248583144734,36.931069214776,0,"available_crw"
"254027_0_t1",7,"254027_0_t1_crw_007",19,"254027_0_t1_20240418T230000",2024-04-18 23:00:00,-123.206518667306,36.9276036498592,0,"available_crw"
"254027_0_t1",7,"254027_0_t1_crw_007",20,"254027_0_t1_20240419T050000",2024-04-19 05:00:00,-123.207391687223,36.9117492940286,0,"available_crw"
"254027_0_t1",7,"254027_0_t1_crw_007",21,"254027_0_t1_20240419T110000",2024-04-19 11:00:00,-123.215967692472,36.8146060863853,0,"available_crw"
"254027_0_t1",8,"254027_0_t1_crw_008",1,"254027_0_t1_20240414T110000",2024-04-14 11:00:00,-122.8070879,37.5402499,0,"available_crw"
"254027_0_t1",8,"254027_0_t1_crw_008",2,"254027_0_t1_20240414T170000",2024-04-14 17:00:00,-122.840401933194,37.4021715316802,0,"available_crw"
"254027_0_t1",8,"254027_0_t1_crw_008",3,"254027_0_t1_20240414T230000",2024-04-14 23:00:00,-122.800221053679,37.4125664208637,0,"available_crw"
"254027_0_t1",8,"254027_0_t1_crw_008",4,"254027_0_t1_20240415T050000",2024-04-15 05:00:00,-122.755415461175,37.3028386468395,0,"available_crw"
"254027_0_t1",8,"254027_0_t1_crw_008",5,"254027_0_t1_20240415T110000",2024-04-15 11:00:00,-122.733007567017,37.309341650244,0,"available_crw"
"254027_0_t1",8,"254027_0_t1_crw_008",6,"254027_0_t1_20240415T170000",2024-04-15 17:00:00,-122.429425837336,37.3845293716249,0,"available_crw"
"254027_0_t1",8,"254027_0_t1_crw_008",7,"254027_0_t1_20240415T230000",2024-04-15 23:00:00,-122.43697442577,37.380390507563,0,"available_crw"
"254027_0_t1",8,"254027_0_t1_crw_008",8,"254027_0_t1_20240416T050000",2024-04-16 05:00:00,-122.491662145646,37.3472831622102,0,"available_crw"
"254027_0_t1",8,"254027_0_t1_crw_008",9,"254027_0_t1_20240416T110000",2024-04-16 11:00:00,-122.543202739007,37.3233908961846,0,"available_crw"
"254027_0_t1",8,"254027_0_t1_crw_008",10,"254027_0_t1_20240416T170000",2024-04-16 17:00:00,-122.507041333154,37.3060346503147,0,"available_crw"
"254027_0_t1",8,"254027_0_t1_crw_008",11,"254027_0_t1_20240416T230000",2024-04-16 23:00:00,-122.4601713133,37.2766703936448,0,"available_crw"
"254027_0_t1",8,"254027_0_t1_crw_008",12,"254027_0_t1_20240417T050000",2024-04-17 05:00:00,-122.491109654303,37.2999339848809,0,"available_crw"
"254027_0_t1",8,"254027_0_t1_crw_008",13,"254027_0_t1_20240417T110000",2024-04-17 11:00:00,-122.501593190918,37.2672955362134,0,"available_crw"
"254027_0_t1",8,"254027_0_t1_crw_008",14,"254027_0_t1_20240417T170000",2024-04-17 17:00:00,-122.8838544024,37.2610830005982,0,"available_crw"
"254027_0_t1",8,"254027_0_t1_crw_008",15,"254027_0_t1_20240417T230000",2024-04-17 23:00:00,-122.869902370156,37.2672354495642,0,"available_crw"
"254027_0_t1",8,"254027_0_t1_crw_008",16,"254027_0_t1_20240418T050000",2024-04-18 05:00:00,-122.882112043673,37.2835904231064,0,"available_crw"
"254027_0_t1",8,"254027_0_t1_crw_008",17,"254027_0_t1_20240418T110000",2024-04-18 11:00:00,-122.94438859096,37.5446599407745,0,"available_crw"
"254027_0_t1",8,"254027_0_t1_crw_008",18,"254027_0_t1_20240418T170000",2024-04-18 17:00:00,-122.917671124948,37.5094626855707,0,"available_crw"
"254027_0_t1",8,"254027_0_t1_crw_008",19,"254027_0_t1_20240418T230000",2024-04-18 23:00:00,-123.009094312758,37.5027890478629,0,"available_crw"
"254027_0_t1",8,"254027_0_t1_crw_008",20,"254027_0_t1_20240419T050000",2024-04-19 05:00:00,-122.966487467896,37.5028451826962,0,"available_crw"
"254027_0_t1",8,"254027_0_t1_crw_008",21,"254027_0_t1_20240419T110000",2024-04-19 11:00:00,-122.965298854309,37.487005104957,0,"available_crw"
"254027_0_t1",9,"254027_0_t1_crw_009",1,"254027_0_t1_20240414T110000",2024-04-14 11:00:00,-122.8070879,37.5402499,0,"available_crw"
"254027_0_t1",9,"254027_0_t1_crw_009",2,"254027_0_t1_20240414T170000",2024-04-14 17:00:00,-122.863940268765,37.4540497673155,0,"available_crw"
"254027_0_t1",9,"254027_0_t1_crw_009",3,"254027_0_t1_20240414T230000",2024-04-14 23:00:00,-122.863914204351,37.4667851352477,0,"available_crw"
"254027_0_t1",9,"254027_0_t1_crw_009",4,"254027_0_t1_20240415T050000",2024-04-15 05:00:00,-122.49381830297,37.5470783354698,0,"available_crw"
"254027_0_t1",9,"254027_0_t1_crw_009",5,"254027_0_t1_20240415T110000",2024-04-15 11:00:00,-122.455793499283,37.4357221583098,0,"available_crw"
"254027_0_t1",9,"254027_0_t1_crw_009",6,"254027_0_t1_20240415T170000",2024-04-15 17:00:00,-122.386719601107,37.1880318813625,0,"available_crw"
"254027_0_t1",9,"254027_0_t1_crw_009",7,"254027_0_t1_20240415T230000",2024-04-15 23:00:00,-122.430100354982,36.9245554323232,0,"available_crw"
"254027_0_t1",9,"254027_0_t1_crw_009",8,"254027_0_t1_20240416T050000",2024-04-16 05:00:00,-122.406491973225,36.9227045767927,0,"available_crw"
"254027_0_t1",9,"254027_0_t1_crw_009",9,"254027_0_t1_20240416T110000",2024-04-16 11:00:00,-122.423080432845,36.9536599601165,0,"available_crw"
"254027_0_t1",9,"254027_0_t1_crw_009",10,"254027_0_t1_20240416T170000",2024-04-16 17:00:00,-122.291013893941,36.9994067295631,0,"available_crw"
"254027_0_t1",9,"254027_0_t1_crw_009",11,"254027_0_t1_20240416T230000",2024-04-16 23:00:00,-122.233893436267,36.8934916675969,0,"available_crw"
"254027_0_t1",9,"254027_0_t1_crw_009",12,"254027_0_t1_20240417T050000",2024-04-17 05:00:00,-122.124579352676,36.7837092242546,0,"available_crw"
"254027_0_t1",9,"254027_0_t1_crw_009",13,"254027_0_t1_20240417T110000",2024-04-17 11:00:00,-122.160132739186,36.8095852927365,0,"available_crw"
"254027_0_t1",9,"254027_0_t1_crw_009",14,"254027_0_t1_20240417T170000",2024-04-17 17:00:00,-122.314733439295,37.0445805071833,0,"available_crw"
"254027_0_t1",9,"254027_0_t1_crw_009",15,"254027_0_t1_20240417T230000",2024-04-17 23:00:00,-122.381996009669,37.1635266290139,0,"available_crw"
"254027_0_t1",9,"254027_0_t1_crw_009",16,"254027_0_t1_20240418T050000",2024-04-18 05:00:00,-122.429316518105,37.2532487542009,0,"available_crw"
"254027_0_t1",9,"254027_0_t1_crw_009",17,"254027_0_t1_20240418T110000",2024-04-18 11:00:00,-122.45889911932,37.3026727371613,0,"available_crw"
"254027_0_t1",9,"254027_0_t1_crw_009",18,"254027_0_t1_20240418T170000",2024-04-18 17:00:00,-122.431377829556,37.2709952552546,0,"available_crw"
"254027_0_t1",9,"254027_0_t1_crw_009",19,"254027_0_t1_20240418T230000",2024-04-18 23:00:00,-122.347329862616,37.0138978044687,0,"available_crw"
"254027_0_t1",9,"254027_0_t1_crw_009",20,"254027_0_t1_20240419T050000",2024-04-19 05:00:00,-122.37677159071,37.0475815456447,0,"available_crw"
"254027_0_t1",9,"254027_0_t1_crw_009",21,"254027_0_t1_20240419T110000",2024-04-19 11:00:00,-122.443900243745,37.1287656394396,0,"available_crw"
"254027_0_t1",10,"254027_0_t1_crw_010",1,"254027_0_t1_20240414T110000",2024-04-14 11:00:00,-122.8070879,37.5402499,0,"available_crw"
"254027_0_t1",10,"254027_0_t1_crw_010",2,"254027_0_t1_20240414T170000",2024-04-14 17:00:00,-122.960364041708,37.3178661554043,0,"available_crw"
"254027_0_t1",10,"254027_0_t1_crw_010",3,"254027_0_t1_20240414T230000",2024-04-14 23:00:00,-123.125347609663,37.1011001291029,0,"available_crw"
"254027_0_t1",10,"254027_0_t1_crw_010",4,"254027_0_t1_20240415T050000",2024-04-15 05:00:00,-123.191155974911,37.0192336637699,0,"available_crw"
"254027_0_t1",10,"254027_0_t1_crw_010",5,"254027_0_t1_20240415T110000",2024-04-15 11:00:00,-123.170765407975,37.0094691904273,0,"available_crw"
"254027_0_t1",10,"254027_0_t1_crw_010",6,"254027_0_t1_20240415T170000",2024-04-15 17:00:00,-123.169301932774,37.0431472264888,0,"available_crw"
"254027_0_t1",10,"254027_0_t1_crw_010",7,"254027_0_t1_20240415T230000",2024-04-15 23:00:00,-123.218689638179,37.1466503721211,0,"available_crw"
"254027_0_t1",10,"254027_0_t1_crw_010",8,"254027_0_t1_20240416T050000",2024-04-16 05:00:00,-123.194512352208,37.1132974261242,0,"available_crw"
"254027_0_t1",10,"254027_0_t1_crw_010",9,"254027_0_t1_20240416T110000",2024-04-16 11:00:00,-123.069572420242,37.014563676659,0,"available_crw"
"254027_0_t1",10,"254027_0_t1_crw_010",10,"254027_0_t1_20240416T170000",2024-04-16 17:00:00,-123.084759507055,37.0182920359402,0,"available_crw"
"254027_0_t1",10,"254027_0_t1_crw_010",11,"254027_0_t1_20240416T230000",2024-04-16 23:00:00,-123.080079102272,37.0337115642847,0,"available_crw"
"254027_0_t1",10,"254027_0_t1_crw_010",12,"254027_0_t1_20240417T050000",2024-04-17 05:00:00,-122.990884525949,37.2772380034024,0,"available_crw"
"254027_0_t1",10,"254027_0_t1_crw_010",13,"254027_0_t1_20240417T110000",2024-04-17 11:00:00,-122.852291803658,37.2448516413168,0,"available_crw"
"254027_0_t1",10,"254027_0_t1_crw_010",14,"254027_0_t1_20240417T170000",2024-04-17 17:00:00,-122.585307797326,37.086813668761,0,"available_crw"
"254027_0_t1",10,"254027_0_t1_crw_010",15,"254027_0_t1_20240417T230000",2024-04-17 23:00:00,-122.666258854139,37.0530216511343,0,"available_crw"
"254027_0_t1",10,"254027_0_t1_crw_010",16,"254027_0_t1_20240418T050000",2024-04-18 05:00:00,-122.794708142569,36.9573090900318,0,"available_crw"
"254027_0_t1",10,"254027_0_t1_crw_010",17,"254027_0_t1_20240418T110000",2024-04-18 11:00:00,-122.765202661688,36.987752190861,0,"available_crw"
"254027_0_t1",10,"254027_0_t1_crw_010",18,"254027_0_t1_20240418T170000",2024-04-18 17:00:00,-122.780620203215,36.9485236094488,0,"available_crw"
"254027_0_t1",10,"254027_0_t1_crw_010",19,"254027_0_t1_20240418T230000",2024-04-18 23:00:00,-122.889105530612,36.7101891477468,0,"available_crw"
"254027_0_t1",10,"254027_0_t1_crw_010",20,"254027_0_t1_20240419T050000",2024-04-19 05:00:00,-122.891183089,36.7228158439549,0,"available_crw"
"254027_0_t1",10,"254027_0_t1_crw_010",21,"254027_0_t1_20240419T110000",2024-04-19 11:00:00,-122.918276551556,36.9756684322535,0,"available_crw"
"254027_0_t1",11,"254027_0_t1_crw_011",1,"254027_0_t1_20240414T110000",2024-04-14 11:00:00,-122.8070879,37.5402499,0,"available_crw"
"254027_0_t1",11,"254027_0_t1_crw_011",2,"254027_0_t1_20240414T170000",2024-04-14 17:00:00,-122.805673818496,37.5474711608111,0,"available_crw"
"254027_0_t1",11,"254027_0_t1_crw_011",3,"254027_0_t1_20240414T230000",2024-04-14 23:00:00,-122.805384632398,37.5089106523383,0,"available_crw"
"254027_0_t1",11,"254027_0_t1_crw_011",4,"254027_0_t1_20240415T050000",2024-04-15 05:00:00,-122.813417291622,37.5469374884763,0,"available_crw"
"254027_0_t1",11,"254027_0_t1_crw_011",5,"254027_0_t1_20240415T110000",2024-04-15 11:00:00,-122.816002915888,37.594479093148,0,"available_crw"
"254027_0_t1",11,"254027_0_t1_crw_011",6,"254027_0_t1_20240415T170000",2024-04-15 17:00:00,-122.671105726,37.5996060883216,0,"available_crw"
"254027_0_t1",11,"254027_0_t1_crw_011",7,"254027_0_t1_20240415T230000",2024-04-15 23:00:00,-122.679745160058,37.5971241092667,0,"available_crw"
"254027_0_t1",11,"254027_0_t1_crw_011",8,"254027_0_t1_20240416T050000",2024-04-16 05:00:00,-122.647935092517,37.574885757685,0,"available_crw"
"254027_0_t1",11,"254027_0_t1_crw_011",9,"254027_0_t1_20240416T110000",2024-04-16 11:00:00,-122.515914448137,37.5398222152354,0,"available_crw"
"254027_0_t1",11,"254027_0_t1_crw_011",10,"254027_0_t1_20240416T170000",2024-04-16 17:00:00,-122.509098051586,37.5580755189879,0,"available_crw"
"254027_0_t1",11,"254027_0_t1_crw_011",11,"254027_0_t1_20240416T230000",2024-04-16 23:00:00,-122.506032565601,37.545576663451,0,"available_crw"
"254027_0_t1",11,"254027_0_t1_crw_011",12,"254027_0_t1_20240417T050000",2024-04-17 05:00:00,-122.485832541325,37.4495410078785,0,"available_crw"
"254027_0_t1",11,"254027_0_t1_crw_011",13,"254027_0_t1_20240417T110000",2024-04-17 11:00:00,-122.495473290794,37.4596954790882,0,"available_crw"
"254027_0_t1",11,"254027_0_t1_crw_011",14,"254027_0_t1_20240417T170000",2024-04-17 17:00:00,-122.514020645974,37.4476948626015,0,"available_crw"
"254027_0_t1",11,"254027_0_t1_crw_011",15,"254027_0_t1_20240417T230000",2024-04-17 23:00:00,-122.769569725735,37.2967000630961,0,"available_crw"
"254027_0_t1",11,"254027_0_t1_crw_011",16,"254027_0_t1_20240418T050000",2024-04-18 05:00:00,-122.906438482361,37.225402092301,0,"available_crw"
"254027_0_t1",11,"254027_0_t1_crw_011",17,"254027_0_t1_20240418T110000",2024-04-18 11:00:00,-122.900622259529,37.2310403531436,0,"available_crw"
"254027_0_t1",11,"254027_0_t1_crw_011",18,"254027_0_t1_20240418T170000",2024-04-18 17:00:00,-122.942040279941,37.2372693776238,0,"available_crw"
"254027_0_t1",11,"254027_0_t1_crw_011",19,"254027_0_t1_20240418T230000",2024-04-18 23:00:00,-122.901191495146,37.2280221020343,0,"available_crw"
"254027_0_t1",11,"254027_0_t1_crw_011",20,"254027_0_t1_20240419T050000",2024-04-19 05:00:00,-122.895473982496,37.2465097719419,0,"available_crw"
"254027_0_t1",11,"254027_0_t1_crw_011",21,"254027_0_t1_20240419T110000",2024-04-19 11:00:00,-122.846465251653,37.3710824728076,0,"available_crw"
"254027_0_t1",12,"254027_0_t1_crw_012",1,"254027_0_t1_20240414T110000",2024-04-14 11:00:00,-122.8070879,37.5402499,0,"available_crw"
"254027_0_t1",12,"254027_0_t1_crw_012",2,"254027_0_t1_20240414T170000",2024-04-14 17:00:00,-122.785289704479,37.5324182512306,0,"available_crw"
"254027_0_t1",12,"254027_0_t1_crw_012",3,"254027_0_t1_20240414T230000",2024-04-14 23:00:00,-122.610944280045,37.5103537490925,0,"available_crw"
"254027_0_t1",12,"254027_0_t1_crw_012",4,"254027_0_t1_20240415T050000",2024-04-15 05:00:00,-122.607968786791,37.529248980643,0,"available_crw"
"254027_0_t1",12,"254027_0_t1_crw_012",5,"254027_0_t1_20240415T110000",2024-04-15 11:00:00,-122.631781857674,37.5309781187842,0,"available_crw"
"254027_0_t1",12,"254027_0_t1_crw_012",6,"254027_0_t1_20240415T170000",2024-04-15 17:00:00,-122.584248508775,37.5935646986649,0,"available_crw"
"254027_0_t1",12,"254027_0_t1_crw_012",7,"254027_0_t1_20240415T230000",2024-04-15 23:00:00,-122.626560247053,37.5949188127607,0,"available_crw"
"254027_0_t1",12,"254027_0_t1_crw_012",8,"254027_0_t1_20240416T050000",2024-04-16 05:00:00,-122.607630159161,37.5647795709418,0,"available_crw"
"254027_0_t1",12,"254027_0_t1_crw_012",9,"254027_0_t1_20240416T110000",2024-04-16 11:00:00,-122.699500953982,37.5639601588427,0,"available_crw"
"254027_0_t1",12,"254027_0_t1_crw_012",10,"254027_0_t1_20240416T170000",2024-04-16 17:00:00,-122.656991793948,37.5612978551632,0,"available_crw"
"254027_0_t1",12,"254027_0_t1_crw_012",11,"254027_0_t1_20240416T230000",2024-04-16 23:00:00,-122.705266888439,37.5581326706458,0,"available_crw"
"254027_0_t1",12,"254027_0_t1_crw_012",12,"254027_0_t1_20240417T050000",2024-04-17 05:00:00,-122.764992652346,37.5600695549519,0,"available_crw"
"254027_0_t1",12,"254027_0_t1_crw_012",13,"254027_0_t1_20240417T110000",2024-04-17 11:00:00,-122.887048718402,37.5665332472031,0,"available_crw"
"254027_0_t1",12,"254027_0_t1_crw_012",14,"254027_0_t1_20240417T170000",2024-04-17 17:00:00,-122.95586261423,37.5675669314499,0,"available_crw"
"254027_0_t1",12,"254027_0_t1_crw_012",15,"254027_0_t1_20240417T230000",2024-04-17 23:00:00,-122.907090675204,37.5811581963365,0,"available_crw"
"254027_0_t1",12,"254027_0_t1_crw_012",16,"254027_0_t1_20240418T050000",2024-04-18 05:00:00,-122.915751580875,37.5989106535671,0,"available_crw"
"254027_0_t1",12,"254027_0_t1_crw_012",17,"254027_0_t1_20240418T110000",2024-04-18 11:00:00,-122.903951444533,37.5662916086741,0,"available_crw"
"254027_0_t1",12,"254027_0_t1_crw_012",18,"254027_0_t1_20240418T170000",2024-04-18 17:00:00,-122.927224182988,37.3011879461571,0,"available_crw"
"254027_0_t1",12,"254027_0_t1_crw_012",19,"254027_0_t1_20240418T230000",2024-04-18 23:00:00,-122.92933706742,37.3082992308534,0,"available_crw"
"254027_0_t1",12,"254027_0_t1_crw_012",20,"254027_0_t1_20240419T050000",2024-04-19 05:00:00,-122.900762114942,37.2740861270276,0,"available_crw"
"254027_0_t1",12,"254027_0_t1_crw_012",21,"254027_0_t1_20240419T110000",2024-04-19 11:00:00,-122.991434230739,37.2641668763355,0,"available_crw"
"254027_0_t1",13,"254027_0_t1_crw_013",1,"254027_0_t1_20240414T110000",2024-04-14 11:00:00,-122.8070879,37.5402499,0,"available_crw"
"254027_0_t1",13,"254027_0_t1_crw_013",2,"254027_0_t1_20240414T170000",2024-04-14 17:00:00,-122.863489404017,37.5979862852497,0,"available_crw"
"254027_0_t1",13,"254027_0_t1_crw_013",3,"254027_0_t1_20240414T230000",2024-04-14 23:00:00,-122.81954351494,37.5763392875351,0,"available_crw"
"254027_0_t1",13,"254027_0_t1_crw_013",4,"254027_0_t1_20240415T050000",2024-04-15 05:00:00,-122.828437044484,37.5781592700223,0,"available_crw"
"254027_0_t1",13,"254027_0_t1_crw_013",5,"254027_0_t1_20240415T110000",2024-04-15 11:00:00,-122.824605653235,37.5937316632036,0,"available_crw"
"254027_0_t1",13,"254027_0_t1_crw_013",6,"254027_0_t1_20240415T170000",2024-04-15 17:00:00,-122.75126161411,37.5496752337519,0,"available_crw"
"254027_0_t1",13,"254027_0_t1_crw_013",7,"254027_0_t1_20240415T230000",2024-04-15 23:00:00,-122.800750386804,37.561478141597,0,"available_crw"
"254027_0_t1",13,"254027_0_t1_crw_013",8,"254027_0_t1_20240416T050000",2024-04-16 05:00:00,-122.855485345561,37.5806197945202,0,"available_crw"
"254027_0_t1",13,"254027_0_t1_crw_013",9,"254027_0_t1_20240416T110000",2024-04-16 11:00:00,-122.839520469629,37.5814866950714,0,"available_crw"
"254027_0_t1",13,"254027_0_t1_crw_013",10,"254027_0_t1_20240416T170000",2024-04-16 17:00:00,-122.882162241178,37.5822236988129,0,"available_crw"
"254027_0_t1",13,"254027_0_t1_crw_013",11,"254027_0_t1_20240416T230000",2024-04-16 23:00:00,-122.839777049838,37.5784402762421,0,"available_crw"
"254027_0_t1",13,"254027_0_t1_crw_013",12,"254027_0_t1_20240417T050000",2024-04-17 05:00:00,-122.881564404113,37.5852396595232,0,"available_crw"
"254027_0_t1",13,"254027_0_t1_crw_013",13,"254027_0_t1_20240417T110000",2024-04-17 11:00:00,-122.833150281307,37.5836570254819,0,"available_crw"
"254027_0_t1",13,"254027_0_t1_crw_013",14,"254027_0_t1_20240417T170000",2024-04-17 17:00:00,-122.669977972456,37.5701069237296,0,"available_crw"
"254027_0_t1",13,"254027_0_t1_crw_013",15,"254027_0_t1_20240417T230000",2024-04-17 23:00:00,-122.711819806941,37.5766703482934,0,"available_crw"
"254027_0_t1",13,"254027_0_t1_crw_013",16,"254027_0_t1_20240418T050000",2024-04-18 05:00:00,-122.831224407075,37.5979595658158,0,"available_crw"
"254027_0_t1",13,"254027_0_t1_crw_013",17,"254027_0_t1_20240418T110000",2024-04-18 11:00:00,-123.007723666927,37.5911488439499,0,"available_crw"
"254027_0_t1",13,"254027_0_t1_crw_013",18,"254027_0_t1_20240418T170000",2024-04-18 17:00:00,-122.999102550802,37.5936695533838,0,"available_crw"
"254027_0_t1",13,"254027_0_t1_crw_013",19,"254027_0_t1_20240418T230000",2024-04-18 23:00:00,-123.038366484291,37.5669275727735,0,"available_crw"
"254027_0_t1",13,"254027_0_t1_crw_013",20,"254027_0_t1_20240419T050000",2024-04-19 05:00:00,-123.003603137831,37.5865918524391,0,"available_crw"
"254027_0_t1",13,"254027_0_t1_crw_013",21,"254027_0_t1_20240419T110000",2024-04-19 11:00:00,-123.038094768747,37.5595125771103,0,"available_crw"
"254027_0_t1",14,"254027_0_t1_crw_014",1,"254027_0_t1_20240414T110000",2024-04-14 11:00:00,-122.8070879,37.5402499,0,"available_crw"
"254027_0_t1",14,"254027_0_t1_crw_014",2,"254027_0_t1_20240414T170000",2024-04-14 17:00:00,-122.834551631328,37.4900214245748,0,"available_crw"
"254027_0_t1",14,"254027_0_t1_crw_014",3,"254027_0_t1_20240414T230000",2024-04-14 23:00:00,-122.835690078704,37.5027243773391,0,"available_crw"
"254027_0_t1",14,"254027_0_t1_crw_014",4,"254027_0_t1_20240415T050000",2024-04-15 05:00:00,-122.832338221801,37.4959211673523,0,"available_crw"
"254027_0_t1",14,"254027_0_t1_crw_014",5,"254027_0_t1_20240415T110000",2024-04-15 11:00:00,-122.844410259936,37.5042687161905,0,"available_crw"
"254027_0_t1",14,"254027_0_t1_crw_014",6,"254027_0_t1_20240415T170000",2024-04-15 17:00:00,-122.961472372177,37.5957167404308,0,"available_crw"
"254027_0_t1",14,"254027_0_t1_crw_014",7,"254027_0_t1_20240415T230000",2024-04-15 23:00:00,-122.977634253705,37.5816724325259,0,"available_crw"
"254027_0_t1",14,"254027_0_t1_crw_014",8,"254027_0_t1_20240416T050000",2024-04-16 05:00:00,-123.202988938807,37.4023640677347,0,"available_crw"
"254027_0_t1",14,"254027_0_t1_crw_014",9,"254027_0_t1_20240416T110000",2024-04-16 11:00:00,-123.198740698236,37.4088395439485,0,"available_crw"
"254027_0_t1",14,"254027_0_t1_crw_014",10,"254027_0_t1_20240416T170000",2024-04-16 17:00:00,-123.180609900959,37.402311393846,0,"available_crw"
"254027_0_t1",14,"254027_0_t1_crw_014",11,"254027_0_t1_20240416T230000",2024-04-16 23:00:00,-123.196546954944,37.4015743580515,0,"available_crw"
"254027_0_t1",14,"254027_0_t1_crw_014",12,"254027_0_t1_20240417T050000",2024-04-17 05:00:00,-123.174061967015,37.3730515270224,0,"available_crw"
"254027_0_t1",14,"254027_0_t1_crw_014",13,"254027_0_t1_20240417T110000",2024-04-17 11:00:00,-123.134876741522,37.3280731587677,0,"available_crw"
"254027_0_t1",14,"254027_0_t1_crw_014",14,"254027_0_t1_20240417T170000",2024-04-17 17:00:00,-123.168441146526,37.3558024083937,0,"available_crw"
"254027_0_t1",14,"254027_0_t1_crw_014",15,"254027_0_t1_20240417T230000",2024-04-17 23:00:00,-123.154976430331,37.367477343982,0,"available_crw"
"254027_0_t1",14,"254027_0_t1_crw_014",16,"254027_0_t1_20240418T050000",2024-04-18 05:00:00,-123.10947850444,37.3982416511759,0,"available_crw"
"254027_0_t1",14,"254027_0_t1_crw_014",17,"254027_0_t1_20240418T110000",2024-04-18 11:00:00,-123.140878003442,37.3689286909023,0,"available_crw"
"254027_0_t1",14,"254027_0_t1_crw_014",18,"254027_0_t1_20240418T170000",2024-04-18 17:00:00,-123.182828777988,37.2633135643867,0,"available_crw"
"254027_0_t1",14,"254027_0_t1_crw_014",19,"254027_0_t1_20240418T230000",2024-04-18 23:00:00,-123.185602202484,37.2758549826392,0,"available_crw"
"254027_0_t1",14,"254027_0_t1_crw_014",20,"254027_0_t1_20240419T050000",2024-04-19 05:00:00,-123.208915380649,37.2719072356807,0,"available_crw"
"254027_0_t1",14,"254027_0_t1_crw_014",21,"254027_0_t1_20240419T110000",2024-04-19 11:00:00,-123.203190482315,37.2534207871707,0,"available_crw"
"254027_0_t1",15,"254027_0_t1_crw_015",1,"254027_0_t1_20240414T110000",2024-04-14 11:00:00,-122.8070879,37.5402499,0,"available_crw"
"254027_0_t1",15,"254027_0_t1_crw_015",2,"254027_0_t1_20240414T170000",2024-04-14 17:00:00,-122.840401933194,37.4021715316802,0,"available_crw"
"254027_0_t1",15,"254027_0_t1_crw_015",3,"254027_0_t1_20240414T230000",2024-04-14 23:00:00,-122.848912778077,37.4427375413405,0,"available_crw"
"254027_0_t1",15,"254027_0_t1_crw_015",4,"254027_0_t1_20240415T050000",2024-04-15 05:00:00,-122.851442496195,37.4902818277211,0,"available_crw"
"254027_0_t1",15,"254027_0_t1_crw_015",5,"254027_0_t1_20240415T110000",2024-04-15 11:00:00,-122.843442767822,37.4792568602785,0,"available_crw"
"254027_0_t1",15,"254027_0_t1_crw_015",6,"254027_0_t1_20240415T170000",2024-04-15 17:00:00,-122.823168122918,37.4893377127367,0,"available_crw"
"254027_0_t1",15,"254027_0_t1_crw_015",7,"254027_0_t1_20240415T230000",2024-04-15 23:00:00,-122.859589530453,37.4639518432342,0,"available_crw"
"254027_0_t1",15,"254027_0_t1_crw_015",8,"254027_0_t1_20240416T050000",2024-04-16 05:00:00,-122.920263880255,37.3642793415828,0,"available_crw"
"254027_0_t1",15,"254027_0_t1_crw_015",9,"254027_0_t1_20240416T110000",2024-04-16 11:00:00,-123.050562927948,37.4143822899931,0,"available_crw"
"254027_0_t1",15,"254027_0_t1_crw_015",10,"254027_0_t1_20240416T170000",2024-04-16 17:00:00,-123.159191636922,37.4588726740563,0,"available_crw"
"254027_0_t1",15,"254027_0_t1_crw_015",11,"254027_0_t1_20240416T230000",2024-04-16 23:00:00,-123.085786308263,37.5027710627599,0,"available_crw"
"254027_0_t1",15,"254027_0_t1_crw_015",12,"254027_0_t1_20240417T050000",2024-04-17 05:00:00,-122.766119548375,37.579121330067,0,"available_crw"
"254027_0_t1",15,"254027_0_t1_crw_015",13,"254027_0_t1_20240417T110000",2024-04-17 11:00:00,-122.701122009307,37.5971797490793,0,"available_crw"
"254027_0_t1",15,"254027_0_t1_crw_015",14,"254027_0_t1_20240417T170000",2024-04-17 17:00:00,-122.742497822647,37.5889201869796,0,"available_crw"
"254027_0_t1",15,"254027_0_t1_crw_015",15,"254027_0_t1_20240417T230000",2024-04-17 23:00:00,-122.861899806293,37.5676722889864,0,"available_crw"
"254027_0_t1",15,"254027_0_t1_crw_015",16,"254027_0_t1_20240418T050000",2024-04-18 05:00:00,-122.92139673137,37.5630416925515,0,"available_crw"
"254027_0_t1",15,"254027_0_t1_crw_015",17,"254027_0_t1_20240418T110000",2024-04-18 11:00:00,-122.924495977532,37.578716922885,0,"available_crw"
"254027_0_t1",15,"254027_0_t1_crw_015",18,"254027_0_t1_20240418T170000",2024-04-18 17:00:00,-122.920428667579,37.5721644659597,0,"available_crw"
"254027_0_t1",15,"254027_0_t1_crw_015",19,"254027_0_t1_20240418T230000",2024-04-18 23:00:00,-122.896225840061,37.5998124698098,0,"available_crw"
"254027_0_t1",15,"254027_0_t1_crw_015",20,"254027_0_t1_20240419T050000",2024-04-19 05:00:00,-122.923653300837,37.5738162996846,0,"available_crw"
"254027_0_t1",15,"254027_0_t1_crw_015",21,"254027_0_t1_20240419T110000",2024-04-19 11:00:00,-122.997328906291,37.4460434765881,0,"available_crw"
"254027_0_t1",16,"254027_0_t1_crw_016",1,"254027_0_t1_20240414T110000",2024-04-14 11:00:00,-122.8070879,37.5402499,0,"available_crw"
"254027_0_t1",16,"254027_0_t1_crw_016",2,"254027_0_t1_20240414T170000",2024-04-14 17:00:00,-122.805673818496,37.5474711608111,0,"available_crw"
"254027_0_t1",16,"254027_0_t1_crw_016",3,"254027_0_t1_20240414T230000",2024-04-14 23:00:00,-122.829417481297,37.5497663429176,0,"available_crw"
"254027_0_t1",16,"254027_0_t1_crw_016",4,"254027_0_t1_20240415T050000",2024-04-15 05:00:00,-122.96314430288,37.5191795222346,0,"available_crw"
"254027_0_t1",16,"254027_0_t1_crw_016",5,"254027_0_t1_20240415T110000",2024-04-15 11:00:00,-122.921294828573,37.5255968228535,0,"available_crw"
"254027_0_t1",16,"254027_0_t1_crw_016",6,"254027_0_t1_20240415T170000",2024-04-15 17:00:00,-122.854410466928,37.5384152684433,0,"available_crw"
"254027_0_t1",16,"254027_0_t1_crw_016",7,"254027_0_t1_20240415T230000",2024-04-15 23:00:00,-122.692864619022,37.5609132470125,0,"available_crw"
"254027_0_t1",16,"254027_0_t1_crw_016",8,"254027_0_t1_20240416T050000",2024-04-16 05:00:00,-122.529344746983,37.2845651154194,0,"available_crw"
"254027_0_t1",16,"254027_0_t1_crw_016",9,"254027_0_t1_20240416T110000",2024-04-16 11:00:00,-122.508134329454,37.2932527774277,0,"available_crw"
"254027_0_t1",16,"254027_0_t1_crw_016",10,"254027_0_t1_20240416T170000",2024-04-16 17:00:00,-122.418953114087,37.3781389853121,0,"available_crw"
"254027_0_t1",16,"254027_0_t1_crw_016",11,"254027_0_t1_20240416T230000",2024-04-16 23:00:00,-122.381650586007,37.3113401777754,0,"available_crw"
"254027_0_t1",16,"254027_0_t1_crw_016",12,"254027_0_t1_20240417T050000",2024-04-17 05:00:00,-122.266158840622,37.0749956146006,0,"available_crw"
"254027_0_t1",16,"254027_0_t1_crw_016",13,"254027_0_t1_20240417T110000",2024-04-17 11:00:00,-122.244319806534,37.0825115496435,0,"available_crw"
"254027_0_t1",16,"254027_0_t1_crw_016",14,"254027_0_t1_20240417T170000",2024-04-17 17:00:00,-122.254354583114,37.0726349313015,0,"available_crw"
"254027_0_t1",16,"254027_0_t1_crw_016",15,"254027_0_t1_20240417T230000",2024-04-17 23:00:00,-122.333483012033,36.9987517324137,0,"available_crw"
"254027_0_t1",16,"254027_0_t1_crw_016",16,"254027_0_t1_20240418T050000",2024-04-18 05:00:00,-122.442982830926,37.0736779320963,0,"available_crw"
"254027_0_t1",16,"254027_0_t1_crw_016",17,"254027_0_t1_20240418T110000",2024-04-18 11:00:00,-122.401846992989,37.0536688032442,0,"available_crw"
"254027_0_t1",16,"254027_0_t1_crw_016",18,"254027_0_t1_20240418T170000",2024-04-18 17:00:00,-122.341852219824,37.0274254953126,0,"available_crw"
"254027_0_t1",16,"254027_0_t1_crw_016",19,"254027_0_t1_20240418T230000",2024-04-18 23:00:00,-122.342011544504,37.0611222953391,0,"available_crw"
"254027_0_t1",16,"254027_0_t1_crw_016",20,"254027_0_t1_20240419T050000",2024-04-19 05:00:00,-122.389075794867,37.1965897324959,0,"available_crw"
"254027_0_t1",16,"254027_0_t1_crw_016",21,"254027_0_t1_20240419T110000",2024-04-19 11:00:00,-122.475317695672,37.283322342266,0,"available_crw"
"254027_0_t1",17,"254027_0_t1_crw_017",1,"254027_0_t1_20240414T110000",2024-04-14 11:00:00,-122.8070879,37.5402499,0,"available_crw"
"254027_0_t1",17,"254027_0_t1_crw_017",2,"254027_0_t1_20240414T170000",2024-04-14 17:00:00,-122.834551631328,37.4900214245748,0,"available_crw"
"254027_0_t1",17,"254027_0_t1_crw_017",3,"254027_0_t1_20240414T230000",2024-04-14 23:00:00,-122.8862440226,37.4017953290359,0,"available_crw"
"254027_0_t1",17,"254027_0_t1_crw_017",4,"254027_0_t1_20240415T050000",2024-04-15 05:00:00,-122.917923059119,37.3614773552944,0,"available_crw"
"254027_0_t1",17,"254027_0_t1_crw_017",5,"254027_0_t1_20240415T110000",2024-04-15 11:00:00,-122.985375347978,37.2803546033747,0,"available_crw"
"254027_0_t1",17,"254027_0_t1_crw_017",6,"254027_0_t1_20240415T170000",2024-04-15 17:00:00,-123.055366402869,37.2006560428492,0,"available_crw"
"254027_0_t1",17,"254027_0_t1_crw_017",7,"254027_0_t1_20240415T230000",2024-04-15 23:00:00,-123.013488887171,37.1970108987342,0,"available_crw"
"254027_0_t1",17,"254027_0_t1_crw_017",8,"254027_0_t1_20240416T050000",2024-04-16 05:00:00,-122.880747452949,37.2287343881879,0,"available_crw"
"254027_0_t1",17,"254027_0_t1_crw_017",9,"254027_0_t1_20240416T110000",2024-04-16 11:00:00,-122.895582583628,37.1565622639821,0,"available_crw"
"254027_0_t1",17,"254027_0_t1_crw_017",10,"254027_0_t1_20240416T170000",2024-04-16 17:00:00,-122.91848232867,37.06092131738,0,"available_crw"
"254027_0_t1",17,"254027_0_t1_crw_017",11,"254027_0_t1_20240416T230000",2024-04-16 23:00:00,-122.928204974078,37.0066882745253,0,"available_crw"
"254027_0_t1",17,"254027_0_t1_crw_017",12,"254027_0_t1_20240417T050000",2024-04-17 05:00:00,-122.961212553401,36.8788171335946,0,"available_crw"
"254027_0_t1",17,"254027_0_t1_crw_017",13,"254027_0_t1_20240417T110000",2024-04-17 11:00:00,-123.039143588347,36.6328935306239,0,"available_crw"
"254027_0_t1",17,"254027_0_t1_crw_017",14,"254027_0_t1_20240417T170000",2024-04-17 17:00:00,-123.072027102981,36.539181226485,0,"available_crw"
"254027_0_t1",17,"254027_0_t1_crw_017",15,"254027_0_t1_20240417T230000",2024-04-17 23:00:00,-123.209799938888,36.5702967297748,0,"available_crw"
"254027_0_t1",17,"254027_0_t1_crw_017",16,"254027_0_t1_20240418T050000",2024-04-18 05:00:00,-123.200741963923,36.5705196734751,0,"available_crw"
"254027_0_t1",17,"254027_0_t1_crw_017",17,"254027_0_t1_20240418T110000",2024-04-18 11:00:00,-123.242757482206,36.5725318606599,0,"available_crw"
"254027_0_t1",17,"254027_0_t1_crw_017",18,"254027_0_t1_20240418T170000",2024-04-18 17:00:00,-123.201136906522,36.5674825638648,0,"available_crw"
"254027_0_t1",17,"254027_0_t1_crw_017",19,"254027_0_t1_20240418T230000",2024-04-18 23:00:00,-123.242027358524,36.575528303299,0,"available_crw"
"254027_0_t1",17,"254027_0_t1_crw_017",20,"254027_0_t1_20240419T050000",2024-04-19 05:00:00,-123.238489216713,36.5911404013131,0,"available_crw"
"254027_0_t1",17,"254027_0_t1_crw_017",21,"254027_0_t1_20240419T110000",2024-04-19 11:00:00,-123.229388091855,36.6454409334669,0,"available_crw"
"254027_0_t1",18,"254027_0_t1_crw_018",1,"254027_0_t1_20240414T110000",2024-04-14 11:00:00,-122.8070879,37.5402499,0,"available_crw"
"254027_0_t1",18,"254027_0_t1_crw_018",2,"254027_0_t1_20240414T170000",2024-04-14 17:00:00,-122.863489404017,37.5979862852497,0,"available_crw"
"254027_0_t1",18,"254027_0_t1_crw_018",3,"254027_0_t1_20240414T230000",2024-04-14 23:00:00,-122.880206260279,37.5670284853923,0,"available_crw"
"254027_0_t1",18,"254027_0_t1_crw_018",4,"254027_0_t1_20240415T050000",2024-04-15 05:00:00,-123.018943898211,37.3386384948897,0,"available_crw"
"254027_0_t1",18,"254027_0_t1_crw_018",5,"254027_0_t1_20240415T110000",2024-04-15 11:00:00,-123.045881316136,37.2882521602933,0,"available_crw"
"254027_0_t1",18,"254027_0_t1_crw_018",6,"254027_0_t1_20240415T170000",2024-04-15 17:00:00,-123.075815244498,37.2471139848541,0,"available_crw"
"254027_0_t1",18,"254027_0_t1_crw_018",7,"254027_0_t1_20240415T230000",2024-04-15 23:00:00,-123.054830303264,37.2381016697993,0,"available_crw"
"254027_0_t1",18,"254027_0_t1_crw_018",8,"254027_0_t1_20240416T050000",2024-04-16 05:00:00,-123.139242529809,36.9400808215636,0,"available_crw"
"254027_0_t1",18,"254027_0_t1_crw_018",9,"254027_0_t1_20240416T110000",2024-04-16 11:00:00,-123.184825991921,36.8147324008457,0,"available_crw"
"254027_0_t1",18,"254027_0_t1_crw_018",10,"254027_0_t1_20240416T170000",2024-04-16 17:00:00,-123.200845357491,36.7614764446705,0,"available_crw"
"254027_0_t1",18,"254027_0_t1_crw_018",11,"254027_0_t1_20240416T230000",2024-04-16 23:00:00,-123.197173815852,36.7999292565533,0,"available_crw"
"254027_0_t1",18,"254027_0_t1_crw_018",12,"254027_0_t1_20240417T050000",2024-04-17 05:00:00,-123.235310370324,36.7859684354734,0,"available_crw"
"254027_0_t1",18,"254027_0_t1_crw_018",13,"254027_0_t1_20240417T110000",2024-04-17 11:00:00,-123.232999872902,36.8590905687094,0,"available_crw"
"254027_0_t1",18,"254027_0_t1_crw_018",14,"254027_0_t1_20240417T170000",2024-04-17 17:00:00,-123.218825040567,36.9891805830358,0,"available_crw"
"254027_0_t1",18,"254027_0_t1_crw_018",15,"254027_0_t1_20240417T230000",2024-04-17 23:00:00,-123.206404194125,37.0357170947746,0,"available_crw"
"254027_0_t1",18,"254027_0_t1_crw_018",16,"254027_0_t1_20240418T050000",2024-04-18 05:00:00,-123.186839782366,37.0333027512444,0,"available_crw"
"254027_0_t1",18,"254027_0_t1_crw_018",17,"254027_0_t1_20240418T110000",2024-04-18 11:00:00,-123.237089606523,37.0250109186041,0,"available_crw"
"254027_0_t1",18,"254027_0_t1_crw_018",18,"254027_0_t1_20240418T170000",2024-04-18 17:00:00,-123.242208294309,37.0403406545024,0,"available_crw"
"254027_0_t1",18,"254027_0_t1_crw_018",19,"254027_0_t1_20240418T230000",2024-04-18 23:00:00,-123.23733171918,37.0341649095791,0,"available_crw"
"254027_0_t1",18,"254027_0_t1_crw_018",20,"254027_0_t1_20240419T050000",2024-04-19 05:00:00,-123.217066770174,37.0636899455952,0,"available_crw"
"254027_0_t1",18,"254027_0_t1_crw_018",21,"254027_0_t1_20240419T110000",2024-04-19 11:00:00,-122.966613032003,37.2381595323007,0,"available_crw"
"254027_0_t1",19,"254027_0_t1_crw_019",1,"254027_0_t1_20240414T110000",2024-04-14 11:00:00,-122.8070879,37.5402499,0,"available_crw"
"254027_0_t1",19,"254027_0_t1_crw_019",2,"254027_0_t1_20240414T170000",2024-04-14 17:00:00,-122.937329132655,37.5909481484522,0,"available_crw"
"254027_0_t1",19,"254027_0_t1_crw_019",3,"254027_0_t1_20240414T230000",2024-04-14 23:00:00,-122.890948703907,37.5797841994396,0,"available_crw"
"254027_0_t1",19,"254027_0_t1_crw_019",4,"254027_0_t1_20240415T050000",2024-04-15 05:00:00,-122.906668209547,37.5774039241865,0,"available_crw"
"254027_0_t1",19,"254027_0_t1_crw_019",5,"254027_0_t1_20240415T110000",2024-04-15 11:00:00,-122.894124668226,37.5853114955622,0,"available_crw"
"254027_0_t1",19,"254027_0_t1_crw_019",6,"254027_0_t1_20240415T170000",2024-04-15 17:00:00,-122.900635066558,37.57367805231,0,"available_crw"
"254027_0_t1",19,"254027_0_t1_crw_019",7,"254027_0_t1_20240415T230000",2024-04-15 23:00:00,-122.976383850279,37.4578806065905,0,"available_crw"
"254027_0_t1",19,"254027_0_t1_crw_019",8,"254027_0_t1_20240416T050000",2024-04-16 05:00:00,-123.013543442512,37.3204316981128,0,"available_crw"
"254027_0_t1",19,"254027_0_t1_crw_019",9,"254027_0_t1_20240416T110000",2024-04-16 11:00:00,-123.003877707777,37.1800303019948,0,"available_crw"
"254027_0_t1",19,"254027_0_t1_crw_019",10,"254027_0_t1_20240416T170000",2024-04-16 17:00:00,-123.000444827327,37.0826857687533,0,"available_crw"
"254027_0_t1",19,"254027_0_t1_crw_019",11,"254027_0_t1_20240416T230000",2024-04-16 23:00:00,-123.008207805287,37.093800321852,0,"available_crw"
"254027_0_t1",19,"254027_0_t1_crw_019",12,"254027_0_t1_20240417T050000",2024-04-17 05:00:00,-122.917047105025,37.0979656153035,0,"available_crw"
"254027_0_t1",19,"254027_0_t1_crw_019",13,"254027_0_t1_20240417T110000",2024-04-17 11:00:00,-122.925588872513,37.0953954185751,0,"available_crw"
"254027_0_t1",19,"254027_0_t1_crw_019",14,"254027_0_t1_20240417T170000",2024-04-17 17:00:00,-122.886799975958,37.1223535622254,0,"available_crw"
"254027_0_t1",19,"254027_0_t1_crw_019",15,"254027_0_t1_20240417T230000",2024-04-17 23:00:00,-122.569718690973,36.952720909383,0,"available_crw"
"254027_0_t1",19,"254027_0_t1_crw_019",16,"254027_0_t1_20240418T050000",2024-04-18 05:00:00,-122.511312212833,36.9243689664786,0,"available_crw"
"254027_0_t1",19,"254027_0_t1_crw_019",17,"254027_0_t1_20240418T110000",2024-04-18 11:00:00,-122.464782789947,36.894894544166,0,"available_crw"
"254027_0_t1",19,"254027_0_t1_crw_019",18,"254027_0_t1_20240418T170000",2024-04-18 17:00:00,-122.506756268971,36.9136285646006,0,"available_crw"
"254027_0_t1",19,"254027_0_t1_crw_019",19,"254027_0_t1_20240418T230000",2024-04-18 23:00:00,-122.776167993252,37.0466178349255,0,"available_crw"
"254027_0_t1",19,"254027_0_t1_crw_019",20,"254027_0_t1_20240419T050000",2024-04-19 05:00:00,-123.038653868977,37.188806603192,0,"available_crw"
"254027_0_t1",19,"254027_0_t1_crw_019",21,"254027_0_t1_20240419T110000",2024-04-19 11:00:00,-123.028538313887,37.2024574542048,0,"available_crw"
"254027_0_t1",20,"254027_0_t1_crw_020",1,"254027_0_t1_20240414T110000",2024-04-14 11:00:00,-122.8070879,37.5402499,0,"available_crw"
"254027_0_t1",20,"254027_0_t1_crw_020",2,"254027_0_t1_20240414T170000",2024-04-14 17:00:00,-122.764816265116,37.5417972638948,0,"available_crw"
"254027_0_t1",20,"254027_0_t1_crw_020",3,"254027_0_t1_20240414T230000",2024-04-14 23:00:00,-122.600861651857,37.5395853968936,0,"available_crw"
"254027_0_t1",20,"254027_0_t1_crw_020",4,"254027_0_t1_20240415T050000",2024-04-15 05:00:00,-122.600055287155,37.5237303731716,0,"available_crw"
"254027_0_t1",20,"254027_0_t1_crw_020",5,"254027_0_t1_20240415T110000",2024-04-15 11:00:00,-122.601787602846,37.2699729229479,0,"available_crw"
"254027_0_t1",20,"254027_0_t1_crw_020",6,"254027_0_t1_20240415T170000",2024-04-15 17:00:00,-122.970514190872,37.1896385845374,0,"available_crw"
"254027_0_t1",20,"254027_0_t1_crw_020",7,"254027_0_t1_20240415T230000",2024-04-15 23:00:00,-123.009034365085,37.3008666727786,0,"available_crw"
"254027_0_t1",20,"254027_0_t1_crw_020",8,"254027_0_t1_20240416T050000",2024-04-16 05:00:00,-123.004073868302,37.2947254396738,0,"available_crw"
"254027_0_t1",20,"254027_0_t1_crw_020",9,"254027_0_t1_20240416T110000",2024-04-16 11:00:00,-123.094950229787,37.2859126900104,0,"available_crw"
"254027_0_t1",20,"254027_0_t1_crw_020",10,"254027_0_t1_20240416T170000",2024-04-16 17:00:00,-123.070287846945,37.2585806157837,0,"available_crw"
"254027_0_t1",20,"254027_0_t1_crw_020",11,"254027_0_t1_20240416T230000",2024-04-16 23:00:00,-123.160429203825,37.246035907928,0,"available_crw"
"254027_0_t1",20,"254027_0_t1_crw_020",12,"254027_0_t1_20240417T050000",2024-04-17 05:00:00,-123.134050447308,37.2197559661294,0,"available_crw"
"254027_0_t1",20,"254027_0_t1_crw_020",13,"254027_0_t1_20240417T110000",2024-04-17 11:00:00,-123.115986751488,37.232167273429,0,"available_crw"
"254027_0_t1",20,"254027_0_t1_crw_020",14,"254027_0_t1_20240417T170000",2024-04-17 17:00:00,-123.021444083784,37.2935927666692,0,"available_crw"
"254027_0_t1",20,"254027_0_t1_crw_020",15,"254027_0_t1_20240417T230000",2024-04-17 23:00:00,-123.060538594269,37.3062455752721,0,"available_crw"
"254027_0_t1",20,"254027_0_t1_crw_020",16,"254027_0_t1_20240418T050000",2024-04-18 05:00:00,-123.013474697022,37.2976680217145,0,"available_crw"
"254027_0_t1",20,"254027_0_t1_crw_020",17,"254027_0_t1_20240418T110000",2024-04-18 11:00:00,-123.022595391179,37.297096502254,0,"available_crw"
"254027_0_t1",20,"254027_0_t1_crw_020",18,"254027_0_t1_20240418T170000",2024-04-18 17:00:00,-122.98010790776,37.2966931919982,0,"available_crw"
"254027_0_t1",20,"254027_0_t1_crw_020",19,"254027_0_t1_20240418T230000",2024-04-18 23:00:00,-122.97919092827,37.2808411942247,0,"available_crw"
"254027_0_t1",20,"254027_0_t1_crw_020",20,"254027_0_t1_20240419T050000",2024-04-19 05:00:00,-122.955433436356,37.2823592486425,0,"available_crw"
"254027_0_t1",20,"254027_0_t1_crw_020",21,"254027_0_t1_20240419T110000",2024-04-19 11:00:00,-122.789841208246,37.3300577887569,0,"available_crw"
"254027_0_t1",21,"254027_0_t1_crw_021",1,"254027_0_t1_20240414T110000",2024-04-14 11:00:00,-122.8070879,37.5402499,0,"available_crw"
"254027_0_t1",21,"254027_0_t1_crw_021",2,"254027_0_t1_20240414T170000",2024-04-14 17:00:00,-122.805673818496,37.5474711608111,0,"available_crw"
"254027_0_t1",21,"254027_0_t1_crw_021",3,"254027_0_t1_20240414T230000",2024-04-14 23:00:00,-122.78583705504,37.5459423553795,0,"available_crw"
"254027_0_t1",21,"254027_0_t1_crw_021",4,"254027_0_t1_20240415T050000",2024-04-15 05:00:00,-122.83576298999,37.5354001033928,0,"available_crw"
"254027_0_t1",21,"254027_0_t1_crw_021",5,"254027_0_t1_20240415T110000",2024-04-15 11:00:00,-122.954709140133,37.5128751364625,0,"available_crw"
"254027_0_t1",21,"254027_0_t1_crw_021",6,"254027_0_t1_20240415T170000",2024-04-15 17:00:00,-122.926268399712,37.4879357405212,0,"available_crw"
"254027_0_t1",21,"254027_0_t1_crw_021",7,"254027_0_t1_20240415T230000",2024-04-15 23:00:00,-122.934179414744,37.4916342243018,0,"available_crw"
"254027_0_t1",21,"254027_0_t1_crw_021",8,"254027_0_t1_20240416T050000",2024-04-16 05:00:00,-123.037972352705,37.5430853620592,0,"available_crw"
"254027_0_t1",21,"254027_0_t1_crw_021",9,"254027_0_t1_20240416T110000",2024-04-16 11:00:00,-123.0284542407,37.5570271066465,0,"available_crw"
"254027_0_t1",21,"254027_0_t1_crw_021",10,"254027_0_t1_20240416T170000",2024-04-16 17:00:00,-123.028710761325,37.5442935328557,0,"available_crw"
"254027_0_t1",21,"254027_0_t1_crw_021",11,"254027_0_t1_20240416T230000",2024-04-16 23:00:00,-123.048385195983,37.2910150098896,0,"available_crw"
"254027_0_t1",21,"254027_0_t1_crw_021",12,"254027_0_t1_20240417T050000",2024-04-17 05:00:00,-123.01253455311,37.1533542389856,0,"available_crw"
"254027_0_t1",21,"254027_0_t1_crw_021",13,"254027_0_t1_20240417T110000",2024-04-17 11:00:00,-123.153599330303,37.1295411790695,0,"available_crw"
"254027_0_t1",21,"254027_0_t1_crw_021",14,"254027_0_t1_20240417T170000",2024-04-17 17:00:00,-123.110175056747,37.1515250186466,0,"available_crw"
"254027_0_t1",21,"254027_0_t1_crw_021",15,"254027_0_t1_20240417T230000",2024-04-17 23:00:00,-123.146245654783,37.1259663981351,0,"available_crw"
"254027_0_t1",21,"254027_0_t1_crw_021",16,"254027_0_t1_20240418T050000",2024-04-18 05:00:00,-123.140578962404,37.1378669290681,0,"available_crw"
"254027_0_t1",21,"254027_0_t1_crw_021",17,"254027_0_t1_20240418T110000",2024-04-18 11:00:00,-123.141139905562,37.1305717059422,0,"available_crw"
"254027_0_t1",21,"254027_0_t1_crw_021",18,"254027_0_t1_20240418T170000",2024-04-18 17:00:00,-123.09528821728,37.0260320846372,0,"available_crw"
"254027_0_t1",21,"254027_0_t1_crw_021",19,"254027_0_t1_20240418T230000",2024-04-18 23:00:00,-123.230944839473,36.9875038298902,0,"available_crw"
"254027_0_t1",21,"254027_0_t1_crw_021",20,"254027_0_t1_20240419T050000",2024-04-19 05:00:00,-123.220775010417,37.060191137386,0,"available_crw"
"254027_0_t1",21,"254027_0_t1_crw_021",21,"254027_0_t1_20240419T110000",2024-04-19 11:00:00,-123.219043670759,37.0530149527143,0,"available_crw"
"254027_0_t1",22,"254027_0_t1_crw_022",1,"254027_0_t1_20240414T110000",2024-04-14 11:00:00,-122.8070879,37.5402499,0,"available_crw"
"254027_0_t1",22,"254027_0_t1_crw_022",2,"254027_0_t1_20240414T170000",2024-04-14 17:00:00,-122.784891522433,37.569231335262,0,"available_crw"
"254027_0_t1",22,"254027_0_t1_crw_022",3,"254027_0_t1_20240414T230000",2024-04-14 23:00:00,-122.827183548688,37.5707077288723,0,"available_crw"
"254027_0_t1",22,"254027_0_t1_crw_022",4,"254027_0_t1_20240415T050000",2024-04-15 05:00:00,-122.949230753525,37.5774831265041,0,"available_crw"
"254027_0_t1",22,"254027_0_t1_crw_022",5,"254027_0_t1_20240415T110000",2024-04-15 11:00:00,-123.018050324049,37.5786925347275,0,"available_crw"
"254027_0_t1",22,"254027_0_t1_crw_022",6,"254027_0_t1_20240415T170000",2024-04-15 17:00:00,-123.018779759348,37.5945500322239,0,"available_crw"
"254027_0_t1",22,"254027_0_t1_crw_022",7,"254027_0_t1_20240415T230000",2024-04-15 23:00:00,-123.055087969674,37.5772144159491,0,"available_crw"
"254027_0_t1",22,"254027_0_t1_crw_022",8,"254027_0_t1_20240416T050000",2024-04-16 05:00:00,-123.137066323642,37.4876923721306,0,"available_crw"
"254027_0_t1",22,"254027_0_t1_crw_022",9,"254027_0_t1_20240416T110000",2024-04-16 11:00:00,-123.108979605261,37.5132166352522,0,"available_crw"
"254027_0_t1",22,"254027_0_t1_crw_022",10,"254027_0_t1_20240416T170000",2024-04-16 17:00:00,-123.064341033662,37.5448496899154,0,"available_crw"
"254027_0_t1",22,"254027_0_t1_crw_022",11,"254027_0_t1_20240416T230000",2024-04-16 23:00:00,-123.094901981965,37.5149397514031,0,"available_crw"
"254027_0_t1",22,"254027_0_t1_crw_022",12,"254027_0_t1_20240417T050000",2024-04-17 05:00:00,-123.17446908767,37.4410387600174,0,"available_crw"
"254027_0_t1",22,"254027_0_t1_crw_022",13,"254027_0_t1_20240417T110000",2024-04-17 11:00:00,-123.133098767526,37.4341681992611,0,"available_crw"
"254027_0_t1",22,"254027_0_t1_crw_022",14,"254027_0_t1_20240417T170000",2024-04-17 17:00:00,-122.975241112675,37.3995688297493,0,"available_crw"
"254027_0_t1",22,"254027_0_t1_crw_022",15,"254027_0_t1_20240417T230000",2024-04-17 23:00:00,-123.015083377013,37.4114880981538,0,"available_crw"
"254027_0_t1",22,"254027_0_t1_crw_022",16,"254027_0_t1_20240418T050000",2024-04-18 05:00:00,-123.153863240965,37.4068542140702,0,"available_crw"
"254027_0_t1",22,"254027_0_t1_crw_022",17,"254027_0_t1_20240418T110000",2024-04-18 11:00:00,-123.111359538933,37.4052378189552,0,"available_crw"
"254027_0_t1",22,"254027_0_t1_crw_022",18,"254027_0_t1_20240418T170000",2024-04-18 17:00:00,-123.111022383378,37.4242798000504,0,"available_crw"
"254027_0_t1",22,"254027_0_t1_crw_022",19,"254027_0_t1_20240418T230000",2024-04-18 23:00:00,-122.966328584449,37.4227848977749,0,"available_crw"
"254027_0_t1",22,"254027_0_t1_crw_022",20,"254027_0_t1_20240419T050000",2024-04-19 05:00:00,-122.975112085364,37.420701202689,0,"available_crw"
"254027_0_t1",22,"254027_0_t1_crw_022",21,"254027_0_t1_20240419T110000",2024-04-19 11:00:00,-122.931562442739,37.4374598363025,0,"available_crw"
"254027_0_t1",23,"254027_0_t1_crw_023",1,"254027_0_t1_20240414T110000",2024-04-14 11:00:00,-122.8070879,37.5402499,0,"available_crw"
"254027_0_t1",23,"254027_0_t1_crw_023",2,"254027_0_t1_20240414T170000",2024-04-14 17:00:00,-122.888333329171,37.4268567944635,0,"available_crw"
"254027_0_t1",23,"254027_0_t1_crw_023",3,"254027_0_t1_20240414T230000",2024-04-14 23:00:00,-122.951569061697,37.343570739936,0,"available_crw"
"254027_0_t1",23,"254027_0_t1_crw_023",4,"254027_0_t1_20240415T050000",2024-04-15 05:00:00,-122.950572861711,37.3562815271471,0,"available_crw"
"254027_0_t1",23,"254027_0_t1_crw_023",5,"254027_0_t1_20240415T110000",2024-04-15 11:00:00,-122.949477433809,37.4110616621119,0,"available_crw"
"254027_0_t1",23,"254027_0_t1_crw_023",6,"254027_0_t1_20240415T170000",2024-04-15 17:00:00,-122.973347835892,37.4107206784331,0,"available_crw"
"254027_0_t1",23,"254027_0_t1_crw_023",7,"254027_0_t1_20240415T230000",2024-04-15 23:00:00,-122.974865128749,37.4265430352867,0,"available_crw"
"254027_0_t1",23,"254027_0_t1_crw_023",8,"254027_0_t1_20240416T050000",2024-04-16 05:00:00,-122.955146997676,37.4286715034629,0,"available_crw"
"254027_0_t1",23,"254027_0_t1_crw_023",9,"254027_0_t1_20240416T110000",2024-04-16 11:00:00,-122.63809525181,37.4506716895638,0,"available_crw"
"254027_0_t1",23,"254027_0_t1_crw_023",10,"254027_0_t1_20240416T170000",2024-04-16 17:00:00,-122.515048682934,37.5022418936436,0,"available_crw"
"254027_0_t1",23,"254027_0_t1_crw_023",11,"254027_0_t1_20240416T230000",2024-04-16 23:00:00,-122.524144521633,37.4917699944129,0,"available_crw"
"254027_0_t1",23,"254027_0_t1_crw_023",12,"254027_0_t1_20240417T050000",2024-04-17 05:00:00,-122.552498089645,37.3833030191207,0,"available_crw"
"254027_0_t1",23,"254027_0_t1_crw_023",13,"254027_0_t1_20240417T110000",2024-04-17 11:00:00,-122.934554082423,37.3630979972101,0,"available_crw"
"254027_0_t1",23,"254027_0_t1_crw_023",14,"254027_0_t1_20240417T170000",2024-04-17 17:00:00,-123.058370440701,37.3130635864028,0,"available_crw"
"254027_0_t1",23,"254027_0_t1_crw_023",15,"254027_0_t1_20240417T230000",2024-04-17 23:00:00,-123.023512269498,37.2940871463696,0,"available_crw"
"254027_0_t1",23,"254027_0_t1_crw_023",16,"254027_0_t1_20240418T050000",2024-04-18 05:00:00,-122.857170056882,37.2482614196147,0,"available_crw"
"254027_0_t1",23,"254027_0_t1_crw_023",17,"254027_0_t1_20240418T110000",2024-04-18 11:00:00,-122.881273668324,36.9432756817193,0,"available_crw"
"254027_0_t1",23,"254027_0_t1_crw_023",18,"254027_0_t1_20240418T170000",2024-04-18 17:00:00,-122.960580818693,36.9793276105897,0,"available_crw"
"254027_0_t1",23,"254027_0_t1_crw_023",19,"254027_0_t1_20240418T230000",2024-04-18 23:00:00,-122.889875418839,37.0798632546177,0,"available_crw"
"254027_0_t1",23,"254027_0_t1_crw_023",20,"254027_0_t1_20240419T050000",2024-04-19 05:00:00,-122.859053313902,37.1287758921487,0,"available_crw"
"254027_0_t1",23,"254027_0_t1_crw_023",21,"254027_0_t1_20240419T110000",2024-04-19 11:00:00,-122.901111097865,37.1275543591737,0,"available_crw"
"254027_0_t1",24,"254027_0_t1_crw_024",1,"254027_0_t1_20240414T110000",2024-04-14 11:00:00,-122.8070879,37.5402499,0,"available_crw"
"254027_0_t1",24,"254027_0_t1_crw_024",2,"254027_0_t1_20240414T170000",2024-04-14 17:00:00,-122.792918319851,37.5771240995815,0,"available_crw"
"254027_0_t1",24,"254027_0_t1_crw_024",3,"254027_0_t1_20240414T230000",2024-04-14 23:00:00,-122.799497701309,37.5389204984881,0,"available_crw"
"254027_0_t1",24,"254027_0_t1_crw_024",4,"254027_0_t1_20240415T050000",2024-04-15 05:00:00,-122.800681717174,37.5774699684715,0,"available_crw"
"254027_0_t1",24,"254027_0_t1_crw_024",5,"254027_0_t1_20240415T110000",2024-04-15 11:00:00,-122.655724122728,37.5804260479506,0,"available_crw"
"254027_0_t1",24,"254027_0_t1_crw_024",6,"254027_0_t1_20240415T170000",2024-04-15 17:00:00,-122.544768713595,37.2879412279701,0,"available_crw"
"254027_0_t1",24,"254027_0_t1_crw_024",7,"254027_0_t1_20240415T230000",2024-04-15 23:00:00,-122.522194468099,37.2940546495354,0,"available_crw"
"254027_0_t1",24,"254027_0_t1_crw_024",8,"254027_0_t1_20240416T050000",2024-04-16 05:00:00,-122.553335949835,37.3167839457134,0,"available_crw"
"254027_0_t1",24,"254027_0_t1_crw_024",9,"254027_0_t1_20240416T110000",2024-04-16 11:00:00,-122.563218931107,37.2840255565234,0,"available_crw"
"254027_0_t1",24,"254027_0_t1_crw_024",10,"254027_0_t1_20240416T170000",2024-04-16 17:00:00,-122.549590606982,37.3161772033538,0,"available_crw"
"254027_0_t1",24,"254027_0_t1_crw_024",11,"254027_0_t1_20240416T230000",2024-04-16 23:00:00,-122.591117223871,37.3102353979218,0,"available_crw"
"254027_0_t1",24,"254027_0_t1_crw_024",12,"254027_0_t1_20240417T050000",2024-04-17 05:00:00,-122.919072764081,37.3554729758004,0,"available_crw"
"254027_0_t1",24,"254027_0_t1_crw_024",13,"254027_0_t1_20240417T110000",2024-04-17 11:00:00,-123.094340651264,37.3415890229315,0,"available_crw"
"254027_0_t1",24,"254027_0_t1_crw_024",14,"254027_0_t1_20240417T170000",2024-04-17 17:00:00,-123.109048008622,37.4564002748196,0,"available_crw"
"254027_0_t1",24,"254027_0_t1_crw_024",15,"254027_0_t1_20240417T230000",2024-04-17 23:00:00,-123.086271244851,37.4194974518439,0,"available_crw"
"254027_0_t1",24,"254027_0_t1_crw_024",16,"254027_0_t1_20240418T050000",2024-04-18 05:00:00,-123.035373676096,37.3309943533885,0,"available_crw"
"254027_0_t1",24,"254027_0_t1_crw_024",17,"254027_0_t1_20240418T110000",2024-04-18 11:00:00,-123.062279529614,37.363020134897,0,"available_crw"
"254027_0_t1",24,"254027_0_t1_crw_024",18,"254027_0_t1_20240418T170000",2024-04-18 17:00:00,-123.05514309817,37.3584409409455,0,"available_crw"
"254027_0_t1",24,"254027_0_t1_crw_024",19,"254027_0_t1_20240418T230000",2024-04-18 23:00:00,-123.040827659066,37.3736765268857,0,"available_crw"
"254027_0_t1",24,"254027_0_t1_crw_024",20,"254027_0_t1_20240419T050000",2024-04-19 05:00:00,-123.055458293177,37.3342390730227,0,"available_crw"
"254027_0_t1",24,"254027_0_t1_crw_024",21,"254027_0_t1_20240419T110000",2024-04-19 11:00:00,-123.055595033646,37.3415470517182,0,"available_crw"
"254027_0_t1",25,"254027_0_t1_crw_025",1,"254027_0_t1_20240414T110000",2024-04-14 11:00:00,-122.8070879,37.5402499,0,"available_crw"
"254027_0_t1",25,"254027_0_t1_crw_025",2,"254027_0_t1_20240414T170000",2024-04-14 17:00:00,-122.840401933194,37.4021715316802,0,"available_crw"
"254027_0_t1",25,"254027_0_t1_crw_025",3,"254027_0_t1_20240414T230000",2024-04-14 23:00:00,-122.811508207215,37.2937974199318,0,"available_crw"
"254027_0_t1",25,"254027_0_t1_crw_025",4,"254027_0_t1_20240415T050000",2024-04-15 05:00:00,-122.857993478239,37.030650215978,0,"available_crw"
"254027_0_t1",25,"254027_0_t1_crw_025",5,"254027_0_t1_20240415T110000",2024-04-15 11:00:00,-122.873454238199,36.9847031231781,0,"available_crw"
"254027_0_t1",25,"254027_0_t1_crw_025",6,"254027_0_t1_20240415T170000",2024-04-15 17:00:00,-122.876894575168,36.9971369419046,0,"available_crw"
"254027_0_t1",25,"254027_0_t1_crw_025",7,"254027_0_t1_20240415T230000",2024-04-15 23:00:00,-122.859109848916,36.961308768772,0,"available_crw"
"254027_0_t1",25,"254027_0_t1_crw_025",8,"254027_0_t1_20240416T050000",2024-04-16 05:00:00,-122.830948432673,36.9113986717463,0,"available_crw"
"254027_0_t1",25,"254027_0_t1_crw_025",9,"254027_0_t1_20240416T110000",2024-04-16 11:00:00,-122.799963492696,36.8625863957954,0,"available_crw"
"254027_0_t1",25,"254027_0_t1_crw_025",10,"254027_0_t1_20240416T170000",2024-04-16 17:00:00,-122.779218514717,36.8718008782625,0,"available_crw"
"254027_0_t1",25,"254027_0_t1_crw_025",11,"254027_0_t1_20240416T230000",2024-04-16 23:00:00,-122.495614596322,36.9838891852642,0,"available_crw"
"254027_0_t1",25,"254027_0_t1_crw_025",12,"254027_0_t1_20240417T050000",2024-04-17 05:00:00,-122.506783386087,37.000695133467,0,"available_crw"
"254027_0_t1",25,"254027_0_t1_crw_025",13,"254027_0_t1_20240417T110000",2024-04-17 11:00:00,-122.561089182192,37.0878066106093,0,"available_crw"
"254027_0_t1",25,"254027_0_t1_crw_025",14,"254027_0_t1_20240417T170000",2024-04-17 17:00:00,-122.584951202962,37.0600585814572,0,"available_crw"
"254027_0_t1",25,"254027_0_t1_crw_025",15,"254027_0_t1_20240417T230000",2024-04-17 23:00:00,-122.62438527392,37.024484284863,0,"available_crw"
"254027_0_t1",25,"254027_0_t1_crw_025",16,"254027_0_t1_20240418T050000",2024-04-18 05:00:00,-122.667313777181,36.9818637900458,0,"available_crw"
"254027_0_t1",25,"254027_0_t1_crw_025",17,"254027_0_t1_20240418T110000",2024-04-18 11:00:00,-122.683403892463,36.9910960580405,0,"available_crw"
"254027_0_t1",25,"254027_0_t1_crw_025",18,"254027_0_t1_20240418T170000",2024-04-18 17:00:00,-122.67285130199,37.0045199379404,0,"available_crw"
"254027_0_t1",25,"254027_0_t1_crw_025",19,"254027_0_t1_20240418T230000",2024-04-18 23:00:00,-122.605294409843,37.0854582659105,0,"available_crw"
"254027_0_t1",25,"254027_0_t1_crw_025",20,"254027_0_t1_20240419T050000",2024-04-19 05:00:00,-122.566399853151,37.1214334409956,0,"available_crw"
"254027_0_t1",25,"254027_0_t1_crw_025",21,"254027_0_t1_20240419T110000",2024-04-19 11:00:00,-122.490430671133,37.2482297145239,0,"available_crw"
"254027_0_t1",26,"254027_0_t1_crw_026",1,"254027_0_t1_20240414T110000",2024-04-14 11:00:00,-122.8070879,37.5402499,0,"available_crw"
"254027_0_t1",26,"254027_0_t1_crw_026",2,"254027_0_t1_20240414T170000",2024-04-14 17:00:00,-122.785289704479,37.5324182512306,0,"available_crw"
"254027_0_t1",26,"254027_0_t1_crw_026",3,"254027_0_t1_20240414T230000",2024-04-14 23:00:00,-122.675283050068,37.4899571142363,0,"available_crw"
"254027_0_t1",26,"254027_0_t1_crw_026",4,"254027_0_t1_20240415T050000",2024-04-15 05:00:00,-122.395915554635,37.3684745636528,0,"available_crw"
"254027_0_t1",26,"254027_0_t1_crw_026",5,"254027_0_t1_20240415T110000",2024-04-15 11:00:00,-122.385172343099,37.3854787875648,0,"available_crw"
"254027_0_t1",26,"254027_0_t1_crw_026",6,"254027_0_t1_20240415T170000",2024-04-15 17:00:00,-122.406834272878,37.3934728133815,0,"available_crw"
"254027_0_t1",26,"254027_0_t1_crw_026",7,"254027_0_t1_20240415T230000",2024-04-15 23:00:00,-122.689521931165,37.5100994257724,0,"available_crw"
"254027_0_t1",26,"254027_0_t1_crw_026",8,"254027_0_t1_20240416T050000",2024-04-16 05:00:00,-122.828219487237,37.5184723120976,0,"available_crw"
"254027_0_t1",26,"254027_0_t1_crw_026",9,"254027_0_t1_20240416T110000",2024-04-16 11:00:00,-122.886798377081,37.527835660604,0,"available_crw"
"254027_0_t1",26,"254027_0_t1_crw_026",10,"254027_0_t1_20240416T170000",2024-04-16 17:00:00,-122.890701415408,37.5090475881194,0,"available_crw"
"254027_0_t1",26,"254027_0_t1_crw_026",11,"254027_0_t1_20240416T230000",2024-04-16 23:00:00,-122.907625277178,37.4634116233393,0,"available_crw"
"254027_0_t1",26,"254027_0_t1_crw_026",12,"254027_0_t1_20240417T050000",2024-04-17 05:00:00,-122.97542878393,37.512706760071,0,"available_crw"
"254027_0_t1",26,"254027_0_t1_crw_026",13,"254027_0_t1_20240417T110000",2024-04-17 11:00:00,-122.927560744998,37.4972998133174,0,"available_crw"
"254027_0_t1",26,"254027_0_t1_crw_026",14,"254027_0_t1_20240417T170000",2024-04-17 17:00:00,-122.788510009431,37.498930267572,0,"available_crw"
"254027_0_t1",26,"254027_0_t1_crw_026",15,"254027_0_t1_20240417T230000",2024-04-17 23:00:00,-122.836169155299,37.4922206393436,0,"available_crw"
"254027_0_t1",26,"254027_0_t1_crw_026",16,"254027_0_t1_20240418T050000",2024-04-18 05:00:00,-122.793721168332,37.4951002730914,0,"available_crw"
"254027_0_t1",26,"254027_0_t1_crw_026",17,"254027_0_t1_20240418T110000",2024-04-18 11:00:00,-122.67170372871,37.5006848435388,0,"available_crw"
"254027_0_t1",26,"254027_0_t1_crw_026",18,"254027_0_t1_20240418T170000",2024-04-18 17:00:00,-122.718991414478,37.484194867162,0,"available_crw"
"254027_0_t1",26,"254027_0_t1_crw_026",19,"254027_0_t1_20240418T230000",2024-04-18 23:00:00,-122.678330771343,37.505108353946,0,"available_crw"
"254027_0_t1",26,"254027_0_t1_crw_026",20,"254027_0_t1_20240419T050000",2024-04-19 05:00:00,-122.666577018482,37.4922980531162,0,"available_crw"
"254027_0_t1",26,"254027_0_t1_crw_026",21,"254027_0_t1_20240419T110000",2024-04-19 11:00:00,-122.673951851818,37.4966438472949,0,"available_crw"
"254027_0_t1",27,"254027_0_t1_crw_027",1,"254027_0_t1_20240414T110000",2024-04-14 11:00:00,-122.8070879,37.5402499,0,"available_crw"
"254027_0_t1",27,"254027_0_t1_crw_027",2,"254027_0_t1_20240414T170000",2024-04-14 17:00:00,-122.863940268765,37.4540497673155,0,"available_crw"
"254027_0_t1",27,"254027_0_t1_crw_027",3,"254027_0_t1_20240414T230000",2024-04-14 23:00:00,-122.91836864514,37.5129383267395,0,"available_crw"
"254027_0_t1",27,"254027_0_t1_crw_027",4,"254027_0_t1_20240415T050000",2024-04-15 05:00:00,-122.98831624801,37.5928189847226,0,"available_crw"
"254027_0_t1",27,"254027_0_t1_crw_027",5,"254027_0_t1_20240415T110000",2024-04-15 11:00:00,-122.981054224067,37.5883445580717,0,"available_crw"
"254027_0_t1",27,"254027_0_t1_crw_027",6,"254027_0_t1_20240415T170000",2024-04-15 17:00:00,-122.996808212088,37.5905860510986,0,"available_crw"
"254027_0_t1",27,"254027_0_t1_crw_027",7,"254027_0_t1_20240415T230000",2024-04-15 23:00:00,-122.948355950262,37.5899518941743,0,"available_crw"
"254027_0_t1",27,"254027_0_t1_crw_027",8,"254027_0_t1_20240416T050000",2024-04-16 05:00:00,-122.784796213383,37.5796009250255,0,"available_crw"
"254027_0_t1",27,"254027_0_t1_crw_027",9,"254027_0_t1_20240416T110000",2024-04-16 11:00:00,-122.481806327904,37.4683115192273,0,"available_crw"
"254027_0_t1",27,"254027_0_t1_crw_027",10,"254027_0_t1_20240416T170000",2024-04-16 17:00:00,-122.528399316436,37.478701034663,0,"available_crw"
"254027_0_t1",27,"254027_0_t1_crw_027",11,"254027_0_t1_20240416T230000",2024-04-16 23:00:00,-122.476966820339,37.4820992284852,0,"available_crw"
"254027_0_t1",27,"254027_0_t1_crw_027",12,"254027_0_t1_20240417T050000",2024-04-17 05:00:00,-122.523694313752,37.4646463509835,0,"available_crw"
"254027_0_t1",27,"254027_0_t1_crw_027",13,"254027_0_t1_20240417T110000",2024-04-17 11:00:00,-122.483663954218,37.4762312783859,0,"available_crw"
"254027_0_t1",27,"254027_0_t1_crw_027",14,"254027_0_t1_20240417T170000",2024-04-17 17:00:00,-122.492569421222,37.4939027750568,0,"available_crw"
"254027_0_t1",27,"254027_0_t1_crw_027",15,"254027_0_t1_20240417T230000",2024-04-17 23:00:00,-122.521154917219,37.543731802839,0,"available_crw"
"254027_0_t1",27,"254027_0_t1_crw_027",16,"254027_0_t1_20240418T050000",2024-04-18 05:00:00,-122.539128597978,37.5891153733233,0,"available_crw"
"254027_0_t1",27,"254027_0_t1_crw_027",17,"254027_0_t1_20240418T110000",2024-04-18 11:00:00,-122.533880822262,37.5831177311758,0,"available_crw"
"254027_0_t1",27,"254027_0_t1_crw_027",18,"254027_0_t1_20240418T170000",2024-04-18 17:00:00,-122.466743254858,37.5017306134131,0,"available_crw"
"254027_0_t1",27,"254027_0_t1_crw_027",19,"254027_0_t1_20240418T230000",2024-04-18 23:00:00,-122.385567883411,37.3883282870354,0,"available_crw"
"254027_0_t1",27,"254027_0_t1_crw_027",20,"254027_0_t1_20240419T050000",2024-04-19 05:00:00,-122.415924402685,37.418336059481,0,"available_crw"
"254027_0_t1",27,"254027_0_t1_crw_027",21,"254027_0_t1_20240419T110000",2024-04-19 11:00:00,-122.559111834474,37.5004415536827,0,"available_crw"
"254027_0_t1",28,"254027_0_t1_crw_028",1,"254027_0_t1_20240414T110000",2024-04-14 11:00:00,-122.8070879,37.5402499,0,"available_crw"
"254027_0_t1",28,"254027_0_t1_crw_028",2,"254027_0_t1_20240414T170000",2024-04-14 17:00:00,-122.815111328561,37.4296353066485,0,"available_crw"
"254027_0_t1",28,"254027_0_t1_crw_028",3,"254027_0_t1_20240414T230000",2024-04-14 23:00:00,-122.959616214499,37.4359782724735,0,"available_crw"
"254027_0_t1",28,"254027_0_t1_crw_028",4,"254027_0_t1_20240415T050000",2024-04-15 05:00:00,-122.945082562842,37.4412594554606,0,"available_crw"
"254027_0_t1",28,"254027_0_t1_crw_028",5,"254027_0_t1_20240415T110000",2024-04-15 11:00:00,-122.649343544895,37.5353846157964,0,"available_crw"
"254027_0_t1",28,"254027_0_t1_crw_028",6,"254027_0_t1_20240415T170000",2024-04-15 17:00:00,-122.640916872229,37.52100557474,0,"available_crw"
"254027_0_t1",28,"254027_0_t1_crw_028",7,"254027_0_t1_20240415T230000",2024-04-15 23:00:00,-122.677691156902,37.5498843893095,0,"available_crw"
"254027_0_t1",28,"254027_0_t1_crw_028",8,"254027_0_t1_20240416T050000",2024-04-16 05:00:00,-122.66239388027,37.5461645925736,0,"available_crw"
"254027_0_t1",28,"254027_0_t1_crw_028",9,"254027_0_t1_20240416T110000",2024-04-16 11:00:00,-122.678113681895,37.5438159457936,0,"available_crw"
"254027_0_t1",28,"254027_0_t1_crw_028",10,"254027_0_t1_20240416T170000",2024-04-16 17:00:00,-122.651212910583,37.5178080303214,0,"available_crw"
"254027_0_t1",28,"254027_0_t1_crw_028",11,"254027_0_t1_20240416T230000",2024-04-16 23:00:00,-122.695871615213,37.5384619439386,0,"available_crw"
"254027_0_t1",28,"254027_0_t1_crw_028",12,"254027_0_t1_20240417T050000",2024-04-17 05:00:00,-122.619624631229,37.5792605177177,0,"available_crw"
"254027_0_t1",28,"254027_0_t1_crw_028",13,"254027_0_t1_20240417T110000",2024-04-17 11:00:00,-122.627260177344,37.5680691784308,0,"available_crw"
"254027_0_t1",28,"254027_0_t1_crw_028",14,"254027_0_t1_20240417T170000",2024-04-17 17:00:00,-122.6408270804,37.4577998470838,0,"available_crw"
"254027_0_t1",28,"254027_0_t1_crw_028",15,"254027_0_t1_20240417T230000",2024-04-17 23:00:00,-122.653994552001,37.4975677869233,0,"available_crw"
"254027_0_t1",28,"254027_0_t1_crw_028",16,"254027_0_t1_20240418T050000",2024-04-18 05:00:00,-122.676883992287,37.492087075857,0,"available_crw"
"254027_0_t1",28,"254027_0_t1_crw_028",17,"254027_0_t1_20240418T110000",2024-04-18 11:00:00,-122.683720594671,37.5069911408521,0,"available_crw"
"254027_0_t1",28,"254027_0_t1_crw_028",18,"254027_0_t1_20240418T170000",2024-04-18 17:00:00,-122.710326330035,37.5575133241779,0,"available_crw"
"254027_0_t1",28,"254027_0_t1_crw_028",19,"254027_0_t1_20240418T230000",2024-04-18 23:00:00,-122.618604510417,37.5534216962565,0,"available_crw"
"254027_0_t1",28,"254027_0_t1_crw_028",20,"254027_0_t1_20240419T050000",2024-04-19 05:00:00,-122.666773596736,37.5494012629007,0,"available_crw"
"254027_0_t1",28,"254027_0_t1_crw_028",21,"254027_0_t1_20240419T110000",2024-04-19 11:00:00,-122.620030809201,37.5595050445163,0,"available_crw"
"254027_0_t1",29,"254027_0_t1_crw_029",1,"254027_0_t1_20240414T110000",2024-04-14 11:00:00,-122.8070879,37.5402499,0,"available_crw"
"254027_0_t1",29,"254027_0_t1_crw_029",2,"254027_0_t1_20240414T170000",2024-04-14 17:00:00,-122.807478827975,37.5529812714246,0,"available_crw"
"254027_0_t1",29,"254027_0_t1_crw_029",3,"254027_0_t1_20240414T230000",2024-04-14 23:00:00,-122.844028617227,37.5359978051713,0,"available_crw"
"254027_0_t1",29,"254027_0_t1_crw_029",4,"254027_0_t1_20240415T050000",2024-04-15 05:00:00,-122.807716747069,37.5187048114977,0,"available_crw"
"254027_0_t1",29,"254027_0_t1_crw_029",5,"254027_0_t1_20240415T110000",2024-04-15 11:00:00,-122.816637525917,37.5204156894464,0,"available_crw"
"254027_0_t1",29,"254027_0_t1_crw_029",6,"254027_0_t1_20240415T170000",2024-04-15 17:00:00,-122.973426448316,37.5586518491753,0,"available_crw"
"254027_0_t1",29,"254027_0_t1_crw_029",7,"254027_0_t1_20240415T230000",2024-04-15 23:00:00,-123.111841518269,37.5471438114401,0,"available_crw"
"254027_0_t1",29,"254027_0_t1_crw_029",8,"254027_0_t1_20240416T050000",2024-04-16 05:00:00,-123.115078034071,37.5628013978748,0,"available_crw"
"254027_0_t1",29,"254027_0_t1_crw_029",9,"254027_0_t1_20240416T110000",2024-04-16 11:00:00,-123.148332579234,37.5419586239834,0,"available_crw"
"254027_0_t1",29,"254027_0_t1_crw_029",10,"254027_0_t1_20240416T170000",2024-04-16 17:00:00,-123.143142592172,37.5479866765574,0,"available_crw"
"254027_0_t1",29,"254027_0_t1_crw_029",11,"254027_0_t1_20240416T230000",2024-04-16 23:00:00,-123.106894814018,37.594559435831,0,"available_crw"
"254027_0_t1",29,"254027_0_t1_crw_029",12,"254027_0_t1_20240417T050000",2024-04-17 05:00:00,-123.057859019238,37.5327100839216,0,"available_crw"
"254027_0_t1",29,"254027_0_t1_crw_029",13,"254027_0_t1_20240417T110000",2024-04-17 11:00:00,-122.900883317678,37.3119794014804,0,"available_crw"
"254027_0_t1",29,"254027_0_t1_crw_029",14,"254027_0_t1_20240417T170000",2024-04-17 17:00:00,-122.843739064516,37.2259716594137,0,"available_crw"
"254027_0_t1",29,"254027_0_t1_crw_029",15,"254027_0_t1_20240417T230000",2024-04-17 23:00:00,-123.120672968035,37.0157107101872,0,"available_crw"
"254027_0_t1",29,"254027_0_t1_crw_029",16,"254027_0_t1_20240418T050000",2024-04-18 05:00:00,-123.116240646685,37.0220975919221,0,"available_crw"
"254027_0_t1",29,"254027_0_t1_crw_029",17,"254027_0_t1_20240418T110000",2024-04-18 11:00:00,-123.132596602049,36.9858325023455,0,"available_crw"
"254027_0_t1",29,"254027_0_t1_crw_029",18,"254027_0_t1_20240418T170000",2024-04-18 17:00:00,-123.133035420086,37.0269639065685,0,"available_crw"
"254027_0_t1",29,"254027_0_t1_crw_029",19,"254027_0_t1_20240418T230000",2024-04-18 23:00:00,-123.114775351133,36.9885261631675,0,"available_crw"
"254027_0_t1",29,"254027_0_t1_crw_029",20,"254027_0_t1_20240419T050000",2024-04-19 05:00:00,-123.110271998917,36.7227725151171,0,"available_crw"
"254027_0_t1",29,"254027_0_t1_crw_029",21,"254027_0_t1_20240419T110000",2024-04-19 11:00:00,-123.11185385995,36.6253901263192,0,"available_crw"
"254027_0_t1",30,"254027_0_t1_crw_030",1,"254027_0_t1_20240414T110000",2024-04-14 11:00:00,-122.8070879,37.5402499,0,"available_crw"
"254027_0_t1",30,"254027_0_t1_crw_030",2,"254027_0_t1_20240414T170000",2024-04-14 17:00:00,-122.839866419743,37.5004648755312,0,"available_crw"
"254027_0_t1",30,"254027_0_t1_crw_030",3,"254027_0_t1_20240414T230000",2024-04-14 23:00:00,-123.20545686982,37.5934320330949,0,"available_crw"
"254027_0_t1",30,"254027_0_t1_crw_030",4,"254027_0_t1_20240415T050000",2024-04-15 05:00:00,-123.153827935608,37.5954087478059,0,"available_crw"
"254027_0_t1",30,"254027_0_t1_crw_030",5,"254027_0_t1_20240415T110000",2024-04-15 11:00:00,-123.034476835515,37.3050228706652,0,"available_crw"
"254027_0_t1",30,"254027_0_t1_crw_030",6,"254027_0_t1_20240415T170000",2024-04-15 17:00:00,-122.99973782567,37.2116843349335,0,"available_crw"
"254027_0_t1",30,"254027_0_t1_crw_030",7,"254027_0_t1_20240415T230000",2024-04-15 23:00:00,-122.977153856273,37.2177219313077,0,"available_crw"
"254027_0_t1",30,"254027_0_t1_crw_030",8,"254027_0_t1_20240416T050000",2024-04-16 05:00:00,-122.873086683671,37.2909167955263,0,"available_crw"
"254027_0_t1",30,"254027_0_t1_crw_030",9,"254027_0_t1_20240416T110000",2024-04-16 11:00:00,-122.877844152928,37.2846741905035,0,"available_crw"
"254027_0_t1",30,"254027_0_t1_crw_030",10,"254027_0_t1_20240416T170000",2024-04-16 17:00:00,-122.859653737756,37.3203943462952,0,"available_crw"
"254027_0_t1",30,"254027_0_t1_crw_030",11,"254027_0_t1_20240416T230000",2024-04-16 23:00:00,-122.83676618517,37.3720447113306,0,"available_crw"
"254027_0_t1",30,"254027_0_t1_crw_030",12,"254027_0_t1_20240417T050000",2024-04-17 05:00:00,-122.792950531753,37.4629358332899,0,"available_crw"
"254027_0_t1",30,"254027_0_t1_crw_030",13,"254027_0_t1_20240417T110000",2024-04-17 11:00:00,-122.791124112659,37.4502839739681,0,"available_crw"
"254027_0_t1",30,"254027_0_t1_crw_030",14,"254027_0_t1_20240417T170000",2024-04-17 17:00:00,-122.767498813038,37.4530956236447,0,"available_crw"
"254027_0_t1",30,"254027_0_t1_crw_030",15,"254027_0_t1_20240417T230000",2024-04-17 23:00:00,-122.707825099297,37.454250800456,0,"available_crw"
"254027_0_t1",30,"254027_0_t1_crw_030",16,"254027_0_t1_20240418T050000",2024-04-18 05:00:00,-122.392428142915,37.3686454385946,0,"available_crw"
"254027_0_t1",30,"254027_0_t1_crw_030",17,"254027_0_t1_20240418T110000",2024-04-18 11:00:00,-122.399738988163,37.4018319323139,0,"available_crw"
"254027_0_t1",30,"254027_0_t1_crw_030",18,"254027_0_t1_20240418T170000",2024-04-18 17:00:00,-122.395534759529,37.3953386120747,0,"available_crw"
"254027_0_t1",30,"254027_0_t1_crw_030",19,"254027_0_t1_20240418T230000",2024-04-18 23:00:00,-122.412641750418,37.3872460675605,0,"available_crw"
"254027_0_t1",30,"254027_0_t1_crw_030",20,"254027_0_t1_20240419T050000",2024-04-19 05:00:00,-122.406514489587,37.3926785757211,0,"available_crw"
"254027_0_t1",30,"254027_0_t1_crw_030",21,"254027_0_t1_20240419T110000",2024-04-19 11:00:00,-122.18258471535,37.5730787412881,0,"available_crw"
"254027_0_t1",31,"254027_0_t1_crw_031",1,"254027_0_t1_20240414T110000",2024-04-14 11:00:00,-122.8070879,37.5402499,0,"available_crw"
"254027_0_t1",31,"254027_0_t1_crw_031",2,"254027_0_t1_20240414T170000",2024-04-14 17:00:00,-122.792918319851,37.5771240995815,0,"available_crw"
"254027_0_t1",31,"254027_0_t1_crw_031",3,"254027_0_t1_20240414T230000",2024-04-14 23:00:00,-122.789976283237,37.5646061337208,0,"available_crw"
"254027_0_t1",31,"254027_0_t1_crw_031",4,"254027_0_t1_20240415T050000",2024-04-15 05:00:00,-122.786307221401,37.5171095827679,0,"available_crw"
"254027_0_t1",31,"254027_0_t1_crw_031",5,"254027_0_t1_20240415T110000",2024-04-15 11:00:00,-122.790009295339,37.4696143894395,0,"available_crw"
"254027_0_t1",31,"254027_0_t1_crw_031",6,"254027_0_t1_20240415T170000",2024-04-15 17:00:00,-122.791071258952,37.4148345871554,0,"available_crw"
"254027_0_t1",31,"254027_0_t1_crw_031",7,"254027_0_t1_20240415T230000",2024-04-15 23:00:00,-122.810947304038,37.4141532001327,0,"available_crw"
"254027_0_t1",31,"254027_0_t1_crw_031",8,"254027_0_t1_20240416T050000",2024-04-16 05:00:00,-122.763415237463,37.4301075361134,0,"available_crw"
"254027_0_t1",31,"254027_0_t1_crw_031",9,"254027_0_t1_20240416T110000",2024-04-16 11:00:00,-122.526942068578,37.189893261169,0,"available_crw"
"254027_0_t1",31,"254027_0_t1_crw_031",10,"254027_0_t1_20240416T170000",2024-04-16 17:00:00,-122.541453578597,37.1951296190919,0,"available_crw"
"254027_0_t1",31,"254027_0_t1_crw_031",11,"254027_0_t1_20240416T230000",2024-04-16 23:00:00,-122.550499966845,37.1775143621985,0,"available_crw"
"254027_0_t1",31,"254027_0_t1_crw_031",12,"254027_0_t1_20240417T050000",2024-04-17 05:00:00,-122.539547507463,37.2150685478458,0,"available_crw"
"254027_0_t1",31,"254027_0_t1_crw_031",13,"254027_0_t1_20240417T110000",2024-04-17 11:00:00,-122.552862854648,37.1828374981663,0,"available_crw"
"254027_0_t1",31,"254027_0_t1_crw_031",14,"254027_0_t1_20240417T170000",2024-04-17 17:00:00,-122.555443025586,37.1954048384623,0,"available_crw"
"254027_0_t1",31,"254027_0_t1_crw_031",15,"254027_0_t1_20240417T230000",2024-04-17 23:00:00,-122.467856004627,37.1744641638572,0,"available_crw"
"254027_0_t1",31,"254027_0_t1_crw_031",16,"254027_0_t1_20240418T050000",2024-04-18 05:00:00,-122.4759680192,36.8689410632967,0,"available_crw"
"254027_0_t1",31,"254027_0_t1_crw_031",17,"254027_0_t1_20240418T110000",2024-04-18 11:00:00,-122.452265938405,36.8691770766984,0,"available_crw"
"254027_0_t1",31,"254027_0_t1_crw_031",18,"254027_0_t1_20240418T170000",2024-04-18 17:00:00,-122.491045792077,36.8030078330438,0,"available_crw"
"254027_0_t1",31,"254027_0_t1_crw_031",19,"254027_0_t1_20240418T230000",2024-04-18 23:00:00,-122.521048970154,36.664474203528,0,"available_crw"
"254027_0_t1",31,"254027_0_t1_crw_031",20,"254027_0_t1_20240419T050000",2024-04-19 05:00:00,-122.538264323254,36.6189483823914,0,"available_crw"
"254027_0_t1",31,"254027_0_t1_crw_031",21,"254027_0_t1_20240419T110000",2024-04-19 11:00:00,-122.604798642058,36.6687056791018,0,"available_crw"
"254027_0_t1",32,"254027_0_t1_crw_032",1,"254027_0_t1_20240414T110000",2024-04-14 11:00:00,-122.8070879,37.5402499,0,"available_crw"
"254027_0_t1",32,"254027_0_t1_crw_032",2,"254027_0_t1_20240414T170000",2024-04-14 17:00:00,-122.888333329171,37.4268567944635,0,"available_crw"
"254027_0_t1",32,"254027_0_t1_crw_032",3,"254027_0_t1_20240414T230000",2024-04-14 23:00:00,-122.977952127787,37.3176101879451,0,"available_crw"
"254027_0_t1",32,"254027_0_t1_crw_032",4,"254027_0_t1_20240415T050000",2024-04-15 05:00:00,-123.163390723252,37.1116858236987,0,"available_crw"
"254027_0_t1",32,"254027_0_t1_crw_032",5,"254027_0_t1_20240415T110000",2024-04-15 11:00:00,-123.141894819635,37.1461956780942,0,"available_crw"
"254027_0_t1",32,"254027_0_t1_crw_032",6,"254027_0_t1_20240415T170000",2024-04-15 17:00:00,-123.141590412047,37.1334619355946,0,"available_crw"
"254027_0_t1",32,"254027_0_t1_crw_032",7,"254027_0_t1_20240415T230000",2024-04-15 23:00:00,-123.1371025408,37.0787903801284,0,"available_crw"
"254027_0_t1",32,"254027_0_t1_crw_032",8,"254027_0_t1_20240416T050000",2024-04-16 05:00:00,-123.132376122799,36.9814793099256,0,"available_crw"
"254027_0_t1",32,"254027_0_t1_crw_032",9,"254027_0_t1_20240416T110000",2024-04-16 11:00:00,-123.096394623312,36.9988721008162,0,"available_crw"
"254027_0_t1",32,"254027_0_t1_crw_032",10,"254027_0_t1_20240416T170000",2024-04-16 17:00:00,-122.770906826282,37.0491053328061,0,"available_crw"
"254027_0_t1",32,"254027_0_t1_crw_032",11,"254027_0_t1_20240416T230000",2024-04-16 23:00:00,-122.711656724068,37.0521806579267,0,"available_crw"
"254027_0_t1",32,"254027_0_t1_crw_032",12,"254027_0_t1_20240417T050000",2024-04-17 05:00:00,-122.587190276129,36.7633855587268,0,"available_crw"
"254027_0_t1",32,"254027_0_t1_crw_032",13,"254027_0_t1_20240417T110000",2024-04-17 11:00:00,-122.597329748642,36.7963392213367,0,"available_crw"
"254027_0_t1",32,"254027_0_t1_crw_032",14,"254027_0_t1_20240417T170000",2024-04-17 17:00:00,-122.682821302824,36.9190371583968,0,"available_crw"
"254027_0_t1",32,"254027_0_t1_crw_032",15,"254027_0_t1_20240417T230000",2024-04-17 23:00:00,-122.805920389123,37.0191246590263,0,"available_crw"
"254027_0_t1",32,"254027_0_t1_crw_032",16,"254027_0_t1_20240418T050000",2024-04-18 05:00:00,-122.913153215111,37.1174517877878,0,"available_crw"
"254027_0_t1",32,"254027_0_t1_crw_032",17,"254027_0_t1_20240418T110000",2024-04-18 11:00:00,-122.898327145196,37.1128438418089,0,"available_crw"
"254027_0_t1",32,"254027_0_t1_crw_032",18,"254027_0_t1_20240418T170000",2024-04-18 17:00:00,-122.965245255872,37.0630862835863,0,"available_crw"
"254027_0_t1",32,"254027_0_t1_crw_032",19,"254027_0_t1_20240418T230000",2024-04-18 23:00:00,-123.013384998522,37.0352301981523,0,"available_crw"
"254027_0_t1",32,"254027_0_t1_crw_032",20,"254027_0_t1_20240419T050000",2024-04-19 05:00:00,-123.025892971687,37.0475309354137,0,"available_crw"
"254027_0_t1",32,"254027_0_t1_crw_032",21,"254027_0_t1_20240419T110000",2024-04-19 11:00:00,-123.01828626201,37.0435003903456,0,"available_crw"
"254027_0_t1",33,"254027_0_t1_crw_033",1,"254027_0_t1_20240414T110000",2024-04-14 11:00:00,-122.8070879,37.5402499,0,"available_crw"
"254027_0_t1",33,"254027_0_t1_crw_033",2,"254027_0_t1_20240414T170000",2024-04-14 17:00:00,-122.784891522433,37.569231335262,0,"available_crw"
"254027_0_t1",33,"254027_0_t1_crw_033",3,"254027_0_t1_20240414T230000",2024-04-14 23:00:00,-122.827183548688,37.5707077288723,0,"available_crw"
"254027_0_t1",33,"254027_0_t1_crw_033",4,"254027_0_t1_20240415T050000",2024-04-15 05:00:00,-122.784920651165,37.5661792293466,0,"available_crw"
"254027_0_t1",33,"254027_0_t1_crw_033",5,"254027_0_t1_20240415T110000",2024-04-15 11:00:00,-122.624076063096,37.5406645188844,0,"available_crw"
"254027_0_t1",33,"254027_0_t1_crw_033",6,"254027_0_t1_20240415T170000",2024-04-15 17:00:00,-122.626841042499,37.5249499878482,0,"available_crw"
"254027_0_t1",33,"254027_0_t1_crw_033",7,"254027_0_t1_20240415T230000",2024-04-15 23:00:00,-122.627880369091,37.5635018233927,0,"available_crw"
"254027_0_t1",33,"254027_0_t1_crw_033",8,"254027_0_t1_20240416T050000",2024-04-16 05:00:00,-122.624955583301,37.5565742064839,0,"available_crw"
"254027_0_t1",33,"254027_0_t1_crw_033",9,"254027_0_t1_20240416T110000",2024-04-16 11:00:00,-122.634856034531,37.5895904210686,0,"available_crw"
"254027_0_t1",33,"254027_0_t1_crw_033",10,"254027_0_t1_20240416T170000",2024-04-16 17:00:00,-122.545150895673,37.5737111887916,0,"available_crw"
"254027_0_t1",33,"254027_0_t1_crw_033",11,"254027_0_t1_20240416T230000",2024-04-16 23:00:00,-122.593516185031,37.5759627948466,0,"available_crw"
"254027_0_t1",33,"254027_0_t1_crw_033",12,"254027_0_t1_20240417T050000",2024-04-17 05:00:00,-122.652327790548,37.5845437714958,0,"available_crw"
"254027_0_t1",33,"254027_0_t1_crw_033",13,"254027_0_t1_20240417T110000",2024-04-17 11:00:00,-122.709383871838,37.5987956274293,0,"available_crw"
"254027_0_t1",33,"254027_0_t1_crw_033",14,"254027_0_t1_20240417T170000",2024-04-17 17:00:00,-122.661419620485,37.5932826373613,0,"available_crw"
"254027_0_t1",33,"254027_0_t1_crw_033",15,"254027_0_t1_20240417T230000",2024-04-17 23:00:00,-122.540845186231,37.5767090014735,0,"available_crw"
"254027_0_t1",33,"254027_0_t1_crw_033",16,"254027_0_t1_20240418T050000",2024-04-18 05:00:00,-122.591644658166,37.5691783903957,0,"available_crw"
"254027_0_t1",33,"254027_0_t1_crw_033",17,"254027_0_t1_20240418T110000",2024-04-18 11:00:00,-122.583530875829,37.5725995139717,0,"available_crw"
"254027_0_t1",33,"254027_0_t1_crw_033",18,"254027_0_t1_20240418T170000",2024-04-18 17:00:00,-122.580375351639,37.4995066376566,0,"available_crw"
"254027_0_t1",33,"254027_0_t1_crw_033",19,"254027_0_t1_20240418T230000",2024-04-18 23:00:00,-122.556528343028,37.5007999468775,0,"available_crw"
"254027_0_t1",33,"254027_0_t1_crw_033",20,"254027_0_t1_20240419T050000",2024-04-19 05:00:00,-122.554023260151,37.4850579187309,0,"available_crw"
"254027_0_t1",33,"254027_0_t1_crw_033",21,"254027_0_t1_20240419T110000",2024-04-19 11:00:00,-122.697631840076,37.4702332968017,0,"available_crw"
"254027_0_t1",34,"254027_0_t1_crw_034",1,"254027_0_t1_20240414T110000",2024-04-14 11:00:00,-122.8070879,37.5402499,0,"available_crw"
"254027_0_t1",34,"254027_0_t1_crw_034",2,"254027_0_t1_20240414T170000",2024-04-14 17:00:00,-123.184363011212,37.5967475928563,0,"available_crw"
"254027_0_t1",34,"254027_0_t1_crw_034",3,"254027_0_t1_20240414T230000",2024-04-14 23:00:00,-123.135913846501,37.5958394601628,0,"available_crw"
"254027_0_t1",34,"254027_0_t1_crw_034",4,"254027_0_t1_20240415T050000",2024-04-15 05:00:00,-123.042882457543,37.2993995124207,0,"available_crw"
"254027_0_t1",34,"254027_0_t1_crw_034",5,"254027_0_t1_20240415T110000",2024-04-15 11:00:00,-122.980372726036,37.050603349392,0,"available_crw"
"254027_0_t1",34,"254027_0_t1_crw_034",6,"254027_0_t1_20240415T170000",2024-04-15 17:00:00,-122.93254756586,36.799739534884,0,"available_crw"
"254027_0_t1",34,"254027_0_t1_crw_034",7,"254027_0_t1_20240415T230000",2024-04-15 23:00:00,-122.899364483047,36.5473551128296,0,"available_crw"
"254027_0_t1",34,"254027_0_t1_crw_034",8,"254027_0_t1_20240416T050000",2024-04-16 05:00:00,-122.88989053811,36.4502623338245,0,"available_crw"
"254027_0_t1",34,"254027_0_t1_crw_034",9,"254027_0_t1_20240416T110000",2024-04-16 11:00:00,-123.032288064729,36.4408946454867,0,"available_crw"
"254027_0_t1",34,"254027_0_t1_crw_034",10,"254027_0_t1_20240416T170000",2024-04-16 17:00:00,-122.990270499303,36.4406157622806,0,"available_crw"
"254027_0_t1",34,"254027_0_t1_crw_034",11,"254027_0_t1_20240416T230000",2024-04-16 23:00:00,-122.869809545326,36.437135900688,0,"available_crw"
"254027_0_t1",34,"254027_0_t1_crw_034",12,"254027_0_t1_20240417T050000",2024-04-17 05:00:00,-122.708986813477,36.4242308457834,0,"available_crw"
"254027_0_t1",34,"254027_0_t1_crw_034",13,"254027_0_t1_20240417T110000",2024-04-17 11:00:00,-122.707430415537,36.4432361743294,0,"available_crw"
"254027_0_t1",34,"254027_0_t1_crw_034",14,"254027_0_t1_20240417T170000",2024-04-17 17:00:00,-122.701063371097,36.4315838704708,0,"available_crw"
"254027_0_t1",34,"254027_0_t1_crw_034",15,"254027_0_t1_20240417T230000",2024-04-17 23:00:00,-122.707018545613,36.4370864055548,0,"available_crw"
"254027_0_t1",34,"254027_0_t1_crw_034",16,"254027_0_t1_20240418T050000",2024-04-18 05:00:00,-122.903224018585,36.6354437129375,0,"available_crw"
"254027_0_t1",34,"254027_0_t1_crw_034",17,"254027_0_t1_20240418T110000",2024-04-18 11:00:00,-123.008685539198,36.8873171847044,0,"available_crw"
"254027_0_t1",34,"254027_0_t1_crw_034",18,"254027_0_t1_20240418T170000",2024-04-18 17:00:00,-122.986263207389,36.853217885041,0,"available_crw"
"254027_0_t1",34,"254027_0_t1_crw_034",19,"254027_0_t1_20240418T230000",2024-04-18 23:00:00,-123.003156482162,36.8449999169527,0,"available_crw"
"254027_0_t1",34,"254027_0_t1_crw_034",20,"254027_0_t1_20240419T050000",2024-04-19 05:00:00,-123.108383311368,36.7967560652941,0,"available_crw"
"254027_0_t1",34,"254027_0_t1_crw_034",21,"254027_0_t1_20240419T110000",2024-04-19 11:00:00,-123.09983463669,36.807478310002,0,"available_crw"
"254027_0_t1",35,"254027_0_t1_crw_035",1,"254027_0_t1_20240414T110000",2024-04-14 11:00:00,-122.8070879,37.5402499,0,"available_crw"
"254027_0_t1",35,"254027_0_t1_crw_035",2,"254027_0_t1_20240414T170000",2024-04-14 17:00:00,-122.815111328561,37.4296353066485,0,"available_crw"
"254027_0_t1",35,"254027_0_t1_crw_035",3,"254027_0_t1_20240414T230000",2024-04-14 23:00:00,-122.835009739787,37.4296240476194,0,"available_crw"
"254027_0_t1",35,"254027_0_t1_crw_035",4,"254027_0_t1_20240415T050000",2024-04-15 05:00:00,-122.787279919908,37.4358140829373,0,"available_crw"
"254027_0_t1",35,"254027_0_t1_crw_035",5,"254027_0_t1_20240415T110000",2024-04-15 11:00:00,-122.813350262487,37.4623358789094,0,"available_crw"
"254027_0_t1",35,"254027_0_t1_crw_035",6,"254027_0_t1_20240415T170000",2024-04-15 17:00:00,-122.955136554546,37.5460684045859,0,"available_crw"
"254027_0_t1",35,"254027_0_t1_crw_035",7,"254027_0_t1_20240415T230000",2024-04-15 23:00:00,-122.923296551978,37.5235006389969,0,"available_crw"
"254027_0_t1",35,"254027_0_t1_crw_035",8,"254027_0_t1_20240416T050000",2024-04-16 05:00:00,-123.008175788273,37.49562291617,0,"available_crw"
"254027_0_t1",35,"254027_0_t1_crw_035",9,"254027_0_t1_20240416T110000",2024-04-16 11:00:00,-122.97028805406,37.5235636297836,0,"available_crw"
"254027_0_t1",35,"254027_0_t1_crw_035",10,"254027_0_t1_20240416T170000",2024-04-16 17:00:00,-122.987113304158,37.5370954230589,0,"available_crw"
"254027_0_t1",35,"254027_0_t1_crw_035",11,"254027_0_t1_20240416T230000",2024-04-16 23:00:00,-123.003524299099,37.5232447498686,0,"available_crw"
"254027_0_t1",35,"254027_0_t1_crw_035",12,"254027_0_t1_20240417T050000",2024-04-17 05:00:00,-122.976349495287,37.5551620790717,0,"available_crw"
"254027_0_t1",35,"254027_0_t1_crw_035",13,"254027_0_t1_20240417T110000",2024-04-17 11:00:00,-122.930571847368,37.4917607644923,0,"available_crw"
"254027_0_t1",35,"254027_0_t1_crw_035",14,"254027_0_t1_20240417T170000",2024-04-17 17:00:00,-123.055909443305,37.433991732928,0,"available_crw"
"254027_0_t1",35,"254027_0_t1_crw_035",15,"254027_0_t1_20240417T230000",2024-04-17 23:00:00,-123.202292809331,37.3755657462957,0,"available_crw"
"254027_0_t1",35,"254027_0_t1_crw_035",16,"254027_0_t1_20240418T050000",2024-04-18 05:00:00,-123.190887885719,37.3588381456915,0,"available_crw"
"254027_0_t1",35,"254027_0_t1_crw_035",17,"254027_0_t1_20240418T110000",2024-04-18 11:00:00,-123.052354174815,37.1305096253285,0,"available_crw"
"254027_0_t1",35,"254027_0_t1_crw_035",18,"254027_0_t1_20240418T170000",2024-04-18 17:00:00,-123.065132944398,37.1380945938819,0,"available_crw"
"254027_0_t1",35,"254027_0_t1_crw_035",19,"254027_0_t1_20240418T230000",2024-04-18 23:00:00,-123.121970765619,37.1686244052965,0,"available_crw"
"254027_0_t1",35,"254027_0_t1_crw_035",20,"254027_0_t1_20240419T050000",2024-04-19 05:00:00,-123.042952054809,37.2054049862046,0,"available_crw"
"254027_0_t1",35,"254027_0_t1_crw_035",21,"254027_0_t1_20240419T110000",2024-04-19 11:00:00,-123.049123204123,37.2000148628693,0,"available_crw"
"254027_0_t1",36,"254027_0_t1_crw_036",1,"254027_0_t1_20240414T110000",2024-04-14 11:00:00,-122.8070879,37.5402499,0,"available_crw"
"254027_0_t1",36,"254027_0_t1_crw_036",2,"254027_0_t1_20240414T170000",2024-04-14 17:00:00,-122.792918319851,37.5771240995815,0,"available_crw"
"254027_0_t1",36,"254027_0_t1_crw_036",3,"254027_0_t1_20240414T230000",2024-04-14 23:00:00,-122.83435030074,37.5702025260929,0,"available_crw"
"254027_0_t1",36,"254027_0_t1_crw_036",4,"254027_0_t1_20240415T050000",2024-04-15 05:00:00,-122.9913562706,37.5058676908763,0,"available_crw"
"254027_0_t1",36,"254027_0_t1_crw_036",5,"254027_0_t1_20240415T110000",2024-04-15 11:00:00,-122.952425300075,37.5287887742777,0,"available_crw"
"254027_0_t1",36,"254027_0_t1_crw_036",6,"254027_0_t1_20240415T170000",2024-04-15 17:00:00,-122.939673733721,37.5165964750823,0,"available_crw"
"254027_0_t1",36,"254027_0_t1_crw_036",7,"254027_0_t1_20240415T230000",2024-04-15 23:00:00,-122.963902829708,37.5445228884031,0,"available_crw"
"254027_0_t1",36,"254027_0_t1_crw_036",8,"254027_0_t1_20240416T050000",2024-04-16 05:00:00,-122.982774305922,37.5143646295029,0,"available_crw"
"254027_0_t1",36,"254027_0_t1_crw_036",9,"254027_0_t1_20240416T110000",2024-04-16 11:00:00,-123.040122617268,37.4283809801628,0,"available_crw"
"254027_0_t1",36,"254027_0_t1_crw_036",10,"254027_0_t1_20240416T170000",2024-04-16 17:00:00,-123.074374814667,37.3894189932419,0,"available_crw"
"254027_0_t1",36,"254027_0_t1_crw_036",11,"254027_0_t1_20240416T230000",2024-04-16 23:00:00,-123.103515383703,37.2810873791735,0,"available_crw"
"254027_0_t1",36,"254027_0_t1_crw_036",12,"254027_0_t1_20240417T050000",2024-04-17 05:00:00,-123.107774588781,37.2933600552717,0,"available_crw"
"254027_0_t1",36,"254027_0_t1_crw_036",13,"254027_0_t1_20240417T110000",2024-04-17 11:00:00,-123.017758927069,37.2800725624486,0,"available_crw"
"254027_0_t1",36,"254027_0_t1_crw_036",14,"254027_0_t1_20240417T170000",2024-04-17 17:00:00,-123.020231676407,37.2643271206784,0,"available_crw"
"254027_0_t1",36,"254027_0_t1_crw_036",15,"254027_0_t1_20240417T230000",2024-04-17 23:00:00,-123.021960428112,37.3028653066522,0,"available_crw"
"254027_0_t1",36,"254027_0_t1_crw_036",16,"254027_0_t1_20240418T050000",2024-04-18 05:00:00,-122.918723284128,37.5555438075665,0,"available_crw"
"254027_0_t1",36,"254027_0_t1_crw_036",17,"254027_0_t1_20240418T110000",2024-04-18 11:00:00,-122.535379916318,37.5408567101329,0,"available_crw"
"254027_0_t1",36,"254027_0_t1_crw_036",18,"254027_0_t1_20240418T170000",2024-04-18 17:00:00,-122.542348784029,37.4255850311077,0,"available_crw"
"254027_0_t1",36,"254027_0_t1_crw_036",19,"254027_0_t1_20240418T230000",2024-04-18 23:00:00,-122.686912595289,37.4308218984317,0,"available_crw"
"254027_0_t1",36,"254027_0_t1_crw_036",20,"254027_0_t1_20240419T050000",2024-04-19 05:00:00,-122.672444289949,37.4362139956228,0,"available_crw"
"254027_0_t1",36,"254027_0_t1_crw_036",21,"254027_0_t1_20240419T110000",2024-04-19 11:00:00,-122.662985716829,37.4222530444681,0,"available_crw"
"254027_0_t1",37,"254027_0_t1_crw_037",1,"254027_0_t1_20240414T110000",2024-04-14 11:00:00,-122.8070879,37.5402499,0,"available_crw"
"254027_0_t1",37,"254027_0_t1_crw_037",2,"254027_0_t1_20240414T170000",2024-04-14 17:00:00,-122.960364041708,37.3178661554043,0,"available_crw"
"254027_0_t1",37,"254027_0_t1_crw_037",3,"254027_0_t1_20240414T230000",2024-04-14 23:00:00,-122.974482814113,37.2076385205216,0,"available_crw"
"254027_0_t1",37,"254027_0_t1_crw_037",4,"254027_0_t1_20240415T050000",2024-04-15 05:00:00,-122.987391456466,37.2474536672855,0,"available_crw"
"254027_0_t1",37,"254027_0_t1_crw_037",5,"254027_0_t1_20240415T110000",2024-04-15 11:00:00,-122.980471945874,37.213961619483,0,"available_crw"
"254027_0_t1",37,"254027_0_t1_crw_037",6,"254027_0_t1_20240415T170000",2024-04-15 17:00:00,-122.947367482413,37.2348112487773,0,"available_crw"
"254027_0_t1",37,"254027_0_t1_crw_037",7,"254027_0_t1_20240415T230000",2024-04-15 23:00:00,-122.927939048149,37.1633400964617,0,"available_crw"
"254027_0_t1",37,"254027_0_t1_crw_037",8,"254027_0_t1_20240416T050000",2024-04-16 05:00:00,-123.068751837886,37.138525304187,0,"available_crw"
"254027_0_t1",37,"254027_0_t1_crw_037",9,"254027_0_t1_20240416T110000",2024-04-16 11:00:00,-123.040973393179,37.1132111759892,0,"available_crw"
"254027_0_t1",37,"254027_0_t1_crw_037",10,"254027_0_t1_20240416T170000",2024-04-16 17:00:00,-122.993505605384,37.0737648687483,0,"available_crw"
"254027_0_t1",37,"254027_0_t1_crw_037",11,"254027_0_t1_20240416T230000",2024-04-16 23:00:00,-122.98105706167,37.1059536055615,0,"available_crw"
"254027_0_t1",37,"254027_0_t1_crw_037",12,"254027_0_t1_20240417T050000",2024-04-17 05:00:00,-122.978188967734,37.093426333835,0,"available_crw"
"254027_0_t1",37,"254027_0_t1_crw_037",13,"254027_0_t1_20240417T110000",2024-04-17 11:00:00,-123.004463905448,37.1287681755352,0,"available_crw"
"254027_0_t1",37,"254027_0_t1_crw_037",14,"254027_0_t1_20240417T170000",2024-04-17 17:00:00,-122.990918894259,37.1220917313133,0,"available_crw"
"254027_0_t1",37,"254027_0_t1_crw_037",15,"254027_0_t1_20240417T230000",2024-04-17 23:00:00,-122.889168729569,37.0687981725194,0,"available_crw"
"254027_0_t1",37,"254027_0_t1_crw_037",16,"254027_0_t1_20240418T050000",2024-04-18 05:00:00,-122.632944845173,36.9199207209863,0,"available_crw"
"254027_0_t1",37,"254027_0_t1_crw_037",17,"254027_0_t1_20240418T110000",2024-04-18 11:00:00,-122.717099625129,36.8263785725231,0,"available_crw"
"254027_0_t1",37,"254027_0_t1_crw_037",18,"254027_0_t1_20240418T170000",2024-04-18 17:00:00,-122.714833213215,36.8389842603877,0,"available_crw"
"254027_0_t1",37,"254027_0_t1_crw_037",19,"254027_0_t1_20240418T230000",2024-04-18 23:00:00,-122.6942818504,36.9349613961227,0,"available_crw"
"254027_0_t1",37,"254027_0_t1_crw_037",20,"254027_0_t1_20240419T050000",2024-04-19 05:00:00,-122.694751784529,36.8963982598041,0,"available_crw"
"254027_0_t1",37,"254027_0_t1_crw_037",21,"254027_0_t1_20240419T110000",2024-04-19 11:00:00,-122.657799608088,36.9123659796615,0,"available_crw"
"254027_0_t1",38,"254027_0_t1_crw_038",1,"254027_0_t1_20240414T110000",2024-04-14 11:00:00,-122.8070879,37.5402499,0,"available_crw"
"254027_0_t1",38,"254027_0_t1_crw_038",2,"254027_0_t1_20240414T170000",2024-04-14 17:00:00,-123.047691980381,37.356330698892,0,"available_crw"
"254027_0_t1",38,"254027_0_t1_crw_038",3,"254027_0_t1_20240414T230000",2024-04-14 23:00:00,-123.137789586332,37.2355382148621,0,"available_crw"
"254027_0_t1",38,"254027_0_t1_crw_038",4,"254027_0_t1_20240415T050000",2024-04-15 05:00:00,-123.156723454656,37.1257736926636,0,"available_crw"
"254027_0_t1",38,"254027_0_t1_crw_038",5,"254027_0_t1_20240415T110000",2024-04-15 11:00:00,-123.176523204396,37.0296906264781,0,"available_crw"
"254027_0_t1",38,"254027_0_t1_crw_038",6,"254027_0_t1_20240415T170000",2024-04-15 17:00:00,-123.165899260858,37.0625520747901,0,"available_crw"
"254027_0_t1",38,"254027_0_t1_crw_038",7,"254027_0_t1_20240415T230000",2024-04-15 23:00:00,-123.115271325093,37.186682655796,0,"available_crw"
"254027_0_t1",38,"254027_0_t1_crw_038",8,"254027_0_t1_20240416T050000",2024-04-16 05:00:00,-123.132017788036,37.1554936183357,0,"available_crw"
"254027_0_t1",38,"254027_0_t1_crw_038",9,"254027_0_t1_20240416T110000",2024-04-16 11:00:00,-123.131079209173,37.1627639167115,0,"available_crw"
"254027_0_t1",38,"254027_0_t1_crw_038",10,"254027_0_t1_20240416T170000",2024-04-16 17:00:00,-123.129266679246,37.1556003256368,0,"available_crw"
"254027_0_t1",38,"254027_0_t1_crw_038",11,"254027_0_t1_20240416T230000",2024-04-16 23:00:00,-123.217760961569,37.1738703781722,0,"available_crw"
"254027_0_t1",38,"254027_0_t1_crw_038",12,"254027_0_t1_20240417T050000",2024-04-17 05:00:00,-123.182017839451,37.2856877497737,0,"available_crw"
"254027_0_t1",38,"254027_0_t1_crw_038",13,"254027_0_t1_20240417T110000",2024-04-17 11:00:00,-123.196196217507,37.2536891498876,0,"available_crw"
"254027_0_t1",38,"254027_0_t1_crw_038",14,"254027_0_t1_20240417T170000",2024-04-17 17:00:00,-123.196983134446,37.2948153056642,0,"available_crw"
"254027_0_t1",38,"254027_0_t1_crw_038",15,"254027_0_t1_20240417T230000",2024-04-17 23:00:00,-123.200152123369,37.2609643052227,0,"available_crw"
"254027_0_t1",38,"254027_0_t1_crw_038",16,"254027_0_t1_20240418T050000",2024-04-18 05:00:00,-123.206464198007,37.2726583425649,0,"available_crw"
"254027_0_t1",38,"254027_0_t1_crw_038",17,"254027_0_t1_20240418T110000",2024-04-18 11:00:00,-123.188719286246,37.2797815607521,0,"available_crw"
"254027_0_t1",38,"254027_0_t1_crw_038",18,"254027_0_t1_20240418T170000",2024-04-18 17:00:00,-122.933066405661,37.0527862724633,0,"available_crw"
"254027_0_t1",38,"254027_0_t1_crw_038",19,"254027_0_t1_20240418T230000",2024-04-18 23:00:00,-123.039863896724,36.9754146988559,0,"available_crw"
"254027_0_t1",38,"254027_0_t1_crw_038",20,"254027_0_t1_20240419T050000",2024-04-19 05:00:00,-123.016179118132,37.0118974265599,0,"available_crw"
"254027_0_t1",38,"254027_0_t1_crw_038",21,"254027_0_t1_20240419T110000",2024-04-19 11:00:00,-122.856783871023,37.2312393648846,0,"available_crw"
"254027_0_t1",39,"254027_0_t1_crw_039",1,"254027_0_t1_20240414T110000",2024-04-14 11:00:00,-122.8070879,37.5402499,0,"available_crw"
"254027_0_t1",39,"254027_0_t1_crw_039",2,"254027_0_t1_20240414T170000",2024-04-14 17:00:00,-122.825450645075,37.5464155006604,0,"available_crw"
"254027_0_t1",39,"254027_0_t1_crw_039",3,"254027_0_t1_20240414T230000",2024-04-14 23:00:00,-122.816314125099,37.5457133119421,0,"available_crw"
"254027_0_t1",39,"254027_0_t1_crw_039",4,"254027_0_t1_20240415T050000",2024-04-15 05:00:00,-122.833086490111,37.5766505095033,0,"available_crw"
"254027_0_t1",39,"254027_0_t1_crw_039",5,"254027_0_t1_20240415T110000",2024-04-15 11:00:00,-122.807027162426,37.5441451881929,0,"available_crw"
"254027_0_t1",39,"254027_0_t1_crw_039",6,"254027_0_t1_20240415T170000",2024-04-15 17:00:00,-122.744093304744,37.4606687526056,0,"available_crw"
"254027_0_t1",39,"254027_0_t1_crw_039",7,"254027_0_t1_20240415T230000",2024-04-15 23:00:00,-122.76053385109,37.4517226944014,0,"available_crw"
"254027_0_t1",39,"254027_0_t1_crw_039",8,"254027_0_t1_20240416T050000",2024-04-16 05:00:00,-122.753016536392,37.4629600102054,0,"available_crw"
"254027_0_t1",39,"254027_0_t1_crw_039",9,"254027_0_t1_20240416T110000",2024-04-16 11:00:00,-122.768652744131,37.426469224281,0,"available_crw"
"254027_0_t1",39,"254027_0_t1_crw_039",10,"254027_0_t1_20240416T170000",2024-04-16 17:00:00,-122.794731438803,37.3836702167167,0,"available_crw"
"254027_0_t1",39,"254027_0_t1_crw_039",11,"254027_0_t1_20240416T230000",2024-04-16 23:00:00,-122.772768295663,37.4127428379303,0,"available_crw"
"254027_0_t1",39,"254027_0_t1_crw_039",12,"254027_0_t1_20240417T050000",2024-04-17 05:00:00,-122.740060391069,37.4609228194745,0,"available_crw"
"254027_0_t1",39,"254027_0_t1_crw_039",13,"254027_0_t1_20240417T110000",2024-04-17 11:00:00,-122.722034869607,37.454190639182,0,"available_crw"
"254027_0_t1",39,"254027_0_t1_crw_039",14,"254027_0_t1_20240417T170000",2024-04-17 17:00:00,-122.773452787889,37.4575763225944,0,"available_crw"
"254027_0_t1",39,"254027_0_t1_crw_039",15,"254027_0_t1_20240417T230000",2024-04-17 23:00:00,-122.77460817939,37.43855491323,0,"available_crw"
"254027_0_t1",39,"254027_0_t1_crw_039",16,"254027_0_t1_20240418T050000",2024-04-18 05:00:00,-122.781318214011,37.4501120394573,0,"available_crw"
"254027_0_t1",39,"254027_0_t1_crw_039",17,"254027_0_t1_20240418T110000",2024-04-18 11:00:00,-122.768654477713,37.4423502552599,0,"available_crw"
"254027_0_t1",39,"254027_0_t1_crw_039",18,"254027_0_t1_20240418T170000",2024-04-18 17:00:00,-122.634264173689,37.4142411190463,0,"available_crw"
"254027_0_t1",39,"254027_0_t1_crw_039",19,"254027_0_t1_20240418T230000",2024-04-18 23:00:00,-122.5171118788,37.3869087529416,0,"available_crw"
"254027_0_t1",39,"254027_0_t1_crw_039",20,"254027_0_t1_20240419T050000",2024-04-19 05:00:00,-122.401006825933,37.3569787225918,0,"available_crw"
"254027_0_t1",39,"254027_0_t1_crw_039",21,"254027_0_t1_20240419T110000",2024-04-19 11:00:00,-122.464463768481,37.3042399979862,0,"available_crw"
"254027_0_t1",40,"254027_0_t1_crw_040",1,"254027_0_t1_20240414T110000",2024-04-14 11:00:00,-122.8070879,37.5402499,0,"available_crw"
"254027_0_t1",40,"254027_0_t1_crw_040",2,"254027_0_t1_20240414T170000",2024-04-14 17:00:00,-122.807478827975,37.5529812714246,0,"available_crw"
"254027_0_t1",40,"254027_0_t1_crw_040",3,"254027_0_t1_20240414T230000",2024-04-14 23:00:00,-122.798569011619,37.5150785196092,0,"available_crw"
"254027_0_t1",40,"254027_0_t1_crw_040",4,"254027_0_t1_20240415T050000",2024-04-15 05:00:00,-122.814979474906,37.5513576283804,0,"available_crw"
"254027_0_t1",40,"254027_0_t1_crw_040",5,"254027_0_t1_20240415T110000",2024-04-15 11:00:00,-122.723652096376,37.5435198507761,0,"available_crw"
"254027_0_t1",40,"254027_0_t1_crw_040",6,"254027_0_t1_20240415T170000",2024-04-15 17:00:00,-122.739972582236,37.5746095410831,0,"available_crw"
"254027_0_t1",40,"254027_0_t1_crw_040",7,"254027_0_t1_20240415T230000",2024-04-15 23:00:00,-122.766294349845,37.5482216773361,0,"available_crw"
"254027_0_t1",40,"254027_0_t1_crw_040",8,"254027_0_t1_20240416T050000",2024-04-16 05:00:00,-122.803533158352,37.4414694473704,0,"available_crw"
"254027_0_t1",40,"254027_0_t1_crw_040",9,"254027_0_t1_20240416T110000",2024-04-16 11:00:00,-122.902374487703,37.2002915114766,0,"available_crw"
"254027_0_t1",40,"254027_0_t1_crw_040",10,"254027_0_t1_20240416T170000",2024-04-16 17:00:00,-123.014295564705,36.9628832271176,0,"available_crw"
"254027_0_t1",40,"254027_0_t1_crw_040",11,"254027_0_t1_20240416T230000",2024-04-16 23:00:00,-122.991819953149,36.9567670387792,0,"available_crw"
"254027_0_t1",40,"254027_0_t1_crw_040",12,"254027_0_t1_20240417T050000",2024-04-17 05:00:00,-122.841344804174,36.9071652189349,0,"available_crw"
"254027_0_t1",40,"254027_0_t1_crw_040",13,"254027_0_t1_20240417T110000",2024-04-17 11:00:00,-122.878841085322,36.922847356692,0,"available_crw"
"254027_0_t1",40,"254027_0_t1_crw_040",14,"254027_0_t1_20240417T170000",2024-04-17 17:00:00,-122.833243599923,36.9107315265639,0,"available_crw"
"254027_0_t1",40,"254027_0_t1_crw_040",15,"254027_0_t1_20240417T230000",2024-04-17 23:00:00,-122.53846117422,36.819597674556,0,"available_crw"
"254027_0_t1",40,"254027_0_t1_crw_040",16,"254027_0_t1_20240418T050000",2024-04-18 05:00:00,-122.486311689546,36.7970919033665,0,"available_crw"
"254027_0_t1",40,"254027_0_t1_crw_040",17,"254027_0_t1_20240418T110000",2024-04-18 11:00:00,-122.381262191074,36.748696508438,0,"available_crw"
"254027_0_t1",40,"254027_0_t1_crw_040",18,"254027_0_t1_20240418T170000",2024-04-18 17:00:00,-122.426121486977,36.762272107937,0,"available_crw"
"254027_0_t1",40,"254027_0_t1_crw_040",19,"254027_0_t1_20240418T230000",2024-04-18 23:00:00,-122.677241914101,36.9352018401334,0,"available_crw"
"254027_0_t1",40,"254027_0_t1_crw_040",20,"254027_0_t1_20240419T050000",2024-04-19 05:00:00,-122.840331130841,37.1665998546626,0,"available_crw"
"254027_0_t1",40,"254027_0_t1_crw_040",21,"254027_0_t1_20240419T110000",2024-04-19 11:00:00,-122.833667453092,37.1616018816167,0,"available_crw"
"254027_0_t1",41,"254027_0_t1_crw_041",1,"254027_0_t1_20240414T110000",2024-04-14 11:00:00,-122.8070879,37.5402499,0,"available_crw"
"254027_0_t1",41,"254027_0_t1_crw_041",2,"254027_0_t1_20240414T170000",2024-04-14 17:00:00,-122.785289704479,37.5324182512306,0,"available_crw"
"254027_0_t1",41,"254027_0_t1_crw_041",3,"254027_0_t1_20240414T230000",2024-04-14 23:00:00,-122.646207146387,37.5296472367311,0,"available_crw"
"254027_0_t1",41,"254027_0_t1_crw_041",4,"254027_0_t1_20240415T050000",2024-04-15 05:00:00,-122.665672340204,37.5595663140083,0,"available_crw"
"254027_0_t1",41,"254027_0_t1_crw_041",5,"254027_0_t1_20240415T110000",2024-04-15 11:00:00,-122.636806562112,37.528604075357,0,"available_crw"
"254027_0_t1",41,"254027_0_t1_crw_041",6,"254027_0_t1_20240415T170000",2024-04-15 17:00:00,-122.547548605807,37.4191112150114,0,"available_crw"
"254027_0_t1",41,"254027_0_t1_crw_041",7,"254027_0_t1_20240415T230000",2024-04-15 23:00:00,-122.561460041501,37.4253629806935,0,"available_crw"
"254027_0_t1",41,"254027_0_t1_crw_041",8,"254027_0_t1_20240416T050000",2024-04-16 05:00:00,-122.490581299688,37.525997980621,0,"available_crw"
"254027_0_t1",41,"254027_0_t1_crw_041",9,"254027_0_t1_20240416T110000",2024-04-16 11:00:00,-122.507230423061,37.4897902303779,0,"available_crw"
"254027_0_t1",41,"254027_0_t1_crw_041",10,"254027_0_t1_20240416T170000",2024-04-16 17:00:00,-122.55224450582,37.3992696162989,0,"available_crw"
"254027_0_t1",41,"254027_0_t1_crw_041",11,"254027_0_t1_20240416T230000",2024-04-16 23:00:00,-122.553912452238,37.4119351970414,0,"available_crw"
"254027_0_t1",41,"254027_0_t1_crw_041",12,"254027_0_t1_20240417T050000",2024-04-17 05:00:00,-122.618090594528,37.5429085292333,0,"available_crw"
"254027_0_t1",41,"254027_0_t1_crw_041",13,"254027_0_t1_20240417T110000",2024-04-17 11:00:00,-122.606028482879,37.5345464707653,0,"available_crw"
"254027_0_t1",41,"254027_0_t1_crw_041",14,"254027_0_t1_20240417T170000",2024-04-17 17:00:00,-122.700868765797,37.447324115541,0,"available_crw"
"254027_0_t1",41,"254027_0_t1_crw_041",15,"254027_0_t1_20240417T230000",2024-04-17 23:00:00,-122.776836915951,37.3204528666176,0,"available_crw"
"254027_0_t1",41,"254027_0_t1_crw_041",16,"254027_0_t1_20240418T050000",2024-04-18 05:00:00,-123.153829758258,37.3733116612964,0,"available_crw"
"254027_0_t1",41,"254027_0_t1_crw_041",17,"254027_0_t1_20240418T110000",2024-04-18 11:00:00,-123.221946205251,37.3801395055616,0,"available_crw"
"254027_0_t1",41,"254027_0_t1_crw_041",18,"254027_0_t1_20240418T170000",2024-04-18 17:00:00,-123.220628650856,37.3959732207969,0,"available_crw"
"254027_0_t1",41,"254027_0_t1_crw_041",19,"254027_0_t1_20240418T230000",2024-04-18 23:00:00,-123.205932446629,37.3565506012891,0,"available_crw"
"254027_0_t1",41,"254027_0_t1_crw_041",20,"254027_0_t1_20240419T050000",2024-04-19 05:00:00,-123.226943237015,37.3912762412752,0,"available_crw"
"254027_0_t1",41,"254027_0_t1_crw_041",21,"254027_0_t1_20240419T110000",2024-04-19 11:00:00,-123.189781006035,37.3627778002151,0,"available_crw"
"254027_0_t1",42,"254027_0_t1_crw_042",1,"254027_0_t1_20240414T110000",2024-04-14 11:00:00,-122.8070879,37.5402499,0,"available_crw"
"254027_0_t1",42,"254027_0_t1_crw_042",2,"254027_0_t1_20240414T170000",2024-04-14 17:00:00,-122.807478827975,37.5529812714246,0,"available_crw"
"254027_0_t1",42,"254027_0_t1_crw_042",3,"254027_0_t1_20240414T230000",2024-04-14 23:00:00,-122.787615521716,37.5542910616102,0,"available_crw"
"254027_0_t1",42,"254027_0_t1_crw_042",4,"254027_0_t1_20240415T050000",2024-04-15 05:00:00,-122.775404128499,37.4392949727003,0,"available_crw"
"254027_0_t1",42,"254027_0_t1_crw_042",5,"254027_0_t1_20240415T110000",2024-04-15 11:00:00,-122.862692890432,37.1828464273824,0,"available_crw"
"254027_0_t1",42,"254027_0_t1_crw_042",6,"254027_0_t1_20240415T170000",2024-04-15 17:00:00,-122.84794080084,37.214675286709,0,"available_crw"
"254027_0_t1",42,"254027_0_t1_crw_042",7,"254027_0_t1_20240415T230000",2024-04-15 23:00:00,-122.467385375389,37.187924611493,0,"available_crw"
"254027_0_t1",42,"254027_0_t1_crw_042",8,"254027_0_t1_20240416T050000",2024-04-16 05:00:00,-122.399331785244,36.8872436955176,0,"available_crw"
"254027_0_t1",42,"254027_0_t1_crw_042",9,"254027_0_t1_20240416T110000",2024-04-16 11:00:00,-122.41853265903,36.8835092443443,0,"available_crw"
"254027_0_t1",42,"254027_0_t1_crw_042",10,"254027_0_t1_20240416T170000",2024-04-16 17:00:00,-122.410730201453,36.8872695899085,0,"available_crw"
"254027_0_t1",42,"254027_0_t1_crw_042",11,"254027_0_t1_20240416T230000",2024-04-16 23:00:00,-122.447406539695,36.8623902273481,0,"available_crw"
"254027_0_t1",42,"254027_0_t1_crw_042",12,"254027_0_t1_20240417T050000",2024-04-17 05:00:00,-122.541971843372,36.8015176158353,0,"available_crw"
"254027_0_t1",42,"254027_0_t1_crw_042",13,"254027_0_t1_20240417T110000",2024-04-17 11:00:00,-122.850744304307,36.9800752127862,0,"available_crw"
"254027_0_t1",42,"254027_0_t1_crw_042",14,"254027_0_t1_20240417T170000",2024-04-17 17:00:00,-122.801295500015,36.969219275952,0,"available_crw"
"254027_0_t1",42,"254027_0_t1_crw_042",15,"254027_0_t1_20240417T230000",2024-04-17 23:00:00,-122.531805193587,36.8150065981313,0,"available_crw"
"254027_0_t1",42,"254027_0_t1_crw_042",16,"254027_0_t1_20240418T050000",2024-04-18 05:00:00,-122.540441461469,36.8172891858383,0,"available_crw"
"254027_0_t1",42,"254027_0_t1_crw_042",17,"254027_0_t1_20240418T110000",2024-04-18 11:00:00,-122.532691071137,36.7841714419,0,"available_crw"
"254027_0_t1",42,"254027_0_t1_crw_042",18,"254027_0_t1_20240418T170000",2024-04-18 17:00:00,-122.456257200876,36.6577250670657,0,"available_crw"
"254027_0_t1",42,"254027_0_t1_crw_042",19,"254027_0_t1_20240418T230000",2024-04-18 23:00:00,-122.473438699991,36.649965388794,0,"available_crw"
"254027_0_t1",42,"254027_0_t1_crw_042",20,"254027_0_t1_20240419T050000",2024-04-19 05:00:00,-122.440371793955,36.6813082735652,0,"available_crw"
"254027_0_t1",42,"254027_0_t1_crw_042",21,"254027_0_t1_20240419T110000",2024-04-19 11:00:00,-122.48137253158,36.6880296350334,0,"available_crw"
"254027_0_t1",43,"254027_0_t1_crw_043",1,"254027_0_t1_20240414T110000",2024-04-14 11:00:00,-122.8070879,37.5402499,0,"available_crw"
"254027_0_t1",43,"254027_0_t1_crw_043",2,"254027_0_t1_20240414T170000",2024-04-14 17:00:00,-122.863489404017,37.5979862852497,0,"available_crw"
"254027_0_t1",43,"254027_0_t1_crw_043",3,"254027_0_t1_20240414T230000",2024-04-14 23:00:00,-122.840432668756,37.569429260177,0,"available_crw"
"254027_0_t1",43,"254027_0_t1_crw_043",4,"254027_0_t1_20240415T050000",2024-04-15 05:00:00,-122.872811123108,37.5981170402626,0,"available_crw"
"254027_0_t1",43,"254027_0_t1_crw_043",5,"254027_0_t1_20240415T110000",2024-04-15 11:00:00,-122.886735741958,37.5662960902347,0,"available_crw"
"254027_0_t1",43,"254027_0_t1_crw_043",6,"254027_0_t1_20240415T170000",2024-04-15 17:00:00,-122.950031980898,37.4458509788385,0,"available_crw"
"254027_0_t1",43,"254027_0_t1_crw_043",7,"254027_0_t1_20240415T230000",2024-04-15 23:00:00,-122.930132903555,37.4758614036796,0,"available_crw"
"254027_0_t1",43,"254027_0_t1_crw_043",8,"254027_0_t1_20240416T050000",2024-04-16 05:00:00,-122.55602560736,37.4095215621073,0,"available_crw"
"254027_0_t1",43,"254027_0_t1_crw_043",9,"254027_0_t1_20240416T110000",2024-04-16 11:00:00,-122.571449108181,37.4062333531069,0,"available_crw"
"254027_0_t1",43,"254027_0_t1_crw_043",10,"254027_0_t1_20240416T170000",2024-04-16 17:00:00,-122.559692254304,37.4148494200552,0,"available_crw"
"254027_0_t1",43,"254027_0_t1_crw_043",11,"254027_0_t1_20240416T230000",2024-04-16 23:00:00,-122.583136550206,37.3782191391355,0,"available_crw"
"254027_0_t1",43,"254027_0_t1_crw_043",12,"254027_0_t1_20240417T050000",2024-04-17 05:00:00,-122.560462557596,37.4069409613643,0,"available_crw"
"254027_0_t1",43,"254027_0_t1_crw_043",13,"254027_0_t1_20240417T110000",2024-04-17 11:00:00,-122.602631381076,37.4089068481285,0,"available_crw"
"254027_0_t1",43,"254027_0_t1_crw_043",14,"254027_0_t1_20240417T170000",2024-04-17 17:00:00,-122.588077285364,37.4141423896662,0,"available_crw"
"254027_0_t1",43,"254027_0_t1_crw_043",15,"254027_0_t1_20240417T230000",2024-04-17 23:00:00,-122.434881479911,37.4602609726564,0,"available_crw"
"254027_0_t1",43,"254027_0_t1_crw_043",16,"254027_0_t1_20240418T050000",2024-04-18 05:00:00,-122.473801919567,37.4332673683105,0,"available_crw"
"254027_0_t1",43,"254027_0_t1_crw_043",17,"254027_0_t1_20240418T110000",2024-04-18 11:00:00,-122.784604492937,37.3377819336917,0,"available_crw"
"254027_0_t1",43,"254027_0_t1_crw_043",18,"254027_0_t1_20240418T170000",2024-04-18 17:00:00,-122.746024096584,37.3650419698329,0,"available_crw"
"254027_0_t1",43,"254027_0_t1_crw_043",19,"254027_0_t1_20240418T230000",2024-04-18 23:00:00,-122.721465769102,37.2945808190846,0,"available_crw"
"254027_0_t1",43,"254027_0_t1_crw_043",20,"254027_0_t1_20240419T050000",2024-04-19 05:00:00,-123.048694627353,37.136800109231,0,"available_crw"
"254027_0_t1",43,"254027_0_t1_crw_043",21,"254027_0_t1_20240419T110000",2024-04-19 11:00:00,-123.011994910354,37.1617829395417,0,"available_crw"
"254027_0_t1",44,"254027_0_t1_crw_044",1,"254027_0_t1_20240414T110000",2024-04-14 11:00:00,-122.8070879,37.5402499,0,"available_crw"
"254027_0_t1",44,"254027_0_t1_crw_044",2,"254027_0_t1_20240414T170000",2024-04-14 17:00:00,-122.792918319851,37.5771240995815,0,"available_crw"
"254027_0_t1",44,"254027_0_t1_crw_044",3,"254027_0_t1_20240414T230000",2024-04-14 23:00:00,-122.816022937975,37.5820764750514,0,"available_crw"
"254027_0_t1",44,"254027_0_t1_crw_044",4,"254027_0_t1_20240415T050000",2024-04-15 05:00:00,-122.805936150661,37.5493517115832,0,"available_crw"
"254027_0_t1",44,"254027_0_t1_crw_044",5,"254027_0_t1_20240415T110000",2024-04-15 11:00:00,-122.810682209628,37.5556076272218,0,"available_crw"
"254027_0_t1",44,"254027_0_t1_crw_044",6,"254027_0_t1_20240415T170000",2024-04-15 17:00:00,-122.803809067473,37.5507629223795,0,"available_crw"
"254027_0_t1",44,"254027_0_t1_crw_044",7,"254027_0_t1_20240415T230000",2024-04-15 23:00:00,-122.764299257514,37.5150632413654,0,"available_crw"
"254027_0_t1",44,"254027_0_t1_crw_044",8,"254027_0_t1_20240416T050000",2024-04-16 05:00:00,-122.809795241266,37.5345211207034,0,"available_crw"
"254027_0_t1",44,"254027_0_t1_crw_044",9,"254027_0_t1_20240416T110000",2024-04-16 11:00:00,-122.916026133863,37.5827930860659,0,"available_crw"
"254027_0_t1",44,"254027_0_t1_crw_044",10,"254027_0_t1_20240416T170000",2024-04-16 17:00:00,-122.90717587746,37.5970127343975,0,"available_crw"
"254027_0_t1",44,"254027_0_t1_crw_044",11,"254027_0_t1_20240416T230000",2024-04-16 23:00:00,-122.921455808467,37.5601645881995,0,"available_crw"
"254027_0_t1",44,"254027_0_t1_crw_044",12,"254027_0_t1_20240417T050000",2024-04-17 05:00:00,-122.938639962277,37.5071155372857,0,"available_crw"
"254027_0_t1",44,"254027_0_t1_crw_044",13,"254027_0_t1_20240417T110000",2024-04-17 11:00:00,-122.989204515998,37.3829191503388,0,"available_crw"
"254027_0_t1",44,"254027_0_t1_crw_044",14,"254027_0_t1_20240417T170000",2024-04-17 17:00:00,-123.055282751682,37.4336227364502,0,"available_crw"
"254027_0_t1",44,"254027_0_t1_crw_044",15,"254027_0_t1_20240417T230000",2024-04-17 23:00:00,-123.141110415521,37.5029229107053,0,"available_crw"
"254027_0_t1",44,"254027_0_t1_crw_044",16,"254027_0_t1_20240418T050000",2024-04-18 05:00:00,-123.191691715018,37.5400497256579,0,"available_crw"
"254027_0_t1",44,"254027_0_t1_crw_044",17,"254027_0_t1_20240418T110000",2024-04-18 11:00:00,-123.143905095466,37.5244497301967,0,"available_crw"
"254027_0_t1",44,"254027_0_t1_crw_044",18,"254027_0_t1_20240418T170000",2024-04-18 17:00:00,-123.212363311848,37.4757231518587,0,"available_crw"
"254027_0_t1",44,"254027_0_t1_crw_044",19,"254027_0_t1_20240418T230000",2024-04-18 23:00:00,-123.237463608707,37.5460741231478,0,"available_crw"
"254027_0_t1",44,"254027_0_t1_crw_044",20,"254027_0_t1_20240419T050000",2024-04-19 05:00:00,-123.147038056061,37.5332568931435,0,"available_crw"
"254027_0_t1",44,"254027_0_t1_crw_044",21,"254027_0_t1_20240419T110000",2024-04-19 11:00:00,-123.195454035837,37.5338632386448,0,"available_crw"
"254027_0_t1",45,"254027_0_t1_crw_045",1,"254027_0_t1_20240414T110000",2024-04-14 11:00:00,-122.8070879,37.5402499,0,"available_crw"
"254027_0_t1",45,"254027_0_t1_crw_045",2,"254027_0_t1_20240414T170000",2024-04-14 17:00:00,-122.960364041708,37.3178661554043,0,"available_crw"
"254027_0_t1",45,"254027_0_t1_crw_045",3,"254027_0_t1_20240414T230000",2024-04-14 23:00:00,-123.125347609663,37.1011001291029,0,"available_crw"
"254027_0_t1",45,"254027_0_t1_crw_045",4,"254027_0_t1_20240415T050000",2024-04-15 05:00:00,-123.107243709662,37.1368352366721,0,"available_crw"
"254027_0_t1",45,"254027_0_t1_crw_045",5,"254027_0_t1_20240415T110000",2024-04-15 11:00:00,-123.129576860112,37.1433950428638,0,"available_crw"
"254027_0_t1",45,"254027_0_t1_crw_045",6,"254027_0_t1_20240415T170000",2024-04-15 17:00:00,-123.182457952641,37.1651473366422,0,"available_crw"
"254027_0_t1",45,"254027_0_t1_crw_045",7,"254027_0_t1_20240415T230000",2024-04-15 23:00:00,-123.174441026554,37.1796619419697,0,"available_crw"
"254027_0_t1",45,"254027_0_t1_crw_045",8,"254027_0_t1_20240416T050000",2024-04-16 05:00:00,-122.943481680236,37.3708774836587,0,"available_crw"
"254027_0_t1",45,"254027_0_t1_crw_045",9,"254027_0_t1_20240416T110000",2024-04-16 11:00:00,-122.893305406589,37.4741990401061,0,"available_crw"
"254027_0_t1",45,"254027_0_t1_crw_045",10,"254027_0_t1_20240416T170000",2024-04-16 17:00:00,-122.871454772135,37.5261455215566,0,"available_crw"
"254027_0_t1",45,"254027_0_t1_crw_045",11,"254027_0_t1_20240416T230000",2024-04-16 23:00:00,-122.879299484344,37.4880938786957,0,"available_crw"
"254027_0_t1",45,"254027_0_t1_crw_045",12,"254027_0_t1_20240417T050000",2024-04-17 05:00:00,-122.860917911811,37.3482506889717,0,"available_crw"
"254027_0_t1",45,"254027_0_t1_crw_045",13,"254027_0_t1_20240417T110000",2024-04-17 11:00:00,-122.861529674737,37.3821923301,0,"available_crw"
"254027_0_t1",45,"254027_0_t1_crw_045",14,"254027_0_t1_20240417T170000",2024-04-17 17:00:00,-122.841695985435,37.3833430497506,0,"available_crw"
"254027_0_t1",45,"254027_0_t1_crw_045",15,"254027_0_t1_20240417T230000",2024-04-17 23:00:00,-122.864708038956,37.4115985820163,0,"available_crw"
"254027_0_t1",45,"254027_0_t1_crw_045",16,"254027_0_t1_20240418T050000",2024-04-18 05:00:00,-122.884272815458,37.4006861817033,0,"available_crw"
"254027_0_t1",45,"254027_0_t1_crw_045",17,"254027_0_t1_20240418T110000",2024-04-18 11:00:00,-122.967512197545,37.4951042898794,0,"available_crw"
"254027_0_t1",45,"254027_0_t1_crw_045",18,"254027_0_t1_20240418T170000",2024-04-18 17:00:00,-122.849105591317,37.5616333751991,0,"available_crw"
"254027_0_t1",45,"254027_0_t1_crw_045",19,"254027_0_t1_20240418T230000",2024-04-18 23:00:00,-122.887164375787,37.5763867744399,0,"available_crw"
"254027_0_t1",45,"254027_0_t1_crw_045",20,"254027_0_t1_20240419T050000",2024-04-19 05:00:00,-122.896902351211,37.5589923069884,0,"available_crw"
"254027_0_t1",45,"254027_0_t1_crw_045",21,"254027_0_t1_20240419T110000",2024-04-19 11:00:00,-122.915552771556,37.5645935152004,0,"available_crw"
"254027_0_t1",46,"254027_0_t1_crw_046",1,"254027_0_t1_20240414T110000",2024-04-14 11:00:00,-122.8070879,37.5402499,0,"available_crw"
"254027_0_t1",46,"254027_0_t1_crw_046",2,"254027_0_t1_20240414T170000",2024-04-14 17:00:00,-122.764816265116,37.5417972638948,0,"available_crw"
"254027_0_t1",46,"254027_0_t1_crw_046",3,"254027_0_t1_20240414T230000",2024-04-14 23:00:00,-122.801143985184,37.4746291527719,0,"available_crw"
"254027_0_t1",46,"254027_0_t1_crw_046",4,"254027_0_t1_20240415T050000",2024-04-15 05:00:00,-122.939950360654,37.2463284322939,0,"available_crw"
"254027_0_t1",46,"254027_0_t1_crw_046",5,"254027_0_t1_20240415T110000",2024-04-15 11:00:00,-123.178157454999,37.0611883588425,0,"available_crw"
"254027_0_t1",46,"254027_0_t1_crw_046",6,"254027_0_t1_20240415T170000",2024-04-15 17:00:00,-123.224849574769,37.0211763326888,0,"available_crw"
"254027_0_t1",46,"254027_0_t1_crw_046",7,"254027_0_t1_20240415T230000",2024-04-15 23:00:00,-123.220892221813,37.0277608208973,0,"available_crw"
"254027_0_t1",46,"254027_0_t1_crw_046",8,"254027_0_t1_20240416T050000",2024-04-16 05:00:00,-123.189127883765,37.1660565289957,0,"available_crw"
"254027_0_t1",46,"254027_0_t1_crw_046",9,"254027_0_t1_20240416T110000",2024-04-16 11:00:00,-123.229071169321,37.1554016474841,0,"available_crw"
"254027_0_t1",46,"254027_0_t1_crw_046",10,"254027_0_t1_20240416T170000",2024-04-16 17:00:00,-123.198140395653,37.1325450528124,0,"available_crw"
"254027_0_t1",46,"254027_0_t1_crw_046",11,"254027_0_t1_20240416T230000",2024-04-16 23:00:00,-123.210713280242,37.1202779314554,0,"available_crw"
"254027_0_t1",46,"254027_0_t1_crw_046",12,"254027_0_t1_20240417T050000",2024-04-17 05:00:00,-123.248898378862,37.1867272138468,0,"available_crw"
"254027_0_t1",46,"254027_0_t1_crw_046",13,"254027_0_t1_20240417T110000",2024-04-17 11:00:00,-123.157503476104,37.1851259753614,0,"available_crw"
"254027_0_t1",46,"254027_0_t1_crw_046",14,"254027_0_t1_20240417T170000",2024-04-17 17:00:00,-122.986923459392,37.2190989941631,0,"available_crw"
"254027_0_t1",46,"254027_0_t1_crw_046",15,"254027_0_t1_20240417T230000",2024-04-17 23:00:00,-122.921255148584,37.2347298949854,0,"available_crw"
"254027_0_t1",46,"254027_0_t1_crw_046",16,"254027_0_t1_20240418T050000",2024-04-18 05:00:00,-122.862543784534,37.2425555489014,0,"available_crw"
"254027_0_t1",46,"254027_0_t1_crw_046",17,"254027_0_t1_20240418T110000",2024-04-18 11:00:00,-122.700051574619,37.255883064854,0,"available_crw"
"254027_0_t1",46,"254027_0_t1_crw_046",18,"254027_0_t1_20240418T170000",2024-04-18 17:00:00,-122.696895625961,37.2402160144118,0,"available_crw"
"254027_0_t1",46,"254027_0_t1_crw_046",19,"254027_0_t1_20240418T230000",2024-04-18 23:00:00,-123.043875966185,37.1125552089415,0,"available_crw"
"254027_0_t1",46,"254027_0_t1_crw_046",20,"254027_0_t1_20240419T050000",2024-04-19 05:00:00,-123.003945358537,37.1341145371224,0,"available_crw"
"254027_0_t1",46,"254027_0_t1_crw_046",21,"254027_0_t1_20240419T110000",2024-04-19 11:00:00,-122.991931085368,37.1214933770476,0,"available_crw"
"254027_0_t1",47,"254027_0_t1_crw_047",1,"254027_0_t1_20240414T110000",2024-04-14 11:00:00,-122.8070879,37.5402499,0,"available_crw"
"254027_0_t1",47,"254027_0_t1_crw_047",2,"254027_0_t1_20240414T170000",2024-04-14 17:00:00,-122.834551631328,37.4900214245748,0,"available_crw"
"254027_0_t1",47,"254027_0_t1_crw_047",3,"254027_0_t1_20240414T230000",2024-04-14 23:00:00,-122.864935643974,37.4490575745734,0,"available_crw"
"254027_0_t1",47,"254027_0_t1_crw_047",4,"254027_0_t1_20240415T050000",2024-04-15 05:00:00,-123.038795622095,37.2366206876599,0,"available_crw"
"254027_0_t1",47,"254027_0_t1_crw_047",5,"254027_0_t1_20240415T110000",2024-04-15 11:00:00,-123.027447201696,37.2767391764938,0,"available_crw"
"254027_0_t1",47,"254027_0_t1_crw_047",6,"254027_0_t1_20240415T170000",2024-04-15 17:00:00,-123.04049769607,37.2444357644065,0,"available_crw"
"254027_0_t1",47,"254027_0_t1_crw_047",7,"254027_0_t1_20240415T230000",2024-04-15 23:00:00,-123.058482428509,37.1915687598187,0,"available_crw"
"254027_0_t1",47,"254027_0_t1_crw_047",8,"254027_0_t1_20240416T050000",2024-04-16 05:00:00,-123.058174878893,37.050952101822,0,"available_crw"
"254027_0_t1",47,"254027_0_t1_crw_047",9,"254027_0_t1_20240416T110000",2024-04-16 11:00:00,-123.060909443223,37.0579249020029,0,"available_crw"
"254027_0_t1",47,"254027_0_t1_crw_047",10,"254027_0_t1_20240416T170000",2024-04-16 17:00:00,-123.089946759554,37.0335564225378,0,"available_crw"
"254027_0_t1",47,"254027_0_t1_crw_047",11,"254027_0_t1_20240416T230000",2024-04-16 23:00:00,-123.209353298007,36.9448000058073,0,"available_crw"
"254027_0_t1",47,"254027_0_t1_crw_047",12,"254027_0_t1_20240417T050000",2024-04-17 05:00:00,-123.175879708034,36.9655545507803,0,"available_crw"
"254027_0_t1",47,"254027_0_t1_crw_047",13,"254027_0_t1_20240417T110000",2024-04-17 11:00:00,-123.191015312941,36.9802256637238,0,"available_crw"
"254027_0_t1",47,"254027_0_t1_crw_047",14,"254027_0_t1_20240417T170000",2024-04-17 17:00:00,-123.206419672863,36.9488758622719,0,"available_crw"
"254027_0_t1",47,"254027_0_t1_crw_047",15,"254027_0_t1_20240417T230000",2024-04-17 23:00:00,-123.184064698955,36.9424907902782,0,"available_crw"
"254027_0_t1",47,"254027_0_t1_crw_047",16,"254027_0_t1_20240418T050000",2024-04-18 05:00:00,-123.199776751613,36.9407137285161,0,"available_crw"
"254027_0_t1",47,"254027_0_t1_crw_047",17,"254027_0_t1_20240418T110000",2024-04-18 11:00:00,-123.220157105119,37.0549669551036,0,"available_crw"
"254027_0_t1",47,"254027_0_t1_crw_047",18,"254027_0_t1_20240418T170000",2024-04-18 17:00:00,-123.13328718127,37.0325868772999,0,"available_crw"
"254027_0_t1",47,"254027_0_t1_crw_047",19,"254027_0_t1_20240418T230000",2024-04-18 23:00:00,-123.148942653037,37.0304251428468,0,"available_crw"
"254027_0_t1",47,"254027_0_t1_crw_047",20,"254027_0_t1_20240419T050000",2024-04-19 05:00:00,-123.123524116544,37.1006745042955,0,"available_crw"
"254027_0_t1",47,"254027_0_t1_crw_047",21,"254027_0_t1_20240419T110000",2024-04-19 11:00:00,-123.107532045982,37.1539465642428,0,"available_crw"
"254027_0_t1",48,"254027_0_t1_crw_048",1,"254027_0_t1_20240414T110000",2024-04-14 11:00:00,-122.8070879,37.5402499,0,"available_crw"
"254027_0_t1",48,"254027_0_t1_crw_048",2,"254027_0_t1_20240414T170000",2024-04-14 17:00:00,-122.839866419743,37.5004648755312,0,"available_crw"
"254027_0_t1",48,"254027_0_t1_crw_048",3,"254027_0_t1_20240414T230000",2024-04-14 23:00:00,-122.820125318277,37.535674547774,0,"available_crw"
"254027_0_t1",48,"254027_0_t1_crw_048",4,"254027_0_t1_20240415T050000",2024-04-15 05:00:00,-122.819138191249,37.5229636168265,0,"available_crw"
"254027_0_t1",48,"254027_0_t1_crw_048",5,"254027_0_t1_20240415T110000",2024-04-15 11:00:00,-122.814113336432,37.2692309620211,0,"available_crw"
"254027_0_t1",48,"254027_0_t1_crw_048",6,"254027_0_t1_20240415T170000",2024-04-15 17:00:00,-122.758231465097,37.1678392384229,0,"available_crw"
"254027_0_t1",48,"254027_0_t1_crw_048",7,"254027_0_t1_20240415T230000",2024-04-15 23:00:00,-122.712227114455,37.0776930303019,0,"available_crw"
"254027_0_t1",48,"254027_0_t1_crw_048",8,"254027_0_t1_20240416T050000",2024-04-16 05:00:00,-122.803326401432,37.0824107525279,0,"available_crw"
"254027_0_t1",48,"254027_0_t1_crw_048",9,"254027_0_t1_20240416T110000",2024-04-16 11:00:00,-122.788796408313,37.0875778993026,0,"available_crw"
"254027_0_t1",48,"254027_0_t1_crw_048",10,"254027_0_t1_20240416T170000",2024-04-16 17:00:00,-122.6359220197,37.1329777095608,0,"available_crw"
"254027_0_t1",48,"254027_0_t1_crw_048",11,"254027_0_t1_20240416T230000",2024-04-16 23:00:00,-122.585723538914,37.0247987187405,0,"available_crw"
"254027_0_t1",48,"254027_0_t1_crw_048",12,"254027_0_t1_20240417T050000",2024-04-17 05:00:00,-122.572071293261,36.9784854942561,0,"available_crw"
"254027_0_t1",48,"254027_0_t1_crw_048",13,"254027_0_t1_20240417T110000",2024-04-17 11:00:00,-122.711957516473,36.9516374772116,0,"available_crw"
"254027_0_t1",48,"254027_0_t1_crw_048",14,"254027_0_t1_20240417T170000",2024-04-17 17:00:00,-123.041056768505,36.9816163202539,0,"available_crw"
"254027_0_t1",48,"254027_0_t1_crw_048",15,"254027_0_t1_20240417T230000",2024-04-17 23:00:00,-123.098758620157,36.9926731589495,0,"available_crw"
"254027_0_t1",48,"254027_0_t1_crw_048",16,"254027_0_t1_20240418T050000",2024-04-18 05:00:00,-123.089667927922,36.9931739247846,0,"available_crw"
"254027_0_t1",48,"254027_0_t1_crw_048",17,"254027_0_t1_20240418T110000",2024-04-18 11:00:00,-122.966311637554,37.0431142995698,0,"available_crw"
"254027_0_t1",48,"254027_0_t1_crw_048",18,"254027_0_t1_20240418T170000",2024-04-18 17:00:00,-122.856347656458,37.084561760249,0,"available_crw"
"254027_0_t1",48,"254027_0_t1_crw_048",19,"254027_0_t1_20240418T230000",2024-04-18 23:00:00,-122.890389550069,37.104358934032,0,"available_crw"
"254027_0_t1",48,"254027_0_t1_crw_048",20,"254027_0_t1_20240419T050000",2024-04-19 05:00:00,-122.93383243552,37.1368330334891,0,"available_crw"
"254027_0_t1",48,"254027_0_t1_crw_048",21,"254027_0_t1_20240419T110000",2024-04-19 11:00:00,-123.084566547447,37.3737112379383,0,"available_crw"
"254027_0_t1",49,"254027_0_t1_crw_049",1,"254027_0_t1_20240414T110000",2024-04-14 11:00:00,-122.8070879,37.5402499,0,"available_crw"
"254027_0_t1",49,"254027_0_t1_crw_049",2,"254027_0_t1_20240414T170000",2024-04-14 17:00:00,-122.785289704479,37.5324182512306,0,"available_crw"
"254027_0_t1",49,"254027_0_t1_crw_049",3,"254027_0_t1_20240414T230000",2024-04-14 23:00:00,-122.801254268535,37.5316795595021,0,"available_crw"
"254027_0_t1",49,"254027_0_t1_crw_049",4,"254027_0_t1_20240415T050000",2024-04-15 05:00:00,-122.799061229864,37.5127163523881,0,"available_crw"
"254027_0_t1",49,"254027_0_t1_crw_049",5,"254027_0_t1_20240415T110000",2024-04-15 11:00:00,-122.818756956267,37.5103412437553,0,"available_crw"
"254027_0_t1",49,"254027_0_t1_crw_049",6,"254027_0_t1_20240415T170000",2024-04-15 17:00:00,-122.776222399023,37.5123814020418,0,"available_crw"
"254027_0_t1",49,"254027_0_t1_crw_049",7,"254027_0_t1_20240415T230000",2024-04-15 23:00:00,-122.789918748215,37.5058132224133,0,"available_crw"
"254027_0_t1",49,"254027_0_t1_crw_049",8,"254027_0_t1_20240416T050000",2024-04-16 05:00:00,-122.751581205053,37.5206318278319,0,"available_crw"
"254027_0_t1",49,"254027_0_t1_crw_049",9,"254027_0_t1_20240416T110000",2024-04-16 11:00:00,-122.691135016543,37.5467908009174,0,"available_crw"
"254027_0_t1",49,"254027_0_t1_crw_049",10,"254027_0_t1_20240416T170000",2024-04-16 17:00:00,-122.697528025821,37.5415465910356,0,"available_crw"
"254027_0_t1",49,"254027_0_t1_crw_049",11,"254027_0_t1_20240416T230000",2024-04-16 23:00:00,-122.71261434079,37.5519152570765,0,"available_crw"
"254027_0_t1",49,"254027_0_t1_crw_049",12,"254027_0_t1_20240417T050000",2024-04-17 05:00:00,-122.664212341363,37.5375524045274,0,"available_crw"
"254027_0_t1",49,"254027_0_t1_crw_049",13,"254027_0_t1_20240417T110000",2024-04-17 11:00:00,-122.611235632085,37.5155471030104,0,"available_crw"
"254027_0_t1",49,"254027_0_t1_crw_049",14,"254027_0_t1_20240417T170000",2024-04-17 17:00:00,-122.691455207742,37.2167509647261,0,"available_crw"
"254027_0_t1",49,"254027_0_t1_crw_049",15,"254027_0_t1_20240417T230000",2024-04-17 23:00:00,-122.867705668633,36.9915778697745,0,"available_crw"
"254027_0_t1",49,"254027_0_t1_crw_049",16,"254027_0_t1_20240418T050000",2024-04-18 05:00:00,-122.8895986916,36.8821706710459,0,"available_crw"
"254027_0_t1",49,"254027_0_t1_crw_049",17,"254027_0_t1_20240418T110000",2024-04-18 11:00:00,-122.964173138616,36.9241626265229,0,"available_crw"
"254027_0_t1",49,"254027_0_t1_crw_049",18,"254027_0_t1_20240418T170000",2024-04-18 17:00:00,-123.091505046702,37.0054818626043,0,"available_crw"
"254027_0_t1",49,"254027_0_t1_crw_049",19,"254027_0_t1_20240418T230000",2024-04-18 23:00:00,-123.098525058522,36.9722569697559,0,"available_crw"
"254027_0_t1",49,"254027_0_t1_crw_049",20,"254027_0_t1_20240419T050000",2024-04-19 05:00:00,-123.103429181414,36.9843704285297,0,"available_crw"
"254027_0_t1",49,"254027_0_t1_crw_049",21,"254027_0_t1_20240419T110000",2024-04-19 11:00:00,-123.085001682708,36.9901429664052,0,"available_crw"
"254027_0_t1",50,"254027_0_t1_crw_050",1,"254027_0_t1_20240414T110000",2024-04-14 11:00:00,-122.8070879,37.5402499,0,"available_crw"
"254027_0_t1",50,"254027_0_t1_crw_050",2,"254027_0_t1_20240414T170000",2024-04-14 17:00:00,-122.863940268765,37.4540497673155,0,"available_crw"
"254027_0_t1",50,"254027_0_t1_crw_050",3,"254027_0_t1_20240414T230000",2024-04-14 23:00:00,-122.862292117957,37.4612393365901,0,"available_crw"
"254027_0_t1",50,"254027_0_t1_crw_050",4,"254027_0_t1_20240415T050000",2024-04-15 05:00:00,-122.788386348998,37.4179213563801,0,"available_crw"
"254027_0_t1",50,"254027_0_t1_crw_050",5,"254027_0_t1_20240415T110000",2024-04-15 11:00:00,-122.653321383933,37.3920882339631,0,"available_crw"
"254027_0_t1",50,"254027_0_t1_crw_050",6,"254027_0_t1_20240415T170000",2024-04-15 17:00:00,-122.585894732114,37.3817497080022,0,"available_crw"
"254027_0_t1",50,"254027_0_t1_crw_050",7,"254027_0_t1_20240415T230000",2024-04-15 23:00:00,-122.640801764783,37.3232009595824,0,"available_crw"
"254027_0_t1",50,"254027_0_t1_crw_050",8,"254027_0_t1_20240416T050000",2024-04-16 05:00:00,-122.70518618167,37.1923449593976,0,"available_crw"
"254027_0_t1",50,"254027_0_t1_crw_050",9,"254027_0_t1_20240416T110000",2024-04-16 11:00:00,-122.70689507804,37.205007245795,0,"available_crw"
"254027_0_t1",50,"254027_0_t1_crw_050",10,"254027_0_t1_20240416T170000",2024-04-16 17:00:00,-122.563449486617,37.2175315486737,0,"available_crw"
"254027_0_t1",50,"254027_0_t1_crw_050",11,"254027_0_t1_20240416T230000",2024-04-16 23:00:00,-122.605887488705,37.2169131406435,0,"available_crw"
"254027_0_t1",50,"254027_0_t1_crw_050",12,"254027_0_t1_20240417T050000",2024-04-17 05:00:00,-122.66506740744,37.2218869963724,0,"available_crw"
"254027_0_t1",50,"254027_0_t1_crw_050",13,"254027_0_t1_20240417T110000",2024-04-17 11:00:00,-122.964090528972,37.3382218577918,0,"available_crw"
"254027_0_t1",50,"254027_0_t1_crw_050",14,"254027_0_t1_20240417T170000",2024-04-17 17:00:00,-123.10667535626,37.4022559103113,0,"available_crw"
"254027_0_t1",50,"254027_0_t1_crw_050",15,"254027_0_t1_20240417T230000",2024-04-17 23:00:00,-123.071608789658,37.383034552976,0,"available_crw"
"254027_0_t1",50,"254027_0_t1_crw_050",16,"254027_0_t1_20240418T050000",2024-04-18 05:00:00,-122.905287973893,37.3367100346829,0,"available_crw"
"254027_0_t1",50,"254027_0_t1_crw_050",17,"254027_0_t1_20240418T110000",2024-04-18 11:00:00,-122.97026845321,37.2851781131279,0,"available_crw"
"254027_0_t1",50,"254027_0_t1_crw_050",18,"254027_0_t1_20240418T170000",2024-04-18 17:00:00,-123.01658490458,37.2447873060144,0,"available_crw"
"254027_0_t1",50,"254027_0_t1_crw_050",19,"254027_0_t1_20240418T230000",2024-04-18 23:00:00,-122.990100358303,37.2770208006873,0,"available_crw"
"254027_0_t1",50,"254027_0_t1_crw_050",20,"254027_0_t1_20240419T050000",2024-04-19 05:00:00,-122.869339347062,37.2137786731672,0,"available_crw"
"254027_0_t1",50,"254027_0_t1_crw_050",21,"254027_0_t1_20240419T110000",2024-04-19 11:00:00,-122.738746264977,37.1354781591443,0,"available_crw"
"254027_0_t1",51,"254027_0_t1_crw_051",1,"254027_0_t1_20240414T110000",2024-04-14 11:00:00,-122.8070879,37.5402499,0,"available_crw"
"254027_0_t1",51,"254027_0_t1_crw_051",2,"254027_0_t1_20240414T170000",2024-04-14 17:00:00,-122.807478827975,37.5529812714246,0,"available_crw"
"254027_0_t1",51,"254027_0_t1_crw_051",3,"254027_0_t1_20240414T230000",2024-04-14 23:00:00,-122.831357403749,37.5518714111209,0,"available_crw"
"254027_0_t1",51,"254027_0_t1_crw_051",4,"254027_0_t1_20240415T050000",2024-04-15 05:00:00,-123.150045402599,37.5482705121637,0,"available_crw"
"254027_0_t1",51,"254027_0_t1_crw_051",5,"254027_0_t1_20240415T110000",2024-04-15 11:00:00,-123.107531113042,37.5457500763548,0,"available_crw"
"254027_0_t1",51,"254027_0_t1_crw_051",6,"254027_0_t1_20240415T170000",2024-04-15 17:00:00,-123.157152673878,37.5343338281207,0,"available_crw"
"254027_0_t1",51,"254027_0_t1_crw_051",7,"254027_0_t1_20240415T230000",2024-04-15 23:00:00,-123.127250298769,37.5104975249101,0,"available_crw"
"254027_0_t1",51,"254027_0_t1_crw_051",8,"254027_0_t1_20240416T050000",2024-04-16 05:00:00,-123.018935320228,37.4125426968149,0,"available_crw"
"254027_0_t1",51,"254027_0_t1_crw_051",9,"254027_0_t1_20240416T110000",2024-04-16 11:00:00,-122.898349639817,37.1648628399286,0,"available_crw"
"254027_0_t1",51,"254027_0_t1_crw_051",10,"254027_0_t1_20240416T170000",2024-04-16 17:00:00,-122.916382988554,37.1582655910438,0,"available_crw"
"254027_0_t1",51,"254027_0_t1_crw_051",11,"254027_0_t1_20240416T230000",2024-04-16 23:00:00,-122.909587550378,37.163148361308,0,"available_crw"
"254027_0_t1",51,"254027_0_t1_crw_051",12,"254027_0_t1_20240417T050000",2024-04-17 05:00:00,-122.663628890094,37.3235646565074,0,"available_crw"
"254027_0_t1",51,"254027_0_t1_crw_051",13,"254027_0_t1_20240417T110000",2024-04-17 11:00:00,-122.695714503489,37.2947512154919,0,"available_crw"
"254027_0_t1",51,"254027_0_t1_crw_051",14,"254027_0_t1_20240417T170000",2024-04-17 17:00:00,-122.803963735646,37.3712226264335,0,"available_crw"
"254027_0_t1",51,"254027_0_t1_crw_051",15,"254027_0_t1_20240417T230000",2024-04-17 23:00:00,-122.843460507443,37.4068791999522,0,"available_crw"
"254027_0_t1",51,"254027_0_t1_crw_051",16,"254027_0_t1_20240418T050000",2024-04-18 05:00:00,-122.806070993551,37.3824429239896,0,"available_crw"
"254027_0_t1",51,"254027_0_t1_crw_051",17,"254027_0_t1_20240418T110000",2024-04-18 11:00:00,-122.751024069894,37.3497131831219,0,"available_crw"
"254027_0_t1",51,"254027_0_t1_crw_051",18,"254027_0_t1_20240418T170000",2024-04-18 17:00:00,-122.505683812174,37.1886155968369,0,"available_crw"
"254027_0_t1",51,"254027_0_t1_crw_051",19,"254027_0_t1_20240418T230000",2024-04-18 23:00:00,-122.491174606372,37.2037138176933,0,"available_crw"
"254027_0_t1",51,"254027_0_t1_crw_051",20,"254027_0_t1_20240419T050000",2024-04-19 05:00:00,-122.49392408042,37.1911695261704,0,"available_crw"
"254027_0_t1",51,"254027_0_t1_crw_051",21,"254027_0_t1_20240419T110000",2024-04-19 11:00:00,-122.462917429334,37.0831828975624,0,"available_crw"
"254027_0_t1",52,"254027_0_t1_crw_052",1,"254027_0_t1_20240414T110000",2024-04-14 11:00:00,-122.8070879,37.5402499,0,"available_crw"
"254027_0_t1",52,"254027_0_t1_crw_052",2,"254027_0_t1_20240414T170000",2024-04-14 17:00:00,-122.792918319851,37.5771240995815,0,"available_crw"
"254027_0_t1",52,"254027_0_t1_crw_052",3,"254027_0_t1_20240414T230000",2024-04-14 23:00:00,-122.725705755297,37.5272696266535,0,"available_crw"
"254027_0_t1",52,"254027_0_t1_crw_052",4,"254027_0_t1_20240415T050000",2024-04-15 05:00:00,-122.811369564198,37.5009491736239,0,"available_crw"
"254027_0_t1",52,"254027_0_t1_crw_052",5,"254027_0_t1_20240415T110000",2024-04-15 11:00:00,-122.869304259794,37.4893865379067,0,"available_crw"
"254027_0_t1",52,"254027_0_t1_crw_052",6,"254027_0_t1_20240415T170000",2024-04-15 17:00:00,-122.875267364042,37.504526914598,0,"available_crw"
"254027_0_t1",52,"254027_0_t1_crw_052",7,"254027_0_t1_20240415T230000",2024-04-15 23:00:00,-122.866217567989,37.4713573053279,0,"available_crw"
"254027_0_t1",52,"254027_0_t1_crw_052",8,"254027_0_t1_20240416T050000",2024-04-16 05:00:00,-122.843490558584,37.3756807958156,0,"available_crw"
"254027_0_t1",52,"254027_0_t1_crw_052",9,"254027_0_t1_20240416T110000",2024-04-16 11:00:00,-122.823072745239,37.2461246123748,0,"available_crw"
"254027_0_t1",52,"254027_0_t1_crw_052",10,"254027_0_t1_20240416T170000",2024-04-16 17:00:00,-122.842589119299,37.2432287025152,0,"available_crw"
"254027_0_t1",52,"254027_0_t1_crw_052",11,"254027_0_t1_20240416T230000",2024-04-16 23:00:00,-122.909301402477,37.2307106661322,0,"available_crw"
"254027_0_t1",52,"254027_0_t1_crw_052",12,"254027_0_t1_20240417T050000",2024-04-17 05:00:00,-123.028527094758,37.2109043386634,0,"available_crw"
"254027_0_t1",52,"254027_0_t1_crw_052",13,"254027_0_t1_20240417T110000",2024-04-17 11:00:00,-123.203872017031,37.4825370009463,0,"available_crw"
"254027_0_t1",52,"254027_0_t1_crw_052",14,"254027_0_t1_20240417T170000",2024-04-17 17:00:00,-123.186741071867,37.4906273431943,0,"available_crw"
"254027_0_t1",52,"254027_0_t1_crw_052",15,"254027_0_t1_20240417T230000",2024-04-17 23:00:00,-123.175610323913,37.4774695416924,0,"available_crw"
"254027_0_t1",52,"254027_0_t1_crw_052",16,"254027_0_t1_20240418T050000",2024-04-18 05:00:00,-123.134601245637,37.4335064510962,0,"available_crw"
"254027_0_t1",52,"254027_0_t1_crw_052",17,"254027_0_t1_20240418T110000",2024-04-18 11:00:00,-123.156830779656,37.4624569553195,0,"available_crw"
"254027_0_t1",52,"254027_0_t1_crw_052",18,"254027_0_t1_20240418T170000",2024-04-18 17:00:00,-123.116266795956,37.4370446292818,0,"available_crw"
"254027_0_t1",52,"254027_0_t1_crw_052",19,"254027_0_t1_20240418T230000",2024-04-18 23:00:00,-123.060358881335,37.4052123711831,0,"available_crw"
"254027_0_t1",52,"254027_0_t1_crw_052",20,"254027_0_t1_20240419T050000",2024-04-19 05:00:00,-123.016476542531,37.3729850392827,0,"available_crw"
"254027_0_t1",52,"254027_0_t1_crw_052",21,"254027_0_t1_20240419T110000",2024-04-19 11:00:00,-123.056810414292,37.3942256207781,0,"available_crw"
"254027_0_t1",53,"254027_0_t1_crw_053",1,"254027_0_t1_20240414T110000",2024-04-14 11:00:00,-122.8070879,37.5402499,0,"available_crw"
"254027_0_t1",53,"254027_0_t1_crw_053",2,"254027_0_t1_20240414T170000",2024-04-14 17:00:00,-122.792918319851,37.5771240995815,0,"available_crw"
"254027_0_t1",53,"254027_0_t1_crw_053",3,"254027_0_t1_20240414T230000",2024-04-14 23:00:00,-122.799497701309,37.5389204984881,0,"available_crw"
"254027_0_t1",53,"254027_0_t1_crw_053",4,"254027_0_t1_20240415T050000",2024-04-15 05:00:00,-122.800681717174,37.5774699684715,0,"available_crw"
"254027_0_t1",53,"254027_0_t1_crw_053",5,"254027_0_t1_20240415T110000",2024-04-15 11:00:00,-122.655724122728,37.5804260479506,0,"available_crw"
"254027_0_t1",53,"254027_0_t1_crw_053",6,"254027_0_t1_20240415T170000",2024-04-15 17:00:00,-122.587058333011,37.5843137721481,0,"available_crw"
"254027_0_t1",53,"254027_0_t1_crw_053",7,"254027_0_t1_20240415T230000",2024-04-15 23:00:00,-122.629703421786,37.5849618996128,0,"available_crw"
"254027_0_t1",53,"254027_0_t1_crw_053",8,"254027_0_t1_20240416T050000",2024-04-16 05:00:00,-122.615384681079,37.5906491915036,0,"available_crw"
"254027_0_t1",53,"254027_0_t1_crw_053",9,"254027_0_t1_20240416T110000",2024-04-16 11:00:00,-122.654712424573,37.5681269212927,0,"available_crw"
"254027_0_t1",53,"254027_0_t1_crw_053",10,"254027_0_t1_20240416T170000",2024-04-16 17:00:00,-122.727040375325,37.4734833760512,0,"available_crw"
"254027_0_t1",53,"254027_0_t1_crw_053",11,"254027_0_t1_20240416T230000",2024-04-16 23:00:00,-122.747335367397,37.3638720574159,0,"available_crw"
"254027_0_t1",53,"254027_0_t1_crw_053",12,"254027_0_t1_20240417T050000",2024-04-17 05:00:00,-122.75803460019,37.4041063093282,0,"available_crw"
"254027_0_t1",53,"254027_0_t1_crw_053",13,"254027_0_t1_20240417T110000",2024-04-17 11:00:00,-122.789981469411,37.3820669581127,0,"available_crw"
"254027_0_t1",53,"254027_0_t1_crw_053",14,"254027_0_t1_20240417T170000",2024-04-17 17:00:00,-122.78515555485,37.3882788924679,0,"available_crw"
"254027_0_t1",53,"254027_0_t1_crw_053",15,"254027_0_t1_20240417T230000",2024-04-17 23:00:00,-122.767672698666,37.3807163334555,0,"available_crw"
"254027_0_t1",53,"254027_0_t1_crw_053",16,"254027_0_t1_20240418T050000",2024-04-18 05:00:00,-122.547742221216,37.1813620070138,0,"available_crw"
"254027_0_t1",53,"254027_0_t1_crw_053",17,"254027_0_t1_20240418T110000",2024-04-18 11:00:00,-122.75631941664,36.9255470234635,0,"available_crw"
"254027_0_t1",53,"254027_0_t1_crw_053",18,"254027_0_t1_20240418T170000",2024-04-18 17:00:00,-123.020735681059,36.7659333459156,0,"available_crw"
"254027_0_t1",53,"254027_0_t1_crw_053",19,"254027_0_t1_20240418T230000",2024-04-18 23:00:00,-123.073144567092,36.7309546449887,0,"available_crw"
"254027_0_t1",53,"254027_0_t1_crw_053",20,"254027_0_t1_20240419T050000",2024-04-19 05:00:00,-123.136449309307,36.6325673803735,0,"available_crw"
"254027_0_t1",53,"254027_0_t1_crw_053",21,"254027_0_t1_20240419T110000",2024-04-19 11:00:00,-123.121519183435,36.6692100708424,0,"available_crw"
"254027_0_t1",54,"254027_0_t1_crw_054",1,"254027_0_t1_20240414T110000",2024-04-14 11:00:00,-122.8070879,37.5402499,0,"available_crw"
"254027_0_t1",54,"254027_0_t1_crw_054",2,"254027_0_t1_20240414T170000",2024-04-14 17:00:00,-122.785289704479,37.5324182512306,0,"available_crw"
"254027_0_t1",54,"254027_0_t1_crw_054",3,"254027_0_t1_20240414T230000",2024-04-14 23:00:00,-122.734283924165,37.5076397260791,0,"available_crw"
"254027_0_t1",54,"254027_0_t1_crw_054",4,"254027_0_t1_20240415T050000",2024-04-15 05:00:00,-122.75023548445,37.5084792404862,0,"available_crw"
"254027_0_t1",54,"254027_0_t1_crw_054",5,"254027_0_t1_20240415T110000",2024-04-15 11:00:00,-122.741317165885,37.5101941421366,0,"available_crw"
"254027_0_t1",54,"254027_0_t1_crw_054",6,"254027_0_t1_20240415T170000",2024-04-15 17:00:00,-122.769861306459,37.5350642646262,0,"available_crw"
"254027_0_t1",54,"254027_0_t1_crw_054",7,"254027_0_t1_20240415T230000",2024-04-15 23:00:00,-122.818623647047,37.573720911334,0,"available_crw"
"254027_0_t1",54,"254027_0_t1_crw_054",8,"254027_0_t1_20240416T050000",2024-04-16 05:00:00,-122.830293577706,37.54133155558,0,"available_crw"
"254027_0_t1",54,"254027_0_t1_crw_054",9,"254027_0_t1_20240416T110000",2024-04-16 11:00:00,-122.853702615284,37.4975499630072,0,"available_crw"
"254027_0_t1",54,"254027_0_t1_crw_054",10,"254027_0_t1_20240416T170000",2024-04-16 17:00:00,-122.811624977203,37.5009442652385,0,"available_crw"
"254027_0_t1",54,"254027_0_t1_crw_054",11,"254027_0_t1_20240416T230000",2024-04-16 23:00:00,-122.67339090737,37.215980779124,0,"available_crw"
"254027_0_t1",54,"254027_0_t1_crw_054",12,"254027_0_t1_20240417T050000",2024-04-17 05:00:00,-122.651478951532,37.2234381017279,0,"available_crw"
"254027_0_t1",54,"254027_0_t1_crw_054",13,"254027_0_t1_20240417T110000",2024-04-17 11:00:00,-122.692250594158,37.2028526801928,0,"available_crw"
"254027_0_t1",54,"254027_0_t1_crw_054",14,"254027_0_t1_20240417T170000",2024-04-17 17:00:00,-122.769632176364,37.3002869721977,0,"available_crw"
"254027_0_t1",54,"254027_0_t1_crw_054",15,"254027_0_t1_20240417T230000",2024-04-17 23:00:00,-122.841109815311,37.5598537149753,0,"available_crw"
"254027_0_t1",54,"254027_0_t1_crw_054",16,"254027_0_t1_20240418T050000",2024-04-18 05:00:00,-122.821923824922,37.5641586619543,0,"available_crw"
"254027_0_t1",54,"254027_0_t1_crw_054",17,"254027_0_t1_20240418T110000",2024-04-18 11:00:00,-122.623896396042,37.302547164695,0,"available_crw"
"254027_0_t1",54,"254027_0_t1_crw_054",18,"254027_0_t1_20240418T170000",2024-04-18 17:00:00,-122.603897739173,37.3129146843778,0,"available_crw"
"254027_0_t1",54,"254027_0_t1_crw_054",19,"254027_0_t1_20240418T230000",2024-04-18 23:00:00,-122.634623563516,37.2799123537591,0,"available_crw"
"254027_0_t1",54,"254027_0_t1_crw_054",20,"254027_0_t1_20240419T050000",2024-04-19 05:00:00,-122.620203064205,37.3193964790592,0,"available_crw"
"254027_0_t1",54,"254027_0_t1_crw_054",21,"254027_0_t1_20240419T110000",2024-04-19 11:00:00,-122.552416317462,37.2702393773447,0,"available_crw"
"254027_0_t1",55,"254027_0_t1_crw_055",1,"254027_0_t1_20240414T110000",2024-04-14 11:00:00,-122.8070879,37.5402499,0,"available_crw"
"254027_0_t1",55,"254027_0_t1_crw_055",2,"254027_0_t1_20240414T170000",2024-04-14 17:00:00,-122.764816265116,37.5417972638948,0,"available_crw"
"254027_0_t1",55,"254027_0_t1_crw_055",3,"254027_0_t1_20240414T230000",2024-04-14 23:00:00,-122.646306083302,37.2512142901493,0,"available_crw"
"254027_0_t1",55,"254027_0_t1_crw_055",4,"254027_0_t1_20240415T050000",2024-04-15 05:00:00,-122.964632460733,37.0824328503968,0,"available_crw"
"254027_0_t1",55,"254027_0_t1_crw_055",5,"254027_0_t1_20240415T110000",2024-04-15 11:00:00,-122.976848307763,37.1549181669039,0,"available_crw"
"254027_0_t1",55,"254027_0_t1_crw_055",6,"254027_0_t1_20240415T170000",2024-04-15 17:00:00,-122.890091004332,37.1319813974266,0,"available_crw"
"254027_0_t1",55,"254027_0_t1_crw_055",7,"254027_0_t1_20240415T230000",2024-04-15 23:00:00,-122.752127476277,37.1407825874607,0,"available_crw"
"254027_0_t1",55,"254027_0_t1_crw_055",8,"254027_0_t1_20240416T050000",2024-04-16 05:00:00,-122.630643102585,37.145792141417,0,"available_crw"
"254027_0_t1",55,"254027_0_t1_crw_055",9,"254027_0_t1_20240416T110000",2024-04-16 11:00:00,-122.505957421012,37.1939713603434,0,"available_crw"
"254027_0_t1",55,"254027_0_t1_crw_055",10,"254027_0_t1_20240416T170000",2024-04-16 17:00:00,-122.449588532947,37.2091852081851,0,"available_crw"
"254027_0_t1",55,"254027_0_t1_crw_055",11,"254027_0_t1_20240416T230000",2024-04-16 23:00:00,-122.457952545276,37.2270157984776,0,"available_crw"
"254027_0_t1",55,"254027_0_t1_crw_055",12,"254027_0_t1_20240417T050000",2024-04-17 05:00:00,-122.439808892355,37.2334449355545,0,"available_crw"
"254027_0_t1",55,"254027_0_t1_crw_055",13,"254027_0_t1_20240417T110000",2024-04-17 11:00:00,-122.476631173724,37.2047304371966,0,"available_crw"
"254027_0_t1",55,"254027_0_t1_crw_055",14,"254027_0_t1_20240417T170000",2024-04-17 17:00:00,-122.505442659981,37.2741473813199,0,"available_crw"
"254027_0_t1",55,"254027_0_t1_crw_055",15,"254027_0_t1_20240417T230000",2024-04-17 23:00:00,-122.527791082927,37.2675383956032,0,"available_crw"
"254027_0_t1",55,"254027_0_t1_crw_055",16,"254027_0_t1_20240418T050000",2024-04-18 05:00:00,-122.6430974717,37.236125011247,0,"available_crw"
"254027_0_t1",55,"254027_0_t1_crw_055",17,"254027_0_t1_20240418T110000",2024-04-18 11:00:00,-122.947567058433,37.1648393512303,0,"available_crw"
"254027_0_t1",55,"254027_0_t1_crw_055",18,"254027_0_t1_20240418T170000",2024-04-18 17:00:00,-122.98862671179,37.2754825328588,0,"available_crw"
"254027_0_t1",55,"254027_0_t1_crw_055",19,"254027_0_t1_20240418T230000",2024-04-18 23:00:00,-122.983527248602,37.2694152693659,0,"available_crw"
"254027_0_t1",55,"254027_0_t1_crw_055",20,"254027_0_t1_20240419T050000",2024-04-19 05:00:00,-122.901098999287,37.1566978595622,0,"available_crw"
"254027_0_t1",55,"254027_0_t1_crw_055",21,"254027_0_t1_20240419T110000",2024-04-19 11:00:00,-123.16680914507,36.9375435272916,0,"available_crw"
"254027_0_t1",56,"254027_0_t1_crw_056",1,"254027_0_t1_20240414T110000",2024-04-14 11:00:00,-122.8070879,37.5402499,0,"available_crw"
"254027_0_t1",56,"254027_0_t1_crw_056",2,"254027_0_t1_20240414T170000",2024-04-14 17:00:00,-123.184363011212,37.5967475928563,0,"available_crw"
"254027_0_t1",56,"254027_0_t1_crw_056",3,"254027_0_t1_20240414T230000",2024-04-14 23:00:00,-123.175242473611,37.5976136626001,0,"available_crw"
"254027_0_t1",56,"254027_0_t1_crw_056",4,"254027_0_t1_20240415T050000",2024-04-15 05:00:00,-122.850431159589,37.5361846849951,0,"available_crw"
"254027_0_t1",56,"254027_0_t1_crw_056",5,"254027_0_t1_20240415T110000",2024-04-15 11:00:00,-122.837249844877,37.2307845476853,0,"available_crw"
"254027_0_t1",56,"254027_0_t1_crw_056",6,"254027_0_t1_20240415T170000",2024-04-15 17:00:00,-122.785095122924,37.096507169906,0,"available_crw"
"254027_0_t1",56,"254027_0_t1_crw_056",7,"254027_0_t1_20240415T230000",2024-04-15 23:00:00,-122.816455486954,37.1290811004789,0,"available_crw"
"254027_0_t1",56,"254027_0_t1_crw_056",8,"254027_0_t1_20240416T050000",2024-04-16 05:00:00,-122.802010912786,37.123748789856,0,"available_crw"
"254027_0_t1",56,"254027_0_t1_crw_056",9,"254027_0_t1_20240416T110000",2024-04-16 11:00:00,-122.863538085068,36.8221601321328,0,"available_crw"
"254027_0_t1",56,"254027_0_t1_crw_056",10,"254027_0_t1_20240416T170000",2024-04-16 17:00:00,-122.863477419203,36.8607258481302,0,"available_crw"
"254027_0_t1",56,"254027_0_t1_crw_056",11,"254027_0_t1_20240416T230000",2024-04-16 23:00:00,-122.749211685991,37.1101891011586,0,"available_crw"
"254027_0_t1",56,"254027_0_t1_crw_056",12,"254027_0_t1_20240417T050000",2024-04-17 05:00:00,-122.747163974689,37.09755905219,0,"available_crw"
"254027_0_t1",56,"254027_0_t1_crw_056",13,"254027_0_t1_20240417T110000",2024-04-17 11:00:00,-122.713230850637,37.1174817006233,0,"available_crw"
"254027_0_t1",56,"254027_0_t1_crw_056",14,"254027_0_t1_20240417T170000",2024-04-17 17:00:00,-122.718648951642,37.1116000242854,0,"available_crw"
"254027_0_t1",56,"254027_0_t1_crw_056",15,"254027_0_t1_20240417T230000",2024-04-17 23:00:00,-122.699050060096,37.1008161827295,0,"available_crw"
"254027_0_t1",56,"254027_0_t1_crw_056",16,"254027_0_t1_20240418T050000",2024-04-18 05:00:00,-122.68625100429,37.1168667464081,0,"available_crw"
"254027_0_t1",56,"254027_0_t1_crw_056",17,"254027_0_t1_20240418T110000",2024-04-18 11:00:00,-122.638579539667,37.0544879842285,0,"available_crw"
"254027_0_t1",56,"254027_0_t1_crw_056",18,"254027_0_t1_20240418T170000",2024-04-18 17:00:00,-122.614074513489,37.0111424602139,0,"available_crw"
"254027_0_t1",56,"254027_0_t1_crw_056",19,"254027_0_t1_20240418T230000",2024-04-18 23:00:00,-122.497207128234,36.7753586762914,0,"available_crw"
"254027_0_t1",56,"254027_0_t1_crw_056",20,"254027_0_t1_20240419T050000",2024-04-19 05:00:00,-122.455563181997,36.6839220856735,0,"available_crw"
"254027_0_t1",56,"254027_0_t1_crw_056",21,"254027_0_t1_20240419T110000",2024-04-19 11:00:00,-122.488739663428,36.715199664894,0,"available_crw"
"254027_0_t1",57,"254027_0_t1_crw_057",1,"254027_0_t1_20240414T110000",2024-04-14 11:00:00,-122.8070879,37.5402499,0,"available_crw"
"254027_0_t1",57,"254027_0_t1_crw_057",2,"254027_0_t1_20240414T170000",2024-04-14 17:00:00,-122.784891522433,37.569231335262,0,"available_crw"
"254027_0_t1",57,"254027_0_t1_crw_057",3,"254027_0_t1_20240414T230000",2024-04-14 23:00:00,-122.785942959401,37.5565237398061,0,"available_crw"
"254027_0_t1",57,"254027_0_t1_crw_057",4,"254027_0_t1_20240415T050000",2024-04-15 05:00:00,-122.74039406286,37.4518358721171,0,"available_crw"
"254027_0_t1",57,"254027_0_t1_crw_057",5,"254027_0_t1_20240415T110000",2024-04-15 11:00:00,-122.703556822833,37.3589976630745,0,"available_crw"
"254027_0_t1",57,"254027_0_t1_crw_057",6,"254027_0_t1_20240415T170000",2024-04-15 17:00:00,-123.023934150735,37.1921563771404,0,"available_crw"
"254027_0_t1",57,"254027_0_t1_crw_057",7,"254027_0_t1_20240415T230000",2024-04-15 23:00:00,-123.079417621865,37.1600516946602,0,"available_crw"
"254027_0_t1",57,"254027_0_t1_crw_057",8,"254027_0_t1_20240416T050000",2024-04-16 05:00:00,-123.064829285322,37.1450068715653,0,"available_crw"
"254027_0_t1",57,"254027_0_t1_crw_057",9,"254027_0_t1_20240416T110000",2024-04-16 11:00:00,-123.079753610037,37.1345628311239,0,"available_crw"
"254027_0_t1",57,"254027_0_t1_crw_057",10,"254027_0_t1_20240416T170000",2024-04-16 17:00:00,-123.208801820626,37.0547782451574,0,"available_crw"
"254027_0_t1",57,"254027_0_t1_crw_057",11,"254027_0_t1_20240416T230000",2024-04-16 23:00:00,-123.20357693288,37.0607688991225,0,"available_crw"
"254027_0_t1",57,"254027_0_t1_crw_057",12,"254027_0_t1_20240417T050000",2024-04-17 05:00:00,-123.163801427167,37.0961122904987,0,"available_crw"
"254027_0_t1",57,"254027_0_t1_crw_057",13,"254027_0_t1_20240417T110000",2024-04-17 11:00:00,-122.823335766073,36.9587263614404,0,"available_crw"
"254027_0_t1",57,"254027_0_t1_crw_057",14,"254027_0_t1_20240417T170000",2024-04-17 17:00:00,-122.761055592502,36.9362926005312,0,"available_crw"
"254027_0_t1",57,"254027_0_t1_crw_057",15,"254027_0_t1_20240417T230000",2024-04-17 23:00:00,-122.812184476637,36.9390199477113,0,"available_crw"
"254027_0_t1",57,"254027_0_t1_crw_057",16,"254027_0_t1_20240418T050000",2024-04-18 05:00:00,-122.79440401345,36.908494015922,0,"available_crw"
"254027_0_t1",57,"254027_0_t1_crw_057",17,"254027_0_t1_20240418T110000",2024-04-18 11:00:00,-122.885479390458,36.9095842833608,0,"available_crw"
"254027_0_t1",57,"254027_0_t1_crw_057",18,"254027_0_t1_20240418T170000",2024-04-18 17:00:00,-122.953673600715,36.9078054187686,0,"available_crw"
"254027_0_t1",57,"254027_0_t1_crw_057",19,"254027_0_t1_20240418T230000",2024-04-18 23:00:00,-123.067411077369,37.1994911640629,0,"available_crw"
"254027_0_t1",57,"254027_0_t1_crw_057",20,"254027_0_t1_20240419T050000",2024-04-19 05:00:00,-122.745706942766,37.3647289159153,0,"available_crw"
"254027_0_t1",57,"254027_0_t1_crw_057",21,"254027_0_t1_20240419T110000",2024-04-19 11:00:00,-122.781688330877,37.3390002524998,0,"available_crw"
"254027_0_t1",58,"254027_0_t1_crw_058",1,"254027_0_t1_20240414T110000",2024-04-14 11:00:00,-122.8070879,37.5402499,0,"available_crw"
"254027_0_t1",58,"254027_0_t1_crw_058",2,"254027_0_t1_20240414T170000",2024-04-14 17:00:00,-122.839866419743,37.5004648755312,0,"available_crw"
"254027_0_t1",58,"254027_0_t1_crw_058",3,"254027_0_t1_20240414T230000",2024-04-14 23:00:00,-122.820125318277,37.535674547774,0,"available_crw"
"254027_0_t1",58,"254027_0_t1_crw_058",4,"254027_0_t1_20240415T050000",2024-04-15 05:00:00,-122.795000793671,37.586678483833,0,"available_crw"
"254027_0_t1",58,"254027_0_t1_crw_058",5,"254027_0_t1_20240415T110000",2024-04-15 11:00:00,-122.77604644938,37.5817524849672,0,"available_crw"
"254027_0_t1",58,"254027_0_t1_crw_058",6,"254027_0_t1_20240415T170000",2024-04-15 17:00:00,-122.791827762035,37.5796453028235,0,"available_crw"
"254027_0_t1",58,"254027_0_t1_crw_058",7,"254027_0_t1_20240415T230000",2024-04-15 23:00:00,-122.912967613411,37.5660305921028,0,"available_crw"
"254027_0_t1",58,"254027_0_t1_crw_058",8,"254027_0_t1_20240416T050000",2024-04-16 05:00:00,-123.032220758794,37.5089486758114,0,"available_crw"
"254027_0_t1",58,"254027_0_t1_crw_058",9,"254027_0_t1_20240416T110000",2024-04-16 11:00:00,-122.995263978147,37.5338589738999,0,"available_crw"
"254027_0_t1",58,"254027_0_t1_crw_058",10,"254027_0_t1_20240416T170000",2024-04-16 17:00:00,-122.944839392292,37.5711387068048,0,"available_crw"
"254027_0_t1",58,"254027_0_t1_crw_058",11,"254027_0_t1_20240416T230000",2024-04-16 23:00:00,-122.94940046508,37.5647957274325,0,"available_crw"
"254027_0_t1",58,"254027_0_t1_crw_058",12,"254027_0_t1_20240417T050000",2024-04-17 05:00:00,-122.993455487231,37.4286394939081,0,"available_crw"
"254027_0_t1",58,"254027_0_t1_crw_058",13,"254027_0_t1_20240417T110000",2024-04-17 11:00:00,-122.98903913647,37.4670402659978,0,"available_crw"
"254027_0_t1",58,"254027_0_t1_crw_058",14,"254027_0_t1_20240417T170000",2024-04-17 17:00:00,-122.910575065711,37.4291487340345,0,"available_crw"
"254027_0_t1",58,"254027_0_t1_crw_058",15,"254027_0_t1_20240417T230000",2024-04-17 23:00:00,-122.776203200427,37.3546117779673,0,"available_crw"
"254027_0_t1",58,"254027_0_t1_crw_058",16,"254027_0_t1_20240418T050000",2024-04-18 05:00:00,-122.524456548489,37.19992747975,0,"available_crw"
"254027_0_t1",58,"254027_0_t1_crw_058",17,"254027_0_t1_20240418T110000",2024-04-18 11:00:00,-122.28291055726,37.0356656554226,0,"available_crw"
"254027_0_t1",58,"254027_0_t1_crw_058",18,"254027_0_t1_20240418T170000",2024-04-18 17:00:00,-122.366448083948,37.0062948988952,0,"available_crw"
"254027_0_t1",58,"254027_0_t1_crw_058",19,"254027_0_t1_20240418T230000",2024-04-18 23:00:00,-122.375445553722,37.0204287586259,0,"available_crw"
"254027_0_t1",58,"254027_0_t1_crw_058",20,"254027_0_t1_20240419T050000",2024-04-19 05:00:00,-122.284246408562,37.0218073305995,0,"available_crw"
"254027_0_t1",58,"254027_0_t1_crw_058",21,"254027_0_t1_20240419T110000",2024-04-19 11:00:00,-122.298182094818,37.0156977140797,0,"available_crw"
"254027_0_t1",59,"254027_0_t1_crw_059",1,"254027_0_t1_20240414T110000",2024-04-14 11:00:00,-122.8070879,37.5402499,0,"available_crw"
"254027_0_t1",59,"254027_0_t1_crw_059",2,"254027_0_t1_20240414T170000",2024-04-14 17:00:00,-122.840401933194,37.4021715316802,0,"available_crw"
"254027_0_t1",59,"254027_0_t1_crw_059",3,"254027_0_t1_20240414T230000",2024-04-14 23:00:00,-122.816821557657,37.3992092708762,0,"available_crw"
"254027_0_t1",59,"254027_0_t1_crw_059",4,"254027_0_t1_20240415T050000",2024-04-15 05:00:00,-122.8580902293,37.4074780568718,0,"available_crw"
"254027_0_t1",59,"254027_0_t1_crw_059",5,"254027_0_t1_20240415T110000",2024-04-15 11:00:00,-122.995317508527,37.3904222626217,0,"available_crw"
"254027_0_t1",59,"254027_0_t1_crw_059",6,"254027_0_t1_20240415T170000",2024-04-15 17:00:00,-123.116334392127,37.3778725537534,0,"available_crw"
"254027_0_t1",59,"254027_0_t1_crw_059",7,"254027_0_t1_20240415T230000",2024-04-15 23:00:00,-123.073831391415,37.3792187912535,0,"available_crw"
"254027_0_t1",59,"254027_0_t1_crw_059",8,"254027_0_t1_20240416T050000",2024-04-16 05:00:00,-122.951812802539,37.3803987678908,0,"available_crw"
"254027_0_t1",59,"254027_0_t1_crw_059",9,"254027_0_t1_20240416T110000",2024-04-16 11:00:00,-122.638089139682,37.2916578210607,0,"available_crw"
"254027_0_t1",59,"254027_0_t1_crw_059",10,"254027_0_t1_20240416T170000",2024-04-16 17:00:00,-122.647230000589,37.2919448616048,0,"available_crw"
"254027_0_t1",59,"254027_0_t1_crw_059",11,"254027_0_t1_20240416T230000",2024-04-16 23:00:00,-122.647360907093,37.2729010484743,0,"available_crw"
"254027_0_t1",59,"254027_0_t1_crw_059",12,"254027_0_t1_20240417T050000",2024-04-17 05:00:00,-122.610311559333,37.2889947783758,0,"available_crw"
"254027_0_t1",59,"254027_0_t1_crw_059",13,"254027_0_t1_20240417T110000",2024-04-17 11:00:00,-122.462060257839,37.3440401128392,0,"available_crw"
"254027_0_t1",59,"254027_0_t1_crw_059",14,"254027_0_t1_20240417T170000",2024-04-17 17:00:00,-122.472824987967,37.3610345095895,0,"available_crw"
"254027_0_t1",59,"254027_0_t1_crw_059",15,"254027_0_t1_20240417T230000",2024-04-17 23:00:00,-122.457127181034,37.3294885116524,0,"available_crw"
"254027_0_t1",59,"254027_0_t1_crw_059",16,"254027_0_t1_20240418T050000",2024-04-18 05:00:00,-122.447898403683,37.0638355032778,0,"available_crw"
"254027_0_t1",59,"254027_0_t1_crw_059",17,"254027_0_t1_20240418T110000",2024-04-18 11:00:00,-122.450858667269,37.070748740376,0,"available_crw"
"254027_0_t1",59,"254027_0_t1_crw_059",18,"254027_0_t1_20240418T170000",2024-04-18 17:00:00,-122.445460753935,37.0648572711763,0,"available_crw"
"254027_0_t1",59,"254027_0_t1_crw_059",19,"254027_0_t1_20240418T230000",2024-04-18 23:00:00,-122.452805291716,37.0691908814983,0,"available_crw"
"254027_0_t1",59,"254027_0_t1_crw_059",20,"254027_0_t1_20240419T050000",2024-04-19 05:00:00,-122.587326910542,37.0949119972328,0,"available_crw"
"254027_0_t1",59,"254027_0_t1_crw_059",21,"254027_0_t1_20240419T110000",2024-04-19 11:00:00,-122.554203373418,37.2072373112245,0,"available_crw"
"254027_0_t1",60,"254027_0_t1_crw_060",1,"254027_0_t1_20240414T110000",2024-04-14 11:00:00,-122.8070879,37.5402499,0,"available_crw"
"254027_0_t1",60,"254027_0_t1_crw_060",2,"254027_0_t1_20240414T170000",2024-04-14 17:00:00,-122.839866419743,37.5004648755312,0,"available_crw"
"254027_0_t1",60,"254027_0_t1_crw_060",3,"254027_0_t1_20240414T230000",2024-04-14 23:00:00,-122.909533786792,37.4204754921197,0,"available_crw"
"254027_0_t1",60,"254027_0_t1_crw_060",4,"254027_0_t1_20240415T050000",2024-04-15 05:00:00,-122.907548841975,37.4331121962305,0,"available_crw"
"254027_0_t1",60,"254027_0_t1_crw_060",5,"254027_0_t1_20240415T110000",2024-04-15 11:00:00,-122.905807961063,37.3945751536423,0,"available_crw"
"254027_0_t1",60,"254027_0_t1_crw_060",6,"254027_0_t1_20240415T170000",2024-04-15 17:00:00,-122.881996548998,37.3958999895314,0,"available_crw"
"254027_0_t1",60,"254027_0_t1_crw_060",7,"254027_0_t1_20240415T230000",2024-04-15 23:00:00,-122.755117801428,37.1076345345945,0,"available_crw"
"254027_0_t1",60,"254027_0_t1_crw_060",8,"254027_0_t1_20240416T050000",2024-04-16 05:00:00,-122.760571297913,37.1134950464442,0,"available_crw"
"254027_0_t1",60,"254027_0_t1_crw_060",9,"254027_0_t1_20240416T110000",2024-04-16 11:00:00,-122.879992250909,37.1695114236944,0,"available_crw"
"254027_0_t1",60,"254027_0_t1_crw_060",10,"254027_0_t1_20240416T170000",2024-04-16 17:00:00,-122.927248878349,37.1984099276998,0,"available_crw"
"254027_0_t1",60,"254027_0_t1_crw_060",11,"254027_0_t1_20240416T230000",2024-04-16 23:00:00,-123.106549626985,37.4222764874626,0,"available_crw"
"254027_0_t1",60,"254027_0_t1_crw_060",12,"254027_0_t1_20240417T050000",2024-04-17 05:00:00,-123.146297655724,37.466966483608,0,"available_crw"
"254027_0_t1",60,"254027_0_t1_crw_060",13,"254027_0_t1_20240417T110000",2024-04-17 11:00:00,-123.132067022676,37.4611769142936,0,"available_crw"
"254027_0_t1",60,"254027_0_t1_crw_060",14,"254027_0_t1_20240417T170000",2024-04-17 17:00:00,-123.082661812261,37.4344750438629,0,"available_crw"
"254027_0_t1",60,"254027_0_t1_crw_060",15,"254027_0_t1_20240417T230000",2024-04-17 23:00:00,-123.115610535423,37.4559719540604,0,"available_crw"
"254027_0_t1",60,"254027_0_t1_crw_060",16,"254027_0_t1_20240418T050000",2024-04-18 05:00:00,-123.107106561624,37.453241451627,0,"available_crw"
"254027_0_t1",60,"254027_0_t1_crw_060",17,"254027_0_t1_20240418T110000",2024-04-18 11:00:00,-123.123002873226,37.4519821025496,0,"available_crw"
"254027_0_t1",60,"254027_0_t1_crw_060",18,"254027_0_t1_20240418T170000",2024-04-18 17:00:00,-123.07625037935,37.4618785121487,0,"available_crw"
"254027_0_t1",60,"254027_0_t1_crw_060",19,"254027_0_t1_20240418T230000",2024-04-18 23:00:00,-123.08400807732,37.4579831554987,0,"available_crw"
"254027_0_t1",60,"254027_0_t1_crw_060",20,"254027_0_t1_20240419T050000",2024-04-19 05:00:00,-123.202952999786,37.3542149471734,0,"available_crw"
"254027_0_t1",60,"254027_0_t1_crw_060",21,"254027_0_t1_20240419T110000",2024-04-19 11:00:00,-123.199075298619,37.360835853769,0,"available_crw"
"254027_0_t1",61,"254027_0_t1_crw_061",1,"254027_0_t1_20240414T110000",2024-04-14 11:00:00,-122.8070879,37.5402499,0,"available_crw"
"254027_0_t1",61,"254027_0_t1_crw_061",2,"254027_0_t1_20240414T170000",2024-04-14 17:00:00,-122.863489404017,37.5979862852497,0,"available_crw"
"254027_0_t1",61,"254027_0_t1_crw_061",3,"254027_0_t1_20240414T230000",2024-04-14 23:00:00,-122.828005994922,37.5717267295863,0,"available_crw"
"254027_0_t1",61,"254027_0_t1_crw_061",4,"254027_0_t1_20240415T050000",2024-04-15 05:00:00,-122.740767615563,37.5034906411592,0,"available_crw"
"254027_0_t1",61,"254027_0_t1_crw_061",5,"254027_0_t1_20240415T110000",2024-04-15 11:00:00,-122.703674003653,37.4661980210446,0,"available_crw"
"254027_0_t1",61,"254027_0_t1_crw_061",6,"254027_0_t1_20240415T170000",2024-04-15 17:00:00,-122.929187039451,37.2192919933813,0,"available_crw"
"254027_0_t1",61,"254027_0_t1_crw_061",7,"254027_0_t1_20240415T230000",2024-04-15 23:00:00,-122.909470367944,37.2086135597762,0,"available_crw"
"254027_0_t1",61,"254027_0_t1_crw_061",8,"254027_0_t1_20240416T050000",2024-04-16 05:00:00,-122.94233798943,37.2300943028265,0,"available_crw"
"254027_0_t1",61,"254027_0_t1_crw_061",9,"254027_0_t1_20240416T110000",2024-04-16 11:00:00,-122.983459234946,37.2645040627804,0,"available_crw"
"254027_0_t1",61,"254027_0_t1_crw_061",10,"254027_0_t1_20240416T170000",2024-04-16 17:00:00,-123.000116562291,37.2508874103185,0,"available_crw"
"254027_0_t1",61,"254027_0_t1_crw_061",11,"254027_0_t1_20240416T230000",2024-04-16 23:00:00,-123.103658460014,37.3313624330146,0,"available_crw"
"254027_0_t1",61,"254027_0_t1_crw_061",12,"254027_0_t1_20240417T050000",2024-04-17 05:00:00,-122.919005293417,37.5991574731393,0,"available_crw"
"254027_0_t1",61,"254027_0_t1_crw_061",13,"254027_0_t1_20240417T110000",2024-04-17 11:00:00,-122.935290971141,37.5628399338439,0,"available_crw"
"254027_0_t1",61,"254027_0_t1_crw_061",14,"254027_0_t1_20240417T170000",2024-04-17 17:00:00,-122.91250284086,37.5570472377229,0,"available_crw"
"254027_0_t1",61,"254027_0_t1_crw_061",15,"254027_0_t1_20240417T230000",2024-04-17 23:00:00,-122.927680875982,37.2517065541919,0,"available_crw"
"254027_0_t1",61,"254027_0_t1_crw_061",16,"254027_0_t1_20240418T050000",2024-04-18 05:00:00,-122.947528890606,37.2514074339547,0,"available_crw"
"254027_0_t1",61,"254027_0_t1_crw_061",17,"254027_0_t1_20240418T110000",2024-04-18 11:00:00,-122.938854643597,37.2537183088935,0,"available_crw"
"254027_0_t1",61,"254027_0_t1_crw_061",18,"254027_0_t1_20240418T170000",2024-04-18 17:00:00,-122.72651396524,36.9997901743848,0,"available_crw"
"254027_0_t1",61,"254027_0_t1_crw_061",19,"254027_0_t1_20240418T230000",2024-04-18 23:00:00,-122.740450487594,37.0058954346846,0,"available_crw"
"254027_0_t1",61,"254027_0_t1_crw_061",20,"254027_0_t1_20240419T050000",2024-04-19 05:00:00,-122.87794142106,37.0168981522436,0,"available_crw"
"254027_0_t1",61,"254027_0_t1_crw_061",21,"254027_0_t1_20240419T110000",2024-04-19 11:00:00,-123.009858805734,36.9839798655045,0,"available_crw"
"254027_0_t1",62,"254027_0_t1_crw_062",1,"254027_0_t1_20240414T110000",2024-04-14 11:00:00,-122.8070879,37.5402499,0,"available_crw"
"254027_0_t1",62,"254027_0_t1_crw_062",2,"254027_0_t1_20240414T170000",2024-04-14 17:00:00,-122.888333329171,37.4268567944635,0,"available_crw"
"254027_0_t1",62,"254027_0_t1_crw_062",3,"254027_0_t1_20240414T230000",2024-04-14 23:00:00,-122.867206274153,37.4179828007959,0,"available_crw"
"254027_0_t1",62,"254027_0_t1_crw_062",4,"254027_0_t1_20240415T050000",2024-04-15 05:00:00,-122.805029233318,37.3947145751902,0,"available_crw"
"254027_0_t1",62,"254027_0_t1_crw_062",5,"254027_0_t1_20240415T110000",2024-04-15 11:00:00,-122.807758948226,37.4283403982973,0,"available_crw"
"254027_0_t1",62,"254027_0_t1_crw_062",6,"254027_0_t1_20240415T170000",2024-04-15 17:00:00,-122.786728878452,37.3907869607659,0,"available_crw"
"254027_0_t1",62,"254027_0_t1_crw_062",7,"254027_0_t1_20240415T230000",2024-04-15 23:00:00,-122.792788456814,37.3962680729742,0,"available_crw"
"254027_0_t1",62,"254027_0_t1_crw_062",8,"254027_0_t1_20240416T050000",2024-04-16 05:00:00,-122.755440307977,37.3717967607509,0,"available_crw"
"254027_0_t1",62,"254027_0_t1_crw_062",9,"254027_0_t1_20240416T110000",2024-04-16 11:00:00,-122.83869109724,37.3412521058572,0,"available_crw"
"254027_0_t1",62,"254027_0_t1_crw_062",10,"254027_0_t1_20240416T170000",2024-04-16 17:00:00,-122.802302389893,37.3703713342331,0,"available_crw"
"254027_0_t1",62,"254027_0_t1_crw_062",11,"254027_0_t1_20240416T230000",2024-04-16 23:00:00,-122.806543630209,37.3638937979173,0,"available_crw"
"254027_0_t1",62,"254027_0_t1_crw_062",12,"254027_0_t1_20240417T050000",2024-04-17 05:00:00,-122.804915369297,37.3710860618908,0,"available_crw"
"254027_0_t1",62,"254027_0_t1_crw_062",13,"254027_0_t1_20240417T110000",2024-04-17 11:00:00,-122.765870720436,37.4978954088991,0,"available_crw"
"254027_0_t1",62,"254027_0_t1_crw_062",14,"254027_0_t1_20240417T170000",2024-04-17 17:00:00,-122.695334579945,37.451111109734,0,"available_crw"
"254027_0_t1",62,"254027_0_t1_crw_062",15,"254027_0_t1_20240417T230000",2024-04-17 23:00:00,-122.778930367692,37.4210171759191,0,"available_crw"
"254027_0_t1",62,"254027_0_t1_crw_062",16,"254027_0_t1_20240418T050000",2024-04-18 05:00:00,-122.788169149744,37.4350714687815,0,"available_crw"
"254027_0_t1",62,"254027_0_t1_crw_062",17,"254027_0_t1_20240418T110000",2024-04-18 11:00:00,-122.822890636728,37.4823517124573,0,"available_crw"
"254027_0_t1",62,"254027_0_t1_crw_062",18,"254027_0_t1_20240418T170000",2024-04-18 17:00:00,-122.949271253039,37.5805377673887,0,"available_crw"
"254027_0_t1",62,"254027_0_t1_crw_062",19,"254027_0_t1_20240418T230000",2024-04-18 23:00:00,-122.902026942407,37.5638776729735,0,"available_crw"
"254027_0_t1",62,"254027_0_t1_crw_062",20,"254027_0_t1_20240419T050000",2024-04-19 05:00:00,-122.911148092039,37.5647124812425,0,"available_crw"
"254027_0_t1",62,"254027_0_t1_crw_062",21,"254027_0_t1_20240419T110000",2024-04-19 11:00:00,-122.910029542454,37.5805556305146,0,"available_crw"
"254027_0_t1",63,"254027_0_t1_crw_063",1,"254027_0_t1_20240414T110000",2024-04-14 11:00:00,-122.8070879,37.5402499,0,"available_crw"
"254027_0_t1",63,"254027_0_t1_crw_063",2,"254027_0_t1_20240414T170000",2024-04-14 17:00:00,-122.863489404017,37.5979862852497,0,"available_crw"
"254027_0_t1",63,"254027_0_t1_crw_063",3,"254027_0_t1_20240414T230000",2024-04-14 23:00:00,-122.81954351494,37.5763392875351,0,"available_crw"
"254027_0_t1",63,"254027_0_t1_crw_063",4,"254027_0_t1_20240415T050000",2024-04-15 05:00:00,-122.864292764395,37.5911282107563,0,"available_crw"
"254027_0_t1",63,"254027_0_t1_crw_063",5,"254027_0_t1_20240415T110000",2024-04-15 11:00:00,-122.826530276378,37.5753468639841,0,"available_crw"
"254027_0_t1",63,"254027_0_t1_crw_063",6,"254027_0_t1_20240415T170000",2024-04-15 17:00:00,-122.719847628424,37.5277254593083,0,"available_crw"
"254027_0_t1",63,"254027_0_t1_crw_063",7,"254027_0_t1_20240415T230000",2024-04-15 23:00:00,-122.582245050725,37.4568166587431,0,"available_crw"
"254027_0_t1",63,"254027_0_t1_crw_063",8,"254027_0_t1_20240416T050000",2024-04-16 05:00:00,-122.598151666779,37.457997069107,0,"available_crw"
"254027_0_t1",63,"254027_0_t1_crw_063",9,"254027_0_t1_20240416T110000",2024-04-16 11:00:00,-122.760040610424,37.4779824002113,0,"available_crw"
"254027_0_t1",63,"254027_0_t1_crw_063",10,"254027_0_t1_20240416T170000",2024-04-16 17:00:00,-122.744917392933,37.4820972706929,0,"available_crw"
"254027_0_t1",63,"254027_0_t1_crw_063",11,"254027_0_t1_20240416T230000",2024-04-16 23:00:00,-122.686452024249,37.4917916135725,0,"available_crw"
"254027_0_t1",63,"254027_0_t1_crw_063",12,"254027_0_t1_20240417T050000",2024-04-17 05:00:00,-122.730161760998,37.4699224728794,0,"available_crw"
"254027_0_t1",63,"254027_0_t1_crw_063",13,"254027_0_t1_20240417T110000",2024-04-17 11:00:00,-123.006796799412,37.3446292295178,0,"available_crw"
"254027_0_t1",63,"254027_0_t1_crw_063",14,"254027_0_t1_20240417T170000",2024-04-17 17:00:00,-122.973697356788,37.3761517919954,0,"available_crw"
"254027_0_t1",63,"254027_0_t1_crw_063",15,"254027_0_t1_20240417T230000",2024-04-17 23:00:00,-122.957743718471,37.3666809760299,0,"available_crw"
"254027_0_t1",63,"254027_0_t1_crw_063",16,"254027_0_t1_20240418T050000",2024-04-18 05:00:00,-122.966386519484,37.3690962381682,0,"available_crw"
"254027_0_t1",63,"254027_0_t1_crw_063",17,"254027_0_t1_20240418T110000",2024-04-18 11:00:00,-122.927676550743,37.3550401972445,0,"available_crw"
"254027_0_t1",63,"254027_0_t1_crw_063",18,"254027_0_t1_20240418T170000",2024-04-18 17:00:00,-122.64513252762,37.2390782711252,0,"available_crw"
"254027_0_t1",63,"254027_0_t1_crw_063",19,"254027_0_t1_20240418T230000",2024-04-18 23:00:00,-122.582849915559,37.2162463926321,0,"available_crw"
"254027_0_t1",63,"254027_0_t1_crw_063",20,"254027_0_t1_20240419T050000",2024-04-19 05:00:00,-122.532252380744,37.1912142971983,0,"available_crw"
"254027_0_t1",63,"254027_0_t1_crw_063",21,"254027_0_t1_20240419T110000",2024-04-19 11:00:00,-122.639112975644,36.8978706462855,0,"available_crw"
"254027_0_t1",64,"254027_0_t1_crw_064",1,"254027_0_t1_20240414T110000",2024-04-14 11:00:00,-122.8070879,37.5402499,0,"available_crw"
"254027_0_t1",64,"254027_0_t1_crw_064",2,"254027_0_t1_20240414T170000",2024-04-14 17:00:00,-122.784891522433,37.569231335262,0,"available_crw"
"254027_0_t1",64,"254027_0_t1_crw_064",3,"254027_0_t1_20240414T230000",2024-04-14 23:00:00,-122.767297697017,37.5617708533411,0,"available_crw"
"254027_0_t1",64,"254027_0_t1_crw_064",4,"254027_0_t1_20240415T050000",2024-04-15 05:00:00,-122.813148949181,37.5742173247469,0,"available_crw"
"254027_0_t1",64,"254027_0_t1_crw_064",5,"254027_0_t1_20240415T110000",2024-04-15 11:00:00,-122.989497644887,37.582674416469,0,"available_crw"
"254027_0_t1",64,"254027_0_t1_crw_064",6,"254027_0_t1_20240415T170000",2024-04-15 17:00:00,-123.120666232251,37.5456074732854,0,"available_crw"
"254027_0_t1",64,"254027_0_t1_crw_064",7,"254027_0_t1_20240415T230000",2024-04-15 23:00:00,-123.08105683151,37.5720140212762,0,"available_crw"
"254027_0_t1",64,"254027_0_t1_crw_064",8,"254027_0_t1_20240416T050000",2024-04-16 05:00:00,-123.116076645729,37.5526478891665,0,"available_crw"
"254027_0_t1",64,"254027_0_t1_crw_064",9,"254027_0_t1_20240416T110000",2024-04-16 11:00:00,-123.079012836059,37.5694303185492,0,"available_crw"
"254027_0_t1",64,"254027_0_t1_crw_064",10,"254027_0_t1_20240416T170000",2024-04-16 17:00:00,-123.02378455001,37.5876630602893,0,"available_crw"
"254027_0_t1",64,"254027_0_t1_crw_064",11,"254027_0_t1_20240416T230000",2024-04-16 23:00:00,-123.064993566598,37.5673832816665,0,"available_crw"
"254027_0_t1",64,"254027_0_t1_crw_064",12,"254027_0_t1_20240417T050000",2024-04-17 05:00:00,-123.119305604076,37.5475098814382,0,"available_crw"
"254027_0_t1",64,"254027_0_t1_crw_064",13,"254027_0_t1_20240417T110000",2024-04-17 11:00:00,-123.079098731926,37.5690139426261,0,"available_crw"
"254027_0_t1",64,"254027_0_t1_crw_064",14,"254027_0_t1_20240417T170000",2024-04-17 17:00:00,-122.788728980714,37.3694806014873,0,"available_crw"
"254027_0_t1",64,"254027_0_t1_crw_064",15,"254027_0_t1_20240417T230000",2024-04-17 23:00:00,-122.779947807756,37.402440402907,0,"available_crw"
"254027_0_t1",64,"254027_0_t1_crw_064",16,"254027_0_t1_20240418T050000",2024-04-18 05:00:00,-122.820367265511,37.3926657184359,0,"available_crw"
"254027_0_t1",64,"254027_0_t1_crw_064",17,"254027_0_t1_20240418T110000",2024-04-18 11:00:00,-122.805911742017,37.4648898517979,0,"available_crw"
"254027_0_t1",64,"254027_0_t1_crw_064",18,"254027_0_t1_20240418T170000",2024-04-18 17:00:00,-122.78610400294,37.4633030211147,0,"available_crw"
"254027_0_t1",64,"254027_0_t1_crw_064",19,"254027_0_t1_20240418T230000",2024-04-18 23:00:00,-122.612108788444,37.4865502124968,0,"available_crw"
"254027_0_t1",64,"254027_0_t1_crw_064",20,"254027_0_t1_20240419T050000",2024-04-19 05:00:00,-122.638336268344,37.5129838706893,0,"available_crw"
"254027_0_t1",64,"254027_0_t1_crw_064",21,"254027_0_t1_20240419T110000",2024-04-19 11:00:00,-122.594228734779,37.491612018223,0,"available_crw"
"254027_0_t1",65,"254027_0_t1_crw_065",1,"254027_0_t1_20240414T110000",2024-04-14 11:00:00,-122.8070879,37.5402499,0,"available_crw"
"254027_0_t1",65,"254027_0_t1_crw_065",2,"254027_0_t1_20240414T170000",2024-04-14 17:00:00,-122.863489404017,37.5979862852497,0,"available_crw"
"254027_0_t1",65,"254027_0_t1_crw_065",3,"254027_0_t1_20240414T230000",2024-04-14 23:00:00,-122.881869576133,37.5857904616702,0,"available_crw"
"254027_0_t1",65,"254027_0_t1_crw_065",4,"254027_0_t1_20240415T050000",2024-04-15 05:00:00,-122.977818912304,37.5253989244866,0,"available_crw"
"254027_0_t1",65,"254027_0_t1_crw_065",5,"254027_0_t1_20240415T110000",2024-04-15 11:00:00,-123.028863034854,37.5006762407372,0,"available_crw"
"254027_0_t1",65,"254027_0_t1_crw_065",6,"254027_0_t1_20240415T170000",2024-04-15 17:00:00,-123.149889682527,37.3983991746434,0,"available_crw"
"254027_0_t1",65,"254027_0_t1_crw_065",7,"254027_0_t1_20240415T230000",2024-04-15 23:00:00,-123.118037949442,37.4209091706696,0,"available_crw"
"254027_0_t1",65,"254027_0_t1_crw_065",8,"254027_0_t1_20240416T050000",2024-04-16 05:00:00,-123.157840848389,37.4322144114283,0,"available_crw"
"254027_0_t1",65,"254027_0_t1_crw_065",9,"254027_0_t1_20240416T110000",2024-04-16 11:00:00,-123.148682833759,37.4319280210119,0,"available_crw"
"254027_0_t1",65,"254027_0_t1_crw_065",10,"254027_0_t1_20240416T170000",2024-04-16 17:00:00,-123.148551403964,37.4509715086396,0,"available_crw"
"254027_0_t1",65,"254027_0_t1_crw_065",11,"254027_0_t1_20240416T230000",2024-04-16 23:00:00,-123.137520713868,37.5812497298716,0,"available_crw"
"254027_0_t1",65,"254027_0_t1_crw_065",12,"254027_0_t1_20240417T050000",2024-04-17 05:00:00,-123.117582851841,37.5811036202495,0,"available_crw"
"254027_0_t1",65,"254027_0_t1_crw_065",13,"254027_0_t1_20240417T110000",2024-04-17 11:00:00,-122.799278292886,37.5666592126223,0,"available_crw"
"254027_0_t1",65,"254027_0_t1_crw_065",14,"254027_0_t1_20240417T170000",2024-04-17 17:00:00,-122.817506127824,37.597071980684,0,"available_crw"
"254027_0_t1",65,"254027_0_t1_crw_065",15,"254027_0_t1_20240417T230000",2024-04-17 23:00:00,-122.842172327965,37.5696851058827,0,"available_crw"
"254027_0_t1",65,"254027_0_t1_crw_065",16,"254027_0_t1_20240418T050000",2024-04-18 05:00:00,-122.915979606348,37.4920499392091,0,"available_crw"
"254027_0_t1",65,"254027_0_t1_crw_065",17,"254027_0_t1_20240418T110000",2024-04-18 11:00:00,-122.896446509481,37.4810779234303,0,"available_crw"
"254027_0_t1",65,"254027_0_t1_crw_065",18,"254027_0_t1_20240418T170000",2024-04-18 17:00:00,-122.891781707072,37.5145681633946,0,"available_crw"
"254027_0_t1",65,"254027_0_t1_crw_065",19,"254027_0_t1_20240418T230000",2024-04-18 23:00:00,-122.887379205965,37.5692414797391,0,"available_crw"
"254027_0_t1",65,"254027_0_t1_crw_065",20,"254027_0_t1_20240419T050000",2024-04-19 05:00:00,-122.880887836611,37.5576017681401,0,"available_crw"
"254027_0_t1",65,"254027_0_t1_crw_065",21,"254027_0_t1_20240419T110000",2024-04-19 11:00:00,-122.894621105903,37.5897376387144,0,"available_crw"
"254027_0_t1",66,"254027_0_t1_crw_066",1,"254027_0_t1_20240414T110000",2024-04-14 11:00:00,-122.8070879,37.5402499,0,"available_crw"
"254027_0_t1",66,"254027_0_t1_crw_066",2,"254027_0_t1_20240414T170000",2024-04-14 17:00:00,-122.785289704479,37.5324182512306,0,"available_crw"
"254027_0_t1",66,"254027_0_t1_crw_066",3,"254027_0_t1_20240414T230000",2024-04-14 23:00:00,-122.501618356636,37.4171799682847,0,"available_crw"
"254027_0_t1",66,"254027_0_t1_crw_066",4,"254027_0_t1_20240415T050000",2024-04-15 05:00:00,-122.552832684525,37.4219840239773,0,"available_crw"
"254027_0_t1",66,"254027_0_t1_crw_066",5,"254027_0_t1_20240415T110000",2024-04-15 11:00:00,-122.713996908526,37.4450688421851,0,"available_crw"
"254027_0_t1",66,"254027_0_t1_crw_066",6,"254027_0_t1_20240415T170000",2024-04-15 17:00:00,-122.849485051094,37.4205090489419,0,"available_crw"
"254027_0_t1",66,"254027_0_t1_crw_066",7,"254027_0_t1_20240415T230000",2024-04-15 23:00:00,-123.004773502166,37.3540425367124,0,"available_crw"
"254027_0_t1",66,"254027_0_t1_crw_066",8,"254027_0_t1_20240416T050000",2024-04-16 05:00:00,-123.06362707779,37.3258729278133,0,"available_crw"
"254027_0_t1",66,"254027_0_t1_crw_066",9,"254027_0_t1_20240416T110000",2024-04-16 11:00:00,-123.050679215339,37.3098809598222,0,"available_crw"
"254027_0_t1",66,"254027_0_t1_crw_066",10,"254027_0_t1_20240416T170000",2024-04-16 17:00:00,-123.024753866164,37.2670370836451,0,"available_crw"
"254027_0_t1",66,"254027_0_t1_crw_066",11,"254027_0_t1_20240416T230000",2024-04-16 23:00:00,-123.037549217368,37.2746288369058,0,"available_crw"
"254027_0_t1",66,"254027_0_t1_crw_066",12,"254027_0_t1_20240417T050000",2024-04-17 05:00:00,-123.043219691308,37.2412378129561,0,"available_crw"
"254027_0_t1",66,"254027_0_t1_crw_066",13,"254027_0_t1_20240417T110000",2024-04-17 11:00:00,-123.119399416354,37.281760767378,0,"available_crw"
"254027_0_t1",66,"254027_0_t1_crw_066",14,"254027_0_t1_20240417T170000",2024-04-17 17:00:00,-123.0862903321,37.2604961730443,0,"available_crw"
"254027_0_t1",66,"254027_0_t1_crw_066",15,"254027_0_t1_20240417T230000",2024-04-17 23:00:00,-123.169011129649,37.2292522852501,0,"available_crw"
"254027_0_t1",66,"254027_0_t1_crw_066",16,"254027_0_t1_20240418T050000",2024-04-18 05:00:00,-123.133062018056,37.2586765331784,0,"available_crw"
"254027_0_t1",66,"254027_0_t1_crw_066",17,"254027_0_t1_20240418T110000",2024-04-18 11:00:00,-123.137211352925,37.2521635439848,0,"available_crw"
"254027_0_t1",66,"254027_0_t1_crw_066",18,"254027_0_t1_20240418T170000",2024-04-18 17:00:00,-123.172732401082,37.1144505657101,0,"available_crw"
"254027_0_t1",66,"254027_0_t1_crw_066",19,"254027_0_t1_20240418T230000",2024-04-18 23:00:00,-123.160471552317,37.1469465681794,0,"available_crw"
"254027_0_t1",66,"254027_0_t1_crw_066",20,"254027_0_t1_20240419T050000",2024-04-19 05:00:00,-122.960656948472,37.359353278349,0,"available_crw"
"254027_0_t1",66,"254027_0_t1_crw_066",21,"254027_0_t1_20240419T110000",2024-04-19 11:00:00,-122.983176252339,37.3252387538244,0,"available_crw"
"254027_0_t1",67,"254027_0_t1_crw_067",1,"254027_0_t1_20240414T110000",2024-04-14 11:00:00,-122.8070879,37.5402499,0,"available_crw"
"254027_0_t1",67,"254027_0_t1_crw_067",2,"254027_0_t1_20240414T170000",2024-04-14 17:00:00,-122.785289704479,37.5324182512306,0,"available_crw"
"254027_0_t1",67,"254027_0_t1_crw_067",3,"254027_0_t1_20240414T230000",2024-04-14 23:00:00,-122.83204857906,37.5424446737536,0,"available_crw"
"254027_0_t1",67,"254027_0_t1_crw_067",4,"254027_0_t1_20240415T050000",2024-04-15 05:00:00,-122.887421276196,37.5603583999577,0,"available_crw"
"254027_0_t1",67,"254027_0_t1_crw_067",5,"254027_0_t1_20240415T110000",2024-04-15 11:00:00,-122.840208370475,37.5517455333395,0,"available_crw"
"254027_0_t1",67,"254027_0_t1_crw_067",6,"254027_0_t1_20240415T170000",2024-04-15 17:00:00,-122.855680568421,37.5485150390159,0,"available_crw"
"254027_0_t1",67,"254027_0_t1_crw_067",7,"254027_0_t1_20240415T230000",2024-04-15 23:00:00,-123.008453472521,37.4780823518041,0,"available_crw"
"254027_0_t1",67,"254027_0_t1_crw_067",8,"254027_0_t1_20240416T050000",2024-04-16 05:00:00,-122.971004572226,37.5025069569469,0,"available_crw"
"254027_0_t1",67,"254027_0_t1_crw_067",9,"254027_0_t1_20240416T110000",2024-04-16 11:00:00,-122.95751722835,37.4908310795165,0,"available_crw"
"254027_0_t1",67,"254027_0_t1_crw_067",10,"254027_0_t1_20240416T170000",2024-04-16 17:00:00,-122.831041475509,37.4448520244806,0,"available_crw"
"254027_0_t1",67,"254027_0_t1_crw_067",11,"254027_0_t1_20240416T230000",2024-04-16 23:00:00,-122.767298867579,37.4244096123299,0,"available_crw"
"254027_0_t1",67,"254027_0_t1_crw_067",12,"254027_0_t1_20240417T050000",2024-04-17 05:00:00,-122.835263161155,37.3753250821443,0,"available_crw"
"254027_0_t1",67,"254027_0_t1_crw_067",13,"254027_0_t1_20240417T110000",2024-04-17 11:00:00,-122.818657541569,37.3616495809637,0,"available_crw"
"254027_0_t1",67,"254027_0_t1_crw_067",14,"254027_0_t1_20240417T170000",2024-04-17 17:00:00,-122.833807359631,37.3656458779,0,"available_crw"
"254027_0_t1",67,"254027_0_t1_crw_067",15,"254027_0_t1_20240417T230000",2024-04-17 23:00:00,-122.8876994911,37.3860135363777,0,"available_crw"
"254027_0_t1",67,"254027_0_t1_crw_067",16,"254027_0_t1_20240418T050000",2024-04-18 05:00:00,-122.938071407306,37.4115004717458,0,"available_crw"
"254027_0_t1",67,"254027_0_t1_crw_067",17,"254027_0_t1_20240418T110000",2024-04-18 11:00:00,-123.075117870035,37.429648373455,0,"available_crw"
"254027_0_t1",67,"254027_0_t1_crw_067",18,"254027_0_t1_20240418T170000",2024-04-18 17:00:00,-123.024482493454,37.4374757503164,0,"available_crw"
"254027_0_t1",67,"254027_0_t1_crw_067",19,"254027_0_t1_20240418T230000",2024-04-18 23:00:00,-123.048175028378,37.3668213164344,0,"available_crw"
"254027_0_t1",67,"254027_0_t1_crw_067",20,"254027_0_t1_20240419T050000",2024-04-19 05:00:00,-123.043319719717,37.4051884625034,0,"available_crw"
"254027_0_t1",67,"254027_0_t1_crw_067",21,"254027_0_t1_20240419T110000",2024-04-19 11:00:00,-123.023445739839,37.4045146929772,0,"available_crw"
"254027_0_t1",68,"254027_0_t1_crw_068",1,"254027_0_t1_20240414T110000",2024-04-14 11:00:00,-122.8070879,37.5402499,0,"available_crw"
"254027_0_t1",68,"254027_0_t1_crw_068",2,"254027_0_t1_20240414T170000",2024-04-14 17:00:00,-122.784891522433,37.569231335262,0,"available_crw"
"254027_0_t1",68,"254027_0_t1_crw_068",3,"254027_0_t1_20240414T230000",2024-04-14 23:00:00,-122.767297697017,37.5617708533411,0,"available_crw"
"254027_0_t1",68,"254027_0_t1_crw_068",4,"254027_0_t1_20240415T050000",2024-04-15 05:00:00,-122.775628670193,37.5473553506461,0,"available_crw"
"254027_0_t1",68,"254027_0_t1_crw_068",5,"254027_0_t1_20240415T110000",2024-04-15 11:00:00,-122.75357748139,37.5399824843807,0,"available_crw"
"254027_0_t1",68,"254027_0_t1_crw_068",6,"254027_0_t1_20240415T170000",2024-04-15 17:00:00,-122.46616840616,37.4307194407713,0,"available_crw"
"254027_0_t1",68,"254027_0_t1_crw_068",7,"254027_0_t1_20240415T230000",2024-04-15 23:00:00,-122.415951723996,37.4050250732363,0,"available_crw"
"254027_0_t1",68,"254027_0_t1_crw_068",8,"254027_0_t1_20240416T050000",2024-04-16 05:00:00,-122.493759930069,37.3077576897844,0,"available_crw"
"254027_0_t1",68,"254027_0_t1_crw_068",9,"254027_0_t1_20240416T110000",2024-04-16 11:00:00,-122.474631039859,37.3431644710388,0,"available_crw"
"254027_0_t1",68,"254027_0_t1_crw_068",10,"254027_0_t1_20240416T170000",2024-04-16 17:00:00,-122.473552501307,37.4539593987078,0,"available_crw"
"254027_0_t1",68,"254027_0_t1_crw_068",11,"254027_0_t1_20240416T230000",2024-04-16 23:00:00,-122.102925735161,37.5324340643462,0,"available_crw"
"254027_0_t1",68,"254027_0_t1_crw_068",12,"254027_0_t1_20240417T050000",2024-04-17 05:00:00,-122.144944705572,37.5267586873928,0,"available_crw"
"254027_0_t1",68,"254027_0_t1_crw_068",13,"254027_0_t1_20240417T110000",2024-04-17 11:00:00,-122.136767499004,37.5300746634496,0,"available_crw"
"254027_0_t1",68,"254027_0_t1_crw_068",14,"254027_0_t1_20240417T170000",2024-04-17 17:00:00,-122.146030698677,37.5196951717866,0,"available_crw"
"254027_0_t1",68,"254027_0_t1_crw_068",15,"254027_0_t1_20240417T230000",2024-04-17 23:00:00,-122.143862843317,37.5323119526596,0,"available_crw"
"254027_0_t1",68,"254027_0_t1_crw_068",16,"254027_0_t1_20240418T050000",2024-04-18 05:00:00,-122.128522669723,37.5783009997024,0,"available_crw"
"254027_0_t1",68,"254027_0_t1_crw_068",17,"254027_0_t1_20240418T110000",2024-04-18 11:00:00,-122.133308184526,37.5399313287889,0,"available_crw"
"254027_0_t1",68,"254027_0_t1_crw_068",18,"254027_0_t1_20240418T170000",2024-04-18 17:00:00,-122.125299800697,37.5732688056876,0,"available_crw"
"254027_0_t1",68,"254027_0_t1_crw_068",19,"254027_0_t1_20240418T230000",2024-04-18 23:00:00,-122.120681287296,37.5610767811107,0,"available_crw"
"254027_0_t1",68,"254027_0_t1_crw_068",20,"254027_0_t1_20240419T050000",2024-04-19 05:00:00,-122.211391041984,37.572685160536,0,"available_crw"
"254027_0_t1",68,"254027_0_t1_crw_068",21,"254027_0_t1_20240419T110000",2024-04-19 11:00:00,-122.214377360915,37.5537918393632,0,"available_crw"
"254027_0_t1",69,"254027_0_t1_crw_069",1,"254027_0_t1_20240414T110000",2024-04-14 11:00:00,-122.8070879,37.5402499,0,"available_crw"
"254027_0_t1",69,"254027_0_t1_crw_069",2,"254027_0_t1_20240414T170000",2024-04-14 17:00:00,-122.784891522433,37.569231335262,0,"available_crw"
"254027_0_t1",69,"254027_0_t1_crw_069",3,"254027_0_t1_20240414T230000",2024-04-14 23:00:00,-122.803167033741,37.533520823033,0,"available_crw"
"254027_0_t1",69,"254027_0_t1_crw_069",4,"254027_0_t1_20240415T050000",2024-04-15 05:00:00,-123.026872580906,37.336537125832,0,"available_crw"
"254027_0_t1",69,"254027_0_t1_crw_069",5,"254027_0_t1_20240415T110000",2024-04-15 11:00:00,-123.072437067575,37.2318859534606,0,"available_crw"
"254027_0_t1",69,"254027_0_t1_crw_069",6,"254027_0_t1_20240415T170000",2024-04-15 17:00:00,-123.189942264232,36.9962017232748,0,"available_crw"
"254027_0_t1",69,"254027_0_t1_crw_069",7,"254027_0_t1_20240415T230000",2024-04-15 23:00:00,-123.188725101999,37.037322906435,0,"available_crw"
"254027_0_t1",69,"254027_0_t1_crw_069",8,"254027_0_t1_20240416T050000",2024-04-16 05:00:00,-122.818616010359,37.1110925762683,0,"available_crw"
"254027_0_t1",69,"254027_0_t1_crw_069",9,"254027_0_t1_20240416T110000",2024-04-16 11:00:00,-122.783881223492,36.9990847694591,0,"available_crw"
"254027_0_t1",69,"254027_0_t1_crw_069",10,"254027_0_t1_20240416T170000",2024-04-16 17:00:00,-122.754518266691,36.8706431530076,0,"available_crw"
"254027_0_t1",69,"254027_0_t1_crw_069",11,"254027_0_t1_20240416T230000",2024-04-16 23:00:00,-122.780716006884,36.905986384043,0,"available_crw"
"254027_0_t1",69,"254027_0_t1_crw_069",12,"254027_0_t1_20240417T050000",2024-04-17 05:00:00,-122.842419508667,37.1671119278192,0,"available_crw"
"254027_0_t1",69,"254027_0_t1_crw_069",13,"254027_0_t1_20240417T110000",2024-04-17 11:00:00,-122.754242590886,37.1479090877778,0,"available_crw"
"254027_0_t1",69,"254027_0_t1_crw_069",14,"254027_0_t1_20240417T170000",2024-04-17 17:00:00,-122.637810493178,37.119743961381,0,"available_crw"
"254027_0_t1",69,"254027_0_t1_crw_069",15,"254027_0_t1_20240417T230000",2024-04-17 23:00:00,-122.571488639713,37.1063041439499,0,"available_crw"
"254027_0_t1",69,"254027_0_t1_crw_069",16,"254027_0_t1_20240418T050000",2024-04-18 05:00:00,-122.416304793311,37.0663728050084,0,"available_crw"
"254027_0_t1",69,"254027_0_t1_crw_069",17,"254027_0_t1_20240418T110000",2024-04-18 11:00:00,-122.46758076385,37.064554289881,0,"available_crw"
"254027_0_t1",69,"254027_0_t1_crw_069",18,"254027_0_t1_20240418T170000",2024-04-18 17:00:00,-122.459004538542,37.0670415083148,0,"available_crw"
"254027_0_t1",69,"254027_0_t1_crw_069",19,"254027_0_t1_20240418T230000",2024-04-18 23:00:00,-122.343625983964,37.09766495144,0,"available_crw"
"254027_0_t1",69,"254027_0_t1_crw_069",20,"254027_0_t1_20240419T050000",2024-04-19 05:00:00,-122.354688170226,37.0885179118823,0,"available_crw"
"254027_0_t1",69,"254027_0_t1_crw_069",21,"254027_0_t1_20240419T110000",2024-04-19 11:00:00,-122.334027098914,37.1261727600792,0,"available_crw"
"254027_0_t1",70,"254027_0_t1_crw_070",1,"254027_0_t1_20240414T110000",2024-04-14 11:00:00,-122.8070879,37.5402499,0,"available_crw"
"254027_0_t1",70,"254027_0_t1_crw_070",2,"254027_0_t1_20240414T170000",2024-04-14 17:00:00,-122.792918319851,37.5771240995815,0,"available_crw"
"254027_0_t1",70,"254027_0_t1_crw_070",3,"254027_0_t1_20240414T230000",2024-04-14 23:00:00,-122.789976283237,37.5646061337208,0,"available_crw"
"254027_0_t1",70,"254027_0_t1_crw_070",4,"254027_0_t1_20240415T050000",2024-04-15 05:00:00,-122.786307221401,37.5171095827679,0,"available_crw"
"254027_0_t1",70,"254027_0_t1_crw_070",5,"254027_0_t1_20240415T110000",2024-04-15 11:00:00,-122.786366574879,37.3865343045199,0,"available_crw"
"254027_0_t1",70,"254027_0_t1_crw_070",6,"254027_0_t1_20240415T170000",2024-04-15 17:00:00,-122.783198851782,37.3318055819262,0,"available_crw"
"254027_0_t1",70,"254027_0_t1_crw_070",7,"254027_0_t1_20240415T230000",2024-04-15 23:00:00,-122.781335507603,37.3657181263007,0,"available_crw"
"254027_0_t1",70,"254027_0_t1_crw_070",8,"254027_0_t1_20240416T050000",2024-04-16 05:00:00,-122.761456037706,37.3659457219904,0,"available_crw"
"254027_0_t1",70,"254027_0_t1_crw_070",9,"254027_0_t1_20240416T110000",2024-04-16 11:00:00,-122.447488157301,37.2778992028942,0,"available_crw"
"254027_0_t1",70,"254027_0_t1_crw_070",10,"254027_0_t1_20240416T170000",2024-04-16 17:00:00,-122.456628159788,37.2781660167263,0,"available_crw"
"254027_0_t1",70,"254027_0_t1_crw_070",11,"254027_0_t1_20240416T230000",2024-04-16 23:00:00,-122.414491044246,37.2738777602432,0,"available_crw"
"254027_0_t1",70,"254027_0_t1_crw_070",12,"254027_0_t1_20240417T050000",2024-04-17 05:00:00,-122.464612558904,37.2645442628524,0,"available_crw"
"254027_0_t1",70,"254027_0_t1_crw_070",13,"254027_0_t1_20240417T110000",2024-04-17 11:00:00,-122.530558485003,37.2496101158089,0,"available_crw"
"254027_0_t1",70,"254027_0_t1_crw_070",14,"254027_0_t1_20240417T170000",2024-04-17 17:00:00,-122.680942886136,37.1767717212796,0,"available_crw"
"254027_0_t1",70,"254027_0_t1_crw_070",15,"254027_0_t1_20240417T230000",2024-04-17 23:00:00,-122.674901098908,37.1822534374219,0,"available_crw"
"254027_0_t1",70,"254027_0_t1_crw_070",16,"254027_0_t1_20240418T050000",2024-04-18 05:00:00,-122.597466574256,37.3085053471133,0,"available_crw"
"254027_0_t1",70,"254027_0_t1_crw_070",17,"254027_0_t1_20240418T110000",2024-04-18 11:00:00,-122.598865560515,37.3012825663588,0,"available_crw"
"254027_0_t1",70,"254027_0_t1_crw_070",18,"254027_0_t1_20240418T170000",2024-04-18 17:00:00,-122.578914646428,37.1615784390913,0,"available_crw"
"254027_0_t1",70,"254027_0_t1_crw_070",19,"254027_0_t1_20240418T230000",2024-04-18 23:00:00,-122.932528734146,37.0468235916561,0,"available_crw"
"254027_0_t1",70,"254027_0_t1_crw_070",20,"254027_0_t1_20240419T050000",2024-04-19 05:00:00,-122.99454512648,37.0237998284271,0,"available_crw"
"254027_0_t1",70,"254027_0_t1_crw_070",21,"254027_0_t1_20240419T110000",2024-04-19 11:00:00,-123.146159845113,36.9762101549731,0,"available_crw"
"254027_0_t1",71,"254027_0_t1_crw_071",1,"254027_0_t1_20240414T110000",2024-04-14 11:00:00,-122.8070879,37.5402499,0,"available_crw"
"254027_0_t1",71,"254027_0_t1_crw_071",2,"254027_0_t1_20240414T170000",2024-04-14 17:00:00,-122.888333329171,37.4268567944635,0,"available_crw"
"254027_0_t1",71,"254027_0_t1_crw_071",3,"254027_0_t1_20240414T230000",2024-04-14 23:00:00,-122.863998575025,37.4547091012122,0,"available_crw"
"254027_0_t1",71,"254027_0_t1_crw_071",4,"254027_0_t1_20240415T050000",2024-04-15 05:00:00,-122.762097386029,37.5569803627288,0,"available_crw"
"254027_0_t1",71,"254027_0_t1_crw_071",5,"254027_0_t1_20240415T110000",2024-04-15 11:00:00,-122.765111450221,37.5444733542989,0,"available_crw"
"254027_0_t1",71,"254027_0_t1_crw_071",6,"254027_0_t1_20240415T170000",2024-04-15 17:00:00,-122.736129074331,37.4361079618384,0,"available_crw"
"254027_0_t1",71,"254027_0_t1_crw_071",7,"254027_0_t1_20240415T230000",2024-04-15 23:00:00,-122.782618210023,37.1729584568063,0,"available_crw"
"254027_0_t1",71,"254027_0_t1_crw_071",8,"254027_0_t1_20240416T050000",2024-04-16 05:00:00,-122.802775799075,37.0769223978126,0,"available_crw"
"254027_0_t1",71,"254027_0_t1_crw_071",9,"254027_0_t1_20240416T110000",2024-04-16 11:00:00,-122.810946586208,37.0225252093444,0,"available_crw"
"254027_0_t1",71,"254027_0_t1_crw_071",10,"254027_0_t1_20240416T170000",2024-04-16 17:00:00,-122.862985551695,36.7722045852803,0,"available_crw"
"254027_0_t1",71,"254027_0_t1_crw_071",11,"254027_0_t1_20240416T230000",2024-04-16 23:00:00,-122.928877835002,36.5240237463494,0,"available_crw"
"254027_0_t1",71,"254027_0_t1_crw_071",12,"254027_0_t1_20240417T050000",2024-04-17 05:00:00,-122.888898885733,36.5337572678919,0,"available_crw"
"254027_0_t1",71,"254027_0_t1_crw_071",13,"254027_0_t1_20240417T110000",2024-04-17 11:00:00,-122.783110077771,36.6044584701279,0,"available_crw"
"254027_0_t1",71,"254027_0_t1_crw_071",14,"254027_0_t1_20240417T170000",2024-04-17 17:00:00,-122.691725147544,36.5156445933114,0,"available_crw"
"254027_0_t1",71,"254027_0_t1_crw_071",15,"254027_0_t1_20240417T230000",2024-04-17 23:00:00,-122.699321753996,36.519623754689,0,"available_crw"
"254027_0_t1",71,"254027_0_t1_crw_071",16,"254027_0_t1_20240418T050000",2024-04-18 05:00:00,-122.757948210092,36.5472648850267,0,"available_crw"
"254027_0_t1",71,"254027_0_t1_crw_071",17,"254027_0_t1_20240418T110000",2024-04-18 11:00:00,-122.968717485175,36.7517136425791,0,"available_crw"
"254027_0_t1",71,"254027_0_t1_crw_071",18,"254027_0_t1_20240418T170000",2024-04-18 17:00:00,-123.159667687291,36.9538535050913,0,"available_crw"
"254027_0_t1",71,"254027_0_t1_crw_071",19,"254027_0_t1_20240418T230000",2024-04-18 23:00:00,-123.203509329741,36.9958617554671,0,"available_crw"
"254027_0_t1",71,"254027_0_t1_crw_071",20,"254027_0_t1_20240419T050000",2024-04-19 05:00:00,-123.195841294334,36.991913070928,0,"available_crw"
"254027_0_t1",71,"254027_0_t1_crw_071",21,"254027_0_t1_20240419T110000",2024-04-19 11:00:00,-123.229263779946,37.0127416952325,0,"available_crw"
"254027_0_t1",72,"254027_0_t1_crw_072",1,"254027_0_t1_20240414T110000",2024-04-14 11:00:00,-122.8070879,37.5402499,0,"available_crw"
"254027_0_t1",72,"254027_0_t1_crw_072",2,"254027_0_t1_20240414T170000",2024-04-14 17:00:00,-122.960364041708,37.3178661554043,0,"available_crw"
"254027_0_t1",72,"254027_0_t1_crw_072",3,"254027_0_t1_20240414T230000",2024-04-14 23:00:00,-123.021770391418,37.2337528206216,0,"available_crw"
"254027_0_t1",72,"254027_0_t1_crw_072",4,"254027_0_t1_20240415T050000",2024-04-15 05:00:00,-122.997170420646,37.2614218790969,0,"available_crw"
"254027_0_t1",72,"254027_0_t1_crw_072",5,"254027_0_t1_20240415T110000",2024-04-15 11:00:00,-122.967095245504,37.3695895591905,0,"available_crw"
"254027_0_t1",72,"254027_0_t1_crw_072",6,"254027_0_t1_20240415T170000",2024-04-15 17:00:00,-122.990550557162,37.3730892760853,0,"available_crw"
"254027_0_t1",72,"254027_0_t1_crw_072",7,"254027_0_t1_20240415T230000",2024-04-15 23:00:00,-122.935968216033,37.4318534254367,0,"available_crw"
"254027_0_t1",72,"254027_0_t1_crw_072",8,"254027_0_t1_20240416T050000",2024-04-16 05:00:00,-122.819654392824,37.3632391014427,0,"available_crw"
"254027_0_t1",72,"254027_0_t1_crw_072",9,"254027_0_t1_20240416T110000",2024-04-16 11:00:00,-122.806109805566,37.3789176638593,0,"available_crw"
"254027_0_t1",72,"254027_0_t1_crw_072",10,"254027_0_t1_20240416T170000",2024-04-16 17:00:00,-122.686997640694,37.3135248454413,0,"available_crw"
"254027_0_t1",72,"254027_0_t1_crw_072",11,"254027_0_t1_20240416T230000",2024-04-16 23:00:00,-122.588536994254,37.2561370129684,0,"available_crw"
"254027_0_t1",72,"254027_0_t1_crw_072",12,"254027_0_t1_20240417T050000",2024-04-17 05:00:00,-122.545165774122,37.2235452799275,0,"available_crw"
"254027_0_t1",72,"254027_0_t1_crw_072",13,"254027_0_t1_20240417T110000",2024-04-17 11:00:00,-122.553388392214,37.226736380468,0,"available_crw"
"254027_0_t1",72,"254027_0_t1_crw_072",14,"254027_0_t1_20240417T170000",2024-04-17 17:00:00,-122.61637167388,37.2483192020419,0,"available_crw"
"254027_0_t1",72,"254027_0_t1_crw_072",15,"254027_0_t1_20240417T230000",2024-04-17 23:00:00,-122.762383945119,37.3069426518535,0,"available_crw"
"254027_0_t1",72,"254027_0_t1_crw_072",16,"254027_0_t1_20240418T050000",2024-04-18 05:00:00,-122.697779770554,37.4101894861171,0,"available_crw"
"254027_0_t1",72,"254027_0_t1_crw_072",17,"254027_0_t1_20240418T110000",2024-04-18 11:00:00,-122.669941636571,37.4602768390453,0,"available_crw"
"254027_0_t1",72,"254027_0_t1_crw_072",18,"254027_0_t1_20240418T170000",2024-04-18 17:00:00,-122.668911057017,37.4475680809247,0,"available_crw"
"254027_0_t1",72,"254027_0_t1_crw_072",19,"254027_0_t1_20240418T230000",2024-04-18 23:00:00,-122.672203455697,37.4543890409272,0,"available_crw"
"254027_0_t1",72,"254027_0_t1_crw_072",20,"254027_0_t1_20240419T050000",2024-04-19 05:00:00,-122.699861564134,37.5045451123225,0,"available_crw"
"254027_0_t1",72,"254027_0_t1_crw_072",21,"254027_0_t1_20240419T110000",2024-04-19 11:00:00,-122.801066538291,37.5805855006043,0,"available_crw"
"254027_0_t1",73,"254027_0_t1_crw_073",1,"254027_0_t1_20240414T110000",2024-04-14 11:00:00,-122.8070879,37.5402499,0,"available_crw"
"254027_0_t1",73,"254027_0_t1_crw_073",2,"254027_0_t1_20240414T170000",2024-04-14 17:00:00,-122.937329132655,37.5909481484522,0,"available_crw"
"254027_0_t1",73,"254027_0_t1_crw_073",3,"254027_0_t1_20240414T230000",2024-04-14 23:00:00,-122.947093743489,37.5735624939629,0,"available_crw"
"254027_0_t1",73,"254027_0_t1_crw_073",4,"254027_0_t1_20240415T050000",2024-04-15 05:00:00,-122.999912220022,37.4857399394888,0,"available_crw"
"254027_0_t1",73,"254027_0_t1_crw_073",5,"254027_0_t1_20240415T110000",2024-04-15 11:00:00,-123.026658517109,37.4352723166293,0,"available_crw"
"254027_0_t1",73,"254027_0_t1_crw_073",6,"254027_0_t1_20240415T170000",2024-04-15 17:00:00,-123.160174239038,37.4798878908165,0,"available_crw"
"254027_0_t1",73,"254027_0_t1_crw_073",7,"254027_0_t1_20240415T230000",2024-04-15 23:00:00,-123.15564418428,37.4463859381066,0,"available_crw"
"254027_0_t1",73,"254027_0_t1_crw_073",8,"254027_0_t1_20240416T050000",2024-04-16 05:00:00,-123.159299558471,37.4530884146668,0,"available_crw"
"254027_0_t1",73,"254027_0_t1_crw_073",9,"254027_0_t1_20240416T110000",2024-04-16 11:00:00,-123.215305439121,37.5758048724366,0,"available_crw"
"254027_0_t1",73,"254027_0_t1_crw_073",10,"254027_0_t1_20240416T170000",2024-04-16 17:00:00,-123.204387224214,37.5429925986074,0,"available_crw"
"254027_0_t1",73,"254027_0_t1_crw_073",11,"254027_0_t1_20240416T230000",2024-04-16 23:00:00,-123.234178470353,37.5765952442944,0,"available_crw"
"254027_0_t1",73,"254027_0_t1_crw_073",12,"254027_0_t1_20240417T050000",2024-04-17 05:00:00,-123.200275667379,37.5490527273572,0,"available_crw"
"254027_0_t1",73,"254027_0_t1_crw_073",13,"254027_0_t1_20240417T110000",2024-04-17 11:00:00,-123.213674622579,37.5373065821319,0,"available_crw"
"254027_0_t1",73,"254027_0_t1_crw_073",14,"254027_0_t1_20240417T170000",2024-04-17 17:00:00,-123.195441972658,37.5249851633654,0,"available_crw"
"254027_0_t1",73,"254027_0_t1_crw_073",15,"254027_0_t1_20240417T230000",2024-04-17 23:00:00,-123.207425452498,37.5123086921214,0,"available_crw"
"254027_0_t1",73,"254027_0_t1_crw_073",16,"254027_0_t1_20240418T050000",2024-04-18 05:00:00,-123.204343386614,37.5191925673773,0,"available_crw"
"254027_0_t1",73,"254027_0_t1_crw_073",17,"254027_0_t1_20240418T110000",2024-04-18 11:00:00,-123.213098192921,37.4812672940442,0,"available_crw"
"254027_0_t1",73,"254027_0_t1_crw_073",18,"254027_0_t1_20240418T170000",2024-04-18 17:00:00,-123.238361523588,37.385996123297,0,"available_crw"
"254027_0_t1",73,"254027_0_t1_crw_073",19,"254027_0_t1_20240418T230000",2024-04-18 23:00:00,-123.24267530375,37.3982576925753,0,"available_crw"
"254027_0_t1",73,"254027_0_t1_crw_073",20,"254027_0_t1_20240419T050000",2024-04-19 05:00:00,-123.223869965383,37.4034280153059,0,"available_crw"
"254027_0_t1",73,"254027_0_t1_crw_073",21,"254027_0_t1_20240419T110000",2024-04-19 11:00:00,-123.06604724669,37.4381515502059,0,"available_crw"
"254027_0_t1",74,"254027_0_t1_crw_074",1,"254027_0_t1_20240414T110000",2024-04-14 11:00:00,-122.8070879,37.5402499,0,"available_crw"
"254027_0_t1",74,"254027_0_t1_crw_074",2,"254027_0_t1_20240414T170000",2024-04-14 17:00:00,-122.805673818496,37.5474711608111,0,"available_crw"
"254027_0_t1",74,"254027_0_t1_crw_074",3,"254027_0_t1_20240414T230000",2024-04-14 23:00:00,-122.805384632398,37.5089106523383,0,"available_crw"
"254027_0_t1",74,"254027_0_t1_crw_074",4,"254027_0_t1_20240415T050000",2024-04-15 05:00:00,-123.174101440629,37.4252217595886,0,"available_crw"
"254027_0_t1",74,"254027_0_t1_crw_074",5,"254027_0_t1_20240415T110000",2024-04-15 11:00:00,-123.233040784922,37.4178178708728,0,"available_crw"
"254027_0_t1",74,"254027_0_t1_crw_074",6,"254027_0_t1_20240415T170000",2024-04-15 17:00:00,-123.237282938211,37.4333214913572,0,"available_crw"
"254027_0_t1",74,"254027_0_t1_crw_074",7,"254027_0_t1_20240415T230000",2024-04-15 23:00:00,-123.242733804722,37.4807096233719,0,"available_crw"
"254027_0_t1",74,"254027_0_t1_crw_074",8,"254027_0_t1_20240416T050000",2024-04-16 05:00:00,-123.240822609141,37.5282718122307,0,"available_crw"
"254027_0_t1",74,"254027_0_t1_crw_074",9,"254027_0_t1_20240416T110000",2024-04-16 11:00:00,-123.159606093857,37.4941635066494,0,"available_crw"
"254027_0_t1",74,"254027_0_t1_crw_074",10,"254027_0_t1_20240416T170000",2024-04-16 17:00:00,-123.233599802465,37.4509061113995,0,"available_crw"
"254027_0_t1",74,"254027_0_t1_crw_074",11,"254027_0_t1_20240416T230000",2024-04-16 23:00:00,-123.195258773101,37.4367326467648,0,"available_crw"
"254027_0_t1",74,"254027_0_t1_crw_074",12,"254027_0_t1_20240417T050000",2024-04-17 05:00:00,-123.185943205929,37.4542682803261,0,"available_crw"
"254027_0_t1",74,"254027_0_t1_crw_074",13,"254027_0_t1_20240417T110000",2024-04-17 11:00:00,-123.184647732987,37.4415748396786,0,"available_crw"
"254027_0_t1",74,"254027_0_t1_crw_074",14,"254027_0_t1_20240417T170000",2024-04-17 17:00:00,-123.149401406642,37.4601708743563,0,"available_crw"
"254027_0_t1",74,"254027_0_t1_crw_074",15,"254027_0_t1_20240417T230000",2024-04-17 23:00:00,-123.007341898907,37.5252649342886,0,"available_crw"
"254027_0_t1",74,"254027_0_t1_crw_074",16,"254027_0_t1_20240418T050000",2024-04-18 05:00:00,-122.996434562357,37.5119862469756,0,"available_crw"
"254027_0_t1",74,"254027_0_t1_crw_074",17,"254027_0_t1_20240418T110000",2024-04-18 11:00:00,-123.24918008775,37.2823813011931,0,"available_crw"
"254027_0_t1",74,"254027_0_t1_crw_074",18,"254027_0_t1_20240418T170000",2024-04-18 17:00:00,-123.218421730069,37.305799759208,0,"available_crw"
"254027_0_t1",74,"254027_0_t1_crw_074",19,"254027_0_t1_20240418T230000",2024-04-18 23:00:00,-123.170992640145,37.3453855967934,0,"available_crw"
"254027_0_t1",74,"254027_0_t1_crw_074",20,"254027_0_t1_20240419T050000",2024-04-19 05:00:00,-123.175426214197,37.3331518330469,0,"available_crw"
"254027_0_t1",74,"254027_0_t1_crw_074",21,"254027_0_t1_20240419T110000",2024-04-19 11:00:00,-123.191397565292,37.2798702708479,0,"available_crw"
"254027_0_t1",75,"254027_0_t1_crw_075",1,"254027_0_t1_20240414T110000",2024-04-14 11:00:00,-122.8070879,37.5402499,0,"available_crw"
"254027_0_t1",75,"254027_0_t1_crw_075",2,"254027_0_t1_20240414T170000",2024-04-14 17:00:00,-123.184363011212,37.5967475928563,0,"available_crw"
"254027_0_t1",75,"254027_0_t1_crw_075",3,"254027_0_t1_20240414T230000",2024-04-14 23:00:00,-123.135913846501,37.5958394601628,0,"available_crw"
"254027_0_t1",75,"254027_0_t1_crw_075",4,"254027_0_t1_20240415T050000",2024-04-15 05:00:00,-122.825432827947,37.4983222281665,0,"available_crw"
"254027_0_t1",75,"254027_0_t1_crw_075",5,"254027_0_t1_20240415T110000",2024-04-15 11:00:00,-122.576946579052,37.3213056789949,0,"available_crw"
"254027_0_t1",75,"254027_0_t1_crw_075",6,"254027_0_t1_20240415T170000",2024-04-15 17:00:00,-122.624882794789,37.33635035979,0,"available_crw"
"254027_0_t1",75,"254027_0_t1_crw_075",7,"254027_0_t1_20240415T230000",2024-04-15 23:00:00,-122.61575290026,37.335828336165,0,"available_crw"
"254027_0_t1",75,"254027_0_t1_crw_075",8,"254027_0_t1_20240416T050000",2024-04-16 05:00:00,-122.494402014407,37.3262175577696,0,"available_crw"
"254027_0_t1",75,"254027_0_t1_crw_075",9,"254027_0_t1_20240416T110000",2024-04-16 11:00:00,-122.503365367131,37.3247416928079,0,"available_crw"
"254027_0_t1",75,"254027_0_t1_crw_075",10,"254027_0_t1_20240416T170000",2024-04-16 17:00:00,-122.832725283784,37.3631800769722,0,"available_crw"
"254027_0_t1",75,"254027_0_t1_crw_075",11,"254027_0_t1_20240416T230000",2024-04-16 23:00:00,-122.782345066844,37.3718295083926,0,"available_crw"
"254027_0_t1",75,"254027_0_t1_crw_075",12,"254027_0_t1_20240417T050000",2024-04-17 05:00:00,-122.71596044024,37.3857975743444,0,"available_crw"
"254027_0_t1",75,"254027_0_t1_crw_075",13,"254027_0_t1_20240417T110000",2024-04-17 11:00:00,-122.597124467431,37.408010412382,0,"available_crw"
"254027_0_t1",75,"254027_0_t1_crw_075",14,"254027_0_t1_20240417T170000",2024-04-17 17:00:00,-122.64009596438,37.3852889772648,0,"available_crw"
"254027_0_t1",75,"254027_0_t1_crw_075",15,"254027_0_t1_20240417T230000",2024-04-17 23:00:00,-122.695467269812,37.3529078399922,0,"available_crw"
"254027_0_t1",75,"254027_0_t1_crw_075",16,"254027_0_t1_20240418T050000",2024-04-18 05:00:00,-122.748842546406,37.3184806617817,0,"available_crw"
"254027_0_t1",75,"254027_0_t1_crw_075",17,"254027_0_t1_20240418T110000",2024-04-18 11:00:00,-122.762213416263,37.330219319601,0,"available_crw"
"254027_0_t1",75,"254027_0_t1_crw_075",18,"254027_0_t1_20240418T170000",2024-04-18 17:00:00,-122.888511267442,37.5761576182698,0,"available_crw"
"254027_0_t1",75,"254027_0_t1_crw_075",19,"254027_0_t1_20240418T230000",2024-04-18 23:00:00,-122.882652191344,37.5705302980026,0,"available_crw"
"254027_0_t1",75,"254027_0_t1_crw_075",20,"254027_0_t1_20240419T050000",2024-04-19 05:00:00,-122.919145029068,37.5958979711419,0,"available_crw"
"254027_0_t1",75,"254027_0_t1_crw_075",21,"254027_0_t1_20240419T110000",2024-04-19 11:00:00,-122.88967161447,37.5713616488614,0,"available_crw"
"254027_0_t1",76,"254027_0_t1_crw_076",1,"254027_0_t1_20240414T110000",2024-04-14 11:00:00,-122.8070879,37.5402499,0,"available_crw"
"254027_0_t1",76,"254027_0_t1_crw_076",2,"254027_0_t1_20240414T170000",2024-04-14 17:00:00,-122.805673818496,37.5474711608111,0,"available_crw"
"254027_0_t1",76,"254027_0_t1_crw_076",3,"254027_0_t1_20240414T230000",2024-04-14 23:00:00,-122.829417481297,37.5497663429176,0,"available_crw"
"254027_0_t1",76,"254027_0_t1_crw_076",4,"254027_0_t1_20240415T050000",2024-04-15 05:00:00,-122.779171395271,37.5593265019764,0,"available_crw"
"254027_0_t1",76,"254027_0_t1_crw_076",5,"254027_0_t1_20240415T110000",2024-04-15 11:00:00,-122.719758625592,37.5645760124203,0,"available_crw"
"254027_0_t1",76,"254027_0_t1_crw_076",6,"254027_0_t1_20240415T170000",2024-04-15 17:00:00,-122.744149825902,37.592117367698,0,"available_crw"
"254027_0_t1",76,"254027_0_t1_crw_076",7,"254027_0_t1_20240415T230000",2024-04-15 23:00:00,-122.722810275672,37.5627281057433,0,"available_crw"
"254027_0_t1",76,"254027_0_t1_crw_076",8,"254027_0_t1_20240416T050000",2024-04-16 05:00:00,-122.702509139126,37.5728036623411,0,"available_crw"
"254027_0_t1",76,"254027_0_t1_crw_076",9,"254027_0_t1_20240416T110000",2024-04-16 11:00:00,-122.738981000833,37.5474274293401,0,"available_crw"
"254027_0_t1",76,"254027_0_t1_crw_076",10,"254027_0_t1_20240416T170000",2024-04-16 17:00:00,-122.868729345091,37.4676413311374,0,"available_crw"
"254027_0_t1",76,"254027_0_t1_crw_076",11,"254027_0_t1_20240416T230000",2024-04-16 23:00:00,-122.853490767762,37.4529748789718,0,"available_crw"
"254027_0_t1",76,"254027_0_t1_crw_076",12,"254027_0_t1_20240417T050000",2024-04-17 05:00:00,-122.709270368244,37.3721225819148,0,"available_crw"
"254027_0_t1",76,"254027_0_t1_crw_076",13,"254027_0_t1_20240417T110000",2024-04-17 11:00:00,-122.719747222943,37.3586361161433,0,"available_crw"
"254027_0_t1",76,"254027_0_t1_crw_076",14,"254027_0_t1_20240417T170000",2024-04-17 17:00:00,-122.709533932737,37.3989505418629,0,"available_crw"
"254027_0_t1",76,"254027_0_t1_crw_076",15,"254027_0_t1_20240417T230000",2024-04-17 23:00:00,-122.711411693331,37.3604176715669,0,"available_crw"
"254027_0_t1",76,"254027_0_t1_crw_076",16,"254027_0_t1_20240418T050000",2024-04-18 05:00:00,-122.719390573876,37.2632468461233,0,"available_crw"
"254027_0_t1",76,"254027_0_t1_crw_076",17,"254027_0_t1_20240418T110000",2024-04-18 11:00:00,-122.740084459993,37.1337198644429,0,"available_crw"
"254027_0_t1",76,"254027_0_t1_crw_076",18,"254027_0_t1_20240418T170000",2024-04-18 17:00:00,-122.75985858326,37.1348076632333,0,"available_crw"
"254027_0_t1",76,"254027_0_t1_crw_076",19,"254027_0_t1_20240418T230000",2024-04-18 23:00:00,-122.71057892831,37.1464428150858,0,"available_crw"
"254027_0_t1",76,"254027_0_t1_crw_076",20,"254027_0_t1_20240419T050000",2024-04-19 05:00:00,-122.603391257879,37.2165997741456,0,"available_crw"
"254027_0_t1",76,"254027_0_t1_crw_076",21,"254027_0_t1_20240419T110000",2024-04-19 11:00:00,-122.292306989321,37.0395718524185,0,"available_crw"
"254027_0_t1",77,"254027_0_t1_crw_077",1,"254027_0_t1_20240414T110000",2024-04-14 11:00:00,-122.8070879,37.5402499,0,"available_crw"
"254027_0_t1",77,"254027_0_t1_crw_077",2,"254027_0_t1_20240414T170000",2024-04-14 17:00:00,-122.834551631328,37.4900214245748,0,"available_crw"
"254027_0_t1",77,"254027_0_t1_crw_077",3,"254027_0_t1_20240414T230000",2024-04-14 23:00:00,-122.864935643974,37.4490575745734,0,"available_crw"
"254027_0_t1",77,"254027_0_t1_crw_077",4,"254027_0_t1_20240415T050000",2024-04-15 05:00:00,-123.038795622095,37.2366206876599,0,"available_crw"
"254027_0_t1",77,"254027_0_t1_crw_077",5,"254027_0_t1_20240415T110000",2024-04-15 11:00:00,-122.996767392414,37.2341137817661,0,"available_crw"
"254027_0_t1",77,"254027_0_t1_crw_077",6,"254027_0_t1_20240415T170000",2024-04-15 17:00:00,-123.011392358065,37.2290688495246,0,"available_crw"
"254027_0_t1",77,"254027_0_t1_crw_077",7,"254027_0_t1_20240415T230000",2024-04-15 23:00:00,-123.007240298938,37.3021341696858,0,"available_crw"
"254027_0_t1",77,"254027_0_t1_crw_077",8,"254027_0_t1_20240416T050000",2024-04-16 05:00:00,-122.987377060112,37.3023370131766,0,"available_crw"
"254027_0_t1",77,"254027_0_t1_crw_077",9,"254027_0_t1_20240416T110000",2024-04-16 11:00:00,-123.034922949468,37.2956765627152,0,"available_crw"
"254027_0_t1",77,"254027_0_t1_crw_077",10,"254027_0_t1_20240416T170000",2024-04-16 17:00:00,-123.022286494944,37.3034413927667,0,"available_crw"
"254027_0_t1",77,"254027_0_t1_crw_077",11,"254027_0_t1_20240416T230000",2024-04-16 23:00:00,-123.009281173929,37.2914467010373,0,"available_crw"
"254027_0_t1",77,"254027_0_t1_crw_077",12,"254027_0_t1_20240417T050000",2024-04-17 05:00:00,-123.0235098101,37.2803755423803,0,"available_crw"
"254027_0_t1",77,"254027_0_t1_crw_077",13,"254027_0_t1_20240417T110000",2024-04-17 11:00:00,-123.006317670169,37.2671874300184,0,"available_crw"
"254027_0_t1",77,"254027_0_t1_crw_077",14,"254027_0_t1_20240417T170000",2024-04-17 17:00:00,-123.021619274343,37.2707444427736,0,"available_crw"
"254027_0_t1",77,"254027_0_t1_crw_077",15,"254027_0_t1_20240417T230000",2024-04-17 23:00:00,-123.137720589991,37.300362450128,0,"available_crw"
"254027_0_t1",77,"254027_0_t1_crw_077",16,"254027_0_t1_20240418T050000",2024-04-18 05:00:00,-123.129543135492,37.2673049850282,0,"available_crw"
"254027_0_t1",77,"254027_0_t1_crw_077",17,"254027_0_t1_20240418T110000",2024-04-18 11:00:00,-123.097251161772,37.2889757218274,0,"available_crw"
"254027_0_t1",77,"254027_0_t1_crw_077",18,"254027_0_t1_20240418T170000",2024-04-18 17:00:00,-122.965696241665,37.3665262784942,0,"available_crw"
"254027_0_t1",77,"254027_0_t1_crw_077",19,"254027_0_t1_20240418T230000",2024-04-18 23:00:00,-122.972688774954,37.35507889967,0,"available_crw"
"254027_0_t1",77,"254027_0_t1_crw_077",20,"254027_0_t1_20240419T050000",2024-04-19 05:00:00,-122.973139765222,37.3678094314572,0,"available_crw"
"254027_0_t1",77,"254027_0_t1_crw_077",21,"254027_0_t1_20240419T110000",2024-04-19 11:00:00,-122.889667431396,37.3376592801052,0,"available_crw"
"254027_0_t1",78,"254027_0_t1_crw_078",1,"254027_0_t1_20240414T110000",2024-04-14 11:00:00,-122.8070879,37.5402499,0,"available_crw"
"254027_0_t1",78,"254027_0_t1_crw_078",2,"254027_0_t1_20240414T170000",2024-04-14 17:00:00,-122.937329132655,37.5909481484522,0,"available_crw"
"254027_0_t1",78,"254027_0_t1_crw_078",3,"254027_0_t1_20240414T230000",2024-04-14 23:00:00,-122.947093743489,37.5735624939629,0,"available_crw"
"254027_0_t1",78,"254027_0_t1_crw_078",4,"254027_0_t1_20240415T050000",2024-04-15 05:00:00,-123.179063419516,37.3826521305425,0,"available_crw"
"254027_0_t1",78,"254027_0_t1_crw_078",5,"254027_0_t1_20240415T110000",2024-04-15 11:00:00,-123.158387256303,37.4203297408623,0,"available_crw"
"254027_0_t1",78,"254027_0_t1_crw_078",6,"254027_0_t1_20240415T170000",2024-04-15 17:00:00,-123.139729562729,37.4148204250356,0,"available_crw"
"254027_0_t1",78,"254027_0_t1_crw_078",7,"254027_0_t1_20240415T230000",2024-04-15 23:00:00,-123.148880232396,37.4151991003327,0,"available_crw"
"254027_0_t1",78,"254027_0_t1_crw_078",8,"254027_0_t1_20240416T050000",2024-04-16 05:00:00,-123.130442799255,37.3848827142732,0,"available_crw"
"254027_0_t1",78,"254027_0_t1_crw_078",9,"254027_0_t1_20240416T110000",2024-04-16 11:00:00,-123.097656759689,37.3367499684055,0,"available_crw"
"254027_0_t1",78,"254027_0_t1_crw_078",10,"254027_0_t1_20240416T170000",2024-04-16 17:00:00,-122.959297587182,37.1083682336007,0,"available_crw"
"254027_0_t1",78,"254027_0_t1_crw_078",11,"254027_0_t1_20240416T230000",2024-04-16 23:00:00,-122.965539962802,37.1137000530374,0,"available_crw"
"254027_0_t1",78,"254027_0_t1_crw_078",12,"254027_0_t1_20240417T050000",2024-04-17 05:00:00,-123.014632648541,37.1518694567797,0,"available_crw"
"254027_0_t1",78,"254027_0_t1_crw_078",13,"254027_0_t1_20240417T110000",2024-04-17 11:00:00,-122.830618709582,37.4197601507507,0,"available_crw"
"254027_0_t1",78,"254027_0_t1_crw_078",14,"254027_0_t1_20240417T170000",2024-04-17 17:00:00,-122.838187512838,37.3790756824365,0,"available_crw"
"254027_0_t1",78,"254027_0_t1_crw_078",15,"254027_0_t1_20240417T230000",2024-04-17 23:00:00,-122.8388331172,37.4176343312624,0,"available_crw"
"254027_0_t1",78,"254027_0_t1_crw_078",16,"254027_0_t1_20240418T050000",2024-04-18 05:00:00,-122.470522028543,37.5023422742463,0,"available_crw"
"254027_0_t1",78,"254027_0_t1_crw_078",17,"254027_0_t1_20240418T110000",2024-04-18 11:00:00,-122.463933338202,37.4873678976533,0,"available_crw"
"254027_0_t1",78,"254027_0_t1_crw_078",18,"254027_0_t1_20240418T170000",2024-04-18 17:00:00,-122.600442349192,37.4489011262158,0,"available_crw"
"254027_0_t1",78,"254027_0_t1_crw_078",19,"254027_0_t1_20240418T230000",2024-04-18 23:00:00,-122.93376280714,37.4510148136326,0,"available_crw"
"254027_0_t1",78,"254027_0_t1_crw_078",20,"254027_0_t1_20240419T050000",2024-04-19 05:00:00,-122.933104821191,37.4319782335501,0,"available_crw"
"254027_0_t1",78,"254027_0_t1_crw_078",21,"254027_0_t1_20240419T110000",2024-04-19 11:00:00,-123.016688005941,37.4621170824302,0,"available_crw"
"254027_0_t1",79,"254027_0_t1_crw_079",1,"254027_0_t1_20240414T110000",2024-04-14 11:00:00,-122.8070879,37.5402499,0,"available_crw"
"254027_0_t1",79,"254027_0_t1_crw_079",2,"254027_0_t1_20240414T170000",2024-04-14 17:00:00,-122.764816265116,37.5417972638948,0,"available_crw"
"254027_0_t1",79,"254027_0_t1_crw_079",3,"254027_0_t1_20240414T230000",2024-04-14 23:00:00,-122.646306083302,37.2512142901493,0,"available_crw"
"254027_0_t1",79,"254027_0_t1_crw_079",4,"254027_0_t1_20240415T050000",2024-04-15 05:00:00,-122.61183130206,37.1578194704483,0,"available_crw"
"254027_0_t1",79,"254027_0_t1_crw_079",5,"254027_0_t1_20240415T110000",2024-04-15 11:00:00,-122.589248362522,37.1638201271886,0,"available_crw"
"254027_0_t1",79,"254027_0_t1_crw_079",6,"254027_0_t1_20240415T170000",2024-04-15 17:00:00,-122.442883220562,37.2416938871007,0,"available_crw"
"254027_0_t1",79,"254027_0_t1_crw_079",7,"254027_0_t1_20240415T230000",2024-04-15 23:00:00,-122.456724584534,37.2571934869608,0,"available_crw"
"254027_0_t1",79,"254027_0_t1_crw_079",8,"254027_0_t1_20240416T050000",2024-04-16 05:00:00,-122.449434673599,37.2527820302387,0,"available_crw"
"254027_0_t1",79,"254027_0_t1_crw_079",9,"254027_0_t1_20240416T110000",2024-04-16 11:00:00,-122.406777568861,37.2195959090302,0,"available_crw"
"254027_0_t1",79,"254027_0_t1_crw_079",10,"254027_0_t1_20240416T170000",2024-04-16 17:00:00,-122.2631101476,36.9800476495706,0,"available_crw"
"254027_0_t1",79,"254027_0_t1_crw_079",11,"254027_0_t1_20240416T230000",2024-04-16 23:00:00,-122.280415286919,36.9723632655415,0,"available_crw"
"254027_0_t1",79,"254027_0_t1_crw_079",12,"254027_0_t1_20240417T050000",2024-04-17 05:00:00,-122.547692380637,37.1903689766987,0,"available_crw"
"254027_0_t1",79,"254027_0_t1_crw_079",13,"254027_0_t1_20240417T110000",2024-04-17 11:00:00,-122.559704130721,37.158071866701,0,"available_crw"
"254027_0_t1",79,"254027_0_t1_crw_079",14,"254027_0_t1_20240417T170000",2024-04-17 17:00:00,-122.583535666102,37.1144752606479,0,"available_crw"
"254027_0_t1",79,"254027_0_t1_crw_079",15,"254027_0_t1_20240417T230000",2024-04-17 23:00:00,-122.580615315738,37.1555401396748,0,"available_crw"
"254027_0_t1",79,"254027_0_t1_crw_079",16,"254027_0_t1_20240418T050000",2024-04-18 05:00:00,-122.617371174414,37.2930460567019,0,"available_crw"
"254027_0_t1",79,"254027_0_t1_crw_079",17,"254027_0_t1_20240418T110000",2024-04-18 11:00:00,-122.622568252412,37.3404523542309,0,"available_crw"
"254027_0_t1",79,"254027_0_t1_crw_079",18,"254027_0_t1_20240418T170000",2024-04-18 17:00:00,-122.631735508887,37.394748112793,0,"available_crw"
"254027_0_t1",79,"254027_0_t1_crw_079",19,"254027_0_t1_20240418T230000",2024-04-18 23:00:00,-122.54471033203,37.3717974870705,0,"available_crw"
"254027_0_t1",79,"254027_0_t1_crw_079",20,"254027_0_t1_20240419T050000",2024-04-19 05:00:00,-122.583730463331,37.3853102091834,0,"available_crw"
"254027_0_t1",79,"254027_0_t1_crw_079",21,"254027_0_t1_20240419T110000",2024-04-19 11:00:00,-122.576892840296,37.4002112914721,0,"available_crw"
"254027_0_t1",80,"254027_0_t1_crw_080",1,"254027_0_t1_20240414T110000",2024-04-14 11:00:00,-122.8070879,37.5402499,0,"available_crw"
"254027_0_t1",80,"254027_0_t1_crw_080",2,"254027_0_t1_20240414T170000",2024-04-14 17:00:00,-122.863489404017,37.5979862852497,0,"available_crw"
"254027_0_t1",80,"254027_0_t1_crw_080",3,"254027_0_t1_20240414T230000",2024-04-14 23:00:00,-122.848926484888,37.5927032731266,0,"available_crw"
"254027_0_t1",80,"254027_0_t1_crw_080",4,"254027_0_t1_20240415T050000",2024-04-15 05:00:00,-122.900481071982,37.5956628633998,0,"available_crw"
"254027_0_t1",80,"254027_0_t1_crw_080",5,"254027_0_t1_20240415T110000",2024-04-15 11:00:00,-122.858381110444,37.5901896104998,0,"available_crw"
"254027_0_t1",80,"254027_0_t1_crw_080",6,"254027_0_t1_20240415T170000",2024-04-15 17:00:00,-122.860448406785,37.5744070297749,0,"available_crw"
"254027_0_t1",80,"254027_0_t1_crw_080",7,"254027_0_t1_20240415T230000",2024-04-15 23:00:00,-122.907870174818,37.3234767595475,0,"available_crw"
"254027_0_t1",80,"254027_0_t1_crw_080",8,"254027_0_t1_20240416T050000",2024-04-16 05:00:00,-122.983394161173,37.3648722399064,0,"available_crw"
"254027_0_t1",80,"254027_0_t1_crw_080",9,"254027_0_t1_20240416T110000",2024-04-16 11:00:00,-122.973120769797,37.3784585996453,0,"available_crw"
"254027_0_t1",80,"254027_0_t1_crw_080",10,"254027_0_t1_20240416T170000",2024-04-16 17:00:00,-122.879948489291,37.4858348256144,0,"available_crw"
"254027_0_t1",80,"254027_0_t1_crw_080",11,"254027_0_t1_20240416T230000",2024-04-16 23:00:00,-122.862947872422,37.477573132855,0,"available_crw"
"254027_0_t1",80,"254027_0_t1_crw_080",12,"254027_0_t1_20240417T050000",2024-04-17 05:00:00,-122.91361162896,37.4854164502869,0,"available_crw"
"254027_0_t1",80,"254027_0_t1_crw_080",13,"254027_0_t1_20240417T110000",2024-04-17 11:00:00,-122.981647926788,37.4933163243729,0,"available_crw"
"254027_0_t1",80,"254027_0_t1_crw_080",14,"254027_0_t1_20240417T170000",2024-04-17 17:00:00,-122.984285186367,37.4743889648996,0,"available_crw"
"254027_0_t1",80,"254027_0_t1_crw_080",15,"254027_0_t1_20240417T230000",2024-04-17 23:00:00,-122.945223524719,37.4872882211057,0,"available_crw"
"254027_0_t1",80,"254027_0_t1_crw_080",16,"254027_0_t1_20240418T050000",2024-04-18 05:00:00,-122.790160118077,37.5296030832979,0,"available_crw"
"254027_0_t1",80,"254027_0_t1_crw_080",17,"254027_0_t1_20240418T110000",2024-04-18 11:00:00,-122.726150787083,37.5496899927275,0,"available_crw"
"254027_0_t1",80,"254027_0_t1_crw_080",18,"254027_0_t1_20240418T170000",2024-04-18 17:00:00,-122.733300415576,37.5451065082399,0,"available_crw"
"254027_0_t1",80,"254027_0_t1_crw_080",19,"254027_0_t1_20240418T230000",2024-04-18 23:00:00,-122.726909582511,37.5567809960682,0,"available_crw"
"254027_0_t1",80,"254027_0_t1_crw_080",20,"254027_0_t1_20240419T050000",2024-04-19 05:00:00,-122.725777427452,37.5440778151933,0,"available_crw"
"254027_0_t1",80,"254027_0_t1_crw_080",21,"254027_0_t1_20240419T110000",2024-04-19 11:00:00,-122.724294969535,37.4135088471383,0,"available_crw"
"254027_0_t1",81,"254027_0_t1_crw_081",1,"254027_0_t1_20240414T110000",2024-04-14 11:00:00,-122.8070879,37.5402499,0,"available_crw"
"254027_0_t1",81,"254027_0_t1_crw_081",2,"254027_0_t1_20240414T170000",2024-04-14 17:00:00,-122.764816265116,37.5417972638948,0,"available_crw"
"254027_0_t1",81,"254027_0_t1_crw_081",3,"254027_0_t1_20240414T230000",2024-04-14 23:00:00,-122.642545428077,37.5435871875812,0,"available_crw"
"254027_0_t1",81,"254027_0_t1_crw_081",4,"254027_0_t1_20240415T050000",2024-04-15 05:00:00,-122.685065237644,37.5460297759089,0,"available_crw"
"254027_0_t1",81,"254027_0_t1_crw_081",5,"254027_0_t1_20240415T110000",2024-04-15 11:00:00,-122.667360967465,37.5154261563771,0,"available_crw"
"254027_0_t1",81,"254027_0_t1_crw_081",6,"254027_0_t1_20240415T170000",2024-04-15 17:00:00,-122.680019280211,37.5232061041359,0,"available_crw"
"254027_0_t1",81,"254027_0_t1_crw_081",7,"254027_0_t1_20240415T230000",2024-04-15 23:00:00,-122.637460127881,37.5048306935538,0,"available_crw"
"254027_0_t1",81,"254027_0_t1_crw_081",8,"254027_0_t1_20240416T050000",2024-04-16 05:00:00,-122.646461797905,37.5062403551796,0,"available_crw"
"254027_0_t1",81,"254027_0_t1_crw_081",9,"254027_0_t1_20240416T110000",2024-04-16 11:00:00,-122.598085826846,37.5049431268443,0,"available_crw"
"254027_0_t1",81,"254027_0_t1_crw_081",10,"254027_0_t1_20240416T170000",2024-04-16 17:00:00,-122.476091337866,37.4989843175373,0,"available_crw"
"254027_0_t1",81,"254027_0_t1_crw_081",11,"254027_0_t1_20240416T230000",2024-04-16 23:00:00,-122.518207592562,37.5041117319174,0,"available_crw"
"254027_0_t1",81,"254027_0_t1_crw_081",12,"254027_0_t1_20240417T050000",2024-04-17 05:00:00,-122.638529409125,37.5213010116887,0,"available_crw"
"254027_0_t1",81,"254027_0_t1_crw_081",13,"254027_0_t1_20240417T110000",2024-04-17 11:00:00,-122.797886559989,37.5520535290726,0,"available_crw"
"254027_0_t1",81,"254027_0_t1_crw_081",14,"254027_0_t1_20240417T170000",2024-04-17 17:00:00,-122.865465054509,37.5624004679037,0,"available_crw"
"254027_0_t1",81,"254027_0_t1_crw_081",15,"254027_0_t1_20240417T230000",2024-04-17 23:00:00,-122.856342651688,37.5632252221246,0,"available_crw"
"254027_0_t1",81,"254027_0_t1_crw_081",16,"254027_0_t1_20240418T050000",2024-04-18 05:00:00,-122.692515324596,37.5698016058574,0,"available_crw"
"254027_0_t1",81,"254027_0_t1_crw_081",17,"254027_0_t1_20240418T110000",2024-04-18 11:00:00,-122.735125890017,37.5711670863883,0,"available_crw"
"254027_0_t1",81,"254027_0_t1_crw_081",18,"254027_0_t1_20240418T170000",2024-04-18 17:00:00,-122.907160754767,37.5393588637395,0,"available_crw"
"254027_0_t1",81,"254027_0_t1_crw_081",19,"254027_0_t1_20240418T230000",2024-04-18 23:00:00,-122.878865372005,37.5143077317229,0,"available_crw"
"254027_0_t1",81,"254027_0_t1_crw_081",20,"254027_0_t1_20240419T050000",2024-04-19 05:00:00,-122.864961968324,37.5461321563652,0,"available_crw"
"254027_0_t1",81,"254027_0_t1_crw_081",21,"254027_0_t1_20240419T110000",2024-04-19 11:00:00,-122.838501755062,37.5888033953197,0,"available_crw"
"254027_0_t1",82,"254027_0_t1_crw_082",1,"254027_0_t1_20240414T110000",2024-04-14 11:00:00,-122.8070879,37.5402499,0,"available_crw"
"254027_0_t1",82,"254027_0_t1_crw_082",2,"254027_0_t1_20240414T170000",2024-04-14 17:00:00,-122.792918319851,37.5771240995815,0,"available_crw"
"254027_0_t1",82,"254027_0_t1_crw_082",3,"254027_0_t1_20240414T230000",2024-04-14 23:00:00,-122.83435030074,37.5702025260929,0,"available_crw"
"254027_0_t1",82,"254027_0_t1_crw_082",4,"254027_0_t1_20240415T050000",2024-04-15 05:00:00,-122.996624116933,37.5511817642994,0,"available_crw"
"254027_0_t1",82,"254027_0_t1_crw_082",5,"254027_0_t1_20240415T110000",2024-04-15 11:00:00,-122.988357337957,37.5543593652172,0,"available_crw"
"254027_0_t1",82,"254027_0_t1_crw_082",6,"254027_0_t1_20240415T170000",2024-04-15 17:00:00,-123.022875989037,37.5738620749055,0,"available_crw"
"254027_0_t1",82,"254027_0_t1_crw_082",7,"254027_0_t1_20240415T230000",2024-04-15 23:00:00,-122.979396727564,37.5568592450837,0,"available_crw"
"254027_0_t1",82,"254027_0_t1_crw_082",8,"254027_0_t1_20240416T050000",2024-04-16 05:00:00,-122.92942640797,37.5307569034642,0,"available_crw"
"254027_0_t1",82,"254027_0_t1_crw_082",9,"254027_0_t1_20240416T110000",2024-04-16 11:00:00,-122.829108377363,37.4751263788372,0,"available_crw"
"254027_0_t1",82,"254027_0_t1_crw_082",10,"254027_0_t1_20240416T170000",2024-04-16 17:00:00,-122.730839778576,37.4173007255422,0,"available_crw"
"254027_0_t1",82,"254027_0_t1_crw_082",11,"254027_0_t1_20240416T230000",2024-04-16 23:00:00,-122.673778729796,37.3868157107154,0,"available_crw"
"254027_0_t1",82,"254027_0_t1_crw_082",12,"254027_0_t1_20240417T050000",2024-04-17 05:00:00,-122.615046465988,37.3584529752371,0,"available_crw"
"254027_0_t1",82,"254027_0_t1_crw_082",13,"254027_0_t1_20240417T110000",2024-04-17 11:00:00,-122.55476699452,37.332271591665,0,"available_crw"
"254027_0_t1",82,"254027_0_t1_crw_082",14,"254027_0_t1_20240417T170000",2024-04-17 17:00:00,-122.623535356121,37.2307832286424,0,"available_crw"
"254027_0_t1",82,"254027_0_t1_crw_082",15,"254027_0_t1_20240417T230000",2024-04-17 23:00:00,-122.641512860411,37.2375063660221,0,"available_crw"
"254027_0_t1",82,"254027_0_t1_crw_082",16,"254027_0_t1_20240418T050000",2024-04-18 05:00:00,-122.590243969841,37.2341325039208,0,"available_crw"
"254027_0_t1",82,"254027_0_t1_crw_082",17,"254027_0_t1_20240418T110000",2024-04-18 11:00:00,-122.639770567624,37.2230261417968,0,"available_crw"
"254027_0_t1",82,"254027_0_t1_crw_082",18,"254027_0_t1_20240418T170000",2024-04-18 17:00:00,-122.698603690169,37.2158897499274,0,"available_crw"
"254027_0_t1",82,"254027_0_t1_crw_082",19,"254027_0_t1_20240418T230000",2024-04-18 23:00:00,-122.702724003915,37.2314128665604,0,"available_crw"
"254027_0_t1",82,"254027_0_t1_crw_082",20,"254027_0_t1_20240419T050000",2024-04-19 05:00:00,-122.782072430718,37.3222788862819,0,"available_crw"
"254027_0_t1",82,"254027_0_t1_crw_082",21,"254027_0_t1_20240419T110000",2024-04-19 11:00:00,-122.760972034062,37.2928135109737,0,"available_crw"
"254027_0_t1",83,"254027_0_t1_crw_083",1,"254027_0_t1_20240414T110000",2024-04-14 11:00:00,-122.8070879,37.5402499,0,"available_crw"
"254027_0_t1",83,"254027_0_t1_crw_083",2,"254027_0_t1_20240414T170000",2024-04-14 17:00:00,-122.840401933194,37.4021715316802,0,"available_crw"
"254027_0_t1",83,"254027_0_t1_crw_083",3,"254027_0_t1_20240414T230000",2024-04-14 23:00:00,-122.82678188502,37.2619812468742,0,"available_crw"
"254027_0_t1",83,"254027_0_t1_crw_083",4,"254027_0_t1_20240415T050000",2024-04-15 05:00:00,-122.816842218132,37.0083304745863,0,"available_crw"
"254027_0_t1",83,"254027_0_t1_crw_083",5,"254027_0_t1_20240415T110000",2024-04-15 11:00:00,-122.826021577384,37.0461861597635,0,"available_crw"
"254027_0_t1",83,"254027_0_t1_crw_083",6,"254027_0_t1_20240415T170000",2024-04-15 17:00:00,-122.849176567772,37.0419197771835,0,"available_crw"
"254027_0_t1",83,"254027_0_t1_crw_083",7,"254027_0_t1_20240415T230000",2024-04-15 23:00:00,-122.837105084603,37.0502012630701,0,"available_crw"
"254027_0_t1",83,"254027_0_t1_crw_083",8,"254027_0_t1_20240416T050000",2024-04-16 05:00:00,-122.868173616196,37.0207590812173,0,"available_crw"
"254027_0_t1",83,"254027_0_t1_crw_083",9,"254027_0_t1_20240416T110000",2024-04-16 11:00:00,-122.909798031503,36.9773150556434,0,"available_crw"
"254027_0_t1",83,"254027_0_t1_crw_083",10,"254027_0_t1_20240416T170000",2024-04-16 17:00:00,-122.944632444493,36.8700925202658,0,"available_crw"
"254027_0_t1",83,"254027_0_t1_crw_083",11,"254027_0_t1_20240416T230000",2024-04-16 23:00:00,-122.930338639048,36.9020398081212,0,"available_crw"
"254027_0_t1",83,"254027_0_t1_crw_083",12,"254027_0_t1_20240417T050000",2024-04-17 05:00:00,-122.865887603954,37.0219475680841,0,"available_crw"
"254027_0_t1",83,"254027_0_t1_crw_083",13,"254027_0_t1_20240417T110000",2024-04-17 11:00:00,-122.841734810186,37.073203295235,0,"available_crw"
"254027_0_t1",83,"254027_0_t1_crw_083",14,"254027_0_t1_20240417T170000",2024-04-17 17:00:00,-122.795704108883,37.1633404362475,0,"available_crw"
"254027_0_t1",83,"254027_0_t1_crw_083",15,"254027_0_t1_20240417T230000",2024-04-17 23:00:00,-122.806579837931,37.1257723850559,0,"available_crw"
"254027_0_t1",83,"254027_0_t1_crw_083",16,"254027_0_t1_20240418T050000",2024-04-18 05:00:00,-122.891943645221,36.8814004086884,0,"available_crw"
"254027_0_t1",83,"254027_0_t1_crw_083",17,"254027_0_t1_20240418T110000",2024-04-18 11:00:00,-122.874502516924,36.7714792431937,0,"available_crw"
"254027_0_t1",83,"254027_0_t1_crw_083",18,"254027_0_t1_20240418T170000",2024-04-18 17:00:00,-122.862419887062,36.674576295553,0,"available_crw"
"254027_0_t1",83,"254027_0_t1_crw_083",19,"254027_0_t1_20240418T230000",2024-04-18 23:00:00,-122.79659078873,36.5772898587188,0,"available_crw"
"254027_0_t1",83,"254027_0_t1_crw_083",20,"254027_0_t1_20240419T050000",2024-04-19 05:00:00,-122.813289385139,36.5688951854818,0,"available_crw"
"254027_0_t1",83,"254027_0_t1_crw_083",21,"254027_0_t1_20240419T110000",2024-04-19 11:00:00,-122.775709180334,36.5841875202341,0,"available_crw"
"254027_0_t1",84,"254027_0_t1_crw_084",1,"254027_0_t1_20240414T110000",2024-04-14 11:00:00,-122.8070879,37.5402499,0,"available_crw"
"254027_0_t1",84,"254027_0_t1_crw_084",2,"254027_0_t1_20240414T170000",2024-04-14 17:00:00,-122.937329132655,37.5909481484522,0,"available_crw"
"254027_0_t1",84,"254027_0_t1_crw_084",3,"254027_0_t1_20240414T230000",2024-04-14 23:00:00,-122.935235508055,37.5572939508039,0,"available_crw"
"254027_0_t1",84,"254027_0_t1_crw_084",4,"254027_0_t1_20240415T050000",2024-04-15 05:00:00,-122.874887832459,37.4574680955749,0,"available_crw"
"254027_0_t1",84,"254027_0_t1_crw_084",5,"254027_0_t1_20240415T110000",2024-04-15 11:00:00,-122.853720636544,37.4662979177691,0,"available_crw"
"254027_0_t1",84,"254027_0_t1_crw_084",6,"254027_0_t1_20240415T170000",2024-04-15 17:00:00,-122.888969921695,37.4849043552774,0,"available_crw"
"254027_0_t1",84,"254027_0_t1_crw_084",7,"254027_0_t1_20240415T230000",2024-04-15 23:00:00,-122.934342949485,37.5158515619696,0,"available_crw"
"254027_0_t1",84,"254027_0_t1_crw_084",8,"254027_0_t1_20240416T050000",2024-04-16 05:00:00,-122.988650107053,37.5494826408712,0,"available_crw"
"254027_0_t1",84,"254027_0_t1_crw_084",9,"254027_0_t1_20240416T110000",2024-04-16 11:00:00,-123.030985316417,37.5830807518361,0,"available_crw"
"254027_0_t1",84,"254027_0_t1_crw_084",10,"254027_0_t1_20240416T170000",2024-04-16 17:00:00,-123.003610606191,37.5570533718763,0,"available_crw"
"254027_0_t1",84,"254027_0_t1_crw_084",11,"254027_0_t1_20240416T230000",2024-04-16 23:00:00,-123.048498056215,37.5774238287976,0,"available_crw"
"254027_0_t1",84,"254027_0_t1_crw_084",12,"254027_0_t1_20240417T050000",2024-04-17 05:00:00,-123.039527074866,37.5758632638985,0,"available_crw"
"254027_0_t1",84,"254027_0_t1_crw_084",13,"254027_0_t1_20240417T110000",2024-04-17 11:00:00,-123.035207300213,37.5945937606379,0,"available_crw"
"254027_0_t1",84,"254027_0_t1_crw_084",14,"254027_0_t1_20240417T170000",2024-04-17 17:00:00,-123.046643203351,37.5618927568718,0,"available_crw"
"254027_0_t1",84,"254027_0_t1_crw_084",15,"254027_0_t1_20240417T230000",2024-04-17 23:00:00,-123.100199466015,37.4384865105962,0,"available_crw"
"254027_0_t1",84,"254027_0_t1_crw_084",16,"254027_0_t1_20240418T050000",2024-04-18 05:00:00,-123.102575317234,37.4510802705353,0,"available_crw"
"254027_0_t1",84,"254027_0_t1_crw_084",17,"254027_0_t1_20240418T110000",2024-04-18 11:00:00,-123.117535448586,37.5477252040532,0,"available_crw"
"254027_0_t1",84,"254027_0_t1_crw_084",18,"254027_0_t1_20240418T170000",2024-04-18 17:00:00,-123.141159859266,37.5447541060814,0,"available_crw"
"254027_0_t1",84,"254027_0_t1_crw_084",19,"254027_0_t1_20240418T230000",2024-04-18 23:00:00,-123.208538016242,37.5336721899822,0,"available_crw"
"254027_0_t1",84,"254027_0_t1_crw_084",20,"254027_0_t1_20240419T050000",2024-04-19 05:00:00,-123.213706675934,37.5489973388158,0,"available_crw"
"254027_0_t1",84,"254027_0_t1_crw_084",21,"254027_0_t1_20240419T110000",2024-04-19 11:00:00,-123.236581956174,37.5434377793693,0,"available_crw"
"254027_0_t1",85,"254027_0_t1_crw_085",1,"254027_0_t1_20240414T110000",2024-04-14 11:00:00,-122.8070879,37.5402499,0,"available_crw"
"254027_0_t1",85,"254027_0_t1_crw_085",2,"254027_0_t1_20240414T170000",2024-04-14 17:00:00,-123.184363011212,37.5967475928563,0,"available_crw"
"254027_0_t1",85,"254027_0_t1_crw_085",3,"254027_0_t1_20240414T230000",2024-04-14 23:00:00,-123.18794369558,37.5779186968891,0,"available_crw"
"254027_0_t1",85,"254027_0_t1_crw_085",4,"254027_0_t1_20240415T050000",2024-04-15 05:00:00,-123.207797782264,37.5793729069673,0,"available_crw"
"254027_0_t1",85,"254027_0_t1_crw_085",5,"254027_0_t1_20240415T110000",2024-04-15 11:00:00,-123.190852853742,37.5484951875759,0,"available_crw"
"254027_0_t1",85,"254027_0_t1_crw_085",6,"254027_0_t1_20240415T170000",2024-04-15 17:00:00,-123.170414119409,37.2832430846539,0,"available_crw"
"254027_0_t1",85,"254027_0_t1_crw_085",7,"254027_0_t1_20240415T230000",2024-04-15 23:00:00,-123.146687251629,37.2850473826359,0,"available_crw"
"254027_0_t1",85,"254027_0_t1_crw_085",8,"254027_0_t1_20240416T050000",2024-04-16 05:00:00,-122.982006954077,37.3347370490869,0,"available_crw"
"254027_0_t1",85,"254027_0_t1_crw_085",9,"254027_0_t1_20240416T110000",2024-04-16 11:00:00,-122.679460860237,37.4128178514438,0,"available_crw"
"254027_0_t1",85,"254027_0_t1_crw_085",10,"254027_0_t1_20240416T170000",2024-04-16 17:00:00,-122.562245465253,37.4400890951075,0,"available_crw"
"254027_0_t1",85,"254027_0_t1_crw_085",11,"254027_0_t1_20240416T230000",2024-04-16 23:00:00,-122.592179675264,37.4638771467949,0,"available_crw"
"254027_0_t1",85,"254027_0_t1_crw_085",12,"254027_0_t1_20240417T050000",2024-04-17 05:00:00,-122.643094513293,37.5006895537955,0,"available_crw"
"254027_0_t1",85,"254027_0_t1_crw_085",13,"254027_0_t1_20240417T110000",2024-04-17 11:00:00,-122.757616295443,37.5941499129152,0,"available_crw"
"254027_0_t1",85,"254027_0_t1_crw_085",14,"254027_0_t1_20240417T170000",2024-04-17 17:00:00,-122.718655820971,37.5712246562212,0,"available_crw"
"254027_0_t1",85,"254027_0_t1_crw_085",15,"254027_0_t1_20240417T230000",2024-04-17 23:00:00,-122.554046113769,37.5203194570564,0,"available_crw"
"254027_0_t1",85,"254027_0_t1_crw_085",16,"254027_0_t1_20240418T050000",2024-04-18 05:00:00,-122.501483776662,37.4977115878154,0,"available_crw"
"254027_0_t1",85,"254027_0_t1_crw_085",17,"254027_0_t1_20240418T110000",2024-04-18 11:00:00,-122.576005310811,37.4550315546914,0,"available_crw"
"254027_0_t1",85,"254027_0_t1_crw_085",18,"254027_0_t1_20240418T170000",2024-04-18 17:00:00,-122.539335660037,37.4722889821904,0,"available_crw"
"254027_0_t1",85,"254027_0_t1_crw_085",19,"254027_0_t1_20240418T230000",2024-04-18 23:00:00,-122.547764539559,37.4614701934331,0,"available_crw"
"254027_0_t1",85,"254027_0_t1_crw_085",20,"254027_0_t1_20240419T050000",2024-04-19 05:00:00,-122.597838388833,37.3266575397368,0,"available_crw"
"254027_0_t1",85,"254027_0_t1_crw_085",21,"254027_0_t1_20240419T110000",2024-04-19 11:00:00,-122.795508021743,37.113025301145,0,"available_crw"
"254027_0_t1",86,"254027_0_t1_crw_086",1,"254027_0_t1_20240414T110000",2024-04-14 11:00:00,-122.8070879,37.5402499,0,"available_crw"
"254027_0_t1",86,"254027_0_t1_crw_086",2,"254027_0_t1_20240414T170000",2024-04-14 17:00:00,-123.047691980381,37.356330698892,0,"available_crw"
"254027_0_t1",86,"254027_0_t1_crw_086",3,"254027_0_t1_20240414T230000",2024-04-14 23:00:00,-123.095413233281,37.3278190459859,0,"available_crw"
"254027_0_t1",86,"254027_0_t1_crw_086",4,"254027_0_t1_20240415T050000",2024-04-15 05:00:00,-123.059225612468,37.3456341331202,0,"available_crw"
"254027_0_t1",86,"254027_0_t1_crw_086",5,"254027_0_t1_20240415T110000",2024-04-15 11:00:00,-123.09596839567,37.3622214775379,0,"available_crw"
"254027_0_t1",86,"254027_0_t1_crw_086",6,"254027_0_t1_20240415T170000",2024-04-15 17:00:00,-123.024968030323,37.462779108382,0,"available_crw"
"254027_0_t1",86,"254027_0_t1_crw_086",7,"254027_0_t1_20240415T230000",2024-04-15 23:00:00,-123.00708778738,37.4558041511447,0,"available_crw"
"254027_0_t1",86,"254027_0_t1_crw_086",8,"254027_0_t1_20240416T050000",2024-04-16 05:00:00,-122.898911328327,37.4106258165315,0,"available_crw"
"254027_0_t1",86,"254027_0_t1_crw_086",9,"254027_0_t1_20240416T110000",2024-04-16 11:00:00,-122.944771481796,37.4228336174362,0,"available_crw"
"254027_0_t1",86,"254027_0_t1_crw_086",10,"254027_0_t1_20240416T170000",2024-04-16 17:00:00,-122.937138491124,37.3896919487035,0,"available_crw"
"254027_0_t1",86,"254027_0_t1_crw_086",11,"254027_0_t1_20240416T230000",2024-04-16 23:00:00,-122.917600694693,37.2600488900492,0,"available_crw"
"254027_0_t1",86,"254027_0_t1_crw_086",12,"254027_0_t1_20240417T050000",2024-04-17 05:00:00,-122.906267626042,37.2060149882867,0,"available_crw"
"254027_0_t1",86,"254027_0_t1_crw_086",13,"254027_0_t1_20240417T110000",2024-04-17 11:00:00,-122.891821973636,37.1524591782856,0,"available_crw"
"254027_0_t1",86,"254027_0_t1_crw_086",14,"254027_0_t1_20240417T170000",2024-04-17 17:00:00,-122.839434521694,36.9021787220591,0,"available_crw"
"254027_0_t1",86,"254027_0_t1_crw_086",15,"254027_0_t1_20240417T230000",2024-04-17 23:00:00,-122.765571063588,36.8086061796182,0,"available_crw"
"254027_0_t1",86,"254027_0_t1_crw_086",16,"254027_0_t1_20240418T050000",2024-04-18 05:00:00,-122.772505802005,36.8133321830036,0,"available_crw"
"254027_0_t1",86,"254027_0_t1_crw_086",17,"254027_0_t1_20240418T110000",2024-04-18 11:00:00,-122.904086240239,36.8463627060281,0,"available_crw"
"254027_0_t1",86,"254027_0_t1_crw_086",18,"254027_0_t1_20240418T170000",2024-04-18 17:00:00,-122.958037199159,36.8659933750327,0,"available_crw"
"254027_0_t1",86,"254027_0_t1_crw_086",19,"254027_0_t1_20240418T230000",2024-04-18 23:00:00,-123.101807784718,36.9269808573167,0,"available_crw"
"254027_0_t1",86,"254027_0_t1_crw_086",20,"254027_0_t1_20240419T050000",2024-04-19 05:00:00,-123.020024643769,37.2254702060567,0,"available_crw"
"254027_0_t1",86,"254027_0_t1_crw_086",21,"254027_0_t1_20240419T110000",2024-04-19 11:00:00,-122.638333900641,37.2410278651641,0,"available_crw"
"254027_0_t1",87,"254027_0_t1_crw_087",1,"254027_0_t1_20240414T110000",2024-04-14 11:00:00,-122.8070879,37.5402499,0,"available_crw"
"254027_0_t1",87,"254027_0_t1_crw_087",2,"254027_0_t1_20240414T170000",2024-04-14 17:00:00,-122.785289704479,37.5324182512306,0,"available_crw"
"254027_0_t1",87,"254027_0_t1_crw_087",3,"254027_0_t1_20240414T230000",2024-04-14 23:00:00,-122.675283050068,37.4899571142363,0,"available_crw"
"254027_0_t1",87,"254027_0_t1_crw_087",4,"254027_0_t1_20240415T050000",2024-04-15 05:00:00,-122.444007948818,37.2987144421289,0,"available_crw"
"254027_0_t1",87,"254027_0_t1_crw_087",5,"254027_0_t1_20240415T110000",2024-04-15 11:00:00,-122.547785273066,37.2184737036796,0,"available_crw"
"254027_0_t1",87,"254027_0_t1_crw_087",6,"254027_0_t1_20240415T170000",2024-04-15 17:00:00,-122.785103966222,37.0502512731993,0,"available_crw"
"254027_0_t1",87,"254027_0_t1_crw_087",7,"254027_0_t1_20240415T230000",2024-04-15 23:00:00,-123.105678077001,37.2161127198742,0,"available_crw"
"254027_0_t1",87,"254027_0_t1_crw_087",8,"254027_0_t1_20240416T050000",2024-04-16 05:00:00,-123.09686865643,37.2141682638422,0,"available_crw"
"254027_0_t1",87,"254027_0_t1_crw_087",9,"254027_0_t1_20240416T110000",2024-04-16 11:00:00,-123.112433889415,37.2114803412239,0,"available_crw"
"254027_0_t1",87,"254027_0_t1_crw_087",10,"254027_0_t1_20240416T170000",2024-04-16 17:00:00,-123.171693914563,37.2072230031458,0,"available_crw"
"254027_0_t1",87,"254027_0_t1_crw_087",11,"254027_0_t1_20240416T230000",2024-04-16 23:00:00,-123.158302726737,37.2141141059806,0,"available_crw"
"254027_0_t1",87,"254027_0_t1_crw_087",12,"254027_0_t1_20240417T050000",2024-04-17 05:00:00,-122.87425693978,37.0100564574325,0,"available_crw"
"254027_0_t1",87,"254027_0_t1_crw_087",13,"254027_0_t1_20240417T110000",2024-04-17 11:00:00,-122.6495014732,36.8316154692264,0,"available_crw"
"254027_0_t1",87,"254027_0_t1_crw_087",14,"254027_0_t1_20240417T170000",2024-04-17 17:00:00,-122.67671250065,36.8575800083114,0,"available_crw"
"254027_0_t1",87,"254027_0_t1_crw_087",15,"254027_0_t1_20240417T230000",2024-04-17 23:00:00,-122.773680474059,36.9624110683862,0,"available_crw"
"254027_0_t1",87,"254027_0_t1_crw_087",16,"254027_0_t1_20240418T050000",2024-04-18 05:00:00,-122.843543032588,37.0420613941821,0,"available_crw"
"254027_0_t1",87,"254027_0_t1_crw_087",17,"254027_0_t1_20240418T110000",2024-04-18 11:00:00,-122.910875123896,37.1231385249731,0,"available_crw"
"254027_0_t1",87,"254027_0_t1_crw_087",18,"254027_0_t1_20240418T170000",2024-04-18 17:00:00,-122.937486543671,37.1656938056181,0,"available_crw"
"254027_0_t1",87,"254027_0_t1_crw_087",19,"254027_0_t1_20240418T230000",2024-04-18 23:00:00,-122.846098944312,37.1665026186275,0,"available_crw"
"254027_0_t1",87,"254027_0_t1_crw_087",20,"254027_0_t1_20240419T050000",2024-04-19 05:00:00,-122.787016714156,37.161127046865,0,"available_crw"
"254027_0_t1",87,"254027_0_t1_crw_087",21,"254027_0_t1_20240419T110000",2024-04-19 11:00:00,-122.836904381741,37.1512580229852,0,"available_crw"
"254027_0_t1",88,"254027_0_t1_crw_088",1,"254027_0_t1_20240414T110000",2024-04-14 11:00:00,-122.8070879,37.5402499,0,"available_crw"
"254027_0_t1",88,"254027_0_t1_crw_088",2,"254027_0_t1_20240414T170000",2024-04-14 17:00:00,-122.805673818496,37.5474711608111,0,"available_crw"
"254027_0_t1",88,"254027_0_t1_crw_088",3,"254027_0_t1_20240414T230000",2024-04-14 23:00:00,-122.845437426158,37.5359441878307,0,"available_crw"
"254027_0_t1",88,"254027_0_t1_crw_088",4,"254027_0_t1_20240415T050000",2024-04-15 05:00:00,-122.806084178907,37.56258756882,0,"available_crw"
"254027_0_t1",88,"254027_0_t1_crw_088",5,"254027_0_t1_20240415T110000",2024-04-15 11:00:00,-122.81098803493,37.5564090534651,0,"available_crw"
"254027_0_t1",88,"254027_0_t1_crw_088",6,"254027_0_t1_20240415T170000",2024-04-15 17:00:00,-122.833650738948,37.4470911168593,0,"available_crw"
"254027_0_t1",88,"254027_0_t1_crw_088",7,"254027_0_t1_20240415T230000",2024-04-15 23:00:00,-122.843499181808,37.487464729862,0,"available_crw"
"254027_0_t1",88,"254027_0_t1_crw_088",8,"254027_0_t1_20240416T050000",2024-04-16 05:00:00,-122.754838450512,37.4685838964493,0,"available_crw"
"254027_0_t1",88,"254027_0_t1_crw_088",9,"254027_0_t1_20240416T110000",2024-04-16 11:00:00,-122.5784317112,37.4692553118514,0,"available_crw"
"254027_0_t1",88,"254027_0_t1_crw_088",10,"254027_0_t1_20240416T170000",2024-04-16 17:00:00,-122.579329573368,37.4882852344892,0,"available_crw"
"254027_0_t1",88,"254027_0_t1_crw_088",11,"254027_0_t1_20240416T230000",2024-04-16 23:00:00,-122.638287719451,37.5886435605645,0,"available_crw"
"254027_0_t1",88,"254027_0_t1_crw_088",12,"254027_0_t1_20240417T050000",2024-04-17 05:00:00,-122.610997058676,37.5567831517723,0,"available_crw"
"254027_0_t1",88,"254027_0_t1_crw_088",13,"254027_0_t1_20240417T110000",2024-04-17 11:00:00,-122.591693891573,37.5680312713179,0,"available_crw"
"254027_0_t1",88,"254027_0_t1_crw_088",14,"254027_0_t1_20240417T170000",2024-04-17 17:00:00,-122.625694237783,37.5405686053717,0,"available_crw"
"254027_0_t1",88,"254027_0_t1_crw_088",15,"254027_0_t1_20240417T230000",2024-04-17 23:00:00,-122.60450702981,37.5780795528221,0,"available_crw"
"254027_0_t1",88,"254027_0_t1_crw_088",16,"254027_0_t1_20240418T050000",2024-04-18 05:00:00,-122.617050736779,37.5408343935602,0,"available_crw"
"254027_0_t1",88,"254027_0_t1_crw_088",17,"254027_0_t1_20240418T110000",2024-04-18 11:00:00,-122.636567753678,37.5440409896254,0,"available_crw"
"254027_0_t1",88,"254027_0_t1_crw_088",18,"254027_0_t1_20240418T170000",2024-04-18 17:00:00,-122.595764557288,37.5342185286043,0,"available_crw"
"254027_0_t1",88,"254027_0_t1_crw_088",19,"254027_0_t1_20240418T230000",2024-04-18 23:00:00,-122.643761202528,37.5393273027456,0,"available_crw"
"254027_0_t1",88,"254027_0_t1_crw_088",20,"254027_0_t1_20240419T050000",2024-04-19 05:00:00,-122.646121455842,37.520376999268,0,"available_crw"
"254027_0_t1",88,"254027_0_t1_crw_088",21,"254027_0_t1_20240419T110000",2024-04-19 11:00:00,-122.652098104664,37.5321890853626,0,"available_crw"
"254027_0_t1",89,"254027_0_t1_crw_089",1,"254027_0_t1_20240414T110000",2024-04-14 11:00:00,-122.8070879,37.5402499,0,"available_crw"
"254027_0_t1",89,"254027_0_t1_crw_089",2,"254027_0_t1_20240414T170000",2024-04-14 17:00:00,-122.801830568515,37.5811653778133,0,"available_crw"
"254027_0_t1",89,"254027_0_t1_crw_089",3,"254027_0_t1_20240414T230000",2024-04-14 23:00:00,-122.809963373163,37.547844513868,0,"available_crw"
"254027_0_t1",89,"254027_0_t1_crw_089",4,"254027_0_t1_20240415T050000",2024-04-15 05:00:00,-122.884792719967,37.3011983954025,0,"available_crw"
"254027_0_t1",89,"254027_0_t1_crw_089",5,"254027_0_t1_20240415T110000",2024-04-15 11:00:00,-122.905791329096,37.2566662499487,0,"available_crw"
"254027_0_t1",89,"254027_0_t1_crw_089",6,"254027_0_t1_20240415T170000",2024-04-15 17:00:00,-122.86406441531,37.2614737713428,0,"available_crw"
"254027_0_t1",89,"254027_0_t1_crw_089",7,"254027_0_t1_20240415T230000",2024-04-15 23:00:00,-122.876986723175,37.254023118294,0,"available_crw"
"254027_0_t1",89,"254027_0_t1_crw_089",8,"254027_0_t1_20240416T050000",2024-04-16 05:00:00,-122.977577383476,37.1991322447494,0,"available_crw"
"254027_0_t1",89,"254027_0_t1_crw_089",9,"254027_0_t1_20240416T110000",2024-04-16 11:00:00,-123.05929791091,37.2942740257393,0,"available_crw"
"254027_0_t1",89,"254027_0_t1_crw_089",10,"254027_0_t1_20240416T170000",2024-04-16 17:00:00,-123.043609912151,37.3040080780553,0,"available_crw"
"254027_0_t1",89,"254027_0_t1_crw_089",11,"254027_0_t1_20240416T230000",2024-04-16 23:00:00,-123.058862012251,37.3186459978382,0,"available_crw"
"254027_0_t1",89,"254027_0_t1_crw_089",12,"254027_0_t1_20240417T050000",2024-04-17 05:00:00,-123.044142923023,37.3137475939027,0,"available_crw"
"254027_0_t1",89,"254027_0_t1_crw_089",13,"254027_0_t1_20240417T110000",2024-04-17 11:00:00,-123.050703154474,37.2987689345505,0,"available_crw"
"254027_0_t1",89,"254027_0_t1_crw_089",14,"254027_0_t1_20240417T170000",2024-04-17 17:00:00,-123.093955630267,37.2077320662759,0,"available_crw"
"254027_0_t1",89,"254027_0_t1_crw_089",15,"254027_0_t1_20240417T230000",2024-04-17 23:00:00,-123.112884537097,37.2124874102322,0,"available_crw"
"254027_0_t1",89,"254027_0_t1_crw_089",16,"254027_0_t1_20240418T050000",2024-04-18 05:00:00,-123.061523695616,37.2145858478344,0,"available_crw"
"254027_0_t1",89,"254027_0_t1_crw_089",17,"254027_0_t1_20240418T110000",2024-04-18 11:00:00,-123.070096866721,37.2120549442421,0,"available_crw"
"254027_0_t1",89,"254027_0_t1_crw_089",18,"254027_0_t1_20240418T170000",2024-04-18 17:00:00,-123.031055782658,37.2388341088489,0,"available_crw"
"254027_0_t1",89,"254027_0_t1_crw_089",19,"254027_0_t1_20240418T230000",2024-04-18 23:00:00,-122.900604566413,37.3174746911534,0,"available_crw"
"254027_0_t1",89,"254027_0_t1_crw_089",20,"254027_0_t1_20240419T050000",2024-04-19 05:00:00,-122.598083395261,37.1307684439187,0,"available_crw"
"254027_0_t1",89,"254027_0_t1_crw_089",21,"254027_0_t1_20240419T110000",2024-04-19 11:00:00,-122.68600606088,37.0393432399391,0,"available_crw"
"254027_0_t1",90,"254027_0_t1_crw_090",1,"254027_0_t1_20240414T110000",2024-04-14 11:00:00,-122.8070879,37.5402499,0,"available_crw"
"254027_0_t1",90,"254027_0_t1_crw_090",2,"254027_0_t1_20240414T170000",2024-04-14 17:00:00,-123.184363011212,37.5967475928563,0,"available_crw"
"254027_0_t1",90,"254027_0_t1_crw_090",3,"254027_0_t1_20240414T230000",2024-04-14 23:00:00,-123.135913846501,37.5958394601628,0,"available_crw"
"254027_0_t1",90,"254027_0_t1_crw_090",4,"254027_0_t1_20240415T050000",2024-04-15 05:00:00,-123.135226401918,37.579980805374,0,"available_crw"
"254027_0_t1",90,"254027_0_t1_crw_090",5,"254027_0_t1_20240415T110000",2024-04-15 11:00:00,-123.15507864693,37.5785090985748,0,"available_crw"
"254027_0_t1",90,"254027_0_t1_crw_090",6,"254027_0_t1_20240415T170000",2024-04-15 17:00:00,-123.131300843109,37.5506321455098,0,"available_crw"
"254027_0_t1",90,"254027_0_t1_crw_090",7,"254027_0_t1_20240415T230000",2024-04-15 23:00:00,-123.173390912652,37.5744852624317,0,"available_crw"
"254027_0_t1",90,"254027_0_t1_crw_090",8,"254027_0_t1_20240416T050000",2024-04-16 05:00:00,-123.178239779192,37.5410116709054,0,"available_crw"
"254027_0_t1",90,"254027_0_t1_crw_090",9,"254027_0_t1_20240416T110000",2024-04-16 11:00:00,-123.180461545586,37.579532094742,0,"available_crw"
"254027_0_t1",90,"254027_0_t1_crw_090",10,"254027_0_t1_20240416T170000",2024-04-16 17:00:00,-123.160278603194,37.541671191497,0,"available_crw"
"254027_0_t1",90,"254027_0_t1_crw_090",11,"254027_0_t1_20240416T230000",2024-04-16 23:00:00,-123.138587419691,37.5496937570343,0,"available_crw"
"254027_0_t1",90,"254027_0_t1_crw_090",12,"254027_0_t1_20240417T050000",2024-04-17 05:00:00,-122.89087144002,37.3165467419579,0,"available_crw"
"254027_0_t1",90,"254027_0_t1_crw_090",13,"254027_0_t1_20240417T110000",2024-04-17 11:00:00,-122.858328941637,37.2766876362748,0,"available_crw"
"254027_0_t1",90,"254027_0_t1_crw_090",14,"254027_0_t1_20240417T170000",2024-04-17 17:00:00,-122.794588833901,37.193706946682,0,"available_crw"
"254027_0_t1",90,"254027_0_t1_crw_090",15,"254027_0_t1_20240417T230000",2024-04-17 23:00:00,-122.826061969473,37.2229201762785,0,"available_crw"
"254027_0_t1",90,"254027_0_t1_crw_090",16,"254027_0_t1_20240418T050000",2024-04-18 05:00:00,-122.950317085919,37.272016573447,0,"available_crw"
"254027_0_t1",90,"254027_0_t1_crw_090",17,"254027_0_t1_20240418T110000",2024-04-18 11:00:00,-123.000083381881,37.2981595444338,0,"available_crw"
"254027_0_t1",90,"254027_0_t1_crw_090",18,"254027_0_t1_20240418T170000",2024-04-18 17:00:00,-123.059110324245,37.32606771966,0,"available_crw"
"254027_0_t1",90,"254027_0_t1_crw_090",19,"254027_0_t1_20240418T230000",2024-04-18 23:00:00,-122.982657409455,37.366364112943,0,"available_crw"
"254027_0_t1",90,"254027_0_t1_crw_090",20,"254027_0_t1_20240419T050000",2024-04-19 05:00:00,-122.840667309416,37.4313091236256,0,"available_crw"
"254027_0_t1",90,"254027_0_t1_crw_090",21,"254027_0_t1_20240419T110000",2024-04-19 11:00:00,-122.693691751388,37.4889553248904,0,"available_crw"
"254027_0_t1",91,"254027_0_t1_crw_091",1,"254027_0_t1_20240414T110000",2024-04-14 11:00:00,-122.8070879,37.5402499,0,"available_crw"
"254027_0_t1",91,"254027_0_t1_crw_091",2,"254027_0_t1_20240414T170000",2024-04-14 17:00:00,-122.834551631328,37.4900214245748,0,"available_crw"
"254027_0_t1",91,"254027_0_t1_crw_091",3,"254027_0_t1_20240414T230000",2024-04-14 23:00:00,-122.859017418216,37.4388236099097,0,"available_crw"
"254027_0_t1",91,"254027_0_t1_crw_091",4,"254027_0_t1_20240415T050000",2024-04-15 05:00:00,-122.840347939442,37.4693312834066,0,"available_crw"
"254027_0_t1",91,"254027_0_t1_crw_091",5,"254027_0_t1_20240415T110000",2024-04-15 11:00:00,-122.807738617814,37.5091976106412,0,"available_crw"
"254027_0_t1",91,"254027_0_t1_crw_091",6,"254027_0_t1_20240415T170000",2024-04-15 17:00:00,-122.790449020275,37.5013185224765,0,"available_crw"
"254027_0_t1",91,"254027_0_t1_crw_091",7,"254027_0_t1_20240415T230000",2024-04-15 23:00:00,-122.686088983497,37.4506765409661,0,"available_crw"
"254027_0_t1",91,"254027_0_t1_crw_091",8,"254027_0_t1_20240416T050000",2024-04-16 05:00:00,-122.639356892759,37.4210815740624,0,"available_crw"
"254027_0_t1",91,"254027_0_t1_crw_091",9,"254027_0_t1_20240416T110000",2024-04-16 11:00:00,-122.583669936672,37.389018245574,0,"available_crw"
"254027_0_t1",91,"254027_0_t1_crw_091",10,"254027_0_t1_20240416T170000",2024-04-16 17:00:00,-122.457312695756,37.3061115692789,0,"available_crw"
"254027_0_t1",91,"254027_0_t1_crw_091",11,"254027_0_t1_20240416T230000",2024-04-16 23:00:00,-122.612408821274,37.0268680890214,0,"available_crw"
"254027_0_t1",91,"254027_0_t1_crw_091",12,"254027_0_t1_20240417T050000",2024-04-17 05:00:00,-122.61485955677,36.9160779194827,0,"available_crw"
"254027_0_t1",91,"254027_0_t1_crw_091",13,"254027_0_t1_20240417T110000",2024-04-17 11:00:00,-122.577741227656,36.9318090959555,0,"available_crw"
"254027_0_t1",91,"254027_0_t1_crw_091",14,"254027_0_t1_20240417T170000",2024-04-17 17:00:00,-122.612822762305,36.9503190046034,0,"available_crw"
"254027_0_t1",91,"254027_0_t1_crw_091",15,"254027_0_t1_20240417T230000",2024-04-17 23:00:00,-122.810918501795,37.1634518461105,0,"available_crw"
"254027_0_t1",91,"254027_0_t1_crw_091",16,"254027_0_t1_20240418T050000",2024-04-18 05:00:00,-122.906514536387,37.4179985898038,0,"available_crw"
"254027_0_t1",91,"254027_0_t1_crw_091",17,"254027_0_t1_20240418T110000",2024-04-18 11:00:00,-122.929133536871,37.411902013348,0,"available_crw"
"254027_0_t1",91,"254027_0_t1_crw_091",18,"254027_0_t1_20240418T170000",2024-04-18 17:00:00,-122.920731150824,37.394076757456,0,"available_crw"
"254027_0_t1",91,"254027_0_t1_crw_091",19,"254027_0_t1_20240418T230000",2024-04-18 23:00:00,-122.906783596397,37.3478091443834,0,"available_crw"
"254027_0_t1",91,"254027_0_t1_crw_091",20,"254027_0_t1_20240419T050000",2024-04-19 05:00:00,-122.875595053759,37.3705174653569,0,"available_crw"
"254027_0_t1",91,"254027_0_t1_crw_091",21,"254027_0_t1_20240419T110000",2024-04-19 11:00:00,-122.567087431281,37.470915619229,0,"available_crw"
"254027_0_t1",92,"254027_0_t1_crw_092",1,"254027_0_t1_20240414T110000",2024-04-14 11:00:00,-122.8070879,37.5402499,0,"available_crw"
"254027_0_t1",92,"254027_0_t1_crw_092",2,"254027_0_t1_20240414T170000",2024-04-14 17:00:00,-122.839866419743,37.5004648755312,0,"available_crw"
"254027_0_t1",92,"254027_0_t1_crw_092",3,"254027_0_t1_20240414T230000",2024-04-14 23:00:00,-122.937913319843,37.3958731919412,0,"available_crw"
"254027_0_t1",92,"254027_0_t1_crw_092",4,"254027_0_t1_20240415T050000",2024-04-15 05:00:00,-123.054099541456,37.464679218869,0,"available_crw"
"254027_0_t1",92,"254027_0_t1_crw_092",5,"254027_0_t1_20240415T110000",2024-04-15 11:00:00,-123.150324320332,37.5247134121948,0,"available_crw"
"254027_0_t1",92,"254027_0_t1_crw_092",6,"254027_0_t1_20240415T170000",2024-04-15 17:00:00,-123.13459864729,37.5224086046059,0,"available_crw"
"254027_0_t1",92,"254027_0_t1_crw_092",7,"254027_0_t1_20240415T230000",2024-04-15 23:00:00,-123.137057695295,37.5066616802922,0,"available_crw"
"254027_0_t1",92,"254027_0_t1_crw_092",8,"254027_0_t1_20240416T050000",2024-04-16 05:00:00,-123.142357705121,37.452038612066,0,"available_crw"
"254027_0_t1",92,"254027_0_t1_crw_092",9,"254027_0_t1_20240416T110000",2024-04-16 11:00:00,-123.221556276015,37.4889776860828,0,"available_crw"
"254027_0_t1",92,"254027_0_t1_crw_092",10,"254027_0_t1_20240416T170000",2024-04-16 17:00:00,-123.232912600521,37.4722219998123,0,"available_crw"
"254027_0_t1",92,"254027_0_t1_crw_092",11,"254027_0_t1_20240416T230000",2024-04-16 23:00:00,-123.225727016242,37.5129509274041,0,"available_crw"
"254027_0_t1",92,"254027_0_t1_crw_092",12,"254027_0_t1_20240417T050000",2024-04-17 05:00:00,-123.220363176818,37.5009539541329,0,"available_crw"
"254027_0_t1",92,"254027_0_t1_crw_092",13,"254027_0_t1_20240417T110000",2024-04-17 11:00:00,-123.238703313768,37.4947667572669,0,"available_crw"
"254027_0_t1",92,"254027_0_t1_crw_092",14,"254027_0_t1_20240417T170000",2024-04-17 17:00:00,-123.231707434684,37.499493911005,0,"available_crw"
"254027_0_t1",92,"254027_0_t1_crw_092",15,"254027_0_t1_20240417T230000",2024-04-17 23:00:00,-123.208963575943,37.4286386086777,0,"available_crw"
"254027_0_t1",92,"254027_0_t1_crw_092",16,"254027_0_t1_20240418T050000",2024-04-18 05:00:00,-123.213778787913,37.4348572492922,0,"available_crw"
"254027_0_t1",92,"254027_0_t1_crw_092",17,"254027_0_t1_20240418T110000",2024-04-18 11:00:00,-123.173110548741,37.4095662927486,0,"available_crw"
"254027_0_t1",92,"254027_0_t1_crw_092",18,"254027_0_t1_20240418T170000",2024-04-18 17:00:00,-122.932060615655,37.2442087461112,0,"available_crw"
"254027_0_t1",92,"254027_0_t1_crw_092",19,"254027_0_t1_20240418T230000",2024-04-18 23:00:00,-122.815255566699,37.1529905807108,0,"available_crw"
"254027_0_t1",92,"254027_0_t1_crw_092",20,"254027_0_t1_20240419T050000",2024-04-19 05:00:00,-122.823392060273,37.1563083109986,0,"available_crw"
"254027_0_t1",92,"254027_0_t1_crw_092",21,"254027_0_t1_20240419T110000",2024-04-19 11:00:00,-122.885784867178,37.1788615031591,0,"available_crw"
"254027_0_t1",93,"254027_0_t1_crw_093",1,"254027_0_t1_20240414T110000",2024-04-14 11:00:00,-122.8070879,37.5402499,0,"available_crw"
"254027_0_t1",93,"254027_0_t1_crw_093",2,"254027_0_t1_20240414T170000",2024-04-14 17:00:00,-122.815111328561,37.4296353066485,0,"available_crw"
"254027_0_t1",93,"254027_0_t1_crw_093",3,"254027_0_t1_20240414T230000",2024-04-14 23:00:00,-122.768582358652,37.3252412025596,0,"available_crw"
"254027_0_t1",93,"254027_0_t1_crw_093",4,"254027_0_t1_20240415T050000",2024-04-15 05:00:00,-122.740570213376,37.3504443028694,0,"available_crw"
"254027_0_t1",93,"254027_0_t1_crw_093",5,"254027_0_t1_20240415T110000",2024-04-15 11:00:00,-122.624497014553,37.4424987443381,0,"available_crw"
"254027_0_t1",93,"254027_0_t1_crw_093",6,"254027_0_t1_20240415T170000",2024-04-15 17:00:00,-122.571677938786,37.5449923800142,0,"available_crw"
"254027_0_t1",93,"254027_0_t1_crw_093",7,"254027_0_t1_20240415T230000",2024-04-15 23:00:00,-122.510595143107,37.4903878846764,0,"available_crw"
"254027_0_t1",93,"254027_0_t1_crw_093",8,"254027_0_t1_20240416T050000",2024-04-16 05:00:00,-122.431868898621,37.4159375010713,0,"available_crw"
"254027_0_t1",93,"254027_0_t1_crw_093",9,"254027_0_t1_20240416T110000",2024-04-16 11:00:00,-122.54224076465,37.3413667943159,0,"available_crw"
"254027_0_t1",93,"254027_0_t1_crw_093",10,"254027_0_t1_20240416T170000",2024-04-16 17:00:00,-122.60475972838,37.2424630337113,0,"available_crw"
"254027_0_t1",93,"254027_0_t1_crw_093",11,"254027_0_t1_20240416T230000",2024-04-16 23:00:00,-122.63789840948,37.2029362354548,0,"available_crw"
"254027_0_t1",93,"254027_0_t1_crw_093",12,"254027_0_t1_20240417T050000",2024-04-17 05:00:00,-122.664126001049,37.0941388124665,0,"available_crw"
"254027_0_t1",93,"254027_0_t1_crw_093",13,"254027_0_t1_20240417T110000",2024-04-17 11:00:00,-122.652390943636,37.1267581147938,0,"available_crw"
"254027_0_t1",93,"254027_0_t1_crw_093",14,"254027_0_t1_20240417T170000",2024-04-17 17:00:00,-122.658150302615,37.0884713508671,0,"available_crw"
"254027_0_t1",93,"254027_0_t1_crw_093",15,"254027_0_t1_20240417T230000",2024-04-17 23:00:00,-122.634466498303,37.0868307065066,0,"available_crw"
"254027_0_t1",93,"254027_0_t1_crw_093",16,"254027_0_t1_20240418T050000",2024-04-18 05:00:00,-122.635022551337,37.0709676839682,0,"available_crw"
"254027_0_t1",93,"254027_0_t1_crw_093",17,"254027_0_t1_20240418T110000",2024-04-18 11:00:00,-122.654817520817,37.0704865091587,0,"available_crw"
"254027_0_t1",93,"254027_0_t1_crw_093",18,"254027_0_t1_20240418T170000",2024-04-18 17:00:00,-122.607563466421,37.0778013967047,0,"available_crw"
"254027_0_t1",93,"254027_0_t1_crw_093",19,"254027_0_t1_20240418T230000",2024-04-18 23:00:00,-122.450015977989,37.1398549412859,0,"available_crw"
"254027_0_t1",93,"254027_0_t1_crw_093",20,"254027_0_t1_20240419T050000",2024-04-19 05:00:00,-122.489598972657,37.1276922289498,0,"available_crw"
"254027_0_t1",93,"254027_0_t1_crw_093",21,"254027_0_t1_20240419T110000",2024-04-19 11:00:00,-122.604207927251,37.0951633875371,0,"available_crw"
"254027_0_t1",94,"254027_0_t1_crw_094",1,"254027_0_t1_20240414T110000",2024-04-14 11:00:00,-122.8070879,37.5402499,0,"available_crw"
"254027_0_t1",94,"254027_0_t1_crw_094",2,"254027_0_t1_20240414T170000",2024-04-14 17:00:00,-122.888333329171,37.4268567944635,0,"available_crw"
"254027_0_t1",94,"254027_0_t1_crw_094",3,"254027_0_t1_20240414T230000",2024-04-14 23:00:00,-122.904761566281,37.3168336534359,0,"available_crw"
"254027_0_t1",94,"254027_0_t1_crw_094",4,"254027_0_t1_20240415T050000",2024-04-15 05:00:00,-122.895960091723,37.350043509197,0,"available_crw"
"254027_0_t1",94,"254027_0_t1_crw_094",5,"254027_0_t1_20240415T110000",2024-04-15 11:00:00,-122.71892305404,37.5752289729704,0,"available_crw"
"254027_0_t1",94,"254027_0_t1_crw_094",6,"254027_0_t1_20240415T170000",2024-04-15 17:00:00,-122.721265475317,37.5681623387673,0,"available_crw"
"254027_0_t1",94,"254027_0_t1_crw_094",7,"254027_0_t1_20240415T230000",2024-04-15 23:00:00,-123.105111228352,37.5640125469579,0,"available_crw"
"254027_0_t1",94,"254027_0_t1_crw_094",8,"254027_0_t1_20240416T050000",2024-04-16 05:00:00,-123.227432482409,37.5650258831469,0,"available_crw"
"254027_0_t1",94,"254027_0_t1_crw_094",9,"254027_0_t1_20240416T110000",2024-04-16 11:00:00,-123.17881350905,37.5789561776641,0,"available_crw"
"254027_0_t1",94,"254027_0_t1_crw_094",10,"254027_0_t1_20240416T170000",2024-04-16 17:00:00,-123.120478759812,37.5894105460855,0,"available_crw"
"254027_0_t1",94,"254027_0_t1_crw_094",11,"254027_0_t1_20240416T230000",2024-04-16 23:00:00,-122.940178830264,37.319747862718,0,"available_crw"
"254027_0_t1",94,"254027_0_t1_crw_094",12,"254027_0_t1_20240417T050000",2024-04-17 05:00:00,-122.894401129298,37.0565200969708,0,"available_crw"
"254027_0_t1",94,"254027_0_t1_crw_094",13,"254027_0_t1_20240417T110000",2024-04-17 11:00:00,-122.880918346097,36.9597370158956,0,"available_crw"
"254027_0_t1",94,"254027_0_t1_crw_094",14,"254027_0_t1_20240417T170000",2024-04-17 17:00:00,-122.870200955504,36.9056255284179,0,"available_crw"
"254027_0_t1",94,"254027_0_t1_crw_094",15,"254027_0_t1_20240417T230000",2024-04-17 23:00:00,-122.885236050736,36.9422528332189,0,"available_crw"
"254027_0_t1",94,"254027_0_t1_crw_094",16,"254027_0_t1_20240418T050000",2024-04-18 05:00:00,-122.853267204322,36.9101093456459,0,"available_crw"
"254027_0_t1",94,"254027_0_t1_crw_094",17,"254027_0_t1_20240418T110000",2024-04-18 11:00:00,-122.965319708045,36.8378778410024,0,"available_crw"
"254027_0_t1",94,"254027_0_t1_crw_094",18,"254027_0_t1_20240418T170000",2024-04-18 17:00:00,-123.067777375934,36.7239351064959,0,"available_crw"
"254027_0_t1",94,"254027_0_t1_crw_094",19,"254027_0_t1_20240418T230000",2024-04-18 23:00:00,-123.065510005078,36.7365406454398,0,"available_crw"
"254027_0_t1",94,"254027_0_t1_crw_094",20,"254027_0_t1_20240419T050000",2024-04-19 05:00:00,-123.032333795673,36.8643764350621,0,"available_crw"
"254027_0_t1",94,"254027_0_t1_crw_094",21,"254027_0_t1_20240419T110000",2024-04-19 11:00:00,-123.024706706246,36.8237016683953,0,"available_crw"
"254027_0_t1",95,"254027_0_t1_crw_095",1,"254027_0_t1_20240414T110000",2024-04-14 11:00:00,-122.8070879,37.5402499,0,"available_crw"
"254027_0_t1",95,"254027_0_t1_crw_095",2,"254027_0_t1_20240414T170000",2024-04-14 17:00:00,-122.784891522433,37.569231335262,0,"available_crw"
"254027_0_t1",95,"254027_0_t1_crw_095",3,"254027_0_t1_20240414T230000",2024-04-14 23:00:00,-122.785942959401,37.5565237398061,0,"available_crw"
"254027_0_t1",95,"254027_0_t1_crw_095",4,"254027_0_t1_20240415T050000",2024-04-15 05:00:00,-122.805874522971,37.5566405574849,0,"available_crw"
"254027_0_t1",95,"254027_0_t1_crw_095",5,"254027_0_t1_20240415T110000",2024-04-15 11:00:00,-123.124227623408,37.5697051726877,0,"available_crw"
"254027_0_t1",95,"254027_0_t1_crw_095",6,"254027_0_t1_20240415T170000",2024-04-15 17:00:00,-123.246218225555,37.5770835233704,0,"available_crw"
"254027_0_t1",95,"254027_0_t1_crw_095",7,"254027_0_t1_20240415T230000",2024-04-15 23:00:00,-123.228637376562,37.5464321495741,0,"available_crw"
"254027_0_t1",95,"254027_0_t1_crw_095",8,"254027_0_t1_20240416T050000",2024-04-16 05:00:00,-123.202737047705,37.281484042068,0,"available_crw"
"254027_0_t1",95,"254027_0_t1_crw_095",9,"254027_0_t1_20240416T110000",2024-04-16 11:00:00,-123.211198635119,37.2922770743077,0,"available_crw"
"254027_0_t1",95,"254027_0_t1_crw_095",10,"254027_0_t1_20240416T170000",2024-04-16 17:00:00,-123.088832469796,37.35367436538,0,"available_crw"
"254027_0_t1",95,"254027_0_t1_crw_095",11,"254027_0_t1_20240416T230000",2024-04-16 23:00:00,-123.120202589269,37.3210503108986,0,"available_crw"
"254027_0_t1",95,"254027_0_t1_crw_095",12,"254027_0_t1_20240417T050000",2024-04-17 05:00:00,-123.091389169248,37.3460089391125,0,"available_crw"
"254027_0_t1",95,"254027_0_t1_crw_095",13,"254027_0_t1_20240417T110000",2024-04-17 11:00:00,-123.076018764398,37.3359485027868,0,"available_crw"
"254027_0_t1",95,"254027_0_t1_crw_095",14,"254027_0_t1_20240417T170000",2024-04-17 17:00:00,-122.840298356179,37.1659690115613,0,"available_crw"
"254027_0_t1",95,"254027_0_t1_crw_095",15,"254027_0_t1_20240417T230000",2024-04-17 23:00:00,-122.869084522589,37.1909048033972,0,"available_crw"
"254027_0_t1",95,"254027_0_t1_crw_095",16,"254027_0_t1_20240418T050000",2024-04-18 05:00:00,-122.861166180498,37.1872595804109,0,"available_crw"
"254027_0_t1",95,"254027_0_t1_crw_095",17,"254027_0_t1_20240418T110000",2024-04-18 11:00:00,-122.911868631724,37.1940708483496,0,"available_crw"
"254027_0_t1",95,"254027_0_t1_crw_095",18,"254027_0_t1_20240418T170000",2024-04-18 17:00:00,-123.201260336903,37.3249294999069,0,"available_crw"
"254027_0_t1",95,"254027_0_t1_crw_095",19,"254027_0_t1_20240418T230000",2024-04-18 23:00:00,-123.155952133614,37.3116019221186,0,"available_crw"
"254027_0_t1",95,"254027_0_t1_crw_095",20,"254027_0_t1_20240419T050000",2024-04-19 05:00:00,-123.165090991769,37.3119693724646,0,"available_crw"
"254027_0_t1",95,"254027_0_t1_crw_095",21,"254027_0_t1_20240419T110000",2024-04-19 11:00:00,-123.150607673839,37.3172966791977,0,"available_crw"
"254027_0_t1",96,"254027_0_t1_crw_096",1,"254027_0_t1_20240414T110000",2024-04-14 11:00:00,-122.8070879,37.5402499,0,"available_crw"
"254027_0_t1",96,"254027_0_t1_crw_096",2,"254027_0_t1_20240414T170000",2024-04-14 17:00:00,-122.815111328561,37.4296353066485,0,"available_crw"
"254027_0_t1",96,"254027_0_t1_crw_096",3,"254027_0_t1_20240414T230000",2024-04-14 23:00:00,-122.895172097779,37.4653395082836,0,"available_crw"
"254027_0_t1",96,"254027_0_t1_crw_096",4,"254027_0_t1_20240415T050000",2024-04-15 05:00:00,-123.16614227143,37.5988573062803,0,"available_crw"
"254027_0_t1",96,"254027_0_t1_crw_096",5,"254027_0_t1_20240415T110000",2024-04-15 11:00:00,-123.121362558125,37.5841179361008,0,"available_crw"
"254027_0_t1",96,"254027_0_t1_crw_096",6,"254027_0_t1_20240415T170000",2024-04-15 17:00:00,-123.12790088085,37.5691273499087,0,"available_crw"
"254027_0_t1",96,"254027_0_t1_crw_096",7,"254027_0_t1_20240415T230000",2024-04-15 23:00:00,-123.19105597213,37.4486347505637,0,"available_crw"
"254027_0_t1",96,"254027_0_t1_crw_096",8,"254027_0_t1_20240416T050000",2024-04-16 05:00:00,-123.1904366493,37.3378349143604,0,"available_crw"
"254027_0_t1",96,"254027_0_t1_crw_096",9,"254027_0_t1_20240416T110000",2024-04-16 11:00:00,-123.198378760628,37.3758725096216,0,"available_crw"
"254027_0_t1",96,"254027_0_t1_crw_096",10,"254027_0_t1_20240416T170000",2024-04-16 17:00:00,-123.178988199841,37.3793880162466,0,"available_crw"
"254027_0_t1",96,"254027_0_t1_crw_096",11,"254027_0_t1_20240416T230000",2024-04-16 23:00:00,-123.222120020279,37.3568798222296,0,"available_crw"
"254027_0_t1",96,"254027_0_t1_crw_096",12,"254027_0_t1_20240417T050000",2024-04-17 05:00:00,-123.184840328175,37.3410782591135,0,"available_crw"
"254027_0_t1",96,"254027_0_t1_crw_096",13,"254027_0_t1_20240417T110000",2024-04-17 11:00:00,-123.04554648867,37.2727368156363,0,"available_crw"
"254027_0_t1",96,"254027_0_t1_crw_096",14,"254027_0_t1_20240417T170000",2024-04-17 17:00:00,-122.943572959602,37.219470434611,0,"available_crw"
"254027_0_t1",96,"254027_0_t1_crw_096",15,"254027_0_t1_20240417T230000",2024-04-17 23:00:00,-122.776329660195,37.1761881442713,0,"available_crw"
"254027_0_t1",96,"254027_0_t1_crw_096",16,"254027_0_t1_20240418T050000",2024-04-18 05:00:00,-122.815348114735,37.1895181127544,0,"available_crw"
"254027_0_t1",96,"254027_0_t1_crw_096",17,"254027_0_t1_20240418T110000",2024-04-18 11:00:00,-122.866782562364,37.2134334612026,0,"available_crw"
"254027_0_t1",96,"254027_0_t1_crw_096",18,"254027_0_t1_20240418T170000",2024-04-18 17:00:00,-123.134022476978,37.3505456715432,0,"available_crw"
"254027_0_t1",96,"254027_0_t1_crw_096",19,"254027_0_t1_20240418T230000",2024-04-18 23:00:00,-123.083680614945,37.3418067631467,0,"available_crw"
"254027_0_t1",96,"254027_0_t1_crw_096",20,"254027_0_t1_20240419T050000",2024-04-19 05:00:00,-123.027458350899,37.326020740066,0,"available_crw"
"254027_0_t1",96,"254027_0_t1_crw_096",21,"254027_0_t1_20240419T110000",2024-04-19 11:00:00,-123.020302613616,37.3441875415413,0,"available_crw"
"254027_0_t1",97,"254027_0_t1_crw_097",1,"254027_0_t1_20240414T110000",2024-04-14 11:00:00,-122.8070879,37.5402499,0,"available_crw"
"254027_0_t1",97,"254027_0_t1_crw_097",2,"254027_0_t1_20240414T170000",2024-04-14 17:00:00,-122.834551631328,37.4900214245748,0,"available_crw"
"254027_0_t1",97,"254027_0_t1_crw_097",3,"254027_0_t1_20240414T230000",2024-04-14 23:00:00,-122.859017418216,37.4388236099097,0,"available_crw"
"254027_0_t1",97,"254027_0_t1_crw_097",4,"254027_0_t1_20240415T050000",2024-04-15 05:00:00,-122.877997938608,37.4435950637527,0,"available_crw"
"254027_0_t1",97,"254027_0_t1_crw_097",5,"254027_0_t1_20240415T110000",2024-04-15 11:00:00,-122.814889198209,37.496689793098,0,"available_crw"
"254027_0_t1",97,"254027_0_t1_crw_097",6,"254027_0_t1_20240415T170000",2024-04-15 17:00:00,-122.818927663383,37.4901277003574,0,"available_crw"
"254027_0_t1",97,"254027_0_t1_crw_097",7,"254027_0_t1_20240415T230000",2024-04-15 23:00:00,-123.059010742142,37.3059076158003,0,"available_crw"
"254027_0_t1",97,"254027_0_t1_crw_097",8,"254027_0_t1_20240416T050000",2024-04-16 05:00:00,-123.106644513321,37.2773364692995,0,"available_crw"
"254027_0_t1",97,"254027_0_t1_crw_097",9,"254027_0_t1_20240416T110000",2024-04-16 11:00:00,-123.159464252194,37.2424174756485,0,"available_crw"
"254027_0_t1",97,"254027_0_t1_crw_097",10,"254027_0_t1_20240416T170000",2024-04-16 17:00:00,-123.133714086202,37.2780286454744,0,"available_crw"
"254027_0_t1",97,"254027_0_t1_crw_097",11,"254027_0_t1_20240416T230000",2024-04-16 23:00:00,-123.043217324008,37.3867886170276,0,"available_crw"
"254027_0_t1",97,"254027_0_t1_crw_097",12,"254027_0_t1_20240417T050000",2024-04-17 05:00:00,-122.922734562108,37.3229984248982,0,"available_crw"
"254027_0_t1",97,"254027_0_t1_crw_097",13,"254027_0_t1_20240417T110000",2024-04-17 11:00:00,-122.786437779645,37.3023640943068,0,"available_crw"
"254027_0_t1",97,"254027_0_t1_crw_097",14,"254027_0_t1_20240417T170000",2024-04-17 17:00:00,-122.667368456382,37.2815550788292,0,"available_crw"
"254027_0_t1",97,"254027_0_t1_crw_097",15,"254027_0_t1_20240417T230000",2024-04-17 23:00:00,-122.531000438329,37.3017154745646,0,"available_crw"
"254027_0_t1",97,"254027_0_t1_crw_097",16,"254027_0_t1_20240418T050000",2024-04-18 05:00:00,-122.573310306394,37.2985803436369,0,"available_crw"
"254027_0_t1",97,"254027_0_t1_crw_097",17,"254027_0_t1_20240418T110000",2024-04-18 11:00:00,-122.895286091789,37.3658354875383,0,"available_crw"
"254027_0_t1",97,"254027_0_t1_crw_097",18,"254027_0_t1_20240418T170000",2024-04-18 17:00:00,-123.050871147085,37.4063040506411,0,"available_crw"
"254027_0_t1",97,"254027_0_t1_crw_097",19,"254027_0_t1_20240418T230000",2024-04-18 23:00:00,-123.203215324015,37.4541618957035,0,"available_crw"
"254027_0_t1",97,"254027_0_t1_crw_097",20,"254027_0_t1_20240419T050000",2024-04-19 05:00:00,-123.197025408176,37.4692436689311,0,"available_crw"
"254027_0_t1",97,"254027_0_t1_crw_097",21,"254027_0_t1_20240419T110000",2024-04-19 11:00:00,-123.155898790621,37.5609444212207,0,"available_crw"
"254027_0_t1",98,"254027_0_t1_crw_098",1,"254027_0_t1_20240414T110000",2024-04-14 11:00:00,-122.8070879,37.5402499,0,"available_crw"
"254027_0_t1",98,"254027_0_t1_crw_098",2,"254027_0_t1_20240414T170000",2024-04-14 17:00:00,-122.801830568515,37.5811653778133,0,"available_crw"
"254027_0_t1",98,"254027_0_t1_crw_098",3,"254027_0_t1_20240414T230000",2024-04-14 23:00:00,-122.798989671381,37.5426707824573,0,"available_crw"
"254027_0_t1",98,"254027_0_t1_crw_098",4,"254027_0_t1_20240415T050000",2024-04-15 05:00:00,-122.819788885193,37.5803197716692,0,"available_crw"
"254027_0_t1",98,"254027_0_t1_crw_098",5,"254027_0_t1_20240415T110000",2024-04-15 11:00:00,-122.841351504114,37.5720659120611,0,"available_crw"
"254027_0_t1",98,"254027_0_t1_crw_098",6,"254027_0_t1_20240415T170000",2024-04-15 17:00:00,-123.134301970954,37.4723087296883,0,"available_crw"
"254027_0_t1",98,"254027_0_t1_crw_098",7,"254027_0_t1_20240415T230000",2024-04-15 23:00:00,-123.247759333887,37.436234978796,0,"available_crw"
"254027_0_t1",98,"254027_0_t1_crw_098",8,"254027_0_t1_20240416T050000",2024-04-16 05:00:00,-123.215099666188,37.4148574882928,0,"available_crw"
"254027_0_t1",98,"254027_0_t1_crw_098",9,"254027_0_t1_20240416T110000",2024-04-16 11:00:00,-123.095372869638,37.3258652052776,0,"available_crw"
"254027_0_t1",98,"254027_0_t1_crw_098",10,"254027_0_t1_20240416T170000",2024-04-16 17:00:00,-122.98304176717,37.2310306892227,0,"available_crw"
"254027_0_t1",98,"254027_0_t1_crw_098",11,"254027_0_t1_20240416T230000",2024-04-16 23:00:00,-122.776356219145,37.0386274831121,0,"available_crw"
"254027_0_t1",98,"254027_0_t1_crw_098",12,"254027_0_t1_20240417T050000",2024-04-17 05:00:00,-122.791113099744,37.0433469042936,0,"available_crw"
"254027_0_t1",98,"254027_0_t1_crw_098",13,"254027_0_t1_20240417T110000",2024-04-17 11:00:00,-122.739815969,37.0423497070177,0,"available_crw"
"254027_0_t1",98,"254027_0_t1_crw_098",14,"254027_0_t1_20240417T170000",2024-04-17 17:00:00,-122.611132168841,37.0828810253404,0,"available_crw"
"254027_0_t1",98,"254027_0_t1_crw_098",15,"254027_0_t1_20240417T230000",2024-04-17 23:00:00,-122.558344527305,36.9755063574823,0,"available_crw"
"254027_0_t1",98,"254027_0_t1_crw_098",16,"254027_0_t1_20240418T050000",2024-04-18 05:00:00,-122.582895905247,37.0086626737807,0,"available_crw"
"254027_0_t1",98,"254027_0_t1_crw_098",17,"254027_0_t1_20240418T110000",2024-04-18 11:00:00,-122.459220124929,37.0677422636181,0,"available_crw"
"254027_0_t1",98,"254027_0_t1_crw_098",18,"254027_0_t1_20240418T170000",2024-04-18 17:00:00,-122.49609540994,37.0429702800809,0,"available_crw"
"254027_0_t1",98,"254027_0_t1_crw_098",19,"254027_0_t1_20240418T230000",2024-04-18 23:00:00,-122.807446685046,36.9520500933764,0,"available_crw"
"254027_0_t1",98,"254027_0_t1_crw_098",20,"254027_0_t1_20240419T050000",2024-04-19 05:00:00,-122.798546943746,36.9343952161671,0,"available_crw"
"254027_0_t1",98,"254027_0_t1_crw_098",21,"254027_0_t1_20240419T110000",2024-04-19 11:00:00,-122.693893123865,36.6949622210837,0,"available_crw"
"254027_0_t1",99,"254027_0_t1_crw_099",1,"254027_0_t1_20240414T110000",2024-04-14 11:00:00,-122.8070879,37.5402499,0,"available_crw"
"254027_0_t1",99,"254027_0_t1_crw_099",2,"254027_0_t1_20240414T170000",2024-04-14 17:00:00,-122.960364041708,37.3178661554043,0,"available_crw"
"254027_0_t1",99,"254027_0_t1_crw_099",3,"254027_0_t1_20240414T230000",2024-04-14 23:00:00,-122.952856745417,37.3585576843785,0,"available_crw"
"254027_0_t1",99,"254027_0_t1_crw_099",4,"254027_0_t1_20240415T050000",2024-04-15 05:00:00,-122.987701350183,37.4658159419819,0,"available_crw"
"254027_0_t1",99,"254027_0_t1_crw_099",5,"254027_0_t1_20240415T110000",2024-04-15 11:00:00,-122.968753418873,37.4706860050008,0,"available_crw"
"254027_0_t1",99,"254027_0_t1_crw_099",6,"254027_0_t1_20240415T170000",2024-04-15 17:00:00,-122.809953874129,37.5028908624732,0,"available_crw"
"254027_0_t1",99,"254027_0_t1_crw_099",7,"254027_0_t1_20240415T230000",2024-04-15 23:00:00,-122.620754989746,37.2372263915141,0,"available_crw"
"254027_0_t1",99,"254027_0_t1_crw_099",8,"254027_0_t1_20240416T050000",2024-04-16 05:00:00,-122.563586978693,37.1512532379933,0,"available_crw"
"254027_0_t1",99,"254027_0_t1_crw_099",9,"254027_0_t1_20240416T110000",2024-04-16 11:00:00,-122.592725582716,37.1819666346383,0,"available_crw"
"254027_0_t1",99,"254027_0_t1_crw_099",10,"254027_0_t1_20240416T170000",2024-04-16 17:00:00,-122.557823095665,37.1553782744953,0,"available_crw"
"254027_0_t1",99,"254027_0_t1_crw_099",11,"254027_0_t1_20240416T230000",2024-04-16 23:00:00,-122.339033493719,36.9719184520754,0,"available_crw"
"254027_0_t1",99,"254027_0_t1_crw_099",12,"254027_0_t1_20240417T050000",2024-04-17 05:00:00,-122.385122621627,36.9899345144241,0,"available_crw"
"254027_0_t1",99,"254027_0_t1_crw_099",13,"254027_0_t1_20240417T110000",2024-04-17 11:00:00,-122.557455849413,37.015793096843,0,"available_crw"
"254027_0_t1",99,"254027_0_t1_crw_099",14,"254027_0_t1_20240417T170000",2024-04-17 17:00:00,-122.554973368636,37.0315370950587,0,"available_crw"
"254027_0_t1",99,"254027_0_t1_crw_099",15,"254027_0_t1_20240417T230000",2024-04-17 23:00:00,-122.536502907385,37.1277882776173,0,"available_crw"
"254027_0_t1",99,"254027_0_t1_crw_099",16,"254027_0_t1_20240418T050000",2024-04-18 05:00:00,-122.560120171529,37.1300453535446,0,"available_crw"
"254027_0_t1",99,"254027_0_t1_crw_099",17,"254027_0_t1_20240418T110000",2024-04-18 11:00:00,-122.518647388299,37.12300653025,0,"available_crw"
"254027_0_t1",99,"254027_0_t1_crw_099",18,"254027_0_t1_20240418T170000",2024-04-18 17:00:00,-122.533963266016,37.1195740463741,0,"available_crw"
"254027_0_t1",99,"254027_0_t1_crw_099",19,"254027_0_t1_20240418T230000",2024-04-18 23:00:00,-122.693347520539,37.0920942050213,0,"available_crw"
"254027_0_t1",99,"254027_0_t1_crw_099",20,"254027_0_t1_20240419T050000",2024-04-19 05:00:00,-122.685409617181,37.0956980258744,0,"available_crw"
"254027_0_t1",99,"254027_0_t1_crw_099",21,"254027_0_t1_20240419T110000",2024-04-19 11:00:00,-122.722945340179,37.0715567243828,0,"available_crw"
"254027_0_t1",100,"254027_0_t1_crw_100",1,"254027_0_t1_20240414T110000",2024-04-14 11:00:00,-122.8070879,37.5402499,0,"available_crw"
"254027_0_t1",100,"254027_0_t1_crw_100",2,"254027_0_t1_20240414T170000",2024-04-14 17:00:00,-122.792918319851,37.5771240995815,0,"available_crw"
"254027_0_t1",100,"254027_0_t1_crw_100",3,"254027_0_t1_20240414T230000",2024-04-14 23:00:00,-122.654243163859,37.5434887434551,0,"available_crw"
"254027_0_t1",100,"254027_0_t1_crw_100",4,"254027_0_t1_20240415T050000",2024-04-15 05:00:00,-122.515814305158,37.5548200386728,0,"available_crw"
"254027_0_t1",100,"254027_0_t1_crw_100",5,"254027_0_t1_20240415T110000",2024-04-15 11:00:00,-122.558446755042,37.5544140910631,0,"available_crw"
"254027_0_t1",100,"254027_0_t1_crw_100",6,"254027_0_t1_20240415T170000",2024-04-15 17:00:00,-122.559850685036,37.5702425731778,0,"available_crw"
"254027_0_t1",100,"254027_0_t1_crw_100",7,"254027_0_t1_20240415T230000",2024-04-15 23:00:00,-122.548757363188,37.5327072299986,0,"available_crw"
"254027_0_t1",100,"254027_0_t1_crw_100",8,"254027_0_t1_20240416T050000",2024-04-16 05:00:00,-122.689706551775,37.5059786426717,0,"available_crw"
"254027_0_t1",100,"254027_0_t1_crw_100",9,"254027_0_t1_20240416T110000",2024-04-16 11:00:00,-122.645023728628,37.5208136268729,0,"available_crw"
"254027_0_t1",100,"254027_0_t1_crw_100",10,"254027_0_t1_20240416T170000",2024-04-16 17:00:00,-122.547440097734,37.5998146106235,0,"available_crw"
"254027_0_t1",100,"254027_0_t1_crw_100",11,"254027_0_t1_20240416T230000",2024-04-16 23:00:00,-122.516765980507,37.530875566246,0,"available_crw"
"254027_0_t1",100,"254027_0_t1_crw_100",12,"254027_0_t1_20240417T050000",2024-04-17 05:00:00,-122.535127881757,37.524716303929,0,"available_crw"
"254027_0_t1",100,"254027_0_t1_crw_100",13,"254027_0_t1_20240417T110000",2024-04-17 11:00:00,-122.689762146853,37.4814463737835,0,"available_crw"
"254027_0_t1",100,"254027_0_t1_crw_100",14,"254027_0_t1_20240417T170000",2024-04-17 17:00:00,-122.994352737114,37.4078451511254,0,"available_crw"
"254027_0_t1",100,"254027_0_t1_crw_100",15,"254027_0_t1_20240417T230000",2024-04-17 23:00:00,-123.143249157205,37.3326825710744,0,"available_crw"
"254027_0_t1",100,"254027_0_t1_crw_100",16,"254027_0_t1_20240418T050000",2024-04-18 05:00:00,-123.137329433364,37.3382571171245,0,"available_crw"
"254027_0_t1",100,"254027_0_t1_crw_100",17,"254027_0_t1_20240418T110000",2024-04-18 11:00:00,-123.055919474598,37.4107935765104,0,"available_crw"
"254027_0_t1",100,"254027_0_t1_crw_100",18,"254027_0_t1_20240418T170000",2024-04-18 17:00:00,-123.082003958037,37.37832941182,0,"available_crw"
"254027_0_t1",100,"254027_0_t1_crw_100",19,"254027_0_t1_20240418T230000",2024-04-18 23:00:00,-123.129802536064,37.4407433412769,0,"available_crw"
"254027_0_t1",100,"254027_0_t1_crw_100",20,"254027_0_t1_20240419T050000",2024-04-19 05:00:00,-123.116106424707,37.4341920257802,0,"available_crw"
"254027_0_t1",100,"254027_0_t1_crw_100",21,"254027_0_t1_20240419T110000",2024-04-19 11:00:00,-122.946398311074,37.3961443234889,0,"available_crw"
"254027_0_t1",101,"254027_0_t1_crw_101",1,"254027_0_t1_20240414T110000",2024-04-14 11:00:00,-122.8070879,37.5402499,0,"available_crw"
"254027_0_t1",101,"254027_0_t1_crw_101",2,"254027_0_t1_20240414T170000",2024-04-14 17:00:00,-122.863940268765,37.4540497673155,0,"available_crw"
"254027_0_t1",101,"254027_0_t1_crw_101",3,"254027_0_t1_20240414T230000",2024-04-14 23:00:00,-122.842430613132,37.445768135664,0,"available_crw"
"254027_0_t1",101,"254027_0_t1_crw_101",4,"254027_0_t1_20240415T050000",2024-04-15 05:00:00,-122.878955725285,37.4632144503723,0,"available_crw"
"254027_0_t1",101,"254027_0_t1_crw_101",5,"254027_0_t1_20240415T110000",2024-04-15 11:00:00,-123.014158673043,37.537014742756,0,"available_crw"
"254027_0_t1",101,"254027_0_t1_crw_101",6,"254027_0_t1_20240415T170000",2024-04-15 17:00:00,-123.026984512043,37.52094245593,0,"available_crw"
"254027_0_t1",101,"254027_0_t1_crw_101",7,"254027_0_t1_20240415T230000",2024-04-15 23:00:00,-123.00638635987,37.511275179555,0,"available_crw"
"254027_0_t1",101,"254027_0_t1_crw_101",8,"254027_0_t1_20240416T050000",2024-04-16 05:00:00,-123.051493366801,37.5252790499983,0,"available_crw"
"254027_0_t1",101,"254027_0_t1_crw_101",9,"254027_0_t1_20240416T110000",2024-04-16 11:00:00,-122.999859240703,37.5246151741936,0,"available_crw"
"254027_0_t1",101,"254027_0_t1_crw_101",10,"254027_0_t1_20240416T170000",2024-04-16 17:00:00,-122.931101776139,37.5262454365564,0,"available_crw"
"254027_0_t1",101,"254027_0_t1_crw_101",11,"254027_0_t1_20240416T230000",2024-04-16 23:00:00,-122.871620073814,37.5217606720482,0,"available_crw"
"254027_0_t1",101,"254027_0_t1_crw_101",12,"254027_0_t1_20240417T050000",2024-04-17 05:00:00,-122.556319798607,37.485767601994,0,"available_crw"
"254027_0_t1",101,"254027_0_t1_crw_101",13,"254027_0_t1_20240417T110000",2024-04-17 11:00:00,-122.435925143938,37.469167527802,0,"available_crw"
"254027_0_t1",101,"254027_0_t1_crw_101",14,"254027_0_t1_20240417T170000",2024-04-17 17:00:00,-122.432632695198,37.4880289989948,0,"available_crw"
"254027_0_t1",101,"254027_0_t1_crw_101",15,"254027_0_t1_20240417T230000",2024-04-17 23:00:00,-122.472120506104,37.4759833605936,0,"available_crw"
"254027_0_t1",101,"254027_0_t1_crw_101",16,"254027_0_t1_20240418T050000",2024-04-18 05:00:00,-122.462828108714,37.4584395668191,0,"available_crw"
"254027_0_t1",101,"254027_0_t1_crw_101",17,"254027_0_t1_20240418T110000",2024-04-18 11:00:00,-122.441143566887,37.4664310520143,0,"available_crw"
"254027_0_t1",101,"254027_0_t1_crw_101",18,"254027_0_t1_20240418T170000",2024-04-18 17:00:00,-122.481233551751,37.444855224314,0,"available_crw"
"254027_0_t1",101,"254027_0_t1_crw_101",19,"254027_0_t1_20240418T230000",2024-04-18 23:00:00,-122.752404666657,37.3123184929811,0,"available_crw"
"254027_0_t1",101,"254027_0_t1_crw_101",20,"254027_0_t1_20240419T050000",2024-04-19 05:00:00,-122.720645013338,37.3446987947017,0,"available_crw"
"254027_0_t1",101,"254027_0_t1_crw_101",21,"254027_0_t1_20240419T110000",2024-04-19 11:00:00,-122.739909540187,37.3559303395119,0,"available_crw"
"254027_0_t1",102,"254027_0_t1_crw_102",1,"254027_0_t1_20240414T110000",2024-04-14 11:00:00,-122.8070879,37.5402499,0,"available_crw"
"254027_0_t1",102,"254027_0_t1_crw_102",2,"254027_0_t1_20240414T170000",2024-04-14 17:00:00,-122.764816265116,37.5417972638948,0,"available_crw"
"254027_0_t1",102,"254027_0_t1_crw_102",3,"254027_0_t1_20240414T230000",2024-04-14 23:00:00,-122.646306083302,37.2512142901493,0,"available_crw"
"254027_0_t1",102,"254027_0_t1_crw_102",4,"254027_0_t1_20240415T050000",2024-04-15 05:00:00,-122.783471489304,37.2152794852822,0,"available_crw"
"254027_0_t1",102,"254027_0_t1_crw_102",5,"254027_0_t1_20240415T110000",2024-04-15 11:00:00,-122.847474246351,37.1957620217423,0,"available_crw"
"254027_0_t1",102,"254027_0_t1_crw_102",6,"254027_0_t1_20240415T170000",2024-04-15 17:00:00,-122.989155026857,37.112622307133,0,"available_crw"
"254027_0_t1",102,"254027_0_t1_crw_102",7,"254027_0_t1_20240415T230000",2024-04-15 23:00:00,-123.074778206947,37.2054876881509,0,"available_crw"
"254027_0_t1",102,"254027_0_t1_crw_102",8,"254027_0_t1_20240416T050000",2024-04-16 05:00:00,-123.103980565839,37.2469534317013,0,"available_crw"
"254027_0_t1",102,"254027_0_t1_crw_102",9,"254027_0_t1_20240416T110000",2024-04-16 11:00:00,-123.124326987611,37.2370496339145,0,"available_crw"
"254027_0_t1",102,"254027_0_t1_crw_102",10,"254027_0_t1_20240416T170000",2024-04-16 17:00:00,-123.181108659423,37.2063927068688,0,"available_crw"
"254027_0_t1",102,"254027_0_t1_crw_102",11,"254027_0_t1_20240416T230000",2024-04-16 23:00:00,-123.16712496435,37.1909796492913,0,"available_crw"
"254027_0_t1",102,"254027_0_t1_crw_102",12,"254027_0_t1_20240417T050000",2024-04-17 05:00:00,-123.138399859413,37.1493103411282,0,"available_crw"
"254027_0_t1",102,"254027_0_t1_crw_102",13,"254027_0_t1_20240417T110000",2024-04-17 11:00:00,-123.08774794949,36.8866612925393,0,"available_crw"
"254027_0_t1",102,"254027_0_t1_crw_102",14,"254027_0_t1_20240417T170000",2024-04-17 17:00:00,-123.016412061641,36.758263481527,0,"available_crw"
"254027_0_t1",102,"254027_0_t1_crw_102",15,"254027_0_t1_20240417T230000",2024-04-17 23:00:00,-123.107272412363,36.7606440389515,0,"available_crw"
"254027_0_t1",102,"254027_0_t1_crw_102",16,"254027_0_t1_20240418T050000",2024-04-18 05:00:00,-123.065395772319,36.7565032930528,0,"available_crw"
"254027_0_t1",102,"254027_0_t1_crw_102",17,"254027_0_t1_20240418T110000",2024-04-18 11:00:00,-123.080212657697,36.752022629878,0,"available_crw"
"254027_0_t1",102,"254027_0_t1_crw_102",18,"254027_0_t1_20240418T170000",2024-04-18 17:00:00,-123.131012732145,36.859972927635,0,"available_crw"
"254027_0_t1",102,"254027_0_t1_crw_102",19,"254027_0_t1_20240418T230000",2024-04-18 23:00:00,-123.097365963543,36.8289776264503,0,"available_crw"
"254027_0_t1",102,"254027_0_t1_crw_102",20,"254027_0_t1_20240419T050000",2024-04-19 05:00:00,-123.112129004831,36.8336024688559,0,"available_crw"
"254027_0_t1",102,"254027_0_t1_crw_102",21,"254027_0_t1_20240419T110000",2024-04-19 11:00:00,-123.065219378451,36.8255210268724,0,"available_crw"
"254027_0_t1",103,"254027_0_t1_crw_103",1,"254027_0_t1_20240414T110000",2024-04-14 11:00:00,-122.8070879,37.5402499,0,"available_crw"
"254027_0_t1",103,"254027_0_t1_crw_103",2,"254027_0_t1_20240414T170000",2024-04-14 17:00:00,-122.792918319851,37.5771240995815,0,"available_crw"
"254027_0_t1",103,"254027_0_t1_crw_103",3,"254027_0_t1_20240414T230000",2024-04-14 23:00:00,-122.83435030074,37.5702025260929,0,"available_crw"
"254027_0_t1",103,"254027_0_t1_crw_103",4,"254027_0_t1_20240415T050000",2024-04-15 05:00:00,-122.821999150568,37.5782984743194,0,"available_crw"
"254027_0_t1",103,"254027_0_t1_crw_103",5,"254027_0_t1_20240415T110000",2024-04-15 11:00:00,-122.800520211021,37.5071893424452,0,"available_crw"
"254027_0_t1",103,"254027_0_t1_crw_103",6,"254027_0_t1_20240415T170000",2024-04-15 17:00:00,-122.806719237188,37.5407725283982,0,"available_crw"
"254027_0_t1",103,"254027_0_t1_crw_103",7,"254027_0_t1_20240415T230000",2024-04-15 23:00:00,-122.808066851971,37.5883466021776,0,"available_crw"
"254027_0_t1",103,"254027_0_t1_crw_103",8,"254027_0_t1_20240416T050000",2024-04-16 05:00:00,-122.663081522428,37.5910833345177,0,"available_crw"
"254027_0_t1",103,"254027_0_t1_crw_103",9,"254027_0_t1_20240416T110000",2024-04-16 11:00:00,-122.711099588944,37.5758757261816,0,"available_crw"
"254027_0_t1",103,"254027_0_t1_crw_103",10,"254027_0_t1_20240416T170000",2024-04-16 17:00:00,-122.703969346049,37.5804811557611,0,"available_crw"
"254027_0_t1",103,"254027_0_t1_crw_103",11,"254027_0_t1_20240416T230000",2024-04-16 23:00:00,-122.730239771353,37.5450657694911,0,"available_crw"
"254027_0_t1",103,"254027_0_t1_crw_103",12,"254027_0_t1_20240417T050000",2024-04-17 05:00:00,-122.987645432241,37.3761838668361,0,"available_crw"
"254027_0_t1",103,"254027_0_t1_crw_103",13,"254027_0_t1_20240417T110000",2024-04-17 11:00:00,-123.051813074977,37.2779423680458,0,"available_crw"
"254027_0_t1",103,"254027_0_t1_crw_103",14,"254027_0_t1_20240417T170000",2024-04-17 17:00:00,-123.136013641742,37.1660615327662,0,"available_crw"
"254027_0_t1",103,"254027_0_t1_crw_103",15,"254027_0_t1_20240417T230000",2024-04-17 23:00:00,-123.185889640466,37.2273615587451,0,"available_crw"
"254027_0_t1",103,"254027_0_t1_crw_103",16,"254027_0_t1_20240418T050000",2024-04-18 05:00:00,-123.095120142663,37.2364118188756,0,"available_crw"
"254027_0_t1",103,"254027_0_t1_crw_103",17,"254027_0_t1_20240418T110000",2024-04-18 11:00:00,-122.949272741845,36.9540294109307,0,"available_crw"
"254027_0_t1",103,"254027_0_t1_crw_103",18,"254027_0_t1_20240418T170000",2024-04-18 17:00:00,-123.249120882007,36.7660335523081,0,"available_crw"
"254027_0_t1",103,"254027_0_t1_crw_103",19,"254027_0_t1_20240418T230000",2024-04-18 23:00:00,-123.213683040889,36.7844667803118,0,"available_crw"
"254027_0_t1",103,"254027_0_t1_crw_103",20,"254027_0_t1_20240419T050000",2024-04-19 05:00:00,-123.202027665356,36.7716622031567,0,"available_crw"
"254027_0_t1",103,"254027_0_t1_crw_103",21,"254027_0_t1_20240419T110000",2024-04-19 11:00:00,-123.083912478779,36.7147103590693,0,"available_crw"
"254027_0_t1",104,"254027_0_t1_crw_104",1,"254027_0_t1_20240414T110000",2024-04-14 11:00:00,-122.8070879,37.5402499,0,"available_crw"
"254027_0_t1",104,"254027_0_t1_crw_104",2,"254027_0_t1_20240414T170000",2024-04-14 17:00:00,-122.839866419743,37.5004648755312,0,"available_crw"
"254027_0_t1",104,"254027_0_t1_crw_104",3,"254027_0_t1_20240414T230000",2024-04-14 23:00:00,-123.106853702839,37.3414645996086,0,"available_crw"
"254027_0_t1",104,"254027_0_t1_crw_104",4,"254027_0_t1_20240415T050000",2024-04-15 05:00:00,-123.124176571427,37.4132853926692,0,"available_crw"
"254027_0_t1",104,"254027_0_t1_crw_104",5,"254027_0_t1_20240415T110000",2024-04-15 11:00:00,-123.119918565156,37.3795108248527,0,"available_crw"
"254027_0_t1",104,"254027_0_t1_crw_104",6,"254027_0_t1_20240415T170000",2024-04-15 17:00:00,-123.205963243064,37.4047306590125,0,"available_crw"
"254027_0_t1",104,"254027_0_t1_crw_104",7,"254027_0_t1_20240415T230000",2024-04-15 23:00:00,-123.200211200477,37.419921402347,0,"available_crw"
"254027_0_t1",104,"254027_0_t1_crw_104",8,"254027_0_t1_20240416T050000",2024-04-16 05:00:00,-123.223289555825,37.4248078400888,0,"available_crw"
"254027_0_t1",104,"254027_0_t1_crw_104",9,"254027_0_t1_20240416T110000",2024-04-16 11:00:00,-123.175175574455,37.4209977310265,0,"available_crw"
"254027_0_t1",104,"254027_0_t1_crw_104",10,"254027_0_t1_20240416T170000",2024-04-16 17:00:00,-122.875530028359,37.3051446401991,0,"available_crw"
"254027_0_t1",104,"254027_0_t1_crw_104",11,"254027_0_t1_20240416T230000",2024-04-16 23:00:00,-122.596974744679,37.1834630546341,0,"available_crw"
"254027_0_t1",104,"254027_0_t1_crw_104",12,"254027_0_t1_20240417T050000",2024-04-17 05:00:00,-122.684465460491,36.8860252898878,0,"available_crw"
"254027_0_t1",104,"254027_0_t1_crw_104",13,"254027_0_t1_20240417T110000",2024-04-17 11:00:00,-122.865643598444,36.6637721568738,0,"available_crw"
"254027_0_t1",104,"254027_0_t1_crw_104",14,"254027_0_t1_20240417T170000",2024-04-17 17:00:00,-122.863164778132,36.6708037074898,0,"available_crw"
"254027_0_t1",104,"254027_0_t1_crw_104",15,"254027_0_t1_20240417T230000",2024-04-17 23:00:00,-122.840134165677,36.714634294677,0,"available_crw"
"254027_0_t1",104,"254027_0_t1_crw_104",16,"254027_0_t1_20240418T050000",2024-04-18 05:00:00,-122.810545870761,36.7558402427158,0,"available_crw"
"254027_0_t1",104,"254027_0_t1_crw_104",17,"254027_0_t1_20240418T110000",2024-04-18 11:00:00,-122.812540659325,36.748709181202,0,"available_crw"
"254027_0_t1",104,"254027_0_t1_crw_104",18,"254027_0_t1_20240418T170000",2024-04-18 17:00:00,-122.819380808505,36.7894739084698,0,"available_crw"
"254027_0_t1",104,"254027_0_t1_crw_104",19,"254027_0_t1_20240418T230000",2024-04-18 23:00:00,-122.817514985263,36.7555586014974,0,"available_crw"
"254027_0_t1",104,"254027_0_t1_crw_104",20,"254027_0_t1_20240419T050000",2024-04-19 05:00:00,-122.793916914057,36.7570396031348,0,"available_crw"
"254027_0_t1",104,"254027_0_t1_crw_104",21,"254027_0_t1_20240419T110000",2024-04-19 11:00:00,-122.665157012314,36.4695878345803,0,"available_crw"
"254027_0_t1",105,"254027_0_t1_crw_105",1,"254027_0_t1_20240414T110000",2024-04-14 11:00:00,-122.8070879,37.5402499,0,"available_crw"
"254027_0_t1",105,"254027_0_t1_crw_105",2,"254027_0_t1_20240414T170000",2024-04-14 17:00:00,-122.764816265116,37.5417972638948,0,"available_crw"
"254027_0_t1",105,"254027_0_t1_crw_105",3,"254027_0_t1_20240414T230000",2024-04-14 23:00:00,-122.757922826422,37.4265209871578,0,"available_crw"
"254027_0_t1",105,"254027_0_t1_crw_105",4,"254027_0_t1_20240415T050000",2024-04-15 05:00:00,-122.762443293009,37.3790704503956,0,"available_crw"
"254027_0_t1",105,"254027_0_t1_crw_105",5,"254027_0_t1_20240415T110000",2024-04-15 11:00:00,-122.764504260655,37.386191712451,0,"available_crw"
"254027_0_t1",105,"254027_0_t1_crw_105",6,"254027_0_t1_20240415T170000",2024-04-15 17:00:00,-122.848236279668,37.5099423042285,0,"available_crw"
"254027_0_t1",105,"254027_0_t1_crw_105",7,"254027_0_t1_20240415T230000",2024-04-15 23:00:00,-122.809437603679,37.4828128080516,0,"available_crw"
"254027_0_t1",105,"254027_0_t1_crw_105",8,"254027_0_t1_20240416T050000",2024-04-16 05:00:00,-122.755745149375,37.4486092293486,0,"available_crw"
"254027_0_t1",105,"254027_0_t1_crw_105",9,"254027_0_t1_20240416T110000",2024-04-16 11:00:00,-122.797876033573,37.4675569198269,0,"available_crw"
"254027_0_t1",105,"254027_0_t1_crw_105",10,"254027_0_t1_20240416T170000",2024-04-16 17:00:00,-122.969044437429,37.5016933353785,0,"available_crw"
"254027_0_t1",105,"254027_0_t1_crw_105",11,"254027_0_t1_20240416T230000",2024-04-16 23:00:00,-122.958204855607,37.469123333861,0,"available_crw"
"254027_0_t1",105,"254027_0_t1_crw_105",12,"254027_0_t1_20240417T050000",2024-04-17 05:00:00,-122.977934693511,37.5043343790467,0,"available_crw"
"254027_0_t1",105,"254027_0_t1_crw_105",13,"254027_0_t1_20240417T110000",2024-04-17 11:00:00,-122.964131074932,37.4722213920991,0,"available_crw"
"254027_0_t1",105,"254027_0_t1_crw_105",14,"254027_0_t1_20240417T170000",2024-04-17 17:00:00,-122.938877215287,37.4212688877922,0,"available_crw"
"254027_0_t1",105,"254027_0_t1_crw_105",15,"254027_0_t1_20240417T230000",2024-04-17 23:00:00,-122.910713956919,37.3713015952759,0,"available_crw"
"254027_0_t1",105,"254027_0_t1_crw_105",16,"254027_0_t1_20240418T050000",2024-04-18 05:00:00,-123.042408945577,37.3237071967184,0,"available_crw"
"254027_0_t1",105,"254027_0_t1_crw_105",17,"254027_0_t1_20240418T110000",2024-04-18 11:00:00,-123.195109082105,37.2771213780992,0,"available_crw"
"254027_0_t1",105,"254027_0_t1_crw_105",18,"254027_0_t1_20240418T170000",2024-04-18 17:00:00,-123.187930513849,37.2816506243118,0,"available_crw"
"254027_0_t1",105,"254027_0_t1_crw_105",19,"254027_0_t1_20240418T230000",2024-04-18 23:00:00,-123.136981834014,37.3063042979434,0,"available_crw"
"254027_0_t1",105,"254027_0_t1_crw_105",20,"254027_0_t1_20240419T050000",2024-04-19 05:00:00,-123.015650638843,37.4082407578816,0,"available_crw"
"254027_0_t1",105,"254027_0_t1_crw_105",21,"254027_0_t1_20240419T110000",2024-04-19 11:00:00,-122.929101062675,37.476944891673,0,"available_crw"
"254027_0_t1",106,"254027_0_t1_crw_106",1,"254027_0_t1_20240414T110000",2024-04-14 11:00:00,-122.8070879,37.5402499,0,"available_crw"
"254027_0_t1",106,"254027_0_t1_crw_106",2,"254027_0_t1_20240414T170000",2024-04-14 17:00:00,-122.785289704479,37.5324182512306,0,"available_crw"
"254027_0_t1",106,"254027_0_t1_crw_106",3,"254027_0_t1_20240414T230000",2024-04-14 23:00:00,-122.788658678714,37.5660067523478,0,"available_crw"
"254027_0_t1",106,"254027_0_t1_crw_106",4,"254027_0_t1_20240415T050000",2024-04-15 05:00:00,-122.789096528931,37.5320645300771,0,"available_crw"
"254027_0_t1",106,"254027_0_t1_crw_106",5,"254027_0_t1_20240415T110000",2024-04-15 11:00:00,-122.791743148541,37.5390625656936,0,"available_crw"
"254027_0_t1",106,"254027_0_t1_crw_106",6,"254027_0_t1_20240415T170000",2024-04-15 17:00:00,-122.801805418113,37.585969734711,0,"available_crw"
"254027_0_t1",106,"254027_0_t1_crw_106",7,"254027_0_t1_20240415T230000",2024-04-15 23:00:00,-122.782378253578,37.5895467584606,0,"available_crw"
"254027_0_t1",106,"254027_0_t1_crw_106",8,"254027_0_t1_20240416T050000",2024-04-16 05:00:00,-122.776761955215,37.5743212062793,0,"available_crw"
"254027_0_t1",106,"254027_0_t1_crw_106",9,"254027_0_t1_20240416T110000",2024-04-16 11:00:00,-122.79829028565,37.3091250480706,0,"available_crw"
"254027_0_t1",106,"254027_0_t1_crw_106",10,"254027_0_t1_20240416T170000",2024-04-16 17:00:00,-122.752727211407,37.2044781353066,0,"available_crw"
"254027_0_t1",106,"254027_0_t1_crw_106",11,"254027_0_t1_20240416T230000",2024-04-16 23:00:00,-122.662677819219,36.961172925161,0,"available_crw"
"254027_0_t1",106,"254027_0_t1_crw_106",12,"254027_0_t1_20240417T050000",2024-04-17 05:00:00,-122.673724184026,36.9703186561127,0,"available_crw"
"254027_0_t1",106,"254027_0_t1_crw_106",13,"254027_0_t1_20240417T110000",2024-04-17 11:00:00,-122.755919522897,37.0419998857774,0,"available_crw"
"254027_0_t1",106,"254027_0_t1_crw_106",14,"254027_0_t1_20240417T170000",2024-04-17 17:00:00,-122.668494827979,37.0629713605582,0,"available_crw"
"254027_0_t1",106,"254027_0_t1_crw_106",15,"254027_0_t1_20240417T230000",2024-04-17 23:00:00,-122.55113866189,37.088292744965,0,"available_crw"
"254027_0_t1",106,"254027_0_t1_crw_106",16,"254027_0_t1_20240418T050000",2024-04-18 05:00:00,-122.391358433566,37.114209198469,0,"available_crw"
"254027_0_t1",106,"254027_0_t1_crw_106",17,"254027_0_t1_20240418T110000",2024-04-18 11:00:00,-122.436422385686,37.1006298697339,0,"available_crw"
"254027_0_t1",106,"254027_0_t1_crw_106",18,"254027_0_t1_20240418T170000",2024-04-18 17:00:00,-122.425831965173,37.1101298460916,0,"available_crw"
"254027_0_t1",106,"254027_0_t1_crw_106",19,"254027_0_t1_20240418T230000",2024-04-18 23:00:00,-122.381079604798,37.1414432507105,0,"available_crw"
"254027_0_t1",106,"254027_0_t1_crw_106",20,"254027_0_t1_20240419T050000",2024-04-19 05:00:00,-122.420635918647,37.1529674412052,0,"available_crw"
"254027_0_t1",106,"254027_0_t1_crw_106",21,"254027_0_t1_20240419T110000",2024-04-19 11:00:00,-122.382252792526,37.1385390327338,0,"available_crw"
"254027_0_t1",107,"254027_0_t1_crw_107",1,"254027_0_t1_20240414T110000",2024-04-14 11:00:00,-122.8070879,37.5402499,0,"available_crw"
"254027_0_t1",107,"254027_0_t1_crw_107",2,"254027_0_t1_20240414T170000",2024-04-14 17:00:00,-122.863489404017,37.5979862852497,0,"available_crw"
"254027_0_t1",107,"254027_0_t1_crw_107",3,"254027_0_t1_20240414T230000",2024-04-14 23:00:00,-122.880206260279,37.5670284853923,0,"available_crw"
"254027_0_t1",107,"254027_0_t1_crw_107",4,"254027_0_t1_20240415T050000",2024-04-15 05:00:00,-122.838075715661,37.5703120341619,0,"available_crw"
"254027_0_t1",107,"254027_0_t1_crw_107",5,"254027_0_t1_20240415T110000",2024-04-15 11:00:00,-122.862022292104,37.5981006269679,0,"available_crw"
"254027_0_t1",107,"254027_0_t1_crw_107",6,"254027_0_t1_20240415T170000",2024-04-15 17:00:00,-122.841157186274,37.5684954777179,0,"available_crw"
"254027_0_t1",107,"254027_0_t1_crw_107",7,"254027_0_t1_20240415T230000",2024-04-15 23:00:00,-122.804760281803,37.5220026321229,0,"available_crw"
"254027_0_t1",107,"254027_0_t1_crw_107",8,"254027_0_t1_20240416T050000",2024-04-16 05:00:00,-122.78490268477,37.5326109604861,0,"available_crw"
"254027_0_t1",107,"254027_0_t1_crw_107",9,"254027_0_t1_20240416T110000",2024-04-16 11:00:00,-122.68149655376,37.584624166569,0,"available_crw"
"254027_0_t1",107,"254027_0_t1_crw_107",10,"254027_0_t1_20240416T170000",2024-04-16 17:00:00,-122.689529271718,37.5736100438603,0,"available_crw"
"254027_0_t1",107,"254027_0_t1_crw_107",11,"254027_0_t1_20240416T230000",2024-04-16 23:00:00,-122.687497613928,37.5807373559202,0,"available_crw"
"254027_0_t1",107,"254027_0_t1_crw_107",12,"254027_0_t1_20240417T050000",2024-04-17 05:00:00,-122.546070033598,37.5553366569355,0,"available_crw"
"254027_0_t1",107,"254027_0_t1_crw_107",13,"254027_0_t1_20240417T110000",2024-04-17 11:00:00,-122.555220489707,37.554751428841,0,"available_crw"
"254027_0_t1",107,"254027_0_t1_crw_107",14,"254027_0_t1_20240417T170000",2024-04-17 17:00:00,-122.721167776526,37.5067510098921,0,"available_crw"
"254027_0_t1",107,"254027_0_t1_crw_107",15,"254027_0_t1_20240417T230000",2024-04-17 23:00:00,-122.713875401155,37.5111857582305,0,"available_crw"
"254027_0_t1",107,"254027_0_t1_crw_107",16,"254027_0_t1_20240418T050000",2024-04-18 05:00:00,-122.729016338493,37.5259237155303,0,"available_crw"
"254027_0_t1",107,"254027_0_t1_crw_107",17,"254027_0_t1_20240418T110000",2024-04-18 11:00:00,-122.684455916838,37.5051455823202,0,"available_crw"
"254027_0_t1",107,"254027_0_t1_crw_107",18,"254027_0_t1_20240418T170000",2024-04-18 17:00:00,-122.548545053999,37.432245546395,0,"available_crw"
"254027_0_t1",107,"254027_0_t1_crw_107",19,"254027_0_t1_20240418T230000",2024-04-18 23:00:00,-122.62786855912,37.3955607805419,0,"available_crw"
"254027_0_t1",107,"254027_0_t1_crw_107",20,"254027_0_t1_20240419T050000",2024-04-19 05:00:00,-122.685568708522,37.3658716438188,0,"available_crw"
"254027_0_t1",107,"254027_0_t1_crw_107",21,"254027_0_t1_20240419T110000",2024-04-19 11:00:00,-122.802950951706,37.2610792298256,0,"available_crw"
"254027_0_t1",108,"254027_0_t1_crw_108",1,"254027_0_t1_20240414T110000",2024-04-14 11:00:00,-122.8070879,37.5402499,0,"available_crw"
"254027_0_t1",108,"254027_0_t1_crw_108",2,"254027_0_t1_20240414T170000",2024-04-14 17:00:00,-122.834551631328,37.4900214245748,0,"available_crw"
"254027_0_t1",108,"254027_0_t1_crw_108",3,"254027_0_t1_20240414T230000",2024-04-14 23:00:00,-122.822574809346,37.5273837952037,0,"available_crw"
"254027_0_t1",108,"254027_0_t1_crw_108",4,"254027_0_t1_20240415T050000",2024-04-15 05:00:00,-122.800757634034,37.5716863991411,0,"available_crw"
"254027_0_t1",108,"254027_0_t1_crw_108",5,"254027_0_t1_20240415T110000",2024-04-15 11:00:00,-122.781806700951,37.5667613226742,0,"available_crw"
"254027_0_t1",108,"254027_0_t1_crw_108",6,"254027_0_t1_20240415T170000",2024-04-15 17:00:00,-122.789718501511,37.5998630552612,0,"available_crw"
"254027_0_t1",108,"254027_0_t1_crw_108",7,"254027_0_t1_20240415T230000",2024-04-15 23:00:00,-122.813065530923,37.5956724305101,0,"available_crw"
"254027_0_t1",108,"254027_0_t1_crw_108",8,"254027_0_t1_20240416T050000",2024-04-16 05:00:00,-122.975018658385,37.5747307262918,0,"available_crw"
"254027_0_t1",108,"254027_0_t1_crw_108",9,"254027_0_t1_20240416T110000",2024-04-16 11:00:00,-122.948885851882,37.5482238542798,0,"available_crw"
"254027_0_t1",108,"254027_0_t1_crw_108",10,"254027_0_t1_20240416T170000",2024-04-16 17:00:00,-122.972090516007,37.5767016727278,0,"available_crw"
"254027_0_t1",108,"254027_0_t1_crw_108",11,"254027_0_t1_20240416T230000",2024-04-16 23:00:00,-122.958153112719,37.5704465597291,0,"available_crw"
"254027_0_t1",108,"254027_0_t1_crw_108",12,"254027_0_t1_20240417T050000",2024-04-17 05:00:00,-122.993274778738,37.5897050790615,0,"available_crw"
"254027_0_t1",108,"254027_0_t1_crw_108",13,"254027_0_t1_20240417T110000",2024-04-17 11:00:00,-122.949492365542,37.5731867599578,0,"available_crw"
"254027_0_t1",108,"254027_0_t1_crw_108",14,"254027_0_t1_20240417T170000",2024-04-17 17:00:00,-122.996029614796,37.5839179239632,0,"available_crw"
"254027_0_t1",108,"254027_0_t1_crw_108",15,"254027_0_t1_20240417T230000",2024-04-17 23:00:00,-122.956296537707,37.5715813088718,0,"available_crw"
"254027_0_t1",108,"254027_0_t1_crw_108",16,"254027_0_t1_20240418T050000",2024-04-18 05:00:00,-122.994476563733,37.5867098591833,0,"available_crw"
"254027_0_t1",108,"254027_0_t1_crw_108",17,"254027_0_t1_20240418T110000",2024-04-18 11:00:00,-122.98540849183,37.5855526364661,0,"available_crw"
"254027_0_t1",108,"254027_0_t1_crw_108",18,"254027_0_t1_20240418T170000",2024-04-18 17:00:00,-122.917006224433,37.579381718355,0,"available_crw"
"254027_0_t1",108,"254027_0_t1_crw_108",19,"254027_0_t1_20240418T230000",2024-04-18 23:00:00,-122.602364780264,37.5387382288283,0,"available_crw"
"254027_0_t1",108,"254027_0_t1_crw_108",20,"254027_0_t1_20240419T050000",2024-04-19 05:00:00,-122.655332579163,37.4790011334173,0,"available_crw"
"254027_0_t1",108,"254027_0_t1_crw_108",21,"254027_0_t1_20240419T110000",2024-04-19 11:00:00,-123.016642437787,37.581853220309,0,"available_crw"
"254027_0_t1",109,"254027_0_t1_crw_109",1,"254027_0_t1_20240414T110000",2024-04-14 11:00:00,-122.8070879,37.5402499,0,"available_crw"
"254027_0_t1",109,"254027_0_t1_crw_109",2,"254027_0_t1_20240414T170000",2024-04-14 17:00:00,-123.184363011212,37.5967475928563,0,"available_crw"
"254027_0_t1",109,"254027_0_t1_crw_109",3,"254027_0_t1_20240414T230000",2024-04-14 23:00:00,-123.18794369558,37.5779186968891,0,"available_crw"
"254027_0_t1",109,"254027_0_t1_crw_109",4,"254027_0_t1_20240415T050000",2024-04-15 05:00:00,-123.148217264386,37.5895749076639,0,"available_crw"
"254027_0_t1",109,"254027_0_t1_crw_109",5,"254027_0_t1_20240415T110000",2024-04-15 11:00:00,-123.15735747092,37.5168009165103,0,"available_crw"
"254027_0_t1",109,"254027_0_t1_crw_109",6,"254027_0_t1_20240415T170000",2024-04-15 17:00:00,-123.172736505889,37.420198006446,0,"available_crw"
"254027_0_t1",109,"254027_0_t1_crw_109",7,"254027_0_t1_20240415T230000",2024-04-15 23:00:00,-123.227038951345,37.1701652886773,0,"available_crw"
"254027_0_t1",109,"254027_0_t1_crw_109",8,"254027_0_t1_20240416T050000",2024-04-16 05:00:00,-123.244317309898,37.1246301297844,0,"available_crw"
"254027_0_t1",109,"254027_0_t1_crw_109",9,"254027_0_t1_20240416T110000",2024-04-16 11:00:00,-123.247276218471,37.1371438851582,0,"available_crw"
"254027_0_t1",109,"254027_0_t1_crw_109",10,"254027_0_t1_20240416T170000",2024-04-16 17:00:00,-123.159144024225,37.1179117722555,0,"available_crw"
"254027_0_t1",109,"254027_0_t1_crw_109",11,"254027_0_t1_20240416T230000",2024-04-16 23:00:00,-123.19887479344,37.1297527974643,0,"available_crw"
"254027_0_t1",109,"254027_0_t1_crw_109",12,"254027_0_t1_20240417T050000",2024-04-17 05:00:00,-123.183093702721,37.1313497008836,0,"available_crw"
"254027_0_t1",109,"254027_0_t1_crw_109",13,"254027_0_t1_20240417T110000",2024-04-17 11:00:00,-123.020738851089,37.185079435415,0,"available_crw"
"254027_0_t1",109,"254027_0_t1_crw_109",14,"254027_0_t1_20240417T170000",2024-04-17 17:00:00,-123.058453263044,37.1571339598111,0,"available_crw"
"254027_0_t1",109,"254027_0_t1_crw_109",15,"254027_0_t1_20240417T230000",2024-04-17 23:00:00,-123.115328626452,37.0561240501761,0,"available_crw"
"254027_0_t1",109,"254027_0_t1_crw_109",16,"254027_0_t1_20240418T050000",2024-04-18 05:00:00,-123.168124905767,36.9684243432745,0,"available_crw"
"254027_0_t1",109,"254027_0_t1_crw_109",17,"254027_0_t1_20240418T110000",2024-04-18 11:00:00,-123.163313320044,37.0093758395629,0,"available_crw"
"254027_0_t1",109,"254027_0_t1_crw_109",18,"254027_0_t1_20240418T170000",2024-04-18 17:00:00,-123.1870185715,37.0105204075475,0,"available_crw"
"254027_0_t1",109,"254027_0_t1_crw_109",19,"254027_0_t1_20240418T230000",2024-04-18 23:00:00,-123.245372278783,37.0191887469402,0,"available_crw"
"254027_0_t1",109,"254027_0_t1_crw_109",20,"254027_0_t1_20240419T050000",2024-04-19 05:00:00,-123.242912937987,37.0349352959454,0,"available_crw"
"254027_0_t1",109,"254027_0_t1_crw_109",21,"254027_0_t1_20240419T110000",2024-04-19 11:00:00,-123.237580831316,37.0895581986178,0,"available_crw"
"254027_0_t1",110,"254027_0_t1_crw_110",1,"254027_0_t1_20240414T110000",2024-04-14 11:00:00,-122.8070879,37.5402499,0,"available_crw"
"254027_0_t1",110,"254027_0_t1_crw_110",2,"254027_0_t1_20240414T170000",2024-04-14 17:00:00,-123.047691980381,37.356330698892,0,"available_crw"
"254027_0_t1",110,"254027_0_t1_crw_110",3,"254027_0_t1_20240414T230000",2024-04-14 23:00:00,-123.062281737724,37.3671101289566,0,"available_crw"
"254027_0_t1",110,"254027_0_t1_crw_110",4,"254027_0_t1_20240415T050000",2024-04-15 05:00:00,-123.046882191749,37.3637757621179,0,"available_crw"
"254027_0_t1",110,"254027_0_t1_crw_110",5,"254027_0_t1_20240415T110000",2024-04-15 11:00:00,-123.056865461467,37.3965169939344,0,"available_crw"
"254027_0_t1",110,"254027_0_t1_crw_110",6,"254027_0_t1_20240415T170000",2024-04-15 17:00:00,-123.076204612004,37.4490877964261,0,"available_crw"
"254027_0_t1",110,"254027_0_t1_crw_110",7,"254027_0_t1_20240415T230000",2024-04-15 23:00:00,-123.105969797414,37.4251691350183,0,"available_crw"
"254027_0_t1",110,"254027_0_t1_crw_110",8,"254027_0_t1_20240416T050000",2024-04-16 05:00:00,-123.120890261313,37.4356683658291,0,"available_crw"
"254027_0_t1",110,"254027_0_t1_crw_110",9,"254027_0_t1_20240416T110000",2024-04-16 11:00:00,-123.079987404805,37.4151037409848,0,"available_crw"
"254027_0_t1",110,"254027_0_t1_crw_110",10,"254027_0_t1_20240416T170000",2024-04-16 17:00:00,-122.947313321255,37.3386835999197,0,"available_crw"
"254027_0_t1",110,"254027_0_t1_crw_110",11,"254027_0_t1_20240416T230000",2024-04-16 23:00:00,-122.889915758394,37.3086748035049,0,"available_crw"
"254027_0_t1",110,"254027_0_t1_crw_110",12,"254027_0_t1_20240417T050000",2024-04-17 05:00:00,-122.759098619891,37.2304397306817,0,"available_crw"
"254027_0_t1",110,"254027_0_t1_crw_110",13,"254027_0_t1_20240417T110000",2024-04-17 11:00:00,-122.57820563032,37.0076251429994,0,"available_crw"
"254027_0_t1",110,"254027_0_t1_crw_110",14,"254027_0_t1_20240417T170000",2024-04-17 17:00:00,-122.418805463485,36.7885025901493,0,"available_crw"
"254027_0_t1",110,"254027_0_t1_crw_110",15,"254027_0_t1_20240417T230000",2024-04-17 23:00:00,-122.683472202099,36.5695217339773,0,"available_crw"
"254027_0_t1",110,"254027_0_t1_crw_110",16,"254027_0_t1_20240418T050000",2024-04-18 05:00:00,-122.786442569045,36.649716483039,0,"available_crw"
"254027_0_t1",110,"254027_0_t1_crw_110",17,"254027_0_t1_20240418T110000",2024-04-18 11:00:00,-122.93123575695,36.8886107404586,0,"available_crw"
"254027_0_t1",110,"254027_0_t1_crw_110",18,"254027_0_t1_20240418T170000",2024-04-18 17:00:00,-122.964018165764,36.9366642850982,0,"available_crw"
"254027_0_t1",110,"254027_0_t1_crw_110",19,"254027_0_t1_20240418T230000",2024-04-18 23:00:00,-122.690162617159,37.1492650614698,0,"available_crw"
"254027_0_t1",110,"254027_0_t1_crw_110",20,"254027_0_t1_20240419T050000",2024-04-19 05:00:00,-122.635776998338,37.2511708641008,0,"available_crw"
"254027_0_t1",110,"254027_0_t1_crw_110",21,"254027_0_t1_20240419T110000",2024-04-19 11:00:00,-122.584883544446,37.339655380911,0,"available_crw"
"254027_0_t1",111,"254027_0_t1_crw_111",1,"254027_0_t1_20240414T110000",2024-04-14 11:00:00,-122.8070879,37.5402499,0,"available_crw"
"254027_0_t1",111,"254027_0_t1_crw_111",2,"254027_0_t1_20240414T170000",2024-04-14 17:00:00,-122.784891522433,37.569231335262,0,"available_crw"
"254027_0_t1",111,"254027_0_t1_crw_111",3,"254027_0_t1_20240414T230000",2024-04-14 23:00:00,-122.79475240983,37.52885861793,0,"available_crw"
"254027_0_t1",111,"254027_0_t1_crw_111",4,"254027_0_t1_20240415T050000",2024-04-15 05:00:00,-122.93709275069,37.5505773334697,0,"available_crw"
"254027_0_t1",111,"254027_0_t1_crw_111",5,"254027_0_t1_20240415T110000",2024-04-15 11:00:00,-122.993986641168,37.5651722200563,0,"available_crw"
"254027_0_t1",111,"254027_0_t1_crw_111",6,"254027_0_t1_20240415T170000",2024-04-15 17:00:00,-122.978219452117,37.5673316320954,0,"available_crw"
"254027_0_t1",111,"254027_0_t1_crw_111",7,"254027_0_t1_20240415T230000",2024-04-15 23:00:00,-122.815380529323,37.2907184709466,0,"available_crw"
"254027_0_t1",111,"254027_0_t1_crw_111",8,"254027_0_t1_20240416T050000",2024-04-16 05:00:00,-122.829878871229,37.3226272395601,0,"available_crw"
"254027_0_t1",111,"254027_0_t1_crw_111",9,"254027_0_t1_20240416T110000",2024-04-16 11:00:00,-122.852004384219,37.3155263078082,0,"available_crw"
"254027_0_t1",111,"254027_0_t1_crw_111",10,"254027_0_t1_20240416T170000",2024-04-16 17:00:00,-123.184533917808,37.3065711690058,0,"available_crw"
"254027_0_t1",111,"254027_0_t1_crw_111",11,"254027_0_t1_20240416T230000",2024-04-16 23:00:00,-123.142102282748,37.3047138160085,0,"available_crw"
"254027_0_t1",111,"254027_0_t1_crw_111",12,"254027_0_t1_20240417T050000",2024-04-17 05:00:00,-123.073518846624,37.304232397508,0,"available_crw"
"254027_0_t1",111,"254027_0_t1_crw_111",13,"254027_0_t1_20240417T110000",2024-04-17 11:00:00,-122.975432958232,37.0088952811482,0,"available_crw"
"254027_0_t1",111,"254027_0_t1_crw_111",14,"254027_0_t1_20240417T170000",2024-04-17 17:00:00,-122.982569093487,37.0423567804479,0,"available_crw"
"254027_0_t1",111,"254027_0_t1_crw_111",15,"254027_0_t1_20240417T230000",2024-04-17 23:00:00,-122.979211102153,37.0085165534765,0,"available_crw"
"254027_0_t1",111,"254027_0_t1_crw_111",16,"254027_0_t1_20240418T050000",2024-04-18 05:00:00,-122.981824758656,36.9609717581775,0,"available_crw"
"254027_0_t1",111,"254027_0_t1_crw_111",17,"254027_0_t1_20240418T110000",2024-04-18 11:00:00,-122.981655205666,36.9061806360355,0,"available_crw"
"254027_0_t1",111,"254027_0_t1_crw_111",18,"254027_0_t1_20240418T170000",2024-04-18 17:00:00,-123.125375688488,36.9055834681824,0,"available_crw"
"254027_0_t1",111,"254027_0_t1_crw_111",19,"254027_0_t1_20240418T230000",2024-04-18 23:00:00,-123.1167040083,36.9078039426779,0,"available_crw"
"254027_0_t1",111,"254027_0_t1_crw_111",20,"254027_0_t1_20240419T050000",2024-04-19 05:00:00,-123.000179323053,36.934841631152,0,"available_crw"
"254027_0_t1",111,"254027_0_t1_crw_111",21,"254027_0_t1_20240419T110000",2024-04-19 11:00:00,-122.692476419474,36.9934784770206,0,"available_crw"
"254027_0_t1",112,"254027_0_t1_crw_112",1,"254027_0_t1_20240414T110000",2024-04-14 11:00:00,-122.8070879,37.5402499,0,"available_crw"
"254027_0_t1",112,"254027_0_t1_crw_112",2,"254027_0_t1_20240414T170000",2024-04-14 17:00:00,-122.863489404017,37.5979862852497,0,"available_crw"
"254027_0_t1",112,"254027_0_t1_crw_112",3,"254027_0_t1_20240414T230000",2024-04-14 23:00:00,-122.81954351494,37.5763392875351,0,"available_crw"
"254027_0_t1",112,"254027_0_t1_crw_112",4,"254027_0_t1_20240415T050000",2024-04-15 05:00:00,-122.759421579733,37.5496767512685,0,"available_crw"
"254027_0_t1",112,"254027_0_t1_crw_112",5,"254027_0_t1_20240415T110000",2024-04-15 11:00:00,-122.834699478796,37.5077865587893,0,"available_crw"
"254027_0_t1",112,"254027_0_t1_crw_112",6,"254027_0_t1_20240415T170000",2024-04-15 17:00:00,-122.796748282535,37.4929147451702,0,"available_crw"
"254027_0_t1",112,"254027_0_t1_crw_112",7,"254027_0_t1_20240415T230000",2024-04-15 23:00:00,-122.56678944369,37.3006554162459,0,"available_crw"
"254027_0_t1",112,"254027_0_t1_crw_112",8,"254027_0_t1_20240416T050000",2024-04-16 05:00:00,-122.593212633996,37.327242118888,0,"available_crw"
"254027_0_t1",112,"254027_0_t1_crw_112",9,"254027_0_t1_20240416T110000",2024-04-16 11:00:00,-122.698504020488,37.5793855311616,0,"available_crw"
"254027_0_t1",112,"254027_0_t1_crw_112",10,"254027_0_t1_20240416T170000",2024-04-16 17:00:00,-122.727206577153,37.5546191229944,0,"available_crw"
"254027_0_t1",112,"254027_0_t1_crw_112",11,"254027_0_t1_20240416T230000",2024-04-16 23:00:00,-122.695592762863,37.5773987486297,0,"available_crw"
"254027_0_t1",112,"254027_0_t1_crw_112",12,"254027_0_t1_20240417T050000",2024-04-17 05:00:00,-122.71223960434,37.5910786786374,0,"available_crw"
"254027_0_t1",112,"254027_0_t1_crw_112",13,"254027_0_t1_20240417T110000",2024-04-17 11:00:00,-122.728855122283,37.5773746301621,0,"available_crw"
"254027_0_t1",112,"254027_0_t1_crw_112",14,"254027_0_t1_20240417T170000",2024-04-17 17:00:00,-123.028596748385,37.4606637696201,0,"available_crw"
"254027_0_t1",112,"254027_0_t1_crw_112",15,"254027_0_t1_20240417T230000",2024-04-17 23:00:00,-123.119608268581,37.376952923873,0,"available_crw"
"254027_0_t1",112,"254027_0_t1_crw_112",16,"254027_0_t1_20240418T050000",2024-04-18 05:00:00,-123.088971197618,37.4005043747664,0,"available_crw"
"254027_0_t1",112,"254027_0_t1_crw_112",17,"254027_0_t1_20240418T110000",2024-04-18 11:00:00,-123.10610393316,37.4137664125584,0,"available_crw"
"254027_0_t1",112,"254027_0_t1_crw_112",18,"254027_0_t1_20240418T170000",2024-04-18 17:00:00,-123.078356056059,37.3880327057961,0,"available_crw"
"254027_0_t1",112,"254027_0_t1_crw_112",19,"254027_0_t1_20240418T230000",2024-04-18 23:00:00,-123.123480509302,37.4079230161394,0,"available_crw"
"254027_0_t1",112,"254027_0_t1_crw_112",20,"254027_0_t1_20240419T050000",2024-04-19 05:00:00,-123.22880092034,37.4572044084206,0,"available_crw"
"254027_0_t1",112,"254027_0_t1_crw_112",21,"254027_0_t1_20240419T110000",2024-04-19 11:00:00,-123.229918841897,37.4235201670146,0,"available_crw"
"254027_0_t1",113,"254027_0_t1_crw_113",1,"254027_0_t1_20240414T110000",2024-04-14 11:00:00,-122.8070879,37.5402499,0,"available_crw"
"254027_0_t1",113,"254027_0_t1_crw_113",2,"254027_0_t1_20240414T170000",2024-04-14 17:00:00,-122.960364041708,37.3178661554043,0,"available_crw"
"254027_0_t1",113,"254027_0_t1_crw_113",3,"254027_0_t1_20240414T230000",2024-04-14 23:00:00,-122.974482814113,37.2076385205216,0,"available_crw"
"254027_0_t1",113,"254027_0_t1_crw_113",4,"254027_0_t1_20240415T050000",2024-04-15 05:00:00,-122.978273084142,37.1529335164345,0,"available_crw"
"254027_0_t1",113,"254027_0_t1_crw_113",5,"254027_0_t1_20240415T110000",2024-04-15 11:00:00,-122.988230571199,37.0558768829717,0,"available_crw"
"254027_0_t1",113,"254027_0_t1_crw_113",6,"254027_0_t1_20240415T170000",2024-04-15 17:00:00,-122.945097343159,36.9506068218112,0,"available_crw"
"254027_0_t1",113,"254027_0_t1_crw_113",7,"254027_0_t1_20240415T230000",2024-04-15 23:00:00,-122.854475665142,36.8670420523776,0,"available_crw"
"254027_0_t1",113,"254027_0_t1_crw_113",8,"254027_0_t1_20240416T050000",2024-04-16 05:00:00,-122.891379224159,36.8917075126963,0,"available_crw"
"254027_0_t1",113,"254027_0_t1_crw_113",9,"254027_0_t1_20240416T110000",2024-04-16 11:00:00,-122.861453048694,36.8677389976007,0,"available_crw"
"254027_0_t1",113,"254027_0_t1_crw_113",10,"254027_0_t1_20240416T170000",2024-04-16 17:00:00,-122.64880054852,36.6802716902024,0,"available_crw"
"254027_0_t1",113,"254027_0_t1_crw_113",11,"254027_0_t1_20240416T230000",2024-04-16 23:00:00,-122.54738775734,36.5784231908414,0,"available_crw"
"254027_0_t1",113,"254027_0_t1_crw_113",12,"254027_0_t1_20240417T050000",2024-04-17 05:00:00,-122.768556448029,36.3304610893041,0,"available_crw"
"254027_0_t1",113,"254027_0_t1_crw_113",13,"254027_0_t1_20240417T110000",2024-04-17 11:00:00,-122.811525289352,36.3948299538219,0,"available_crw"
"254027_0_t1",113,"254027_0_t1_crw_113",14,"254027_0_t1_20240417T170000",2024-04-17 17:00:00,-122.794973776202,36.3636286537882,0,"available_crw"
"254027_0_t1",113,"254027_0_t1_crw_113",15,"254027_0_t1_20240417T230000",2024-04-17 23:00:00,-122.820548593211,36.3961842721704,0,"available_crw"
"254027_0_t1",113,"254027_0_t1_crw_113",16,"254027_0_t1_20240418T050000",2024-04-18 05:00:00,-122.891177532914,36.6557925021762,0,"available_crw"
"254027_0_t1",113,"254027_0_t1_crw_113",17,"254027_0_t1_20240418T110000",2024-04-18 11:00:00,-122.873556994052,36.6199349173691,0,"available_crw"
"254027_0_t1",113,"254027_0_t1_crw_113",18,"254027_0_t1_20240418T170000",2024-04-18 17:00:00,-122.851891937497,36.6275376776458,0,"available_crw"
"254027_0_t1",113,"254027_0_t1_crw_113",19,"254027_0_t1_20240418T230000",2024-04-18 23:00:00,-122.79086899322,36.6517023060052,0,"available_crw"
"254027_0_t1",113,"254027_0_t1_crw_113",20,"254027_0_t1_20240419T050000",2024-04-19 05:00:00,-122.801998960412,36.6685056120221,0,"available_crw"
"254027_0_t1",113,"254027_0_t1_crw_113",21,"254027_0_t1_20240419T110000",2024-04-19 11:00:00,-122.526196644868,36.8786699766884,0,"available_crw"
"254027_0_t1",114,"254027_0_t1_crw_114",1,"254027_0_t1_20240414T110000",2024-04-14 11:00:00,-122.8070879,37.5402499,0,"available_crw"
"254027_0_t1",114,"254027_0_t1_crw_114",2,"254027_0_t1_20240414T170000",2024-04-14 17:00:00,-122.839866419743,37.5004648755312,0,"available_crw"
"254027_0_t1",114,"254027_0_t1_crw_114",3,"254027_0_t1_20240414T230000",2024-04-14 23:00:00,-122.937913319843,37.3958731919412,0,"available_crw"
"254027_0_t1",114,"254027_0_t1_crw_114",4,"254027_0_t1_20240415T050000",2024-04-15 05:00:00,-122.934870844454,37.4027670746033,0,"available_crw"
"254027_0_t1",114,"254027_0_t1_crw_114",5,"254027_0_t1_20240415T110000",2024-04-15 11:00:00,-122.552849259107,37.3810605184806,0,"available_crw"
"254027_0_t1",114,"254027_0_t1_crw_114",6,"254027_0_t1_20240415T170000",2024-04-15 17:00:00,-122.56176726754,37.3793963625372,0,"available_crw"
"254027_0_t1",114,"254027_0_t1_crw_114",7,"254027_0_t1_20240415T230000",2024-04-15 23:00:00,-122.723043129157,37.357455312872,0,"available_crw"
"254027_0_t1",114,"254027_0_t1_crw_114",8,"254027_0_t1_20240416T050000",2024-04-16 05:00:00,-122.747771651887,37.4711655773347,0,"available_crw"
"254027_0_t1",114,"254027_0_t1_crw_114",9,"254027_0_t1_20240416T110000",2024-04-16 11:00:00,-122.78075507017,37.4500914187482,0,"available_crw"
"254027_0_t1",114,"254027_0_t1_crw_114",10,"254027_0_t1_20240416T170000",2024-04-16 17:00:00,-122.754245273954,37.4853782612609,0,"available_crw"
"254027_0_t1",114,"254027_0_t1_crw_114",11,"254027_0_t1_20240416T230000",2024-04-16 23:00:00,-122.704112464078,37.4241259756217,0,"available_crw"
"254027_0_t1",114,"254027_0_t1_crw_114",12,"254027_0_t1_20240417T050000",2024-04-17 05:00:00,-122.663976632351,37.3796701809691,0,"available_crw"
"254027_0_t1",114,"254027_0_t1_crw_114",13,"254027_0_t1_20240417T110000",2024-04-17 11:00:00,-122.903206595356,37.14129925154,0,"available_crw"
"254027_0_t1",114,"254027_0_t1_crw_114",14,"254027_0_t1_20240417T170000",2024-04-17 17:00:00,-122.879506478722,37.1748749848441,0,"available_crw"
"254027_0_t1",114,"254027_0_t1_crw_114",15,"254027_0_t1_20240417T230000",2024-04-17 23:00:00,-122.881424674883,37.1677290015119,0,"available_crw"
"254027_0_t1",114,"254027_0_t1_crw_114",16,"254027_0_t1_20240418T050000",2024-04-18 05:00:00,-122.953426642657,37.2128001761699,0,"available_crw"
"254027_0_t1",114,"254027_0_t1_crw_114",17,"254027_0_t1_20240418T110000",2024-04-18 11:00:00,-122.937765216338,37.2104982525166,0,"available_crw"
"254027_0_t1",114,"254027_0_t1_crw_114",18,"254027_0_t1_20240418T170000",2024-04-18 17:00:00,-122.818679755284,37.1902806435316,0,"available_crw"
"254027_0_t1",114,"254027_0_t1_crw_114",19,"254027_0_t1_20240418T230000",2024-04-18 23:00:00,-122.874869007965,37.1325976127613,0,"available_crw"
"254027_0_t1",114,"254027_0_t1_crw_114",20,"254027_0_t1_20240419T050000",2024-04-19 05:00:00,-123.0804332992,36.939604452503,0,"available_crw"
"254027_0_t1",114,"254027_0_t1_crw_114",21,"254027_0_t1_20240419T110000",2024-04-19 11:00:00,-123.116987206304,37.0066109514646,0,"available_crw"
"254027_0_t1",115,"254027_0_t1_crw_115",1,"254027_0_t1_20240414T110000",2024-04-14 11:00:00,-122.8070879,37.5402499,0,"available_crw"
"254027_0_t1",115,"254027_0_t1_crw_115",2,"254027_0_t1_20240414T170000",2024-04-14 17:00:00,-122.784891522433,37.569231335262,0,"available_crw"
"254027_0_t1",115,"254027_0_t1_crw_115",3,"254027_0_t1_20240414T230000",2024-04-14 23:00:00,-122.827183548688,37.5707077288723,0,"available_crw"
"254027_0_t1",115,"254027_0_t1_crw_115",4,"254027_0_t1_20240415T050000",2024-04-15 05:00:00,-122.784920651165,37.5661792293466,0,"available_crw"
"254027_0_t1",115,"254027_0_t1_crw_115",5,"254027_0_t1_20240415T110000",2024-04-15 11:00:00,-122.826502147587,37.5737124307995,0,"available_crw"
"254027_0_t1",115,"254027_0_t1_crw_115",6,"254027_0_t1_20240415T170000",2024-04-15 17:00:00,-122.831015709786,37.5550110735417,0,"available_crw"
"254027_0_t1",115,"254027_0_t1_crw_115",7,"254027_0_t1_20240415T230000",2024-04-15 23:00:00,-122.819237401333,37.5876346945632,0,"available_crw"
"254027_0_t1",115,"254027_0_t1_crw_115",8,"254027_0_t1_20240416T050000",2024-04-16 05:00:00,-122.860520724835,37.5801517142067,0,"available_crw"
"254027_0_t1",115,"254027_0_t1_crw_115",9,"254027_0_t1_20240416T110000",2024-04-16 11:00:00,-122.980465541499,37.5609852515189,0,"available_crw"
"254027_0_t1",115,"254027_0_t1_crw_115",10,"254027_0_t1_20240416T170000",2024-04-16 17:00:00,-122.974954947446,37.5424540690789,0,"available_crw"
"254027_0_t1",115,"254027_0_t1_crw_115",11,"254027_0_t1_20240416T230000",2024-04-16 23:00:00,-123.115877065634,37.5155677625311,0,"available_crw"
"254027_0_t1",115,"254027_0_t1_crw_115",12,"254027_0_t1_20240417T050000",2024-04-17 05:00:00,-123.096103407942,37.5869902911535,0,"available_crw"
"254027_0_t1",115,"254027_0_t1_crw_115",13,"254027_0_t1_20240417T110000",2024-04-17 11:00:00,-123.095317142656,37.5797086409932,0,"available_crw"
"254027_0_t1",115,"254027_0_t1_crw_115",14,"254027_0_t1_20240417T170000",2024-04-17 17:00:00,-123.071558932152,37.5819757294431,0,"available_crw"
"254027_0_t1",115,"254027_0_t1_crw_115",15,"254027_0_t1_20240417T230000",2024-04-17 23:00:00,-122.90774289562,37.5893558672641,0,"available_crw"
"254027_0_t1",115,"254027_0_t1_crw_115",16,"254027_0_t1_20240418T050000",2024-04-18 05:00:00,-122.921488213487,37.5828340006538,0,"available_crw"
"254027_0_t1",115,"254027_0_t1_crw_115",17,"254027_0_t1_20240418T110000",2024-04-18 11:00:00,-122.883032566337,37.5975230336069,0,"available_crw"
"254027_0_t1",115,"254027_0_t1_crw_115",18,"254027_0_t1_20240418T170000",2024-04-18 17:00:00,-122.631496065513,37.3668821646428,0,"available_crw"
"254027_0_t1",115,"254027_0_t1_crw_115",19,"254027_0_t1_20240418T230000",2024-04-18 23:00:00,-122.554150154796,37.2915981219049,0,"available_crw"
"254027_0_t1",115,"254027_0_t1_crw_115",20,"254027_0_t1_20240419T050000",2024-04-19 05:00:00,-122.364793074138,37.0880123752487,0,"available_crw"
"254027_0_t1",115,"254027_0_t1_crw_115",21,"254027_0_t1_20240419T110000",2024-04-19 11:00:00,-122.37997870187,37.0778242925823,0,"available_crw"
"254027_0_t1",116,"254027_0_t1_crw_116",1,"254027_0_t1_20240414T110000",2024-04-14 11:00:00,-122.8070879,37.5402499,0,"available_crw"
"254027_0_t1",116,"254027_0_t1_crw_116",2,"254027_0_t1_20240414T170000",2024-04-14 17:00:00,-122.839866419743,37.5004648755312,0,"available_crw"
"254027_0_t1",116,"254027_0_t1_crw_116",3,"254027_0_t1_20240414T230000",2024-04-14 23:00:00,-122.81945195282,37.4905608652283,0,"available_crw"
"254027_0_t1",116,"254027_0_t1_crw_116",4,"254027_0_t1_20240415T050000",2024-04-15 05:00:00,-122.772678674868,37.4609819894874,0,"available_crw"
"254027_0_t1",116,"254027_0_t1_crw_116",5,"254027_0_t1_20240415T110000",2024-04-15 11:00:00,-122.730869744447,37.4270218036837,0,"available_crw"
"254027_0_t1",116,"254027_0_t1_crw_116",6,"254027_0_t1_20240415T170000",2024-04-15 17:00:00,-122.769830823283,37.4498660067269,0,"available_crw"
"254027_0_t1",116,"254027_0_t1_crw_116",7,"254027_0_t1_20240415T230000",2024-04-15 23:00:00,-122.813224823947,37.4825485096641,0,"available_crw"
"254027_0_t1",116,"254027_0_t1_crw_116",8,"254027_0_t1_20240416T050000",2024-04-16 05:00:00,-122.865372425695,37.5182607390611,0,"available_crw"
"254027_0_t1",116,"254027_0_t1_crw_116",9,"254027_0_t1_20240416T110000",2024-04-16 11:00:00,-122.8803284744,37.5034043123171,0,"available_crw"
"254027_0_t1",116,"254027_0_t1_crw_116",10,"254027_0_t1_20240416T170000",2024-04-16 17:00:00,-122.959227751431,37.4290579826744,0,"available_crw"
"254027_0_t1",116,"254027_0_t1_crw_116",11,"254027_0_t1_20240416T230000",2024-04-16 23:00:00,-122.97514974648,37.4385766221615,0,"available_crw"
"254027_0_t1",116,"254027_0_t1_crw_116",12,"254027_0_t1_20240417T050000",2024-04-17 05:00:00,-122.981027559796,37.4052080019213,0,"available_crw"
"254027_0_t1",116,"254027_0_t1_crw_116",13,"254027_0_t1_20240417T110000",2024-04-17 11:00:00,-122.958612843978,37.2657399092756,0,"available_crw"
"254027_0_t1",116,"254027_0_t1_crw_116",14,"254027_0_t1_20240417T170000",2024-04-17 17:00:00,-122.946749670272,37.2117786991131,0,"available_crw"
"254027_0_t1",116,"254027_0_t1_crw_116",15,"254027_0_t1_20240417T230000",2024-04-17 23:00:00,-122.928508888579,37.0820151003706,0,"available_crw"
"254027_0_t1",116,"254027_0_t1_crw_116",16,"254027_0_t1_20240418T050000",2024-04-18 05:00:00,-122.929440486505,37.1159536271154,0,"available_crw"
"254027_0_t1",116,"254027_0_t1_crw_116",17,"254027_0_t1_20240418T110000",2024-04-18 11:00:00,-122.965831379289,37.0990405044401,0,"available_crw"
"254027_0_t1",116,"254027_0_t1_crw_116",18,"254027_0_t1_20240418T170000",2024-04-18 17:00:00,-122.957345044686,37.1098112255072,0,"available_crw"
"254027_0_t1",116,"254027_0_t1_crw_116",19,"254027_0_t1_20240418T230000",2024-04-18 23:00:00,-122.889655239337,37.1907284376438,0,"available_crw"
"254027_0_t1",116,"254027_0_t1_crw_116",20,"254027_0_t1_20240419T050000",2024-04-19 05:00:00,-122.790457732835,37.2944669003052,0,"available_crw"
"254027_0_t1",116,"254027_0_t1_crw_116",21,"254027_0_t1_20240419T110000",2024-04-19 11:00:00,-122.755616851643,37.4017203991773,0,"available_crw"
"254027_0_t1",117,"254027_0_t1_crw_117",1,"254027_0_t1_20240414T110000",2024-04-14 11:00:00,-122.8070879,37.5402499,0,"available_crw"
"254027_0_t1",117,"254027_0_t1_crw_117",2,"254027_0_t1_20240414T170000",2024-04-14 17:00:00,-122.863489404017,37.5979862852497,0,"available_crw"
"254027_0_t1",117,"254027_0_t1_crw_117",3,"254027_0_t1_20240414T230000",2024-04-14 23:00:00,-122.880206260279,37.5670284853923,0,"available_crw"
"254027_0_t1",117,"254027_0_t1_crw_117",4,"254027_0_t1_20240415T050000",2024-04-15 05:00:00,-123.018943898211,37.3386384948897,0,"available_crw"
"254027_0_t1",117,"254027_0_t1_crw_117",5,"254027_0_t1_20240415T110000",2024-04-15 11:00:00,-122.997068790344,37.3677474771482,0,"available_crw"
"254027_0_t1",117,"254027_0_t1_crw_117",6,"254027_0_t1_20240415T170000",2024-04-15 17:00:00,-123.01793350921,37.3769880863112,0,"available_crw"
"254027_0_t1",117,"254027_0_t1_crw_117",7,"254027_0_t1_20240415T230000",2024-04-15 23:00:00,-123.00896471474,37.3755090516721,0,"available_crw"
"254027_0_t1",117,"254027_0_t1_crw_117",8,"254027_0_t1_20240416T050000",2024-04-16 05:00:00,-123.064861651787,37.317561653829,0,"available_crw"
"254027_0_t1",117,"254027_0_t1_crw_117",9,"254027_0_t1_20240416T110000",2024-04-16 11:00:00,-123.045488576397,37.3064603878163,0,"available_crw"
"254027_0_t1",117,"254027_0_t1_crw_117",10,"254027_0_t1_20240416T170000",2024-04-16 17:00:00,-123.088718470895,37.3236332081478,0,"available_crw"
"254027_0_t1",117,"254027_0_t1_crw_117",11,"254027_0_t1_20240416T230000",2024-04-16 23:00:00,-123.042604300885,37.3122043373055,0,"available_crw"
"254027_0_t1",117,"254027_0_t1_crw_117",12,"254027_0_t1_20240417T050000",2024-04-17 05:00:00,-122.904534491973,37.3230240817727,0,"available_crw"
"254027_0_t1",117,"254027_0_t1_crw_117",13,"254027_0_t1_20240417T110000",2024-04-17 11:00:00,-122.936395013755,37.2544566648739,0,"available_crw"
"254027_0_t1",117,"254027_0_t1_crw_117",14,"254027_0_t1_20240417T170000",2024-04-17 17:00:00,-122.927058666746,37.2922909754206,0,"available_crw"
"254027_0_t1",117,"254027_0_t1_crw_117",15,"254027_0_t1_20240417T230000",2024-04-17 23:00:00,-122.9225448762,37.2800765338702,0,"available_crw"
"254027_0_t1",117,"254027_0_t1_crw_117",16,"254027_0_t1_20240418T050000",2024-04-18 05:00:00,-122.892875509478,37.3040263202333,0,"available_crw"
"254027_0_t1",117,"254027_0_t1_crw_117",17,"254027_0_t1_20240418T110000",2024-04-18 11:00:00,-122.914088430398,37.2665500635464,0,"available_crw"
"254027_0_t1",117,"254027_0_t1_crw_117",18,"254027_0_t1_20240418T170000",2024-04-18 17:00:00,-123.05762400489,37.0402710318081,0,"available_crw"
"254027_0_t1",117,"254027_0_t1_crw_117",19,"254027_0_t1_20240418T230000",2024-04-18 23:00:00,-123.015611521817,37.0414277002755,0,"available_crw"
"254027_0_t1",117,"254027_0_t1_crw_117",20,"254027_0_t1_20240419T050000",2024-04-19 05:00:00,-122.902076723283,36.7497423286454,0,"available_crw"
"254027_0_t1",117,"254027_0_t1_crw_117",21,"254027_0_t1_20240419T110000",2024-04-19 11:00:00,-122.873072456583,36.7740546946942,0,"available_crw"
"254027_0_t1",118,"254027_0_t1_crw_118",1,"254027_0_t1_20240414T110000",2024-04-14 11:00:00,-122.8070879,37.5402499,0,"available_crw"
"254027_0_t1",118,"254027_0_t1_crw_118",2,"254027_0_t1_20240414T170000",2024-04-14 17:00:00,-122.807478827975,37.5529812714246,0,"available_crw"
"254027_0_t1",118,"254027_0_t1_crw_118",3,"254027_0_t1_20240414T230000",2024-04-14 23:00:00,-122.787615521716,37.5542910616102,0,"available_crw"
"254027_0_t1",118,"254027_0_t1_crw_118",4,"254027_0_t1_20240415T050000",2024-04-15 05:00:00,-122.790391142736,37.5732057905672,0,"available_crw"
"254027_0_t1",118,"254027_0_t1_crw_118",5,"254027_0_t1_20240415T110000",2024-04-15 11:00:00,-122.777150599504,37.5361135657378,0,"available_crw"
"254027_0_t1",118,"254027_0_t1_crw_118",6,"254027_0_t1_20240415T170000",2024-04-15 17:00:00,-122.747072787808,37.5598174184056,0,"available_crw"
"254027_0_t1",118,"254027_0_t1_crw_118",7,"254027_0_t1_20240415T230000",2024-04-15 23:00:00,-122.764465329998,37.5728932069621,0,"available_crw"
"254027_0_t1",118,"254027_0_t1_crw_118",8,"254027_0_t1_20240416T050000",2024-04-16 05:00:00,-122.736224539958,37.5474616831895,0,"available_crw"
"254027_0_t1",118,"254027_0_t1_crw_118",9,"254027_0_t1_20240416T110000",2024-04-16 11:00:00,-122.945046318012,37.2912609426969,0,"available_crw"
"254027_0_t1",118,"254027_0_t1_crw_118",10,"254027_0_t1_20240416T170000",2024-04-16 17:00:00,-122.924623774156,37.2814419196395,0,"available_crw"
"254027_0_t1",118,"254027_0_t1_crw_118",11,"254027_0_t1_20240416T230000",2024-04-16 23:00:00,-122.998768314543,37.1824202002678,0,"available_crw"
"254027_0_t1",118,"254027_0_t1_crw_118",12,"254027_0_t1_20240417T050000",2024-04-17 05:00:00,-123.090904593457,37.0746732665488,0,"available_crw"
"254027_0_t1",118,"254027_0_t1_crw_118",13,"254027_0_t1_20240417T110000",2024-04-17 11:00:00,-123.089033041485,37.0873209025895,0,"available_crw"
"254027_0_t1",118,"254027_0_t1_crw_118",14,"254027_0_t1_20240417T170000",2024-04-17 17:00:00,-123.084145544927,37.1419704890217,0,"available_crw"
"254027_0_t1",118,"254027_0_t1_crw_118",15,"254027_0_t1_20240417T230000",2024-04-17 23:00:00,-123.046869807313,37.393986333209,0,"available_crw"
"254027_0_t1",118,"254027_0_t1_crw_118",16,"254027_0_t1_20240418T050000",2024-04-18 05:00:00,-123.070654775727,37.3955840164487,0,"available_crw"
"254027_0_t1",118,"254027_0_t1_crw_118",17,"254027_0_t1_20240418T110000",2024-04-18 11:00:00,-123.202602759565,37.3610977831689,0,"available_crw"
"254027_0_t1",118,"254027_0_t1_crw_118",18,"254027_0_t1_20240418T170000",2024-04-18 17:00:00,-123.194402654862,37.3432142031056,0,"available_crw"
"254027_0_t1",118,"254027_0_t1_crw_118",19,"254027_0_t1_20240418T230000",2024-04-18 23:00:00,-123.205373451774,37.3760102809958,0,"available_crw"
"254027_0_t1",118,"254027_0_t1_crw_118",20,"254027_0_t1_20240419T050000",2024-04-19 05:00:00,-123.194580353855,37.3666297952574,0,"available_crw"
"254027_0_t1",118,"254027_0_t1_crw_118",21,"254027_0_t1_20240419T110000",2024-04-19 11:00:00,-123.114568929789,37.2931413865155,0,"available_crw"
"254027_0_t1",119,"254027_0_t1_crw_119",1,"254027_0_t1_20240414T110000",2024-04-14 11:00:00,-122.8070879,37.5402499,0,"available_crw"
"254027_0_t1",119,"254027_0_t1_crw_119",2,"254027_0_t1_20240414T170000",2024-04-14 17:00:00,-122.784891522433,37.569231335262,0,"available_crw"
"254027_0_t1",119,"254027_0_t1_crw_119",3,"254027_0_t1_20240414T230000",2024-04-14 23:00:00,-122.767297697017,37.5617708533411,0,"available_crw"
"254027_0_t1",119,"254027_0_t1_crw_119",4,"254027_0_t1_20240415T050000",2024-04-15 05:00:00,-122.627705543108,37.4932902650617,0,"available_crw"
"254027_0_t1",119,"254027_0_t1_crw_119",5,"254027_0_t1_20240415T110000",2024-04-15 11:00:00,-122.643648630347,37.4941917098552,0,"available_crw"
"254027_0_t1",119,"254027_0_t1_crw_119",6,"254027_0_t1_20240415T170000",2024-04-15 17:00:00,-122.816656698228,37.4666081737771,0,"available_crw"
"254027_0_t1",119,"254027_0_t1_crw_119",7,"254027_0_t1_20240415T230000",2024-04-15 23:00:00,-122.978909879419,37.4487165678529,0,"available_crw"
"254027_0_t1",119,"254027_0_t1_crw_119",8,"254027_0_t1_20240416T050000",2024-04-16 05:00:00,-122.999176318819,37.5629889229581,0,"available_crw"
"254027_0_t1",119,"254027_0_t1_crw_119",9,"254027_0_t1_20240416T110000",2024-04-16 11:00:00,-123.033015501563,37.5427510670463,0,"available_crw"
"254027_0_t1",119,"254027_0_t1_crw_119",10,"254027_0_t1_20240416T170000",2024-04-16 17:00:00,-123.02765534414,37.5486840060382,0,"available_crw"
"254027_0_t1",119,"254027_0_t1_crw_119",11,"254027_0_t1_20240416T230000",2024-04-16 23:00:00,-123.055551882152,37.5230187051081,0,"available_crw"
"254027_0_t1",119,"254027_0_t1_crw_119",12,"254027_0_t1_20240417T050000",2024-04-17 05:00:00,-123.05188393968,37.5354144110653,0,"available_crw"
"254027_0_t1",119,"254027_0_t1_crw_119",13,"254027_0_t1_20240417T110000",2024-04-17 11:00:00,-123.092634844783,37.526349585967,0,"available_crw"
"254027_0_t1",119,"254027_0_t1_crw_119",14,"254027_0_t1_20240417T170000",2024-04-17 17:00:00,-123.201382893194,37.4572985265332,0,"available_crw"
"254027_0_t1",119,"254027_0_t1_crw_119",15,"254027_0_t1_20240417T230000",2024-04-17 23:00:00,-123.168870631042,37.4858556349406,0,"available_crw"
"254027_0_t1",119,"254027_0_t1_crw_119",16,"254027_0_t1_20240418T050000",2024-04-18 05:00:00,-123.210013045321,37.4936435503607,0,"available_crw"
"254027_0_t1",119,"254027_0_t1_crw_119",17,"254027_0_t1_20240418T110000",2024-04-18 11:00:00,-123.151843013457,37.550233787242,0,"available_crw"
"254027_0_t1",119,"254027_0_t1_crw_119",18,"254027_0_t1_20240418T170000",2024-04-18 17:00:00,-123.181705647306,37.5260114402067,0,"available_crw"
"254027_0_t1",119,"254027_0_t1_crw_119",19,"254027_0_t1_20240418T230000",2024-04-18 23:00:00,-123.17752288392,37.5325166707837,0,"available_crw"
"254027_0_t1",119,"254027_0_t1_crw_119",20,"254027_0_t1_20240419T050000",2024-04-19 05:00:00,-122.802066642544,37.470073909566,0,"available_crw"
"254027_0_t1",119,"254027_0_t1_crw_119",21,"254027_0_t1_20240419T110000",2024-04-19 11:00:00,-122.831617902346,37.3570979817943,0,"available_crw"
"254027_0_t1",120,"254027_0_t1_crw_120",1,"254027_0_t1_20240414T110000",2024-04-14 11:00:00,-122.8070879,37.5402499,0,"available_crw"
"254027_0_t1",120,"254027_0_t1_crw_120",2,"254027_0_t1_20240414T170000",2024-04-14 17:00:00,-122.825450645075,37.5464155006604,0,"available_crw"
"254027_0_t1",120,"254027_0_t1_crw_120",3,"254027_0_t1_20240414T230000",2024-04-14 23:00:00,-122.821031765156,37.5129041853761,0,"available_crw"
"254027_0_t1",120,"254027_0_t1_crw_120",4,"254027_0_t1_20240415T050000",2024-04-15 05:00:00,-122.810683034931,37.4587424034496,0,"available_crw"
"254027_0_t1",120,"254027_0_t1_crw_120",5,"254027_0_t1_20240415T110000",2024-04-15 11:00:00,-122.797201253701,37.4050211591225,0,"available_crw"
"254027_0_t1",120,"254027_0_t1_crw_120",6,"254027_0_t1_20240415T170000",2024-04-15 17:00:00,-122.816445145225,37.4010054035919,0,"available_crw"
"254027_0_t1",120,"254027_0_t1_crw_120",7,"254027_0_t1_20240415T230000",2024-04-15 23:00:00,-123.127324787523,37.3476957400289,0,"available_crw"
"254027_0_t1",120,"254027_0_t1_crw_120",8,"254027_0_t1_20240416T050000",2024-04-16 05:00:00,-123.158245916108,37.4604378146614,0,"available_crw"
"254027_0_t1",120,"254027_0_t1_crw_120",9,"254027_0_t1_20240416T110000",2024-04-16 11:00:00,-123.163739865773,37.5078228590131,0,"available_crw"
"254027_0_t1",120,"254027_0_t1_crw_120",10,"254027_0_t1_20240416T170000",2024-04-16 17:00:00,-123.16186922211,37.5553860156195,0,"available_crw"
"254027_0_t1",120,"254027_0_t1_crw_120",11,"254027_0_t1_20240416T230000",2024-04-16 23:00:00,-123.159407883374,37.5483451171115,0,"available_crw"
"254027_0_t1",120,"254027_0_t1_crw_120",12,"254027_0_t1_20240417T050000",2024-04-17 05:00:00,-123.249775961634,37.561497087767,0,"available_crw"
"254027_0_t1",120,"254027_0_t1_crw_120",13,"254027_0_t1_20240417T110000",2024-04-17 11:00:00,-123.201345888713,37.5607286502368,0,"available_crw"
"254027_0_t1",120,"254027_0_t1_crw_120",14,"254027_0_t1_20240417T170000",2024-04-17 17:00:00,-123.201670216187,37.5797702263308,0,"available_crw"
"254027_0_t1",120,"254027_0_t1_crw_120",15,"254027_0_t1_20240417T230000",2024-04-17 23:00:00,-123.118529013984,37.5486440328152,0,"available_crw"
"254027_0_t1",120,"254027_0_t1_crw_120",16,"254027_0_t1_20240418T050000",2024-04-18 05:00:00,-123.155320648046,37.56579919044,0,"available_crw"
"254027_0_t1",120,"254027_0_t1_crw_120",17,"254027_0_t1_20240418T110000",2024-04-18 11:00:00,-123.146374684392,37.5641550253862,0,"available_crw"
"254027_0_t1",120,"254027_0_t1_crw_120",18,"254027_0_t1_20240418T170000",2024-04-18 17:00:00,-123.090240186739,37.5478056406297,0,"available_crw"
"254027_0_t1",120,"254027_0_t1_crw_120",19,"254027_0_t1_20240418T230000",2024-04-18 23:00:00,-122.914290262891,37.5359160687439,0,"available_crw"
"254027_0_t1",120,"254027_0_t1_crw_120",20,"254027_0_t1_20240419T050000",2024-04-19 05:00:00,-122.956263969859,37.5418378241805,0,"available_crw"
"254027_0_t1",120,"254027_0_t1_crw_120",21,"254027_0_t1_20240419T110000",2024-04-19 11:00:00,-122.941016200899,37.5456825710938,0,"available_crw"
"254027_0_t1",121,"254027_0_t1_crw_121",1,"254027_0_t1_20240414T110000",2024-04-14 11:00:00,-122.8070879,37.5402499,0,"available_crw"
"254027_0_t1",121,"254027_0_t1_crw_121",2,"254027_0_t1_20240414T170000",2024-04-14 17:00:00,-122.792918319851,37.5771240995815,0,"available_crw"
"254027_0_t1",121,"254027_0_t1_crw_121",3,"254027_0_t1_20240414T230000",2024-04-14 23:00:00,-122.789893375653,37.5360656860724,0,"available_crw"
"254027_0_t1",121,"254027_0_t1_crw_121",4,"254027_0_t1_20240415T050000",2024-04-15 05:00:00,-122.934537415591,37.5289983413071,0,"available_crw"
"254027_0_t1",121,"254027_0_t1_crw_121",5,"254027_0_t1_20240415T110000",2024-04-15 11:00:00,-122.932251045515,37.5100420606558,0,"available_crw"
"254027_0_t1",121,"254027_0_t1_crw_121",6,"254027_0_t1_20240415T170000",2024-04-15 17:00:00,-122.866212513669,37.4125459718953,0,"available_crw"
"254027_0_t1",121,"254027_0_t1_crw_121",7,"254027_0_t1_20240415T230000",2024-04-15 23:00:00,-122.957819650954,37.4094390985696,0,"available_crw"
"254027_0_t1",121,"254027_0_t1_crw_121",8,"254027_0_t1_20240416T050000",2024-04-16 05:00:00,-122.964325610751,37.5247305728498,0,"available_crw"
"254027_0_t1",121,"254027_0_t1_crw_121",9,"254027_0_t1_20240416T110000",2024-04-16 11:00:00,-122.988161540736,37.5232305292445,0,"available_crw"
"254027_0_t1",121,"254027_0_t1_crw_121",10,"254027_0_t1_20240416T170000",2024-04-16 17:00:00,-122.99088848031,37.5389494889627,0,"available_crw"
"254027_0_t1",121,"254027_0_t1_crw_121",11,"254027_0_t1_20240416T230000",2024-04-16 23:00:00,-122.847331931281,37.5548795592305,0,"available_crw"
"254027_0_t1",121,"254027_0_t1_crw_121",12,"254027_0_t1_20240417T050000",2024-04-17 05:00:00,-122.872661960418,37.5818770412593,0,"available_crw"
"254027_0_t1",121,"254027_0_t1_crw_121",13,"254027_0_t1_20240417T110000",2024-04-17 11:00:00,-122.891335224411,37.5699703918524,0,"available_crw"
"254027_0_t1",121,"254027_0_t1_crw_121",14,"254027_0_t1_20240417T170000",2024-04-17 17:00:00,-123.025304844152,37.4946912999105,0,"available_crw"
"254027_0_t1",121,"254027_0_t1_crw_121",15,"254027_0_t1_20240417T230000",2024-04-17 23:00:00,-123.040165514692,37.5668647546826,0,"available_crw"
"254027_0_t1",121,"254027_0_t1_crw_121",16,"254027_0_t1_20240418T050000",2024-04-18 05:00:00,-123.014586673635,37.5311316971983,0,"available_crw"
"254027_0_t1",121,"254027_0_t1_crw_121",17,"254027_0_t1_20240418T110000",2024-04-18 11:00:00,-123.044990507593,37.5611472005455,0,"available_crw"
"254027_0_t1",121,"254027_0_t1_crw_121",18,"254027_0_t1_20240418T170000",2024-04-18 17:00:00,-122.955436417567,37.5775117718086,0,"available_crw"
"254027_0_t1",121,"254027_0_t1_crw_121",19,"254027_0_t1_20240418T230000",2024-04-18 23:00:00,-122.963368480943,37.5738296253957,0,"available_crw"
"254027_0_t1",121,"254027_0_t1_crw_121",20,"254027_0_t1_20240419T050000",2024-04-19 05:00:00,-123.046745951177,37.4851326597935,0,"available_crw"
"254027_0_t1",121,"254027_0_t1_crw_121",21,"254027_0_t1_20240419T110000",2024-04-19 11:00:00,-123.018261119909,37.5103746644289,0,"available_crw"
"254027_0_t1",122,"254027_0_t1_crw_122",1,"254027_0_t1_20240414T110000",2024-04-14 11:00:00,-122.8070879,37.5402499,0,"available_crw"
"254027_0_t1",122,"254027_0_t1_crw_122",2,"254027_0_t1_20240414T170000",2024-04-14 17:00:00,-122.937329132655,37.5909481484522,0,"available_crw"
"254027_0_t1",122,"254027_0_t1_crw_122",3,"254027_0_t1_20240414T230000",2024-04-14 23:00:00,-122.947093743489,37.5735624939629,0,"available_crw"
"254027_0_t1",122,"254027_0_t1_crw_122",4,"254027_0_t1_20240415T050000",2024-04-15 05:00:00,-123.179063419516,37.3826521305425,0,"available_crw"
"254027_0_t1",122,"254027_0_t1_crw_122",5,"254027_0_t1_20240415T110000",2024-04-15 11:00:00,-123.161352137099,37.3698892907867,0,"available_crw"
"254027_0_t1",122,"254027_0_t1_crw_122",6,"254027_0_t1_20240415T170000",2024-04-15 17:00:00,-123.246303301262,37.3424906397376,0,"available_crw"
"254027_0_t1",122,"254027_0_t1_crw_122",7,"254027_0_t1_20240415T230000",2024-04-15 23:00:00,-123.240045282933,37.4154587595286,0,"available_crw"
"254027_0_t1",122,"254027_0_t1_crw_122",8,"254027_0_t1_20240416T050000",2024-04-16 05:00:00,-123.218763409845,37.5449271742498,0,"available_crw"
"254027_0_t1",122,"254027_0_t1_crw_122",9,"254027_0_t1_20240416T110000",2024-04-16 11:00:00,-123.203746645534,37.5909875655023,0,"available_crw"
"254027_0_t1",122,"254027_0_t1_crw_122",10,"254027_0_t1_20240416T170000",2024-04-16 17:00:00,-123.063354013065,37.5621229206217,0,"available_crw"
"254027_0_t1",122,"254027_0_t1_crw_122",11,"254027_0_t1_20240416T230000",2024-04-16 23:00:00,-123.111588035653,37.5656897733806,0,"available_crw"
"254027_0_t1",122,"254027_0_t1_crw_122",12,"254027_0_t1_20240417T050000",2024-04-17 05:00:00,-123.180342854198,37.5681797551278,0,"available_crw"
"254027_0_t1",122,"254027_0_t1_crw_122",13,"254027_0_t1_20240417T110000",2024-04-17 11:00:00,-123.171464088171,37.5700419255855,0,"available_crw"
"254027_0_t1",122,"254027_0_t1_crw_122",14,"254027_0_t1_20240417T170000",2024-04-17 17:00:00,-123.13431235044,37.4584939304453,0,"available_crw"
"254027_0_t1",122,"254027_0_t1_crw_122",15,"254027_0_t1_20240417T230000",2024-04-17 23:00:00,-123.154036981338,37.4937058171449,0,"available_crw"
"254027_0_t1",122,"254027_0_t1_crw_122",16,"254027_0_t1_20240418T050000",2024-04-18 05:00:00,-123.147970023503,37.4882244358608,0,"available_crw"
"254027_0_t1",122,"254027_0_t1_crw_122",17,"254027_0_t1_20240418T110000",2024-04-18 11:00:00,-123.155812150808,37.4920149467737,0,"available_crw"
"254027_0_t1",122,"254027_0_t1_crw_122",18,"254027_0_t1_20240418T170000",2024-04-18 17:00:00,-123.139861372569,37.4912079997436,0,"available_crw"
"254027_0_t1",122,"254027_0_t1_crw_122",19,"254027_0_t1_20240418T230000",2024-04-18 23:00:00,-123.061732816867,37.1920587251594,0,"available_crw"
"254027_0_t1",122,"254027_0_t1_crw_122",20,"254027_0_t1_20240419T050000",2024-04-19 05:00:00,-123.038602389619,37.1965630960943,0,"available_crw"
"254027_0_t1",122,"254027_0_t1_crw_122",21,"254027_0_t1_20240419T110000",2024-04-19 11:00:00,-122.877868103035,37.2194304143143,0,"available_crw"
"254027_0_t1",123,"254027_0_t1_crw_123",1,"254027_0_t1_20240414T110000",2024-04-14 11:00:00,-122.8070879,37.5402499,0,"available_crw"
"254027_0_t1",123,"254027_0_t1_crw_123",2,"254027_0_t1_20240414T170000",2024-04-14 17:00:00,-122.840401933194,37.4021715316802,0,"available_crw"
"254027_0_t1",123,"254027_0_t1_crw_123",3,"254027_0_t1_20240414T230000",2024-04-14 23:00:00,-122.848912778077,37.4427375413405,0,"available_crw"
"254027_0_t1",123,"254027_0_t1_crw_123",4,"254027_0_t1_20240415T050000",2024-04-15 05:00:00,-122.872321808379,37.4389596839228,0,"available_crw"
"254027_0_t1",123,"254027_0_t1_crw_123",5,"254027_0_t1_20240415T110000",2024-04-15 11:00:00,-123.029637855739,37.3755358513869,0,"available_crw"
"254027_0_t1",123,"254027_0_t1_crw_123",6,"254027_0_t1_20240415T170000",2024-04-15 17:00:00,-122.994627060201,37.405724311452,0,"available_crw"
"254027_0_t1",123,"254027_0_t1_crw_123",7,"254027_0_t1_20240415T230000",2024-04-15 23:00:00,-122.888380678388,37.3274408835924,0,"available_crw"
"254027_0_t1",123,"254027_0_t1_crw_123",8,"254027_0_t1_20240416T050000",2024-04-16 05:00:00,-122.928641957377,37.3487398331036,0,"available_crw"
"254027_0_t1",123,"254027_0_t1_crw_123",9,"254027_0_t1_20240416T110000",2024-04-16 11:00:00,-123.065093836024,37.369071595761,0,"available_crw"
"254027_0_t1",123,"254027_0_t1_crw_123",10,"254027_0_t1_20240416T170000",2024-04-16 17:00:00,-123.049839828749,37.3728108108171,0,"available_crw"
"254027_0_t1",123,"254027_0_t1_crw_123",11,"254027_0_t1_20240416T230000",2024-04-16 23:00:00,-123.09315657974,37.3557325586199,0,"available_crw"
"254027_0_t1",123,"254027_0_t1_crw_123",12,"254027_0_t1_20240417T050000",2024-04-17 05:00:00,-123.24389377811,37.3051182466464,0,"available_crw"
"254027_0_t1",123,"254027_0_t1_crw_123",13,"254027_0_t1_20240417T110000",2024-04-17 11:00:00,-123.206359617826,37.3332803428366,0,"available_crw"
"254027_0_t1",123,"254027_0_t1_crw_123",14,"254027_0_t1_20240417T170000",2024-04-17 17:00:00,-123.235809700171,37.302721679924,0,"available_crw"
"254027_0_t1",123,"254027_0_t1_crw_123",15,"254027_0_t1_20240417T230000",2024-04-17 23:00:00,-123.206965300528,37.3276522172144,0,"available_crw"
"254027_0_t1",123,"254027_0_t1_crw_123",16,"254027_0_t1_20240418T050000",2024-04-18 05:00:00,-122.867582376076,37.1869634804068,0,"available_crw"
"254027_0_t1",123,"254027_0_t1_crw_123",17,"254027_0_t1_20240418T110000",2024-04-18 11:00:00,-122.85730183072,37.2041407122578,0,"available_crw"
"254027_0_t1",123,"254027_0_t1_crw_123",18,"254027_0_t1_20240418T170000",2024-04-18 17:00:00,-122.727131910759,37.1544250058609,0,"available_crw"
"254027_0_t1",123,"254027_0_t1_crw_123",19,"254027_0_t1_20240418T230000",2024-04-18 23:00:00,-122.773369087246,37.1652719102928,0,"available_crw"
"254027_0_t1",123,"254027_0_t1_crw_123",20,"254027_0_t1_20240419T050000",2024-04-19 05:00:00,-122.722100601951,37.1681651600732,0,"available_crw"
"254027_0_t1",123,"254027_0_t1_crw_123",21,"254027_0_t1_20240419T110000",2024-04-19 11:00:00,-122.756190785701,37.1003067528392,0,"available_crw"
"254027_0_t1",124,"254027_0_t1_crw_124",1,"254027_0_t1_20240414T110000",2024-04-14 11:00:00,-122.8070879,37.5402499,0,"available_crw"
"254027_0_t1",124,"254027_0_t1_crw_124",2,"254027_0_t1_20240414T170000",2024-04-14 17:00:00,-122.815111328561,37.4296353066485,0,"available_crw"
"254027_0_t1",124,"254027_0_t1_crw_124",3,"254027_0_t1_20240414T230000",2024-04-14 23:00:00,-122.959616214499,37.4359782724735,0,"available_crw"
"254027_0_t1",124,"254027_0_t1_crw_124",4,"254027_0_t1_20240415T050000",2024-04-15 05:00:00,-122.950732133572,37.4377759402921,0,"available_crw"
"254027_0_t1",124,"254027_0_t1_crw_124",5,"254027_0_t1_20240415T110000",2024-04-15 11:00:00,-122.993173233076,37.414408460774,0,"available_crw"
"254027_0_t1",124,"254027_0_t1_crw_124",6,"254027_0_t1_20240415T170000",2024-04-15 17:00:00,-123.133231689022,37.3468907991633,0,"available_crw"
"254027_0_t1",124,"254027_0_t1_crw_124",7,"254027_0_t1_20240415T230000",2024-04-15 23:00:00,-123.096426688998,37.3718696361957,0,"available_crw"
"254027_0_t1",124,"254027_0_t1_crw_124",8,"254027_0_t1_20240416T050000",2024-04-16 05:00:00,-123.002675000397,37.2840369303883,0,"available_crw"
"254027_0_t1",124,"254027_0_t1_crw_124",9,"254027_0_t1_20240416T110000",2024-04-16 11:00:00,-123.027208887543,37.3117524551369,0,"available_crw"
"254027_0_t1",124,"254027_0_t1_crw_124",10,"254027_0_t1_20240416T170000",2024-04-16 17:00:00,-123.011683284506,37.3216548719473,0,"available_crw"
"254027_0_t1",124,"254027_0_t1_crw_124",11,"254027_0_t1_20240416T230000",2024-04-16 23:00:00,-122.921404763558,37.2315701325687,0,"available_crw"
"254027_0_t1",124,"254027_0_t1_crw_124",12,"254027_0_t1_20240417T050000",2024-04-17 05:00:00,-122.9361509477,37.2209503525498,0,"available_crw"
"254027_0_t1",124,"254027_0_t1_crw_124",13,"254027_0_t1_20240417T110000",2024-04-17 11:00:00,-122.902177045908,37.2413061108292,0,"available_crw"
"254027_0_t1",124,"254027_0_t1_crw_124",14,"254027_0_t1_20240417T170000",2024-04-17 17:00:00,-122.832235753429,37.3369855037861,0,"available_crw"
"254027_0_t1",124,"254027_0_t1_crw_124",15,"254027_0_t1_20240417T230000",2024-04-17 23:00:00,-122.856892335002,37.3093350771398,0,"available_crw"
"254027_0_t1",124,"254027_0_t1_crw_124",16,"254027_0_t1_20240418T050000",2024-04-18 05:00:00,-123.052327223428,37.1094195654184,0,"available_crw"
"254027_0_t1",124,"254027_0_t1_crw_124",17,"254027_0_t1_20240418T110000",2024-04-18 11:00:00,-123.068634582631,37.1184350110285,0,"available_crw"
"254027_0_t1",124,"254027_0_t1_crw_124",18,"254027_0_t1_20240418T170000",2024-04-18 17:00:00,-123.126712313518,37.1474112480393,0,"available_crw"
"254027_0_t1",124,"254027_0_t1_crw_124",19,"254027_0_t1_20240418T230000",2024-04-18 23:00:00,-123.050638039308,37.2454754900761,0,"available_crw"
"254027_0_t1",124,"254027_0_t1_crw_124",20,"254027_0_t1_20240419T050000",2024-04-19 05:00:00,-123.03319630618,37.2379006836644,0,"available_crw"
"254027_0_t1",124,"254027_0_t1_crw_124",21,"254027_0_t1_20240419T110000",2024-04-19 11:00:00,-123.084125639991,37.2437173199237,0,"available_crw"
"254027_0_t1",125,"254027_0_t1_crw_125",1,"254027_0_t1_20240414T110000",2024-04-14 11:00:00,-122.8070879,37.5402499,0,"available_crw"
"254027_0_t1",125,"254027_0_t1_crw_125",2,"254027_0_t1_20240414T170000",2024-04-14 17:00:00,-122.839866419743,37.5004648755312,0,"available_crw"
"254027_0_t1",125,"254027_0_t1_crw_125",3,"254027_0_t1_20240414T230000",2024-04-14 23:00:00,-122.820125318277,37.535674547774,0,"available_crw"
"254027_0_t1",125,"254027_0_t1_crw_125",4,"254027_0_t1_20240415T050000",2024-04-15 05:00:00,-122.823456156457,37.4946309022771,0,"available_crw"
"254027_0_t1",125,"254027_0_t1_crw_125",5,"254027_0_t1_20240415T110000",2024-04-15 11:00:00,-122.785170238861,37.5089489930186,0,"available_crw"
"254027_0_t1",125,"254027_0_t1_crw_125",6,"254027_0_t1_20240415T170000",2024-04-15 17:00:00,-122.536440196772,37.2765832691629,0,"available_crw"
"254027_0_t1",125,"254027_0_t1_crw_125",7,"254027_0_t1_20240415T230000",2024-04-15 23:00:00,-122.412626229287,37.2267750947663,0,"available_crw"
"254027_0_t1",125,"254027_0_t1_crw_125",8,"254027_0_t1_20240416T050000",2024-04-16 05:00:00,-122.414174138256,37.2604485672748,0,"available_crw"
"254027_0_t1",125,"254027_0_t1_crw_125",9,"254027_0_t1_20240416T110000",2024-04-16 11:00:00,-122.406277181861,37.2493876306633,0,"available_crw"
"254027_0_t1",125,"254027_0_t1_crw_125",10,"254027_0_t1_20240416T170000",2024-04-16 17:00:00,-122.42393047854,37.2802610687584,0,"available_crw"
"254027_0_t1",125,"254027_0_t1_crw_125",11,"254027_0_t1_20240416T230000",2024-04-16 23:00:00,-122.471674764399,37.3698632609587,0,"available_crw"
"254027_0_t1",125,"254027_0_t1_crw_125",12,"254027_0_t1_20240417T050000",2024-04-17 05:00:00,-122.493297751673,37.3618135395048,0,"available_crw"
"254027_0_t1",125,"254027_0_t1_crw_125",13,"254027_0_t1_20240417T110000",2024-04-17 11:00:00,-122.45709264431,37.3910845930246,0,"available_crw"
"254027_0_t1",125,"254027_0_t1_crw_125",14,"254027_0_t1_20240417T170000",2024-04-17 17:00:00,-122.497736148415,37.4002432113473,0,"available_crw"
"254027_0_t1",125,"254027_0_t1_crw_125",15,"254027_0_t1_20240417T230000",2024-04-17 23:00:00,-122.673979777827,37.4012029331832,0,"available_crw"
"254027_0_t1",125,"254027_0_t1_crw_125",16,"254027_0_t1_20240418T050000",2024-04-18 05:00:00,-122.991694350764,37.4139244902587,0,"available_crw"
"254027_0_t1",125,"254027_0_t1_crw_125",17,"254027_0_t1_20240418T110000",2024-04-18 11:00:00,-123.113444390878,37.4211727855748,0,"available_crw"
"254027_0_t1",125,"254027_0_t1_crw_125",18,"254027_0_t1_20240418T170000",2024-04-18 17:00:00,-123.182112429235,37.4226491085663,0,"available_crw"
"254027_0_t1",125,"254027_0_t1_crw_125",19,"254027_0_t1_20240418T230000",2024-04-18 23:00:00,-123.134192582349,37.4277940078219,0,"available_crw"
"254027_0_t1",125,"254027_0_t1_crw_125",20,"254027_0_t1_20240419T050000",2024-04-19 05:00:00,-123.13039911957,37.4122165747977,0,"available_crw"
"254027_0_t1",125,"254027_0_t1_crw_125",21,"254027_0_t1_20240419T110000",2024-04-19 11:00:00,-123.107127954461,37.4164735083628,0,"available_crw"
"254027_0_t1",126,"254027_0_t1_crw_126",1,"254027_0_t1_20240414T110000",2024-04-14 11:00:00,-122.8070879,37.5402499,0,"available_crw"
"254027_0_t1",126,"254027_0_t1_crw_126",2,"254027_0_t1_20240414T170000",2024-04-14 17:00:00,-122.888333329171,37.4268567944635,0,"available_crw"
"254027_0_t1",126,"254027_0_t1_crw_126",3,"254027_0_t1_20240414T230000",2024-04-14 23:00:00,-122.904761566281,37.3168336534359,0,"available_crw"
"254027_0_t1",126,"254027_0_t1_crw_126",4,"254027_0_t1_20240415T050000",2024-04-15 05:00:00,-122.956610093739,37.0664728045646,0,"available_crw"
"254027_0_t1",126,"254027_0_t1_crw_126",5,"254027_0_t1_20240415T110000",2024-04-15 11:00:00,-122.993015831365,36.9391932856855,0,"available_crw"
"254027_0_t1",126,"254027_0_t1_crw_126",6,"254027_0_t1_20240415T170000",2024-04-15 17:00:00,-123.172716225116,36.7161015202619,0,"available_crw"
"254027_0_t1",126,"254027_0_t1_crw_126",7,"254027_0_t1_20240415T230000",2024-04-15 23:00:00,-123.17126547151,36.7287848243135,0,"available_crw"
"254027_0_t1",126,"254027_0_t1_crw_126",8,"254027_0_t1_20240416T050000",2024-04-16 05:00:00,-123.165249558946,36.7170044628538,0,"available_crw"
"254027_0_t1",126,"254027_0_t1_crw_126",9,"254027_0_t1_20240416T110000",2024-04-16 11:00:00,-123.177717481503,36.7494360487509,0,"available_crw"
"254027_0_t1",126,"254027_0_t1_crw_126",10,"254027_0_t1_20240416T170000",2024-04-16 17:00:00,-123.168919923219,36.7162340284908,0,"available_crw"
"254027_0_t1",126,"254027_0_t1_crw_126",11,"254027_0_t1_20240416T230000",2024-04-16 23:00:00,-123.144992910509,36.5870717749658,0,"available_crw"
"254027_0_t1",126,"254027_0_t1_crw_126",12,"254027_0_t1_20240417T050000",2024-04-17 05:00:00,-123.164254640354,36.5838186256199,0,"available_crw"
"254027_0_t1",126,"254027_0_t1_crw_126",13,"254027_0_t1_20240417T110000",2024-04-17 11:00:00,-123.137019836046,36.5582613249819,0,"available_crw"
"254027_0_t1",126,"254027_0_t1_crw_126",14,"254027_0_t1_20240417T170000",2024-04-17 17:00:00,-122.943657387817,36.3582126327754,0,"available_crw"
"254027_0_t1",126,"254027_0_t1_crw_126",15,"254027_0_t1_20240417T230000",2024-04-17 23:00:00,-122.852594763987,36.2503985007553,0,"available_crw"
"254027_0_t1",126,"254027_0_t1_crw_126",16,"254027_0_t1_20240418T050000",2024-04-18 05:00:00,-122.873036695666,36.2800406383678,0,"available_crw"
"254027_0_t1",126,"254027_0_t1_crw_126",17,"254027_0_t1_20240418T110000",2024-04-18 11:00:00,-122.856507377355,36.2885738893174,0,"available_crw"
"254027_0_t1",126,"254027_0_t1_crw_126",18,"254027_0_t1_20240418T170000",2024-04-18 17:00:00,-122.893056177228,36.3047151764361,0,"available_crw"
"254027_0_t1",126,"254027_0_t1_crw_126",19,"254027_0_t1_20240418T230000",2024-04-18 23:00:00,-122.842759246291,36.2988133500754,0,"available_crw"
"254027_0_t1",126,"254027_0_t1_crw_126",20,"254027_0_t1_20240419T050000",2024-04-19 05:00:00,-122.724215676561,36.2821902658962,0,"available_crw"
"254027_0_t1",126,"254027_0_t1_crw_126",21,"254027_0_t1_20240419T110000",2024-04-19 11:00:00,-122.657074350533,36.2753079973292,0,"available_crw"
"254027_0_t1",127,"254027_0_t1_crw_127",1,"254027_0_t1_20240414T110000",2024-04-14 11:00:00,-122.8070879,37.5402499,0,"available_crw"
"254027_0_t1",127,"254027_0_t1_crw_127",2,"254027_0_t1_20240414T170000",2024-04-14 17:00:00,-122.807478827975,37.5529812714246,0,"available_crw"
"254027_0_t1",127,"254027_0_t1_crw_127",3,"254027_0_t1_20240414T230000",2024-04-14 23:00:00,-122.788327141096,37.5147844430994,0,"available_crw"
"254027_0_t1",127,"254027_0_t1_crw_127",4,"254027_0_t1_20240415T050000",2024-04-15 05:00:00,-122.759903850185,37.4648991962817,0,"available_crw"
"254027_0_t1",127,"254027_0_t1_crw_127",5,"254027_0_t1_20240415T110000",2024-04-15 11:00:00,-122.734610498343,37.4919006453747,0,"available_crw"
"254027_0_t1",127,"254027_0_t1_crw_127",6,"254027_0_t1_20240415T170000",2024-04-15 17:00:00,-122.658825652614,37.568316494489,0,"available_crw"
"254027_0_t1",127,"254027_0_t1_crw_127",7,"254027_0_t1_20240415T230000",2024-04-15 23:00:00,-122.618964774933,37.5024277305506,0,"available_crw"
"254027_0_t1",127,"254027_0_t1_crw_127",8,"254027_0_t1_20240416T050000",2024-04-16 05:00:00,-122.586302424643,37.4542212627932,0,"available_crw"
"254027_0_t1",127,"254027_0_t1_crw_127",9,"254027_0_t1_20240416T110000",2024-04-16 11:00:00,-122.538407007888,37.1912356779374,0,"available_crw"
"254027_0_t1",127,"254027_0_t1_crw_127",10,"254027_0_t1_20240416T170000",2024-04-16 17:00:00,-122.542356182463,37.1978264004841,0,"available_crw"
"254027_0_t1",127,"254027_0_t1_crw_127",11,"254027_0_t1_20240416T230000",2024-04-16 23:00:00,-122.514843934969,37.1661641120253,0,"available_crw"
"254027_0_t1",127,"254027_0_t1_crw_127",12,"254027_0_t1_20240417T050000",2024-04-17 05:00:00,-122.430295920155,37.0545131759194,0,"available_crw"
"254027_0_t1",127,"254027_0_t1_crw_127",13,"254027_0_t1_20240417T110000",2024-04-17 11:00:00,-122.410397851322,37.0649239608265,0,"available_crw"
"254027_0_t1",127,"254027_0_t1_crw_127",14,"254027_0_t1_20240417T170000",2024-04-17 17:00:00,-122.445956576755,37.0389466245151,0,"available_crw"
"254027_0_t1",127,"254027_0_t1_crw_127",15,"254027_0_t1_20240417T230000",2024-04-17 23:00:00,-122.572733307017,36.9570212681233,0,"available_crw"
"254027_0_t1",127,"254027_0_t1_crw_127",16,"254027_0_t1_20240418T050000",2024-04-18 05:00:00,-122.623104301537,36.9319170938939,0,"available_crw"
"254027_0_t1",127,"254027_0_t1_crw_127",17,"254027_0_t1_20240418T110000",2024-04-18 11:00:00,-122.58650299925,36.9154236203938,0,"available_crw"
"254027_0_t1",127,"254027_0_t1_crw_127",18,"254027_0_t1_20240418T170000",2024-04-18 17:00:00,-122.656542687147,36.814655296159,0,"available_crw"
"254027_0_t1",127,"254027_0_t1_crw_127",19,"254027_0_t1_20240418T230000",2024-04-18 23:00:00,-122.671552650888,36.7045034441272,0,"available_crw"
"254027_0_t1",127,"254027_0_t1_crw_127",20,"254027_0_t1_20240419T050000",2024-04-19 05:00:00,-122.691237157051,36.7053081097505,0,"available_crw"
"254027_0_t1",127,"254027_0_t1_crw_127",21,"254027_0_t1_20240419T110000",2024-04-19 11:00:00,-122.691636313059,36.6862647843289,0,"available_crw"
"254027_0_t1",128,"254027_0_t1_crw_128",1,"254027_0_t1_20240414T110000",2024-04-14 11:00:00,-122.8070879,37.5402499,0,"available_crw"
"254027_0_t1",128,"254027_0_t1_crw_128",2,"254027_0_t1_20240414T170000",2024-04-14 17:00:00,-122.815111328561,37.4296353066485,0,"available_crw"
"254027_0_t1",128,"254027_0_t1_crw_128",3,"254027_0_t1_20240414T230000",2024-04-14 23:00:00,-122.834593167343,37.2999870893008,0,"available_crw"
"254027_0_t1",128,"254027_0_t1_crw_128",4,"254027_0_t1_20240415T050000",2024-04-15 05:00:00,-122.852297488469,37.2036398637952,0,"available_crw"
"254027_0_t1",128,"254027_0_t1_crw_128",5,"254027_0_t1_20240415T110000",2024-04-15 11:00:00,-122.995124007593,37.2200947579767,0,"available_crw"
"254027_0_t1",128,"254027_0_t1_crw_128",6,"254027_0_t1_20240415T170000",2024-04-15 17:00:00,-122.974902150383,37.334369635343,0,"available_crw"
"254027_0_t1",128,"254027_0_t1_crw_128",7,"254027_0_t1_20240415T230000",2024-04-15 23:00:00,-122.595184114383,37.3730407917628,0,"available_crw"
"254027_0_t1",128,"254027_0_t1_crw_128",8,"254027_0_t1_20240416T050000",2024-04-16 05:00:00,-122.641539125802,37.362169933482,0,"available_crw"
"254027_0_t1",128,"254027_0_t1_crw_128",9,"254027_0_t1_20240416T110000",2024-04-16 11:00:00,-122.759418004572,37.3371383522599,0,"available_crw"
"254027_0_t1",128,"254027_0_t1_crw_128",10,"254027_0_t1_20240416T170000",2024-04-16 17:00:00,-122.919677375245,37.3112395183512,0,"available_crw"
"254027_0_t1",128,"254027_0_t1_crw_128",11,"254027_0_t1_20240416T230000",2024-04-16 23:00:00,-122.874504886552,37.3248577339036,0,"available_crw"
"254027_0_t1",128,"254027_0_t1_crw_128",12,"254027_0_t1_20240417T050000",2024-04-17 05:00:00,-122.881714944019,37.3203563279417,0,"available_crw"
"254027_0_t1",128,"254027_0_t1_crw_128",13,"254027_0_t1_20240417T110000",2024-04-17 11:00:00,-123.140260387235,37.1731182680379,0,"available_crw"
"254027_0_t1",128,"254027_0_t1_crw_128",14,"254027_0_t1_20240417T170000",2024-04-17 17:00:00,-123.224432129437,37.2668672716128,0,"available_crw"
"254027_0_t1",128,"254027_0_t1_crw_128",15,"254027_0_t1_20240417T230000",2024-04-17 23:00:00,-123.190379832151,37.2395513512733,0,"available_crw"
"254027_0_t1",128,"254027_0_t1_crw_128",16,"254027_0_t1_20240418T050000",2024-04-18 05:00:00,-123.06214547607,37.1975949312896,0,"available_crw"
"254027_0_t1",128,"254027_0_t1_crw_128",17,"254027_0_t1_20240418T110000",2024-04-18 11:00:00,-123.116530273129,37.0907071158203,0,"available_crw"
"254027_0_t1",128,"254027_0_t1_crw_128",18,"254027_0_t1_20240418T170000",2024-04-18 17:00:00,-123.177566823121,37.1451190559708,0,"available_crw"
"254027_0_t1",128,"254027_0_t1_crw_128",19,"254027_0_t1_20240418T230000",2024-04-18 23:00:00,-123.152176112918,37.117933140404,0,"available_crw"
"254027_0_t1",128,"254027_0_t1_crw_128",20,"254027_0_t1_20240419T050000",2024-04-19 05:00:00,-123.032821646171,37.0619355651788,0,"available_crw"
"254027_0_t1",128,"254027_0_t1_crw_128",21,"254027_0_t1_20240419T110000",2024-04-19 11:00:00,-123.083368851683,37.0690815251596,0,"available_crw"
"254027_0_t1",129,"254027_0_t1_crw_129",1,"254027_0_t1_20240414T110000",2024-04-14 11:00:00,-122.8070879,37.5402499,0,"available_crw"
"254027_0_t1",129,"254027_0_t1_crw_129",2,"254027_0_t1_20240414T170000",2024-04-14 17:00:00,-122.825450645075,37.5464155006604,0,"available_crw"
"254027_0_t1",129,"254027_0_t1_crw_129",3,"254027_0_t1_20240414T230000",2024-04-14 23:00:00,-123.000558036658,37.5647456012587,0,"available_crw"
"254027_0_t1",129,"254027_0_t1_crw_129",4,"254027_0_t1_20240415T050000",2024-04-15 05:00:00,-122.985107116939,37.5333759314887,0,"available_crw"
"254027_0_t1",129,"254027_0_t1_crw_129",5,"254027_0_t1_20240415T110000",2024-04-15 11:00:00,-123.119847102819,37.4909659779246,0,"available_crw"
"254027_0_t1",129,"254027_0_t1_crw_129",6,"254027_0_t1_20240415T170000",2024-04-15 17:00:00,-123.128246599292,37.5053541134698,0,"available_crw"
"254027_0_t1",129,"254027_0_t1_crw_129",7,"254027_0_t1_20240415T230000",2024-04-15 23:00:00,-123.122073433912,37.4999478530739,0,"available_crw"
"254027_0_t1",129,"254027_0_t1_crw_129",8,"254027_0_t1_20240416T050000",2024-04-16 05:00:00,-122.97320346239,37.4245240864304,0,"available_crw"
"254027_0_t1",129,"254027_0_t1_crw_129",9,"254027_0_t1_20240416T110000",2024-04-16 11:00:00,-123.051292819902,37.3862008260235,0,"available_crw"
"254027_0_t1",129,"254027_0_t1_crw_129",10,"254027_0_t1_20240416T170000",2024-04-16 17:00:00,-123.131787641224,37.2959422476596,0,"available_crw"
"254027_0_t1",129,"254027_0_t1_crw_129",11,"254027_0_t1_20240416T230000",2024-04-16 23:00:00,-123.234440331086,37.1943729915478,0,"available_crw"
"254027_0_t1",129,"254027_0_t1_crw_129",12,"254027_0_t1_20240417T050000",2024-04-17 05:00:00,-123.231082929691,37.2011705671322,0,"available_crw"
"254027_0_t1",129,"254027_0_t1_crw_129",13,"254027_0_t1_20240417T110000",2024-04-17 11:00:00,-123.241393325742,37.1634999026399,0,"available_crw"
"254027_0_t1",129,"254027_0_t1_crw_129",14,"254027_0_t1_20240417T170000",2024-04-17 17:00:00,-123.201018441586,37.1730669029579,0,"available_crw"
"254027_0_t1",129,"254027_0_t1_crw_129",15,"254027_0_t1_20240417T230000",2024-04-17 23:00:00,-123.212448030941,37.1642045144528,0,"available_crw"
"254027_0_t1",129,"254027_0_t1_crw_129",16,"254027_0_t1_20240418T050000",2024-04-18 05:00:00,-123.207452918412,37.1762969211639,0,"available_crw"
"254027_0_t1",129,"254027_0_t1_crw_129",17,"254027_0_t1_20240418T110000",2024-04-18 11:00:00,-123.230290935634,37.1816591865142,0,"available_crw"
"254027_0_t1",129,"254027_0_t1_crw_129",18,"254027_0_t1_20240418T170000",2024-04-18 17:00:00,-123.168742346249,37.2357526397372,0,"available_crw"
"254027_0_t1",129,"254027_0_t1_crw_129",19,"254027_0_t1_20240418T230000",2024-04-18 23:00:00,-123.209732681855,37.2435937599732,0,"available_crw"
"254027_0_t1",129,"254027_0_t1_crw_129",20,"254027_0_t1_20240419T050000",2024-04-19 05:00:00,-123.169495533907,37.2327602666615,0,"available_crw"
"254027_0_t1",129,"254027_0_t1_crw_129",21,"254027_0_t1_20240419T110000",2024-04-19 11:00:00,-123.185227644857,37.2307696684257,0,"available_crw"
"254027_0_t1",130,"254027_0_t1_crw_130",1,"254027_0_t1_20240414T110000",2024-04-14 11:00:00,-122.8070879,37.5402499,0,"available_crw"
"254027_0_t1",130,"254027_0_t1_crw_130",2,"254027_0_t1_20240414T170000",2024-04-14 17:00:00,-122.825450645075,37.5464155006604,0,"available_crw"
"254027_0_t1",130,"254027_0_t1_crw_130",3,"254027_0_t1_20240414T230000",2024-04-14 23:00:00,-123.000558036658,37.5647456012587,0,"available_crw"
"254027_0_t1",130,"254027_0_t1_crw_130",4,"254027_0_t1_20240415T050000",2024-04-15 05:00:00,-123.134657077933,37.5351305154746,0,"available_crw"
"254027_0_t1",130,"254027_0_t1_crw_130",5,"254027_0_t1_20240415T110000",2024-04-15 11:00:00,-123.090672119323,37.5512656365109,0,"available_crw"
"254027_0_t1",130,"254027_0_t1_crw_130",6,"254027_0_t1_20240415T170000",2024-04-15 17:00:00,-123.127126727034,37.5221298692365,0,"available_crw"
"254027_0_t1",130,"254027_0_t1_crw_130",7,"254027_0_t1_20240415T230000",2024-04-15 23:00:00,-123.12237806706,37.5342906089547,0,"available_crw"
"254027_0_t1",130,"254027_0_t1_crw_130",8,"254027_0_t1_20240416T050000",2024-04-16 05:00:00,-123.122366627048,37.5269820676574,0,"available_crw"
"254027_0_t1",130,"254027_0_t1_crw_130",9,"254027_0_t1_20240416T110000",2024-04-16 11:00:00,-123.068147496168,37.4249558795921,0,"available_crw"
"254027_0_t1",130,"254027_0_t1_crw_130",10,"254027_0_t1_20240416T170000",2024-04-16 17:00:00,-123.201224221431,37.3796968317821,0,"available_crw"
"254027_0_t1",130,"254027_0_t1_crw_130",11,"254027_0_t1_20240416T230000",2024-04-16 23:00:00,-123.191123334062,37.3895572850806,0,"available_crw"
"254027_0_t1",130,"254027_0_t1_crw_130",12,"254027_0_t1_20240417T050000",2024-04-17 05:00:00,-123.151938238835,37.4958610671339,0,"available_crw"
"254027_0_t1",130,"254027_0_t1_crw_130",13,"254027_0_t1_20240417T110000",2024-04-17 11:00:00,-123.1142894294,37.5885080075678,0,"available_crw"
"254027_0_t1",130,"254027_0_t1_crw_130",14,"254027_0_t1_20240417T170000",2024-04-17 17:00:00,-123.137293834967,37.5937575422667,0,"available_crw"
"254027_0_t1",130,"254027_0_t1_crw_130",15,"254027_0_t1_20240417T230000",2024-04-17 23:00:00,-123.097515246728,37.5815035068769,0,"available_crw"
"254027_0_t1",130,"254027_0_t1_crw_130",16,"254027_0_t1_20240418T050000",2024-04-18 05:00:00,-123.144919964997,37.5894910098273,0,"available_crw"
"254027_0_t1",130,"254027_0_t1_crw_130",17,"254027_0_t1_20240418T110000",2024-04-18 11:00:00,-123.212874796401,37.5982999934821,0,"available_crw"
"254027_0_t1",130,"254027_0_t1_crw_130",18,"254027_0_t1_20240418T170000",2024-04-18 17:00:00,-123.164410957306,37.5982718098154,0,"available_crw"
"254027_0_t1",130,"254027_0_t1_crw_130",19,"254027_0_t1_20240418T230000",2024-04-18 23:00:00,-123.173180962694,37.5960991646324,0,"available_crw"
"254027_0_t1",130,"254027_0_t1_crw_130",20,"254027_0_t1_20240419T050000",2024-04-19 05:00:00,-123.232029935009,37.5876390375334,0,"available_crw"
"254027_0_t1",130,"254027_0_t1_crw_130",21,"254027_0_t1_20240419T110000",2024-04-19 11:00:00,-123.22389112982,37.5910255212717,0,"available_crw"
"254027_0_t1",131,"254027_0_t1_crw_131",1,"254027_0_t1_20240414T110000",2024-04-14 11:00:00,-122.8070879,37.5402499,0,"available_crw"
"254027_0_t1",131,"254027_0_t1_crw_131",2,"254027_0_t1_20240414T170000",2024-04-14 17:00:00,-122.784891522433,37.569231335262,0,"available_crw"
"254027_0_t1",131,"254027_0_t1_crw_131",3,"254027_0_t1_20240414T230000",2024-04-14 23:00:00,-122.805728123619,37.5785912450877,0,"available_crw"
"254027_0_t1",131,"254027_0_t1_crw_131",4,"254027_0_t1_20240415T050000",2024-04-15 05:00:00,-122.770625773659,37.5593166723559,0,"available_crw"
"254027_0_t1",131,"254027_0_t1_crw_131",5,"254027_0_t1_20240415T110000",2024-04-15 11:00:00,-122.780970454618,37.5457532356979,0,"available_crw"
"254027_0_t1",131,"254027_0_t1_crw_131",6,"254027_0_t1_20240415T170000",2024-04-15 17:00:00,-122.755651611812,37.5730650223782,0,"available_crw"
"254027_0_t1",131,"254027_0_t1_crw_131",7,"254027_0_t1_20240415T230000",2024-04-15 23:00:00,-122.638939211384,37.5046474408068,0,"available_crw"
"254027_0_t1",131,"254027_0_t1_crw_131",8,"254027_0_t1_20240416T050000",2024-04-16 05:00:00,-122.647611093484,37.507032122513,0,"available_crw"
"254027_0_t1",131,"254027_0_t1_crw_131",9,"254027_0_t1_20240416T110000",2024-04-16 11:00:00,-122.799051796326,37.5570737359245,0,"available_crw"
"254027_0_t1",131,"254027_0_t1_crw_131",10,"254027_0_t1_20240416T170000",2024-04-16 17:00:00,-122.751916288061,37.5482039998874,0,"available_crw"
"254027_0_t1",131,"254027_0_t1_crw_131",11,"254027_0_t1_20240416T230000",2024-04-16 23:00:00,-122.80022500791,37.550956151009,0,"available_crw"
"254027_0_t1",131,"254027_0_t1_crw_131",12,"254027_0_t1_20240417T050000",2024-04-17 05:00:00,-122.799968269521,37.5668229672451,0,"available_crw"
"254027_0_t1",131,"254027_0_t1_crw_131",13,"254027_0_t1_20240417T110000",2024-04-17 11:00:00,-122.65499787083,37.5654708765969,0,"available_crw"
"254027_0_t1",131,"254027_0_t1_crw_131",14,"254027_0_t1_20240417T170000",2024-04-17 17:00:00,-122.655506397006,37.5845097423985,0,"available_crw"
"254027_0_t1",131,"254027_0_t1_crw_131",15,"254027_0_t1_20240417T230000",2024-04-17 23:00:00,-122.572062030783,37.5538944036338,0,"available_crw"
"254027_0_t1",131,"254027_0_t1_crw_131",16,"254027_0_t1_20240418T050000",2024-04-18 05:00:00,-122.58803822179,37.5532627084546,0,"available_crw"
"254027_0_t1",131,"254027_0_t1_crw_131",17,"254027_0_t1_20240418T110000",2024-04-18 11:00:00,-122.590187118636,37.5690381600306,0,"available_crw"
"254027_0_t1",131,"254027_0_t1_crw_131",18,"254027_0_t1_20240418T170000",2024-04-18 17:00:00,-122.613870508372,37.5663451246194,0,"available_crw"
"254027_0_t1",131,"254027_0_t1_crw_131",19,"254027_0_t1_20240418T230000",2024-04-18 23:00:00,-122.609688355558,37.547595268867,0,"available_crw"
"254027_0_t1",131,"254027_0_t1_crw_131",20,"254027_0_t1_20240419T050000",2024-04-19 05:00:00,-122.613340606026,37.5814141113957,0,"available_crw"
"254027_0_t1",131,"254027_0_t1_crw_131",21,"254027_0_t1_20240419T110000",2024-04-19 11:00:00,-122.601526734412,37.5440179441154,0,"available_crw"
"254027_0_t1",132,"254027_0_t1_crw_132",1,"254027_0_t1_20240414T110000",2024-04-14 11:00:00,-122.8070879,37.5402499,0,"available_crw"
"254027_0_t1",132,"254027_0_t1_crw_132",2,"254027_0_t1_20240414T170000",2024-04-14 17:00:00,-122.840401933194,37.4021715316802,0,"available_crw"
"254027_0_t1",132,"254027_0_t1_crw_132",3,"254027_0_t1_20240414T230000",2024-04-14 23:00:00,-122.860121905038,37.4042506467902,0,"available_crw"
"254027_0_t1",132,"254027_0_t1_crw_132",4,"254027_0_t1_20240415T050000",2024-04-15 05:00:00,-122.80952905359,37.4652555610074,0,"available_crw"
"254027_0_t1",132,"254027_0_t1_crw_132",5,"254027_0_t1_20240415T110000",2024-04-15 11:00:00,-122.783936920286,37.5741628160606,0,"available_crw"
"254027_0_t1",132,"254027_0_t1_crw_132",6,"254027_0_t1_20240415T170000",2024-04-15 17:00:00,-122.824137815453,37.5636062380464,0,"available_crw"
"254027_0_t1",132,"254027_0_t1_crw_132",7,"254027_0_t1_20240415T230000",2024-04-15 23:00:00,-122.81587794537,37.5457342519366,0,"available_crw"
"254027_0_t1",132,"254027_0_t1_crw_132",8,"254027_0_t1_20240416T050000",2024-04-16 05:00:00,-122.815124672657,37.279982229547,0,"available_crw"
"254027_0_t1",132,"254027_0_t1_crw_132",9,"254027_0_t1_20240416T110000",2024-04-16 11:00:00,-122.791307169313,37.2806653554311,0,"available_crw"
"254027_0_t1",132,"254027_0_t1_crw_132",10,"254027_0_t1_20240416T170000",2024-04-16 17:00:00,-122.799934394326,37.2782377320189,0,"available_crw"
"254027_0_t1",132,"254027_0_t1_crw_132",11,"254027_0_t1_20240416T230000",2024-04-16 23:00:00,-122.7912657495,37.2604982567579,0,"available_crw"
"254027_0_t1",132,"254027_0_t1_crw_132",12,"254027_0_t1_20240417T050000",2024-04-17 05:00:00,-122.689806202255,37.0200739111418,0,"available_crw"
"254027_0_t1",132,"254027_0_t1_crw_132",13,"254027_0_t1_20240417T110000",2024-04-17 11:00:00,-122.647459202106,36.8939882391208,0,"available_crw"
"254027_0_t1",132,"254027_0_t1_crw_132",14,"254027_0_t1_20240417T170000",2024-04-17 17:00:00,-122.677170173039,36.9274951761783,0,"available_crw"
"254027_0_t1",132,"254027_0_t1_crw_132",15,"254027_0_t1_20240417T230000",2024-04-17 23:00:00,-122.560134840042,36.99457851016,0,"available_crw"
"254027_0_t1",132,"254027_0_t1_crw_132",16,"254027_0_t1_20240418T050000",2024-04-18 05:00:00,-122.567314520825,36.9832189644388,0,"available_crw"
"254027_0_t1",132,"254027_0_t1_crw_132",17,"254027_0_t1_20240418T110000",2024-04-18 11:00:00,-122.940967685615,37.0432609485029,0,"available_crw"
"254027_0_t1",132,"254027_0_t1_crw_132",18,"254027_0_t1_20240418T170000",2024-04-18 17:00:00,-122.892889346366,37.0418963659982,0,"available_crw"
"254027_0_t1",132,"254027_0_t1_crw_132",19,"254027_0_t1_20240418T230000",2024-04-18 23:00:00,-122.586137370014,36.9414625224759,0,"available_crw"
"254027_0_t1",132,"254027_0_t1_crw_132",20,"254027_0_t1_20240419T050000",2024-04-19 05:00:00,-122.631395188121,36.6380300910637,0,"available_crw"
"254027_0_t1",132,"254027_0_t1_crw_132",21,"254027_0_t1_20240419T110000",2024-04-19 11:00:00,-122.773659386411,36.6514424410373,0,"available_crw"
"254027_0_t1",133,"254027_0_t1_crw_133",1,"254027_0_t1_20240414T110000",2024-04-14 11:00:00,-122.8070879,37.5402499,0,"available_crw"
"254027_0_t1",133,"254027_0_t1_crw_133",2,"254027_0_t1_20240414T170000",2024-04-14 17:00:00,-122.805673818496,37.5474711608111,0,"available_crw"
"254027_0_t1",133,"254027_0_t1_crw_133",3,"254027_0_t1_20240414T230000",2024-04-14 23:00:00,-122.80431949465,37.5402426417153,0,"available_crw"
"254027_0_t1",133,"254027_0_t1_crw_133",4,"254027_0_t1_20240415T050000",2024-04-15 05:00:00,-122.780797334939,37.54368382631,0,"available_crw"
"254027_0_t1",133,"254027_0_t1_crw_133",5,"254027_0_t1_20240415T110000",2024-04-15 11:00:00,-122.825164806703,37.5226310823439,0,"available_crw"
"254027_0_t1",133,"254027_0_t1_crw_133",6,"254027_0_t1_20240415T170000",2024-04-15 17:00:00,-122.931743745747,37.4749678767287,0,"available_crw"
"254027_0_t1",133,"254027_0_t1_crw_133",7,"254027_0_t1_20240415T230000",2024-04-15 23:00:00,-122.937189532097,37.5479766704981,0,"available_crw"
"254027_0_t1",133,"254027_0_t1_crw_133",8,"254027_0_t1_20240416T050000",2024-04-16 05:00:00,-122.933937665706,37.5411421671404,0,"available_crw"
"254027_0_t1",133,"254027_0_t1_crw_133",9,"254027_0_t1_20240416T110000",2024-04-16 11:00:00,-122.885504648153,37.4164023342598,0,"available_crw"
"254027_0_t1",133,"254027_0_t1_crw_133",10,"254027_0_t1_20240416T170000",2024-04-16 17:00:00,-122.894373981107,37.4496021041217,0,"available_crw"
"254027_0_t1",133,"254027_0_t1_crw_133",11,"254027_0_t1_20240416T230000",2024-04-16 23:00:00,-122.553664429572,37.5900627756366,0,"available_crw"
"254027_0_t1",133,"254027_0_t1_crw_133",12,"254027_0_t1_20240417T050000",2024-04-17 05:00:00,-122.551545970517,37.5169465626754,0,"available_crw"
"254027_0_t1",133,"254027_0_t1_crw_133",13,"254027_0_t1_20240417T110000",2024-04-17 11:00:00,-122.501099970599,37.3822152454975,0,"available_crw"
"254027_0_t1",133,"254027_0_t1_crw_133",14,"254027_0_t1_20240417T170000",2024-04-17 17:00:00,-122.506215835338,37.388277475911,0,"available_crw"
"254027_0_t1",133,"254027_0_t1_crw_133",15,"254027_0_t1_20240417T230000",2024-04-17 23:00:00,-122.499067353296,37.383708179222,0,"available_crw"
"254027_0_t1",133,"254027_0_t1_crw_133",16,"254027_0_t1_20240418T050000",2024-04-18 05:00:00,-122.649718097428,37.1028604576872,0,"available_crw"
"254027_0_t1",133,"254027_0_t1_crw_133",17,"254027_0_t1_20240418T110000",2024-04-18 11:00:00,-122.650950587242,37.1155581607153,0,"available_crw"
"254027_0_t1",133,"254027_0_t1_crw_133",18,"254027_0_t1_20240418T170000",2024-04-18 17:00:00,-122.714588554446,37.2139642326031,0,"available_crw"
"254027_0_t1",133,"254027_0_t1_crw_133",19,"254027_0_t1_20240418T230000",2024-04-18 23:00:00,-122.757036161887,37.4775494108356,0,"available_crw"
"254027_0_t1",133,"254027_0_t1_crw_133",20,"254027_0_t1_20240419T050000",2024-04-19 05:00:00,-122.733050161961,37.4411345125391,0,"available_crw"
"254027_0_t1",133,"254027_0_t1_crw_133",21,"254027_0_t1_20240419T110000",2024-04-19 11:00:00,-122.67925616578,37.3537242861568,0,"available_crw"
"254027_0_t1",134,"254027_0_t1_crw_134",1,"254027_0_t1_20240414T110000",2024-04-14 11:00:00,-122.8070879,37.5402499,0,"available_crw"
"254027_0_t1",134,"254027_0_t1_crw_134",2,"254027_0_t1_20240414T170000",2024-04-14 17:00:00,-122.815111328561,37.4296353066485,0,"available_crw"
"254027_0_t1",134,"254027_0_t1_crw_134",3,"254027_0_t1_20240414T230000",2024-04-14 23:00:00,-123.189411011403,37.3648053876851,0,"available_crw"
"254027_0_t1",134,"254027_0_t1_crw_134",4,"254027_0_t1_20240415T050000",2024-04-15 05:00:00,-123.18145751374,37.3684274425775,0,"available_crw"
"254027_0_t1",134,"254027_0_t1_crw_134",5,"254027_0_t1_20240415T110000",2024-04-15 11:00:00,-122.852991722172,37.4124581828666,0,"available_crw"
"254027_0_t1",134,"254027_0_t1_crw_134",6,"254027_0_t1_20240415T170000",2024-04-15 17:00:00,-122.865733500152,37.4047846345853,0,"available_crw"
"254027_0_t1",134,"254027_0_t1_crw_134",7,"254027_0_t1_20240415T230000",2024-04-15 23:00:00,-123.002071258441,37.3326058286377,0,"available_crw"
"254027_0_t1",134,"254027_0_t1_crw_134",8,"254027_0_t1_20240416T050000",2024-04-16 05:00:00,-122.996304031673,37.3382813958469,0,"available_crw"
"254027_0_t1",134,"254027_0_t1_crw_134",9,"254027_0_t1_20240416T110000",2024-04-16 11:00:00,-122.955571042423,37.3823778985603,0,"available_crw"
"254027_0_t1",134,"254027_0_t1_crw_134",10,"254027_0_t1_20240416T170000",2024-04-16 17:00:00,-122.754710557683,37.5792840764796,0,"available_crw"
"254027_0_t1",134,"254027_0_t1_crw_134",11,"254027_0_t1_20240416T230000",2024-04-16 23:00:00,-122.778899816253,37.545875088402,0,"available_crw"
"254027_0_t1",134,"254027_0_t1_crw_134",12,"254027_0_t1_20240417T050000",2024-04-17 05:00:00,-122.823437139426,37.4098209342092,0,"available_crw"
"254027_0_t1",134,"254027_0_t1_crw_134",13,"254027_0_t1_20240417T110000",2024-04-17 11:00:00,-122.803434967668,37.3001757912487,0,"available_crw"
"254027_0_t1",134,"254027_0_t1_crw_134",14,"254027_0_t1_20240417T170000",2024-04-17 17:00:00,-122.946325690544,37.283248528075,0,"available_crw"
"254027_0_t1",134,"254027_0_t1_crw_134",15,"254027_0_t1_20240417T230000",2024-04-17 23:00:00,-122.938091901509,37.2864322048165,0,"available_crw"
"254027_0_t1",134,"254027_0_t1_crw_134",16,"254027_0_t1_20240418T050000",2024-04-18 05:00:00,-122.87780347456,37.312548564216,0,"available_crw"
"254027_0_t1",134,"254027_0_t1_crw_134",17,"254027_0_t1_20240418T110000",2024-04-18 11:00:00,-122.913315950155,37.3307448454948,0,"available_crw"
"254027_0_t1",134,"254027_0_t1_crw_134",18,"254027_0_t1_20240418T170000",2024-04-18 17:00:00,-123.045385533267,37.4078144892648,0,"available_crw"
"254027_0_t1",134,"254027_0_t1_crw_134",19,"254027_0_t1_20240418T230000",2024-04-18 23:00:00,-123.036711688288,37.4054607112644,0,"available_crw"
"254027_0_t1",134,"254027_0_t1_crw_134",20,"254027_0_t1_20240419T050000",2024-04-19 05:00:00,-123.101189705736,37.3534819439894,0,"available_crw"
"254027_0_t1",134,"254027_0_t1_crw_134",21,"254027_0_t1_20240419T110000",2024-04-19 11:00:00,-123.14710847788,37.3127728680489,0,"available_crw"
"254027_0_t1",135,"254027_0_t1_crw_135",1,"254027_0_t1_20240414T110000",2024-04-14 11:00:00,-122.8070879,37.5402499,0,"available_crw"
"254027_0_t1",135,"254027_0_t1_crw_135",2,"254027_0_t1_20240414T170000",2024-04-14 17:00:00,-122.801830568515,37.5811653778133,0,"available_crw"
"254027_0_t1",135,"254027_0_t1_crw_135",3,"254027_0_t1_20240414T230000",2024-04-14 23:00:00,-122.799998922908,37.5740037687724,0,"available_crw"
"254027_0_t1",135,"254027_0_t1_crw_135",4,"254027_0_t1_20240415T050000",2024-04-15 05:00:00,-122.778830750482,37.4780979128918,0,"available_crw"
"254027_0_t1",135,"254027_0_t1_crw_135",5,"254027_0_t1_20240415T110000",2024-04-15 11:00:00,-122.867081670613,37.4981945765619,0,"available_crw"
"254027_0_t1",135,"254027_0_t1_crw_135",6,"254027_0_t1_20240415T170000",2024-04-15 17:00:00,-123.005093037663,37.4846542443634,0,"available_crw"
"254027_0_t1",135,"254027_0_t1_crw_135",7,"254027_0_t1_20240415T230000",2024-04-15 23:00:00,-123.168623026276,37.4765205991823,0,"available_crw"
"254027_0_t1",135,"254027_0_t1_crw_135",8,"254027_0_t1_20240416T050000",2024-04-16 05:00:00,-123.228226539596,37.4793716310937,0,"available_crw"
"254027_0_t1",135,"254027_0_t1_crw_135",9,"254027_0_t1_20240416T110000",2024-04-16 11:00:00,-123.183198001592,37.5431088579404,0,"available_crw"
"254027_0_t1",135,"254027_0_t1_crw_135",10,"254027_0_t1_20240416T170000",2024-04-16 17:00:00,-123.225513847901,37.543411930455,0,"available_crw"
"254027_0_t1",135,"254027_0_t1_crw_135",11,"254027_0_t1_20240416T230000",2024-04-16 23:00:00,-123.216728825369,37.5455295790296,0,"available_crw"
"254027_0_t1",135,"254027_0_t1_crw_135",12,"254027_0_t1_20240417T050000",2024-04-17 05:00:00,-123.157823960658,37.5535870499015,0,"available_crw"
"254027_0_t1",135,"254027_0_t1_crw_135",13,"254027_0_t1_20240417T110000",2024-04-17 11:00:00,-122.84140040611,37.584519590415,0,"available_crw"
"254027_0_t1",135,"254027_0_t1_crw_135",14,"254027_0_t1_20240417T170000",2024-04-17 17:00:00,-122.887945907473,37.573810305656,0,"available_crw"
"254027_0_t1",135,"254027_0_t1_crw_135",15,"254027_0_t1_20240417T230000",2024-04-17 23:00:00,-122.84639875749,37.5982731273061,0,"available_crw"
"254027_0_t1",135,"254027_0_t1_crw_135",16,"254027_0_t1_20240418T050000",2024-04-18 05:00:00,-122.851819037686,37.5923728957491,0,"available_crw"
"254027_0_t1",135,"254027_0_t1_crw_135",17,"254027_0_t1_20240418T110000",2024-04-18 11:00:00,-122.809820109796,37.5880787833106,0,"available_crw"
"254027_0_t1",135,"254027_0_t1_crw_135",18,"254027_0_t1_20240418T170000",2024-04-18 17:00:00,-122.851470049362,37.5954124245858,0,"available_crw"
"254027_0_t1",135,"254027_0_t1_crw_135",19,"254027_0_t1_20240418T230000",2024-04-18 23:00:00,-122.83952559683,37.5630858390386,0,"available_crw"
"254027_0_t1",135,"254027_0_t1_crw_135",20,"254027_0_t1_20240419T050000",2024-04-19 05:00:00,-122.844624271256,37.5691638364367,0,"available_crw"
"254027_0_t1",135,"254027_0_t1_crw_135",21,"254027_0_t1_20240419T110000",2024-04-19 11:00:00,-122.864058017084,37.5580583377449,0,"available_crw"
"254027_0_t1",136,"254027_0_t1_crw_136",1,"254027_0_t1_20240414T110000",2024-04-14 11:00:00,-122.8070879,37.5402499,0,"available_crw"
"254027_0_t1",136,"254027_0_t1_crw_136",2,"254027_0_t1_20240414T170000",2024-04-14 17:00:00,-122.805673818496,37.5474711608111,0,"available_crw"
"254027_0_t1",136,"254027_0_t1_crw_136",3,"254027_0_t1_20240414T230000",2024-04-14 23:00:00,-122.662450921622,37.5298248723008,0,"available_crw"
"254027_0_t1",136,"254027_0_t1_crw_136",4,"254027_0_t1_20240415T050000",2024-04-15 05:00:00,-122.664359819678,37.5140297589154,0,"available_crw"
"254027_0_t1",136,"254027_0_t1_crw_136",5,"254027_0_t1_20240415T110000",2024-04-15 11:00:00,-122.634317692454,37.3754774631247,0,"available_crw"
"254027_0_t1",136,"254027_0_t1_crw_136",6,"254027_0_t1_20240415T170000",2024-04-15 17:00:00,-122.650060270733,37.4119362670666,0,"available_crw"
"254027_0_t1",136,"254027_0_t1_crw_136",7,"254027_0_t1_20240415T230000",2024-04-15 23:00:00,-122.742951457517,37.4943518733724,0,"available_crw"
"254027_0_t1",136,"254027_0_t1_crw_136",8,"254027_0_t1_20240416T050000",2024-04-16 05:00:00,-122.760169251019,37.4811451194572,0,"available_crw"
"254027_0_t1",136,"254027_0_t1_crw_136",9,"254027_0_t1_20240416T110000",2024-04-16 11:00:00,-122.850293761272,37.3602975393589,0,"available_crw"
"254027_0_t1",136,"254027_0_t1_crw_136",10,"254027_0_t1_20240416T170000",2024-04-16 17:00:00,-122.867949059689,37.3675932643629,0,"available_crw"
"254027_0_t1",136,"254027_0_t1_crw_136",11,"254027_0_t1_20240416T230000",2024-04-16 23:00:00,-122.794428964709,37.4112744612479,0,"available_crw"
"254027_0_t1",136,"254027_0_t1_crw_136",12,"254027_0_t1_20240417T050000",2024-04-17 05:00:00,-122.832877286828,37.4252392100715,0,"available_crw"
"254027_0_t1",136,"254027_0_t1_crw_136",13,"254027_0_t1_20240417T110000",2024-04-17 11:00:00,-122.786237830494,37.4150761377984,0,"available_crw"
"254027_0_t1",136,"254027_0_t1_crw_136",14,"254027_0_t1_20240417T170000",2024-04-17 17:00:00,-122.837598242661,37.4114257124981,0,"available_crw"
"254027_0_t1",136,"254027_0_t1_crw_136",15,"254027_0_t1_20240417T230000",2024-04-17 23:00:00,-122.791039410549,37.4291097476382,0,"available_crw"
"254027_0_t1",136,"254027_0_t1_crw_136",16,"254027_0_t1_20240418T050000",2024-04-18 05:00:00,-122.679363084837,37.4685425124336,0,"available_crw"
"254027_0_t1",136,"254027_0_t1_crw_136",17,"254027_0_t1_20240418T110000",2024-04-18 11:00:00,-122.542433783755,37.5572698551731,0,"available_crw"
"254027_0_t1",136,"254027_0_t1_crw_136",18,"254027_0_t1_20240418T170000",2024-04-18 17:00:00,-122.548761397527,37.5455737242589,0,"available_crw"
"254027_0_t1",136,"254027_0_t1_crw_136",19,"254027_0_t1_20240418T230000",2024-04-18 23:00:00,-122.572991475281,37.4943007930261,0,"available_crw"
"254027_0_t1",136,"254027_0_t1_crw_136",20,"254027_0_t1_20240419T050000",2024-04-19 05:00:00,-122.531135667127,37.4991202479748,0,"available_crw"
"254027_0_t1",136,"254027_0_t1_crw_136",21,"254027_0_t1_20240419T110000",2024-04-19 11:00:00,-122.556635321504,37.5260044269742,0,"available_crw"
"254027_0_t1",137,"254027_0_t1_crw_137",1,"254027_0_t1_20240414T110000",2024-04-14 11:00:00,-122.8070879,37.5402499,0,"available_crw"
"254027_0_t1",137,"254027_0_t1_crw_137",2,"254027_0_t1_20240414T170000",2024-04-14 17:00:00,-123.047691980381,37.356330698892,0,"available_crw"
"254027_0_t1",137,"254027_0_t1_crw_137",3,"254027_0_t1_20240414T230000",2024-04-14 23:00:00,-123.094881469195,37.3165573603074,0,"available_crw"
"254027_0_t1",137,"254027_0_t1_crw_137",4,"254027_0_t1_20240415T050000",2024-04-15 05:00:00,-123.139652921172,37.2750563714775,0,"available_crw"
"254027_0_t1",137,"254027_0_t1_crw_137",5,"254027_0_t1_20240415T110000",2024-04-15 11:00:00,-123.175912488606,37.3422172543743,0,"available_crw"
"254027_0_t1",137,"254027_0_t1_crw_137",6,"254027_0_t1_20240415T170000",2024-04-15 17:00:00,-123.221282326392,37.4326166028122,0,"available_crw"
"254027_0_t1",137,"254027_0_t1_crw_137",7,"254027_0_t1_20240415T230000",2024-04-15 23:00:00,-123.243135034385,37.4249382150497,0,"available_crw"
"254027_0_t1",137,"254027_0_t1_crw_137",8,"254027_0_t1_20240416T050000",2024-04-16 05:00:00,-123.232775475983,37.4077804346576,0,"available_crw"
"254027_0_t1",137,"254027_0_t1_crw_137",9,"254027_0_t1_20240416T110000",2024-04-16 11:00:00,-123.108459655391,37.1742562991346,0,"available_crw"
"254027_0_t1",137,"254027_0_t1_crw_137",10,"254027_0_t1_20240416T170000",2024-04-16 17:00:00,-123.241030993686,37.1288744288444,0,"available_crw"
"254027_0_t1",137,"254027_0_t1_crw_137",11,"254027_0_t1_20240416T230000",2024-04-16 23:00:00,-123.200354432994,37.149530567789,0,"available_crw"
"254027_0_t1",137,"254027_0_t1_crw_137",12,"254027_0_t1_20240417T050000",2024-04-17 05:00:00,-123.188783612379,37.136645265913,0,"available_crw"
"254027_0_t1",137,"254027_0_t1_crw_137",13,"254027_0_t1_20240417T110000",2024-04-17 11:00:00,-123.146323592257,37.0936844682815,0,"available_crw"
"254027_0_t1",137,"254027_0_t1_crw_137",14,"254027_0_t1_20240417T170000",2024-04-17 17:00:00,-123.12818397498,37.1059966102556,0,"available_crw"
"254027_0_t1",137,"254027_0_t1_crw_137",15,"254027_0_t1_20240417T230000",2024-04-17 23:00:00,-123.078079470038,37.1433090086075,0,"available_crw"
"254027_0_t1",137,"254027_0_t1_crw_137",16,"254027_0_t1_20240418T050000",2024-04-18 05:00:00,-123.063762448097,37.132333896737,0,"available_crw"
"254027_0_t1",137,"254027_0_t1_crw_137",17,"254027_0_t1_20240418T110000",2024-04-18 11:00:00,-123.079042447942,37.1358755327805,0,"available_crw"
"254027_0_t1",137,"254027_0_t1_crw_137",18,"254027_0_t1_20240418T170000",2024-04-18 17:00:00,-123.01777383696,37.1901460512831,0,"available_crw"
"254027_0_t1",137,"254027_0_t1_crw_137",19,"254027_0_t1_20240418T230000",2024-04-18 23:00:00,-123.043953420193,37.1577688526029,0,"available_crw"
"254027_0_t1",137,"254027_0_t1_crw_137",20,"254027_0_t1_20240419T050000",2024-04-19 05:00:00,-123.041505394219,37.1648103664965,0,"available_crw"
"254027_0_t1",137,"254027_0_t1_crw_137",21,"254027_0_t1_20240419T110000",2024-04-19 11:00:00,-123.082476786684,37.1570481032643,0,"available_crw"
"254027_0_t1",138,"254027_0_t1_crw_138",1,"254027_0_t1_20240414T110000",2024-04-14 11:00:00,-122.8070879,37.5402499,0,"available_crw"
"254027_0_t1",138,"254027_0_t1_crw_138",2,"254027_0_t1_20240414T170000",2024-04-14 17:00:00,-122.960364041708,37.3178661554043,0,"available_crw"
"254027_0_t1",138,"254027_0_t1_crw_138",3,"254027_0_t1_20240414T230000",2024-04-14 23:00:00,-122.978312681167,37.3246737197028,0,"available_crw"
"254027_0_t1",138,"254027_0_t1_crw_138",4,"254027_0_t1_20240415T050000",2024-04-15 05:00:00,-123.151722314171,37.3491647603617,0,"available_crw"
"254027_0_t1",138,"254027_0_t1_crw_138",5,"254027_0_t1_20240415T110000",2024-04-15 11:00:00,-123.110681880311,37.3402955571096,0,"available_crw"
"254027_0_t1",138,"254027_0_t1_crw_138",6,"254027_0_t1_20240415T170000",2024-04-15 17:00:00,-122.993897929862,37.312275657146,0,"available_crw"
"254027_0_t1",138,"254027_0_t1_crw_138",7,"254027_0_t1_20240415T230000",2024-04-15 23:00:00,-123.003047947039,37.3122000121963,0,"available_crw"
"254027_0_t1",138,"254027_0_t1_crw_138",8,"254027_0_t1_20240416T050000",2024-04-16 05:00:00,-123.172260948161,37.2735319619798,0,"available_crw"
"254027_0_t1",138,"254027_0_t1_crw_138",9,"254027_0_t1_20240416T110000",2024-04-16 11:00:00,-123.128595558441,37.2899541952617,0,"available_crw"
"254027_0_t1",138,"254027_0_t1_crw_138",10,"254027_0_t1_20240416T170000",2024-04-16 17:00:00,-123.03586199533,37.3723779194685,0,"available_crw"
"254027_0_t1",138,"254027_0_t1_crw_138",11,"254027_0_t1_20240416T230000",2024-04-16 23:00:00,-123.039817584965,37.3600398494901,0,"available_crw"
"254027_0_t1",138,"254027_0_t1_crw_138",12,"254027_0_t1_20240417T050000",2024-04-17 05:00:00,-123.045223806153,37.4009433356006,0,"available_crw"
"254027_0_t1",138,"254027_0_t1_crw_138",13,"254027_0_t1_20240417T110000",2024-04-17 11:00:00,-123.079865616396,37.3816697989639,0,"available_crw"
"254027_0_t1",138,"254027_0_t1_crw_138",14,"254027_0_t1_20240417T170000",2024-04-17 17:00:00,-123.041999922861,37.3667620234053,0,"available_crw"
"254027_0_t1",138,"254027_0_t1_crw_138",15,"254027_0_t1_20240417T230000",2024-04-17 23:00:00,-122.992208843347,37.3405945256816,0,"available_crw"
"254027_0_t1",138,"254027_0_t1_crw_138",16,"254027_0_t1_20240418T050000",2024-04-18 05:00:00,-123.008079361073,37.3418723121282,0,"available_crw"
"254027_0_t1",138,"254027_0_t1_crw_138",17,"254027_0_t1_20240418T110000",2024-04-18 11:00:00,-122.993845602551,37.4567216651322,0,"available_crw"
"254027_0_t1",138,"254027_0_t1_crw_138",18,"254027_0_t1_20240418T170000",2024-04-18 17:00:00,-123.023508762504,37.5953300039635,0,"available_crw"
"254027_0_t1",138,"254027_0_t1_crw_138",19,"254027_0_t1_20240418T230000",2024-04-18 23:00:00,-123.013812891676,37.5851981134145,0,"available_crw"
"254027_0_t1",138,"254027_0_t1_crw_138",20,"254027_0_t1_20240419T050000",2024-04-19 05:00:00,-122.98373937119,37.5440717974431,0,"available_crw"
"254027_0_t1",138,"254027_0_t1_crw_138",21,"254027_0_t1_20240419T110000",2024-04-19 11:00:00,-123.108774939861,37.4857706979049,0,"available_crw"
"254027_0_t1",139,"254027_0_t1_crw_139",1,"254027_0_t1_20240414T110000",2024-04-14 11:00:00,-122.8070879,37.5402499,0,"available_crw"
"254027_0_t1",139,"254027_0_t1_crw_139",2,"254027_0_t1_20240414T170000",2024-04-14 17:00:00,-123.047691980381,37.356330698892,0,"available_crw"
"254027_0_t1",139,"254027_0_t1_crw_139",3,"254027_0_t1_20240414T230000",2024-04-14 23:00:00,-123.102372889841,37.2545005224833,0,"available_crw"
"254027_0_t1",139,"254027_0_t1_crw_139",4,"254027_0_t1_20240415T050000",2024-04-15 05:00:00,-123.103598308557,37.2671986288704,0,"available_crw"
"254027_0_t1",139,"254027_0_t1_crw_139",5,"254027_0_t1_20240415T110000",2024-04-15 11:00:00,-123.12728047799,37.2650917935357,0,"available_crw"
"254027_0_t1",139,"254027_0_t1_crw_139",6,"254027_0_t1_20240415T170000",2024-04-15 17:00:00,-123.081305950052,37.2835831194954,0,"available_crw"
"254027_0_t1",139,"254027_0_t1_crw_139",7,"254027_0_t1_20240415T230000",2024-04-15 23:00:00,-123.016241238416,37.180561541645,0,"available_crw"
"254027_0_t1",139,"254027_0_t1_crw_139",8,"254027_0_t1_20240416T050000",2024-04-16 05:00:00,-122.995362682285,37.1897074353797,0,"available_crw"
"254027_0_t1",139,"254027_0_t1_crw_139",9,"254027_0_t1_20240416T110000",2024-04-16 11:00:00,-123.034255409654,37.1761438737129,0,"available_crw"
"254027_0_t1",139,"254027_0_t1_crw_139",10,"254027_0_t1_20240416T170000",2024-04-16 17:00:00,-123.129540525595,37.0957805704178,0,"available_crw"
"254027_0_t1",139,"254027_0_t1_crw_139",11,"254027_0_t1_20240416T230000",2024-04-16 23:00:00,-123.125521343025,37.1023424295816,0,"available_crw"
"254027_0_t1",139,"254027_0_t1_crw_139",12,"254027_0_t1_20240417T050000",2024-04-17 05:00:00,-123.147524949631,37.0733313657317,0,"available_crw"
"254027_0_t1",139,"254027_0_t1_crw_139",13,"254027_0_t1_20240417T110000",2024-04-17 11:00:00,-123.146508268722,37.0860414912072,0,"available_crw"
"254027_0_t1",139,"254027_0_t1_crw_139",14,"254027_0_t1_20240417T170000",2024-04-17 17:00:00,-123.012548790372,37.3292473953062,0,"available_crw"
"254027_0_t1",139,"254027_0_t1_crw_139",15,"254027_0_t1_20240417T230000",2024-04-17 23:00:00,-122.960285356915,37.4172415779831,0,"available_crw"
"254027_0_t1",139,"254027_0_t1_crw_139",16,"254027_0_t1_20240418T050000",2024-04-18 05:00:00,-122.881003127172,37.5315098949711,0,"available_crw"
"254027_0_t1",139,"254027_0_t1_crw_139",17,"254027_0_t1_20240418T110000",2024-04-18 11:00:00,-122.897365821345,37.4952181243222,0,"available_crw"
"254027_0_t1",139,"254027_0_t1_crw_139",18,"254027_0_t1_20240418T170000",2024-04-18 17:00:00,-122.889738460625,37.3845848343612,0,"available_crw"
"254027_0_t1",139,"254027_0_t1_crw_139",19,"254027_0_t1_20240418T230000",2024-04-18 23:00:00,-122.890865963982,37.2540092963876,0,"available_crw"
"254027_0_t1",139,"254027_0_t1_crw_139",20,"254027_0_t1_20240419T050000",2024-04-19 05:00:00,-122.888150644181,37.1992638242421,0,"available_crw"
"254027_0_t1",139,"254027_0_t1_crw_139",21,"254027_0_t1_20240419T110000",2024-04-19 11:00:00,-122.890147003828,36.9454901157935,0,"available_crw"
"254027_0_t1",140,"254027_0_t1_crw_140",1,"254027_0_t1_20240414T110000",2024-04-14 11:00:00,-122.8070879,37.5402499,0,"available_crw"
"254027_0_t1",140,"254027_0_t1_crw_140",2,"254027_0_t1_20240414T170000",2024-04-14 17:00:00,-122.960364041708,37.3178661554043,0,"available_crw"
"254027_0_t1",140,"254027_0_t1_crw_140",3,"254027_0_t1_20240414T230000",2024-04-14 23:00:00,-122.944203977845,37.354205845602,0,"available_crw"
"254027_0_t1",140,"254027_0_t1_crw_140",4,"254027_0_t1_20240415T050000",2024-04-15 05:00:00,-122.731318910994,37.5587110889112,0,"available_crw"
"254027_0_t1",140,"254027_0_t1_crw_140",5,"254027_0_t1_20240415T110000",2024-04-15 11:00:00,-122.750218288256,37.570386474399,0,"available_crw"
"254027_0_t1",140,"254027_0_t1_crw_140",6,"254027_0_t1_20240415T170000",2024-04-15 17:00:00,-122.70092894924,37.5580519093944,0,"available_crw"
"254027_0_t1",140,"254027_0_t1_crw_140",7,"254027_0_t1_20240415T230000",2024-04-15 23:00:00,-122.705792718634,37.5426635889474,0,"available_crw"
"254027_0_t1",140,"254027_0_t1_crw_140",8,"254027_0_t1_20240416T050000",2024-04-16 05:00:00,-122.684593377325,37.433160355816,0,"available_crw"
"254027_0_t1",140,"254027_0_t1_crw_140",9,"254027_0_t1_20240416T110000",2024-04-16 11:00:00,-122.772244540371,37.4547260516533,0,"available_crw"
"254027_0_t1",140,"254027_0_t1_crw_140",10,"254027_0_t1_20240416T170000",2024-04-16 17:00:00,-122.732850316306,37.4418509640558,0,"available_crw"
"254027_0_t1",140,"254027_0_t1_crw_140",11,"254027_0_t1_20240416T230000",2024-04-16 23:00:00,-122.787440434134,37.3349777152768,0,"available_crw"
"254027_0_t1",140,"254027_0_t1_crw_140",12,"254027_0_t1_20240417T050000",2024-04-17 05:00:00,-122.785646266874,37.2241840188405,0,"available_crw"
"254027_0_t1",140,"254027_0_t1_crw_140",13,"254027_0_t1_20240417T110000",2024-04-17 11:00:00,-122.793210435253,37.235391974012,0,"available_crw"
"254027_0_t1",140,"254027_0_t1_crw_140",14,"254027_0_t1_20240417T170000",2024-04-17 17:00:00,-122.786668131399,37.2302875379659,0,"available_crw"
"254027_0_t1",140,"254027_0_t1_crw_140",15,"254027_0_t1_20240417T230000",2024-04-17 23:00:00,-122.770615537396,37.2443573861327,0,"available_crw"
"254027_0_t1",140,"254027_0_t1_crw_140",16,"254027_0_t1_20240418T050000",2024-04-18 05:00:00,-122.736841802128,37.1763876558729,0,"available_crw"
"254027_0_t1",140,"254027_0_t1_crw_140",17,"254027_0_t1_20240418T110000",2024-04-18 11:00:00,-122.870707353101,37.1334974027078,0,"available_crw"
"254027_0_t1",140,"254027_0_t1_crw_140",18,"254027_0_t1_20240418T170000",2024-04-18 17:00:00,-122.924706779234,37.2405194045779,0,"available_crw"
"254027_0_t1",140,"254027_0_t1_crw_140",19,"254027_0_t1_20240418T230000",2024-04-18 23:00:00,-122.912408800607,37.2080291631865,0,"available_crw"
"254027_0_t1",140,"254027_0_t1_crw_140",20,"254027_0_t1_20240419T050000",2024-04-19 05:00:00,-122.902326061586,37.1611285497549,0,"available_crw"
"254027_0_t1",140,"254027_0_t1_crw_140",21,"254027_0_t1_20240419T110000",2024-04-19 11:00:00,-123.247226791285,37.0305239495571,0,"available_crw"
"254027_0_t1",141,"254027_0_t1_crw_141",1,"254027_0_t1_20240414T110000",2024-04-14 11:00:00,-122.8070879,37.5402499,0,"available_crw"
"254027_0_t1",141,"254027_0_t1_crw_141",2,"254027_0_t1_20240414T170000",2024-04-14 17:00:00,-123.047691980381,37.356330698892,0,"available_crw"
"254027_0_t1",141,"254027_0_t1_crw_141",3,"254027_0_t1_20240414T230000",2024-04-14 23:00:00,-123.014501171805,37.3775555412861,0,"available_crw"
"254027_0_t1",141,"254027_0_t1_crw_141",4,"254027_0_t1_20240415T050000",2024-04-15 05:00:00,-122.698570801924,37.4619979950615,0,"available_crw"
"254027_0_t1",141,"254027_0_t1_crw_141",5,"254027_0_t1_20240415T110000",2024-04-15 11:00:00,-122.540195699968,37.4954461503866,0,"available_crw"
"254027_0_t1",141,"254027_0_t1_crw_141",6,"254027_0_t1_20240415T170000",2024-04-15 17:00:00,-122.547962018745,37.4915576042135,0,"available_crw"
"254027_0_t1",141,"254027_0_t1_crw_141",7,"254027_0_t1_20240415T230000",2024-04-15 23:00:00,-122.627529278807,37.4007180170744,0,"available_crw"
"254027_0_t1",141,"254027_0_t1_crw_141",8,"254027_0_t1_20240416T050000",2024-04-16 05:00:00,-122.625502208453,37.4133502927806,0,"available_crw"
"254027_0_t1",141,"254027_0_t1_crw_141",9,"254027_0_t1_20240416T110000",2024-04-16 11:00:00,-122.662919286934,37.5200594355376,0,"available_crw"
"254027_0_t1",141,"254027_0_t1_crw_141",10,"254027_0_t1_20240416T170000",2024-04-16 17:00:00,-122.657925656422,37.5139281444562,0,"available_crw"
"254027_0_t1",141,"254027_0_t1_crw_141",11,"254027_0_t1_20240416T230000",2024-04-16 23:00:00,-122.637945770796,37.543629596838,0,"available_crw"
"254027_0_t1",141,"254027_0_t1_crw_141",12,"254027_0_t1_20240417T050000",2024-04-17 05:00:00,-122.639671409473,37.5364514816162,0,"available_crw"
"254027_0_t1",141,"254027_0_t1_crw_141",13,"254027_0_t1_20240417T110000",2024-04-17 11:00:00,-122.68031369013,37.4099591904847,0,"available_crw"
"254027_0_t1",141,"254027_0_t1_crw_141",14,"254027_0_t1_20240417T170000",2024-04-17 17:00:00,-123.063295230319,37.4035293006636,0,"available_crw"
"254027_0_t1",141,"254027_0_t1_crw_141",15,"254027_0_t1_20240417T230000",2024-04-17 23:00:00,-123.049322380687,37.4096896555293,0,"available_crw"
"254027_0_t1",141,"254027_0_t1_crw_141",16,"254027_0_t1_20240418T050000",2024-04-18 05:00:00,-123.055655248604,37.4044079774946,0,"available_crw"
"254027_0_t1",141,"254027_0_t1_crw_141",17,"254027_0_t1_20240418T110000",2024-04-18 11:00:00,-123.10186282703,37.374320768083,0,"available_crw"
"254027_0_t1",141,"254027_0_t1_crw_141",18,"254027_0_t1_20240418T170000",2024-04-18 17:00:00,-123.122951349625,37.4454986975577,0,"available_crw"
"254027_0_t1",141,"254027_0_t1_crw_141",19,"254027_0_t1_20240418T230000",2024-04-18 23:00:00,-123.141870811386,37.4981688594708,0,"available_crw"
"254027_0_t1",141,"254027_0_t1_crw_141",20,"254027_0_t1_20240419T050000",2024-04-19 05:00:00,-123.172414335596,37.5924593164302,0,"available_crw"
"254027_0_t1",141,"254027_0_t1_crw_141",21,"254027_0_t1_20240419T110000",2024-04-19 11:00:00,-123.142896813342,37.5587004591132,0,"available_crw"
"254027_0_t1",142,"254027_0_t1_crw_142",1,"254027_0_t1_20240414T110000",2024-04-14 11:00:00,-122.8070879,37.5402499,0,"available_crw"
"254027_0_t1",142,"254027_0_t1_crw_142",2,"254027_0_t1_20240414T170000",2024-04-14 17:00:00,-122.764816265116,37.5417972638948,0,"available_crw"
"254027_0_t1",142,"254027_0_t1_crw_142",3,"254027_0_t1_20240414T230000",2024-04-14 23:00:00,-122.801143985184,37.4746291527719,0,"available_crw"
"254027_0_t1",142,"254027_0_t1_crw_142",4,"254027_0_t1_20240415T050000",2024-04-15 05:00:00,-122.789356861259,37.5120293545908,0,"available_crw"
"254027_0_t1",142,"254027_0_t1_crw_142",5,"254027_0_t1_20240415T110000",2024-04-15 11:00:00,-122.719108906023,37.4649579988475,0,"available_crw"
"254027_0_t1",142,"254027_0_t1_crw_142",6,"254027_0_t1_20240415T170000",2024-04-15 17:00:00,-122.731015925399,37.4522415008627,0,"available_crw"
"254027_0_t1",142,"254027_0_t1_crw_142",7,"254027_0_t1_20240415T230000",2024-04-15 23:00:00,-122.728482338638,37.4648156527748,0,"available_crw"
"254027_0_t1",142,"254027_0_t1_crw_142",8,"254027_0_t1_20240416T050000",2024-04-16 05:00:00,-122.692502709996,37.5922058070684,0,"available_crw"
"254027_0_t1",142,"254027_0_t1_crw_142",9,"254027_0_t1_20240416T110000",2024-04-16 11:00:00,-122.551000595849,37.5669914536959,0,"available_crw"
"254027_0_t1",142,"254027_0_t1_crw_142",10,"254027_0_t1_20240416T170000",2024-04-16 17:00:00,-122.56015125204,37.5663941777816,0,"available_crw"
"254027_0_t1",142,"254027_0_t1_crw_142",11,"254027_0_t1_20240416T230000",2024-04-16 23:00:00,-122.517510599358,37.5661110111882,0,"available_crw"
"254027_0_t1",142,"254027_0_t1_crw_142",12,"254027_0_t1_20240417T050000",2024-04-17 05:00:00,-122.418866815936,37.2708417442442,0,"available_crw"
"254027_0_t1",142,"254027_0_t1_crw_142",13,"254027_0_t1_20240417T110000",2024-04-17 11:00:00,-122.426052770512,37.3042972068986,0,"available_crw"
"254027_0_t1",142,"254027_0_t1_crw_142",14,"254027_0_t1_20240417T170000",2024-04-17 17:00:00,-122.406702515613,37.3078868942009,0,"available_crw"
"254027_0_t1",142,"254027_0_t1_crw_142",15,"254027_0_t1_20240417T230000",2024-04-17 23:00:00,-122.427078568514,37.2365845298135,0,"available_crw"
"254027_0_t1",142,"254027_0_t1_crw_142",16,"254027_0_t1_20240418T050000",2024-04-18 05:00:00,-122.419552127583,37.0961022951207,0,"available_crw"
"254027_0_t1",142,"254027_0_t1_crw_142",17,"254027_0_t1_20240418T110000",2024-04-18 11:00:00,-122.439260815204,37.0944987735753,0,"available_crw"
"254027_0_t1",142,"254027_0_t1_crw_142",18,"254027_0_t1_20240418T170000",2024-04-18 17:00:00,-122.392757605576,37.104477252422,0,"available_crw"
"254027_0_t1",142,"254027_0_t1_crw_142",19,"254027_0_t1_20240418T230000",2024-04-18 23:00:00,-122.404462044206,37.0958573209827,0,"available_crw"
"254027_0_t1",142,"254027_0_t1_crw_142",20,"254027_0_t1_20240419T050000",2024-04-19 05:00:00,-122.72881267593,37.2571703959706,0,"available_crw"
"254027_0_t1",142,"254027_0_t1_crw_142",21,"254027_0_t1_20240419T110000",2024-04-19 11:00:00,-122.678375022133,37.2490345924552,0,"available_crw"
"254027_0_t1",143,"254027_0_t1_crw_143",1,"254027_0_t1_20240414T110000",2024-04-14 11:00:00,-122.8070879,37.5402499,0,"available_crw"
"254027_0_t1",143,"254027_0_t1_crw_143",2,"254027_0_t1_20240414T170000",2024-04-14 17:00:00,-122.960364041708,37.3178661554043,0,"available_crw"
"254027_0_t1",143,"254027_0_t1_crw_143",3,"254027_0_t1_20240414T230000",2024-04-14 23:00:00,-122.958554939093,37.325030741691,0,"available_crw"
"254027_0_t1",143,"254027_0_t1_crw_143",4,"254027_0_t1_20240415T050000",2024-04-15 05:00:00,-122.576748681003,37.3459353747439,0,"available_crw"
"254027_0_t1",143,"254027_0_t1_crw_143",5,"254027_0_t1_20240415T110000",2024-04-15 11:00:00,-122.623803686171,37.337243703164,0,"available_crw"
"254027_0_t1",143,"254027_0_t1_crw_143",6,"254027_0_t1_20240415T170000",2024-04-15 17:00:00,-122.689843621006,37.3223932886449,0,"available_crw"
"254027_0_t1",143,"254027_0_t1_crw_143",7,"254027_0_t1_20240415T230000",2024-04-15 23:00:00,-122.74874384576,37.3152023656534,0,"available_crw"
"254027_0_t1",143,"254027_0_t1_crw_143",8,"254027_0_t1_20240416T050000",2024-04-16 05:00:00,-122.740522812475,37.3184125933532,0,"available_crw"
"254027_0_t1",143,"254027_0_t1_crw_143",9,"254027_0_t1_20240416T110000",2024-04-16 11:00:00,-122.487796121957,37.0892471128835,0,"available_crw"
"254027_0_t1",143,"254027_0_t1_crw_143",10,"254027_0_t1_20240416T170000",2024-04-16 17:00:00,-122.696069115116,36.8334021806691,0,"available_crw"
"254027_0_t1",143,"254027_0_t1_crw_143",11,"254027_0_t1_20240416T230000",2024-04-16 23:00:00,-122.669915674081,36.8600600291973,0,"available_crw"
"254027_0_t1",143,"254027_0_t1_crw_143",12,"254027_0_t1_20240417T050000",2024-04-17 05:00:00,-122.633327761434,36.966903238628,0,"available_crw"
"254027_0_t1",143,"254027_0_t1_crw_143",13,"254027_0_t1_20240417T110000",2024-04-17 11:00:00,-122.440655142499,37.1832273911488,0,"available_crw"
"254027_0_t1",143,"254027_0_t1_crw_143",14,"254027_0_t1_20240417T170000",2024-04-17 17:00:00,-122.462050810698,37.1486748649713,0,"available_crw"
"254027_0_t1",143,"254027_0_t1_crw_143",15,"254027_0_t1_20240417T230000",2024-04-17 23:00:00,-122.615232880011,36.9265897463172,0,"available_crw"
"254027_0_t1",143,"254027_0_t1_crw_143",16,"254027_0_t1_20240418T050000",2024-04-18 05:00:00,-122.645372642238,36.8774356069942,0,"available_crw"
"254027_0_t1",143,"254027_0_t1_crw_143",17,"254027_0_t1_20240418T110000",2024-04-18 11:00:00,-122.603469591388,36.8789843191392,0,"available_crw"
"254027_0_t1",143,"254027_0_t1_crw_143",18,"254027_0_t1_20240418T170000",2024-04-18 17:00:00,-122.612020674239,36.8764877305155,0,"available_crw"
"254027_0_t1",143,"254027_0_t1_crw_143",19,"254027_0_t1_20240418T230000",2024-04-18 23:00:00,-122.661428613468,36.984874932854,0,"available_crw"
"254027_0_t1",143,"254027_0_t1_crw_143",20,"254027_0_t1_20240419T050000",2024-04-19 05:00:00,-122.52636093982,37.0246997060798,0,"available_crw"
"254027_0_t1",143,"254027_0_t1_crw_143",21,"254027_0_t1_20240419T110000",2024-04-19 11:00:00,-122.370216697824,37.0619122401917,0,"available_crw"
"254027_0_t1",144,"254027_0_t1_crw_144",1,"254027_0_t1_20240414T110000",2024-04-14 11:00:00,-122.8070879,37.5402499,0,"available_crw"
"254027_0_t1",144,"254027_0_t1_crw_144",2,"254027_0_t1_20240414T170000",2024-04-14 17:00:00,-122.807478827975,37.5529812714246,0,"available_crw"
"254027_0_t1",144,"254027_0_t1_crw_144",3,"254027_0_t1_20240414T230000",2024-04-14 23:00:00,-122.804528520326,37.546060540306,0,"available_crw"
"254027_0_t1",144,"254027_0_t1_crw_144",4,"254027_0_t1_20240415T050000",2024-04-15 05:00:00,-122.71635462856,37.3022362241464,0,"available_crw"
"254027_0_t1",144,"254027_0_t1_crw_144",5,"254027_0_t1_20240415T110000",2024-04-15 11:00:00,-122.70705379937,37.2552319223567,0,"available_crw"
"254027_0_t1",144,"254027_0_t1_crw_144",6,"254027_0_t1_20240415T170000",2024-04-15 17:00:00,-122.691585545221,37.1252391476102,0,"available_crw"
"254027_0_t1",144,"254027_0_t1_crw_144",7,"254027_0_t1_20240415T230000",2024-04-15 23:00:00,-122.656807130957,37.1442180467398,0,"available_crw"
"254027_0_t1",144,"254027_0_t1_crw_144",8,"254027_0_t1_20240416T050000",2024-04-16 05:00:00,-122.670860717827,37.159585230088,0,"available_crw"
"254027_0_t1",144,"254027_0_t1_crw_144",9,"254027_0_t1_20240416T110000",2024-04-16 11:00:00,-122.580925167814,37.1725910308289,0,"available_crw"
"254027_0_t1",144,"254027_0_t1_crw_144",10,"254027_0_t1_20240416T170000",2024-04-16 17:00:00,-122.607474898004,37.1987495309316,0,"available_crw"
"254027_0_t1",144,"254027_0_t1_crw_144",11,"254027_0_t1_20240416T230000",2024-04-16 23:00:00,-122.571498884884,37.1730865857888,0,"available_crw"
"254027_0_t1",144,"254027_0_t1_crw_144",12,"254027_0_t1_20240417T050000",2024-04-17 05:00:00,-122.586934009244,37.1761924405559,0,"available_crw"
"254027_0_t1",144,"254027_0_t1_crw_144",13,"254027_0_t1_20240417T110000",2024-04-17 11:00:00,-122.57622062475,37.1436044130868,0,"available_crw"
"254027_0_t1",144,"254027_0_t1_crw_144",14,"254027_0_t1_20240417T170000",2024-04-17 17:00:00,-122.605784434268,37.1772482149887,0,"available_crw"
"254027_0_t1",144,"254027_0_t1_crw_144",15,"254027_0_t1_20240417T230000",2024-04-17 23:00:00,-122.776643165667,37.3911635019958,0,"available_crw"
"254027_0_t1",144,"254027_0_t1_crw_144",16,"254027_0_t1_20240418T050000",2024-04-18 05:00:00,-122.760538594005,37.4004757563415,0,"available_crw"
"254027_0_t1",144,"254027_0_t1_crw_144",17,"254027_0_t1_20240418T110000",2024-04-18 11:00:00,-122.76765077769,37.3890743063253,0,"available_crw"
"254027_0_t1",144,"254027_0_t1_crw_144",18,"254027_0_t1_20240418T170000",2024-04-18 17:00:00,-123.008764313498,37.2059795734222,0,"available_crw"
"254027_0_t1",144,"254027_0_t1_crw_144",19,"254027_0_t1_20240418T230000",2024-04-18 23:00:00,-123.004329512895,37.2123700950012,0,"available_crw"
"254027_0_t1",144,"254027_0_t1_crw_144",20,"254027_0_t1_20240419T050000",2024-04-19 05:00:00,-123.028170912242,37.1842880538614,0,"available_crw"
"254027_0_t1",144,"254027_0_t1_crw_144",21,"254027_0_t1_20240419T110000",2024-04-19 11:00:00,-123.073758033582,37.2476945483074,0,"available_crw"
"254027_0_t1",145,"254027_0_t1_crw_145",1,"254027_0_t1_20240414T110000",2024-04-14 11:00:00,-122.8070879,37.5402499,0,"available_crw"
"254027_0_t1",145,"254027_0_t1_crw_145",2,"254027_0_t1_20240414T170000",2024-04-14 17:00:00,-122.792918319851,37.5771240995815,0,"available_crw"
"254027_0_t1",145,"254027_0_t1_crw_145",3,"254027_0_t1_20240414T230000",2024-04-14 23:00:00,-122.816022937975,37.5820764750514,0,"available_crw"
"254027_0_t1",145,"254027_0_t1_crw_145",4,"254027_0_t1_20240415T050000",2024-04-15 05:00:00,-122.821458591162,37.5635311107305,0,"available_crw"
"254027_0_t1",145,"254027_0_t1_crw_145",5,"254027_0_t1_20240415T110000",2024-04-15 11:00:00,-122.825459638474,37.575861612156,0,"available_crw"
"254027_0_t1",145,"254027_0_t1_crw_145",6,"254027_0_t1_20240415T170000",2024-04-15 17:00:00,-122.814734925845,37.5664110033719,0,"available_crw"
"254027_0_t1",145,"254027_0_t1_crw_145",7,"254027_0_t1_20240415T230000",2024-04-15 23:00:00,-122.80090701228,37.5982585798235,0,"available_crw"
"254027_0_t1",145,"254027_0_t1_crw_145",8,"254027_0_t1_20240416T050000",2024-04-16 05:00:00,-122.663798640215,37.5606916526493,0,"available_crw"
"254027_0_t1",145,"254027_0_t1_crw_145",9,"254027_0_t1_20240416T110000",2024-04-16 11:00:00,-122.711530318101,37.5672679126465,0,"available_crw"
"254027_0_t1",145,"254027_0_t1_crw_145",10,"254027_0_t1_20240416T170000",2024-04-16 17:00:00,-122.714805944625,37.54840401276,0,"available_crw"
"254027_0_t1",145,"254027_0_t1_crw_145",11,"254027_0_t1_20240416T230000",2024-04-16 23:00:00,-123.095043958781,37.5075317304336,0,"available_crw"
"254027_0_t1",145,"254027_0_t1_crw_145",12,"254027_0_t1_20240417T050000",2024-04-17 05:00:00,-123.216529447656,37.4968279502464,0,"available_crw"
"254027_0_t1",145,"254027_0_t1_crw_145",13,"254027_0_t1_20240417T110000",2024-04-17 11:00:00,-123.170408830255,37.5153114152042,0,"available_crw"
"254027_0_t1",145,"254027_0_t1_crw_145",14,"254027_0_t1_20240417T170000",2024-04-17 17:00:00,-123.059700595212,37.5566626770375,0,"available_crw"
"254027_0_t1",145,"254027_0_t1_crw_145",15,"254027_0_t1_20240417T230000",2024-04-17 23:00:00,-123.070573314904,37.5736257138993,0,"available_crw"
"254027_0_t1",145,"254027_0_t1_crw_145",16,"254027_0_t1_20240418T050000",2024-04-18 05:00:00,-123.041944326502,37.5425208084327,0,"available_crw"
"254027_0_t1",145,"254027_0_t1_crw_145",17,"254027_0_t1_20240418T110000",2024-04-18 11:00:00,-123.063951360506,37.5715940845634,0,"available_crw"
"254027_0_t1",145,"254027_0_t1_crw_145",18,"254027_0_t1_20240418T170000",2024-04-18 17:00:00,-123.085151282169,37.5424300180614,0,"available_crw"
"254027_0_t1",145,"254027_0_t1_crw_145",19,"254027_0_t1_20240418T230000",2024-04-18 23:00:00,-123.129989693852,37.4064386472001,0,"available_crw"
"254027_0_t1",145,"254027_0_t1_crw_145",20,"254027_0_t1_20240419T050000",2024-04-19 05:00:00,-123.149492432453,37.4095653491846,0,"available_crw"
"254027_0_t1",145,"254027_0_t1_crw_145",21,"254027_0_t1_20240419T110000",2024-04-19 11:00:00,-123.093891055478,37.4677340924209,0,"available_crw"
"254027_0_t1",146,"254027_0_t1_crw_146",1,"254027_0_t1_20240414T110000",2024-04-14 11:00:00,-122.8070879,37.5402499,0,"available_crw"
"254027_0_t1",146,"254027_0_t1_crw_146",2,"254027_0_t1_20240414T170000",2024-04-14 17:00:00,-122.807478827975,37.5529812714246,0,"available_crw"
"254027_0_t1",146,"254027_0_t1_crw_146",3,"254027_0_t1_20240414T230000",2024-04-14 23:00:00,-122.798569011619,37.5150785196092,0,"available_crw"
"254027_0_t1",146,"254027_0_t1_crw_146",4,"254027_0_t1_20240415T050000",2024-04-15 05:00:00,-122.887138002526,37.5343924164638,0,"available_crw"
"254027_0_t1",146,"254027_0_t1_crw_146",5,"254027_0_t1_20240415T110000",2024-04-15 11:00:00,-123.004233440025,37.5625018221742,0,"available_crw"
"254027_0_t1",146,"254027_0_t1_crw_146",6,"254027_0_t1_20240415T170000",2024-04-15 17:00:00,-122.988521813655,37.5649019568221,0,"available_crw"
"254027_0_t1",146,"254027_0_t1_crw_146",7,"254027_0_t1_20240415T230000",2024-04-15 23:00:00,-122.867785840208,37.580626432103,0,"available_crw"
"254027_0_t1",146,"254027_0_t1_crw_146",8,"254027_0_t1_20240416T050000",2024-04-16 05:00:00,-122.894143124558,37.5105650172959,0,"available_crw"
"254027_0_t1",146,"254027_0_t1_crw_146",9,"254027_0_t1_20240416T110000",2024-04-16 11:00:00,-122.932267309603,37.4180504476384,0,"available_crw"
"254027_0_t1",146,"254027_0_t1_crw_146",10,"254027_0_t1_20240416T170000",2024-04-16 17:00:00,-122.932135467969,37.4253583805231,0,"available_crw"
"254027_0_t1",146,"254027_0_t1_crw_146",11,"254027_0_t1_20240416T230000",2024-04-16 23:00:00,-122.976330858448,37.5614853909399,0,"available_crw"
"254027_0_t1",146,"254027_0_t1_crw_146",12,"254027_0_t1_20240417T050000",2024-04-17 05:00:00,-122.971484427986,37.5552782311316,0,"available_crw"
"254027_0_t1",146,"254027_0_t1_crw_146",13,"254027_0_t1_20240417T110000",2024-04-17 11:00:00,-122.978435306438,37.560052539506,0,"available_crw"
"254027_0_t1",146,"254027_0_t1_crw_146",14,"254027_0_t1_20240417T170000",2024-04-17 17:00:00,-122.930024179771,37.5456968853601,0,"available_crw"
"254027_0_t1",146,"254027_0_t1_crw_146",15,"254027_0_t1_20240417T230000",2024-04-17 23:00:00,-122.864517533666,37.5289523887161,0,"available_crw"
"254027_0_t1",146,"254027_0_t1_crw_146",16,"254027_0_t1_20240418T050000",2024-04-18 05:00:00,-122.880358424253,37.2236321664763,0,"available_crw"
"254027_0_t1",146,"254027_0_t1_crw_146",17,"254027_0_t1_20240418T110000",2024-04-18 11:00:00,-122.88610381447,37.2619207822478,0,"available_crw"
"254027_0_t1",146,"254027_0_t1_crw_146",18,"254027_0_t1_20240418T170000",2024-04-18 17:00:00,-122.74274381772,37.275806196541,0,"available_crw"
"254027_0_t1",146,"254027_0_t1_crw_146",19,"254027_0_t1_20240418T230000",2024-04-18 23:00:00,-122.789107471323,37.26512136014,0,"available_crw"
"254027_0_t1",146,"254027_0_t1_crw_146",20,"254027_0_t1_20240419T050000",2024-04-19 05:00:00,-123.097649534123,37.2056176355878,0,"available_crw"
"254027_0_t1",146,"254027_0_t1_crw_146",21,"254027_0_t1_20240419T110000",2024-04-19 11:00:00,-123.089816874298,37.2093820188019,0,"available_crw"
"254027_0_t1",147,"254027_0_t1_crw_147",1,"254027_0_t1_20240414T110000",2024-04-14 11:00:00,-122.8070879,37.5402499,0,"available_crw"
"254027_0_t1",147,"254027_0_t1_crw_147",2,"254027_0_t1_20240414T170000",2024-04-14 17:00:00,-122.764816265116,37.5417972638948,0,"available_crw"
"254027_0_t1",147,"254027_0_t1_crw_147",3,"254027_0_t1_20240414T230000",2024-04-14 23:00:00,-122.807404244122,37.5432916980424,0,"available_crw"
"254027_0_t1",147,"254027_0_t1_crw_147",4,"254027_0_t1_20240415T050000",2024-04-15 05:00:00,-122.970505853823,37.5569415711072,0,"available_crw"
"254027_0_t1",147,"254027_0_t1_crw_147",5,"254027_0_t1_20240415T110000",2024-04-15 11:00:00,-122.954039970202,37.5259014701899,0,"available_crw"
"254027_0_t1",147,"254027_0_t1_crw_147",6,"254027_0_t1_20240415T170000",2024-04-15 17:00:00,-122.97977942918,37.5585650227192,0,"available_crw"
"254027_0_t1",147,"254027_0_t1_crw_147",7,"254027_0_t1_20240415T230000",2024-04-15 23:00:00,-122.972802774713,37.5538147286007,0,"available_crw"
"254027_0_t1",147,"254027_0_t1_crw_147",8,"254027_0_t1_20240416T050000",2024-04-16 05:00:00,-122.988393932829,37.5566634771943,0,"available_crw"
"254027_0_t1",147,"254027_0_t1_crw_147",9,"254027_0_t1_20240416T110000",2024-04-16 11:00:00,-123.164842933708,37.5506592746779,0,"available_crw"
"254027_0_t1",147,"254027_0_t1_crw_147",10,"254027_0_t1_20240416T170000",2024-04-16 17:00:00,-123.166871768164,37.5664450155112,0,"available_crw"
"254027_0_t1",147,"254027_0_t1_crw_147",11,"254027_0_t1_20240416T230000",2024-04-16 23:00:00,-123.190574690722,37.5638661266273,0,"available_crw"
"254027_0_t1",147,"254027_0_t1_crw_147",12,"254027_0_t1_20240417T050000",2024-04-17 05:00:00,-123.182262783905,37.5669705309297,0,"available_crw"
"254027_0_t1",147,"254027_0_t1_crw_147",13,"254027_0_t1_20240417T110000",2024-04-17 11:00:00,-123.191946907938,37.5568337560336,0,"available_crw"
"254027_0_t1",147,"254027_0_t1_crw_147",14,"254027_0_t1_20240417T170000",2024-04-17 17:00:00,-123.169163046783,37.5908645483488,0,"available_crw"
"254027_0_t1",147,"254027_0_t1_crw_147",15,"254027_0_t1_20240417T230000",2024-04-17 23:00:00,-122.794766365581,37.5235146902695,0,"available_crw"
"254027_0_t1",147,"254027_0_t1_crw_147",16,"254027_0_t1_20240418T050000",2024-04-18 05:00:00,-122.637562268562,37.4865728729488,0,"available_crw"
"254027_0_t1",147,"254027_0_t1_crw_147",17,"254027_0_t1_20240418T110000",2024-04-18 11:00:00,-122.461157176677,37.4835763047466,0,"available_crw"
"254027_0_t1",147,"254027_0_t1_crw_147",18,"254027_0_t1_20240418T170000",2024-04-18 17:00:00,-122.509079618375,37.4782464957884,0,"available_crw"
"254027_0_t1",147,"254027_0_t1_crw_147",19,"254027_0_t1_20240418T230000",2024-04-18 23:00:00,-122.46284242925,37.4896172389999,0,"available_crw"
"254027_0_t1",147,"254027_0_t1_crw_147",20,"254027_0_t1_20240419T050000",2024-04-19 05:00:00,-122.504508925441,37.4825637775004,0,"available_crw"
"254027_0_t1",147,"254027_0_t1_crw_147",21,"254027_0_t1_20240419T110000",2024-04-19 11:00:00,-122.57100181537,37.4686679784435,0,"available_crw"
"254027_0_t1",148,"254027_0_t1_crw_148",1,"254027_0_t1_20240414T110000",2024-04-14 11:00:00,-122.8070879,37.5402499,0,"available_crw"
"254027_0_t1",148,"254027_0_t1_crw_148",2,"254027_0_t1_20240414T170000",2024-04-14 17:00:00,-123.047691980381,37.356330698892,0,"available_crw"
"254027_0_t1",148,"254027_0_t1_crw_148",3,"254027_0_t1_20240414T230000",2024-04-14 23:00:00,-123.030591518013,37.3430527238206,0,"available_crw"
"254027_0_t1",148,"254027_0_t1_crw_148",4,"254027_0_t1_20240415T050000",2024-04-15 05:00:00,-122.979256141762,37.3067073769799,0,"available_crw"
"254027_0_t1",148,"254027_0_t1_crw_148",5,"254027_0_t1_20240415T110000",2024-04-15 11:00:00,-123.020042219826,37.3273457344383,0,"available_crw"
"254027_0_t1",148,"254027_0_t1_crw_148",6,"254027_0_t1_20240415T170000",2024-04-15 17:00:00,-123.066096980451,37.3575541846345,0,"available_crw"
"254027_0_t1",148,"254027_0_t1_crw_148",7,"254027_0_t1_20240415T230000",2024-04-15 23:00:00,-123.054396050058,37.3703834757345,0,"available_crw"
"254027_0_t1",148,"254027_0_t1_crw_148",8,"254027_0_t1_20240416T050000",2024-04-16 05:00:00,-122.777388608636,37.5181795670453,0,"available_crw"
"254027_0_t1",148,"254027_0_t1_crw_148",9,"254027_0_t1_20240416T110000",2024-04-16 11:00:00,-122.673841537934,37.5699893598557,0,"available_crw"
"254027_0_t1",148,"254027_0_t1_crw_148",10,"254027_0_t1_20240416T170000",2024-04-16 17:00:00,-122.663969462171,37.4972765814843,0,"available_crw"
"254027_0_t1",148,"254027_0_t1_crw_148",11,"254027_0_t1_20240416T230000",2024-04-16 23:00:00,-122.653416229436,37.4431404325878,0,"available_crw"
"254027_0_t1",148,"254027_0_t1_crw_148",12,"254027_0_t1_20240417T050000",2024-04-17 05:00:00,-122.672870026549,37.4397939297132,0,"available_crw"
"254027_0_t1",148,"254027_0_t1_crw_148",13,"254027_0_t1_20240417T110000",2024-04-17 11:00:00,-122.739272467571,37.4257366452028,0,"available_crw"
"254027_0_t1",148,"254027_0_t1_crw_148",14,"254027_0_t1_20240417T170000",2024-04-17 17:00:00,-122.695123164642,37.4414698119885,0,"available_crw"
"254027_0_t1",148,"254027_0_t1_crw_148",15,"254027_0_t1_20240417T230000",2024-04-17 23:00:00,-122.541665621759,37.4871532915271,0,"available_crw"
"254027_0_t1",148,"254027_0_t1_crw_148",16,"254027_0_t1_20240418T050000",2024-04-18 05:00:00,-122.490916228674,37.3790755715718,0,"available_crw"
"254027_0_t1",148,"254027_0_t1_crw_148",17,"254027_0_t1_20240418T110000",2024-04-18 11:00:00,-122.524664635696,37.4101657635294,0,"available_crw"
"254027_0_t1",148,"254027_0_t1_crw_148",18,"254027_0_t1_20240418T170000",2024-04-18 17:00:00,-122.516873671928,37.4063199867218,0,"available_crw"
"254027_0_t1",148,"254027_0_t1_crw_148",19,"254027_0_t1_20240418T230000",2024-04-18 23:00:00,-122.514738145273,37.4399724556058,0,"available_crw"
"254027_0_t1",148,"254027_0_t1_crw_148",20,"254027_0_t1_20240419T050000",2024-04-19 05:00:00,-122.505299286348,37.5370567354933,0,"available_crw"
"254027_0_t1",148,"254027_0_t1_crw_148",21,"254027_0_t1_20240419T110000",2024-04-19 11:00:00,-122.503176838813,37.5918148247257,0,"available_crw"
"254027_0_t1",149,"254027_0_t1_crw_149",1,"254027_0_t1_20240414T110000",2024-04-14 11:00:00,-122.8070879,37.5402499,0,"available_crw"
"254027_0_t1",149,"254027_0_t1_crw_149",2,"254027_0_t1_20240414T170000",2024-04-14 17:00:00,-122.825450645075,37.5464155006604,0,"available_crw"
"254027_0_t1",149,"254027_0_t1_crw_149",3,"254027_0_t1_20240414T230000",2024-04-14 23:00:00,-122.773845088537,37.5446192279894,0,"available_crw"
"254027_0_t1",149,"254027_0_t1_crw_149",4,"254027_0_t1_20240415T050000",2024-04-15 05:00:00,-122.816096315159,37.5491446469501,0,"available_crw"
"254027_0_t1",149,"254027_0_t1_crw_149",5,"254027_0_t1_20240415T110000",2024-04-15 11:00:00,-122.774527543879,37.5416147072739,0,"available_crw"
"254027_0_t1",149,"254027_0_t1_crw_149",6,"254027_0_t1_20240415T170000",2024-04-15 17:00:00,-122.777812260328,37.5259636091051,0,"available_crw"
"254027_0_t1",149,"254027_0_t1_crw_149",7,"254027_0_t1_20240415T230000",2024-04-15 23:00:00,-122.920815353941,37.5446787361939,0,"available_crw"
"254027_0_t1",149,"254027_0_t1_crw_149",8,"254027_0_t1_20240416T050000",2024-04-16 05:00:00,-122.879536943771,37.536204333142,0,"available_crw"
"254027_0_t1",149,"254027_0_t1_crw_149",9,"254027_0_t1_20240416T110000",2024-04-16 11:00:00,-122.915423177562,37.4243962837952,0,"available_crw"
"254027_0_t1",149,"254027_0_t1_crw_149",10,"254027_0_t1_20240416T170000",2024-04-16 17:00:00,-123.055746131794,37.4526739690051,0,"available_crw"
"254027_0_t1",149,"254027_0_t1_crw_149",11,"254027_0_t1_20240416T230000",2024-04-16 23:00:00,-123.123103760203,37.4635528321374,0,"available_crw"
"254027_0_t1",149,"254027_0_t1_crw_149",12,"254027_0_t1_20240417T050000",2024-04-17 05:00:00,-123.067366848,37.5216629800367,0,"available_crw"
"254027_0_t1",149,"254027_0_t1_crw_149",13,"254027_0_t1_20240417T110000",2024-04-17 11:00:00,-123.050864813815,37.512773257845,0,"available_crw"
"254027_0_t1",149,"254027_0_t1_crw_149",14,"254027_0_t1_20240417T170000",2024-04-17 17:00:00,-123.131703014423,37.4170286259813,0,"available_crw"
"254027_0_t1",149,"254027_0_t1_crw_149",15,"254027_0_t1_20240417T230000",2024-04-17 23:00:00,-123.119619664224,37.4570140358686,0,"available_crw"
"254027_0_t1",149,"254027_0_t1_crw_149",16,"254027_0_t1_20240418T050000",2024-04-18 05:00:00,-123.048861066869,37.4104796473679,0,"available_crw"
"254027_0_t1",149,"254027_0_t1_crw_149",17,"254027_0_t1_20240418T110000",2024-04-18 11:00:00,-123.140631167087,37.3212927355158,0,"available_crw"
"254027_0_t1",149,"254027_0_t1_crw_149",18,"254027_0_t1_20240418T170000",2024-04-18 17:00:00,-123.179906690171,37.2150284052357,0,"available_crw"
"254027_0_t1",149,"254027_0_t1_crw_149",19,"254027_0_t1_20240418T230000",2024-04-18 23:00:00,-123.173827208503,37.2532839514656,0,"available_crw"
"254027_0_t1",149,"254027_0_t1_crw_149",20,"254027_0_t1_20240419T050000",2024-04-19 05:00:00,-123.143213210893,37.3815528494363,0,"available_crw"
"254027_0_t1",149,"254027_0_t1_crw_149",21,"254027_0_t1_20240419T110000",2024-04-19 11:00:00,-123.172356137221,37.4898886891337,0,"available_crw"
"254027_0_t1",150,"254027_0_t1_crw_150",1,"254027_0_t1_20240414T110000",2024-04-14 11:00:00,-122.8070879,37.5402499,0,"available_crw"
"254027_0_t1",150,"254027_0_t1_crw_150",2,"254027_0_t1_20240414T170000",2024-04-14 17:00:00,-122.785289704479,37.5324182512306,0,"available_crw"
"254027_0_t1",150,"254027_0_t1_crw_150",3,"254027_0_t1_20240414T230000",2024-04-14 23:00:00,-122.788658678714,37.5660067523478,0,"available_crw"
"254027_0_t1",150,"254027_0_t1_crw_150",4,"254027_0_t1_20240415T050000",2024-04-15 05:00:00,-122.823980470078,37.5474420236484,0,"available_crw"
"254027_0_t1",150,"254027_0_t1_crw_150",5,"254027_0_t1_20240415T110000",2024-04-15 11:00:00,-122.877512818043,37.5262939405757,0,"available_crw"
"254027_0_t1",150,"254027_0_t1_crw_150",6,"254027_0_t1_20240415T170000",2024-04-15 17:00:00,-123.168705829058,37.4236530965972,0,"available_crw"
"254027_0_t1",150,"254027_0_t1_crw_150",7,"254027_0_t1_20240415T230000",2024-04-15 23:00:00,-123.131794144635,37.4523824573312,0,"available_crw"
"254027_0_t1",150,"254027_0_t1_crw_150",8,"254027_0_t1_20240416T050000",2024-04-16 05:00:00,-123.084868796614,37.4924168710929,0,"available_crw"
"254027_0_t1",150,"254027_0_t1_crw_150",9,"254027_0_t1_20240416T110000",2024-04-16 11:00:00,-123.089127403431,37.4801419848502,0,"available_crw"
"254027_0_t1",150,"254027_0_t1_crw_150",10,"254027_0_t1_20240416T170000",2024-04-16 17:00:00,-123.074128939111,37.5119133225478,0,"available_crw"
"254027_0_t1",150,"254027_0_t1_crw_150",11,"254027_0_t1_20240416T230000",2024-04-16 23:00:00,-122.938506141603,37.4714067715594,0,"available_crw"
"254027_0_t1",150,"254027_0_t1_crw_150",12,"254027_0_t1_20240417T050000",2024-04-17 05:00:00,-122.947661399677,37.4718195863837,0,"available_crw"
"254027_0_t1",150,"254027_0_t1_crw_150",13,"254027_0_t1_20240417T110000",2024-04-17 11:00:00,-122.905530774711,37.4668588062525,0,"available_crw"
"254027_0_t1",150,"254027_0_t1_crw_150",14,"254027_0_t1_20240417T170000",2024-04-17 17:00:00,-122.858836391836,37.163558095757,0,"available_crw"
"254027_0_t1",150,"254027_0_t1_crw_150",15,"254027_0_t1_20240417T230000",2024-04-17 23:00:00,-122.867875595914,37.1740403776749,0,"available_crw"
"254027_0_t1",150,"254027_0_t1_crw_150",16,"254027_0_t1_20240418T050000",2024-04-18 05:00:00,-122.95222222162,37.2858549610157,0,"available_crw"
"254027_0_t1",150,"254027_0_t1_crw_150",17,"254027_0_t1_20240418T110000",2024-04-18 11:00:00,-122.911952564599,37.2602403619314,0,"available_crw"
"254027_0_t1",150,"254027_0_t1_crw_150",18,"254027_0_t1_20240418T170000",2024-04-18 17:00:00,-122.790818289747,37.1726850430013,0,"available_crw"
"254027_0_t1",150,"254027_0_t1_crw_150",19,"254027_0_t1_20240418T230000",2024-04-18 23:00:00,-122.66015126311,37.1360939394167,0,"available_crw"
"254027_0_t1",150,"254027_0_t1_crw_150",20,"254027_0_t1_20240419T050000",2024-04-19 05:00:00,-122.707573703068,37.1428585270874,0,"available_crw"
"254027_0_t1",150,"254027_0_t1_crw_150",21,"254027_0_t1_20240419T110000",2024-04-19 11:00:00,-122.698516797435,37.1437817972478,0,"available_crw"
"254027_0_t1",151,"254027_0_t1_crw_151",1,"254027_0_t1_20240414T110000",2024-04-14 11:00:00,-122.8070879,37.5402499,0,"available_crw"
"254027_0_t1",151,"254027_0_t1_crw_151",2,"254027_0_t1_20240414T170000",2024-04-14 17:00:00,-122.888333329171,37.4268567944635,0,"available_crw"
"254027_0_t1",151,"254027_0_t1_crw_151",3,"254027_0_t1_20240414T230000",2024-04-14 23:00:00,-122.863998575025,37.4547091012122,0,"available_crw"
"254027_0_t1",151,"254027_0_t1_crw_151",4,"254027_0_t1_20240415T050000",2024-04-15 05:00:00,-122.866017059317,37.4420757761292,0,"available_crw"
"254027_0_t1",151,"254027_0_t1_crw_151",5,"254027_0_t1_20240415T110000",2024-04-15 11:00:00,-123.018548512587,37.2058795085161,0,"available_crw"
"254027_0_t1",151,"254027_0_t1_crw_151",6,"254027_0_t1_20240415T170000",2024-04-15 17:00:00,-123.054794003009,37.0682897589809,0,"available_crw"
"254027_0_t1",151,"254027_0_t1_crw_151",7,"254027_0_t1_20240415T230000",2024-04-15 23:00:00,-123.052531316443,37.106811335885,0,"available_crw"
"254027_0_t1",151,"254027_0_t1_crw_151",8,"254027_0_t1_20240416T050000",2024-04-16 05:00:00,-123.090959267519,37.2440234900857,0,"available_crw"
"254027_0_t1",151,"254027_0_t1_crw_151",9,"254027_0_t1_20240416T110000",2024-04-16 11:00:00,-123.116845977346,37.3729548029576,0,"available_crw"
"254027_0_t1",151,"254027_0_t1_crw_151",10,"254027_0_t1_20240416T170000",2024-04-16 17:00:00,-123.190547543972,37.4668768075198,0,"available_crw"
"254027_0_t1",151,"254027_0_t1_crw_151",11,"254027_0_t1_20240416T230000",2024-04-16 23:00:00,-123.171282363298,37.4366056992887,0,"available_crw"
"254027_0_t1",151,"254027_0_t1_crw_151",12,"254027_0_t1_20240417T050000",2024-04-17 05:00:00,-123.119024529717,37.3486048238628,0,"available_crw"
"254027_0_t1",151,"254027_0_t1_crw_151",13,"254027_0_t1_20240417T110000",2024-04-17 11:00:00,-123.004448678153,37.2418668415855,0,"available_crw"
"254027_0_t1",151,"254027_0_t1_crw_151",14,"254027_0_t1_20240417T170000",2024-04-17 17:00:00,-123.018743728921,37.2308581119292,0,"available_crw"
"254027_0_t1",151,"254027_0_t1_crw_151",15,"254027_0_t1_20240417T230000",2024-04-17 23:00:00,-123.065800806847,37.1910429205217,0,"available_crw"
"254027_0_t1",151,"254027_0_t1_crw_151",16,"254027_0_t1_20240418T050000",2024-04-18 05:00:00,-123.047958982243,37.1784367221007,0,"available_crw"
"254027_0_t1",151,"254027_0_t1_crw_151",17,"254027_0_t1_20240418T110000",2024-04-18 11:00:00,-122.916738983464,37.1431074233465,0,"available_crw"
"254027_0_t1",151,"254027_0_t1_crw_151",18,"254027_0_t1_20240418T170000",2024-04-18 17:00:00,-122.850951901362,37.1280187344996,0,"available_crw"
"254027_0_t1",151,"254027_0_t1_crw_151",19,"254027_0_t1_20240418T230000",2024-04-18 23:00:00,-122.911966047829,37.0736003203236,0,"available_crw"
"254027_0_t1",151,"254027_0_t1_crw_151",20,"254027_0_t1_20240419T050000",2024-04-19 05:00:00,-122.955196679211,37.0311579754954,0,"available_crw"
"254027_0_t1",151,"254027_0_t1_crw_151",21,"254027_0_t1_20240419T110000",2024-04-19 11:00:00,-122.925577665801,37.0554207148103,0,"available_crw"
"254027_0_t1",152,"254027_0_t1_crw_152",1,"254027_0_t1_20240414T110000",2024-04-14 11:00:00,-122.8070879,37.5402499,0,"available_crw"
"254027_0_t1",152,"254027_0_t1_crw_152",2,"254027_0_t1_20240414T170000",2024-04-14 17:00:00,-122.805673818496,37.5474711608111,0,"available_crw"
"254027_0_t1",152,"254027_0_t1_crw_152",3,"254027_0_t1_20240414T230000",2024-04-14 23:00:00,-122.815996098237,37.5145374663657,0,"available_crw"
"254027_0_t1",152,"254027_0_t1_crw_152",4,"254027_0_t1_20240415T050000",2024-04-15 05:00:00,-122.792619495146,37.5105502084977,0,"available_crw"
"254027_0_t1",152,"254027_0_t1_crw_152",5,"254027_0_t1_20240415T110000",2024-04-15 11:00:00,-122.724782357543,37.5015581259089,0,"available_crw"
"254027_0_t1",152,"254027_0_t1_crw_152",6,"254027_0_t1_20240415T170000",2024-04-15 17:00:00,-122.773183094498,37.5017248233171,0,"available_crw"
"254027_0_t1",152,"254027_0_t1_crw_152",7,"254027_0_t1_20240415T230000",2024-04-15 23:00:00,-122.725370234387,37.5077288880874,0,"available_crw"
"254027_0_t1",152,"254027_0_t1_crw_152",8,"254027_0_t1_20240416T050000",2024-04-16 05:00:00,-122.564330066753,37.565385391301,0,"available_crw"
"254027_0_t1",152,"254027_0_t1_crw_152",9,"254027_0_t1_20240416T110000",2024-04-16 11:00:00,-122.601148556401,37.5365365451218,0,"available_crw"
"254027_0_t1",152,"254027_0_t1_crw_152",10,"254027_0_t1_20240416T170000",2024-04-16 17:00:00,-122.690463879051,37.4700616527557,0,"available_crw"
"254027_0_t1",152,"254027_0_t1_crw_152",11,"254027_0_t1_20240416T230000",2024-04-16 23:00:00,-122.738744326898,37.4420773038484,0,"available_crw"
"254027_0_t1",152,"254027_0_t1_crw_152",12,"254027_0_t1_20240417T050000",2024-04-17 05:00:00,-123.058872340453,37.3685438995527,0,"available_crw"
"254027_0_t1",152,"254027_0_t1_crw_152",13,"254027_0_t1_20240417T110000",2024-04-17 11:00:00,-123.015204876535,37.3850555712941,0,"available_crw"
"254027_0_t1",152,"254027_0_t1_crw_152",14,"254027_0_t1_20240417T170000",2024-04-17 17:00:00,-122.881355418168,37.4765849520282,0,"available_crw"
"254027_0_t1",152,"254027_0_t1_crw_152",15,"254027_0_t1_20240417T230000",2024-04-17 23:00:00,-122.787068177824,37.3890304457126,0,"available_crw"
"254027_0_t1",152,"254027_0_t1_crw_152",16,"254027_0_t1_20240418T050000",2024-04-18 05:00:00,-122.670498589184,37.140138275917,0,"available_crw"
"254027_0_t1",152,"254027_0_t1_crw_152",17,"254027_0_t1_20240418T110000",2024-04-18 11:00:00,-122.676099139366,37.1459105586769,0,"available_crw"
"254027_0_t1",152,"254027_0_t1_crw_152",18,"254027_0_t1_20240418T170000",2024-04-18 17:00:00,-122.694381362404,37.1337255642209,0,"available_crw"
"254027_0_t1",152,"254027_0_t1_crw_152",19,"254027_0_t1_20240418T230000",2024-04-18 23:00:00,-122.744377646312,37.107998563879,0,"available_crw"
"254027_0_t1",152,"254027_0_t1_crw_152",20,"254027_0_t1_20240419T050000",2024-04-19 05:00:00,-122.822646094793,37.2049303085881,0,"available_crw"
"254027_0_t1",152,"254027_0_t1_crw_152",21,"254027_0_t1_20240419T110000",2024-04-19 11:00:00,-122.781447260965,37.1803241528925,0,"available_crw"
"254027_0_t1",153,"254027_0_t1_crw_153",1,"254027_0_t1_20240414T110000",2024-04-14 11:00:00,-122.8070879,37.5402499,0,"available_crw"
"254027_0_t1",153,"254027_0_t1_crw_153",2,"254027_0_t1_20240414T170000",2024-04-14 17:00:00,-122.764816265116,37.5417972638948,0,"available_crw"
"254027_0_t1",153,"254027_0_t1_crw_153",3,"254027_0_t1_20240414T230000",2024-04-14 23:00:00,-122.812355530021,37.5257234860241,0,"available_crw"
"254027_0_t1",153,"254027_0_t1_crw_153",4,"254027_0_t1_20240415T050000",2024-04-15 05:00:00,-123.110660962864,37.4369457399709,0,"available_crw"
"254027_0_t1",153,"254027_0_t1_crw_153",5,"254027_0_t1_20240415T110000",2024-04-15 11:00:00,-123.100009921292,37.4464361395028,0,"available_crw"
"254027_0_t1",153,"254027_0_t1_crw_153",6,"254027_0_t1_20240415T170000",2024-04-15 17:00:00,-123.118869998575,37.4081549697754,0,"available_crw"
"254027_0_t1",153,"254027_0_t1_crw_153",7,"254027_0_t1_20240415T230000",2024-04-15 23:00:00,-123.166458668792,37.3184894981013,0,"available_crw"
"254027_0_t1",153,"254027_0_t1_crw_153",8,"254027_0_t1_20240416T050000",2024-04-16 05:00:00,-123.144201208519,37.311659093963,0,"available_crw"
"254027_0_t1",153,"254027_0_t1_crw_153",9,"254027_0_t1_20240416T110000",2024-04-16 11:00:00,-122.9690648851,37.2975395613941,0,"available_crw"
"254027_0_t1",153,"254027_0_t1_crw_153",10,"254027_0_t1_20240416T170000",2024-04-16 17:00:00,-122.985578955456,37.3285476446058,0,"available_crw"
"254027_0_t1",153,"254027_0_t1_crw_153",11,"254027_0_t1_20240416T230000",2024-04-16 23:00:00,-123.001989809903,37.3742968113169,0,"available_crw"
"254027_0_t1",153,"254027_0_t1_crw_153",12,"254027_0_t1_20240417T050000",2024-04-17 05:00:00,-123.037309657063,37.5017995614274,0,"available_crw"
"254027_0_t1",153,"254027_0_t1_crw_153",13,"254027_0_t1_20240417T110000",2024-04-17 11:00:00,-123.055274843255,37.5546840479065,0,"available_crw"
"254027_0_t1",153,"254027_0_t1_crw_153",14,"254027_0_t1_20240417T170000",2024-04-17 17:00:00,-122.965051395842,37.5409511286318,0,"available_crw"
"254027_0_t1",153,"254027_0_t1_crw_153",15,"254027_0_t1_20240417T230000",2024-04-17 23:00:00,-122.974170714645,37.5401236709611,0,"available_crw"
"254027_0_t1",153,"254027_0_t1_crw_153",16,"254027_0_t1_20240418T050000",2024-04-18 05:00:00,-123.095984527781,37.5316163270887,0,"available_crw"
"254027_0_t1",153,"254027_0_t1_crw_153",17,"254027_0_t1_20240418T110000",2024-04-18 11:00:00,-123.093078346283,37.5127139864542,0,"available_crw"
"254027_0_t1",153,"254027_0_t1_crw_153",18,"254027_0_t1_20240418T170000",2024-04-18 17:00:00,-123.069008088172,37.2596764593763,0,"available_crw"
"254027_0_t1",153,"254027_0_t1_crw_153",19,"254027_0_t1_20240418T230000",2024-04-18 23:00:00,-123.071853239868,37.2121418965284,0,"available_crw"
"254027_0_t1",153,"254027_0_t1_crw_153",20,"254027_0_t1_20240419T050000",2024-04-19 05:00:00,-123.101458331897,36.9594743929605,0,"available_crw"
"254027_0_t1",153,"254027_0_t1_crw_153",21,"254027_0_t1_20240419T110000",2024-04-19 11:00:00,-123.179382690243,36.9974412978,0,"available_crw"
"254027_0_t1",154,"254027_0_t1_crw_154",1,"254027_0_t1_20240414T110000",2024-04-14 11:00:00,-122.8070879,37.5402499,0,"available_crw"
"254027_0_t1",154,"254027_0_t1_crw_154",2,"254027_0_t1_20240414T170000",2024-04-14 17:00:00,-122.807478827975,37.5529812714246,0,"available_crw"
"254027_0_t1",154,"254027_0_t1_crw_154",3,"254027_0_t1_20240414T230000",2024-04-14 23:00:00,-122.799722261205,37.5418437857827,0,"available_crw"
"254027_0_t1",154,"254027_0_t1_crw_154",4,"254027_0_t1_20240415T050000",2024-04-15 05:00:00,-122.676513598838,37.4411846201273,0,"available_crw"
"254027_0_t1",154,"254027_0_t1_crw_154",5,"254027_0_t1_20240415T110000",2024-04-15 11:00:00,-122.548536825503,37.3980828296245,0,"available_crw"
"254027_0_t1",154,"254027_0_t1_crw_154",6,"254027_0_t1_20240415T170000",2024-04-15 17:00:00,-122.437496573602,37.3577109032212,0,"available_crw"
"254027_0_t1",154,"254027_0_t1_crw_154",7,"254027_0_t1_20240415T230000",2024-04-15 23:00:00,-122.453427352902,37.3570248587069,0,"available_crw"
"254027_0_t1",154,"254027_0_t1_crw_154",8,"254027_0_t1_20240416T050000",2024-04-16 05:00:00,-122.617000305093,37.3579304926664,0,"available_crw"
"254027_0_t1",154,"254027_0_t1_crw_154",9,"254027_0_t1_20240416T110000",2024-04-16 11:00:00,-122.616340372877,37.3388939354633,0,"available_crw"
"254027_0_t1",154,"254027_0_t1_crw_154",10,"254027_0_t1_20240416T170000",2024-04-16 17:00:00,-122.63614087285,37.3375298524633,0,"available_crw"
"254027_0_t1",154,"254027_0_t1_crw_154",11,"254027_0_t1_20240416T230000",2024-04-16 23:00:00,-122.75876682358,37.2857267895013,0,"available_crw"
"254027_0_t1",154,"254027_0_t1_crw_154",12,"254027_0_t1_20240417T050000",2024-04-17 05:00:00,-122.724497415621,37.3164232339264,0,"available_crw"
"254027_0_t1",154,"254027_0_t1_crw_154",13,"254027_0_t1_20240417T110000",2024-04-17 11:00:00,-122.728275930545,37.309766667444,0,"available_crw"
"254027_0_t1",154,"254027_0_t1_crw_154",14,"254027_0_t1_20240417T170000",2024-04-17 17:00:00,-122.73187312795,37.1990008321827,0,"available_crw"
"254027_0_t1",154,"254027_0_t1_crw_154",15,"254027_0_t1_20240417T230000",2024-04-17 23:00:00,-122.740722074896,37.1519414203453,0,"available_crw"
"254027_0_t1",154,"254027_0_t1_crw_154",16,"254027_0_t1_20240418T050000",2024-04-18 05:00:00,-122.706472453653,37.0445853980167,0,"available_crw"
"254027_0_t1",154,"254027_0_t1_crw_154",17,"254027_0_t1_20240418T110000",2024-04-18 11:00:00,-122.739537904501,36.7801409257569,0,"available_crw"
"254027_0_t1",154,"254027_0_t1_crw_154",18,"254027_0_t1_20240418T170000",2024-04-18 17:00:00,-122.816974085106,36.8185112924899,0,"available_crw"
"254027_0_t1",154,"254027_0_t1_crw_154",19,"254027_0_t1_20240418T230000",2024-04-18 23:00:00,-122.876628981435,36.8450178990317,0,"available_crw"
"254027_0_t1",154,"254027_0_t1_crw_154",20,"254027_0_t1_20240419T050000",2024-04-19 05:00:00,-122.831463273464,36.8320034007358,0,"available_crw"
"254027_0_t1",154,"254027_0_t1_crw_154",21,"254027_0_t1_20240419T110000",2024-04-19 11:00:00,-122.879619062552,36.7232769159218,0,"available_crw"
"254027_0_t1",155,"254027_0_t1_crw_155",1,"254027_0_t1_20240414T110000",2024-04-14 11:00:00,-122.8070879,37.5402499,0,"available_crw"
"254027_0_t1",155,"254027_0_t1_crw_155",2,"254027_0_t1_20240414T170000",2024-04-14 17:00:00,-122.784891522433,37.569231335262,0,"available_crw"
"254027_0_t1",155,"254027_0_t1_crw_155",3,"254027_0_t1_20240414T230000",2024-04-14 23:00:00,-122.827183548688,37.5707077288723,0,"available_crw"
"254027_0_t1",155,"254027_0_t1_crw_155",4,"254027_0_t1_20240415T050000",2024-04-15 05:00:00,-122.784920651165,37.5661792293466,0,"available_crw"
"254027_0_t1",155,"254027_0_t1_crw_155",5,"254027_0_t1_20240415T110000",2024-04-15 11:00:00,-122.803987073254,37.4517763250421,0,"available_crw"
"254027_0_t1",155,"254027_0_t1_crw_155",6,"254027_0_t1_20240415T170000",2024-04-15 17:00:00,-122.947555067051,37.4666444793073,0,"available_crw"
"254027_0_t1",155,"254027_0_t1_crw_155",7,"254027_0_t1_20240415T230000",2024-04-15 23:00:00,-122.938524642659,37.4679119825434,0,"available_crw"
"254027_0_t1",155,"254027_0_t1_crw_155",8,"254027_0_t1_20240416T050000",2024-04-16 05:00:00,-122.933937352359,37.4524706086332,0,"available_crw"
"254027_0_t1",155,"254027_0_t1_crw_155",9,"254027_0_t1_20240416T110000",2024-04-16 11:00:00,-122.972964854443,37.1885470779325,0,"available_crw"
"254027_0_t1",155,"254027_0_t1_crw_155",10,"254027_0_t1_20240416T170000",2024-04-16 17:00:00,-122.990413019046,37.0921709199623,0,"available_crw"
"254027_0_t1",155,"254027_0_t1_crw_155",11,"254027_0_t1_20240416T230000",2024-04-16 23:00:00,-123.010150824744,37.0935252029565,0,"available_crw"
"254027_0_t1",155,"254027_0_t1_crw_155",12,"254027_0_t1_20240417T050000",2024-04-17 05:00:00,-123.182731643762,37.0679545839478,0,"available_crw"
"254027_0_t1",155,"254027_0_t1_crw_155",13,"254027_0_t1_20240417T110000",2024-04-17 11:00:00,-123.140553742398,37.0711262759523,0,"available_crw"
"254027_0_t1",155,"254027_0_t1_crw_155",14,"254027_0_t1_20240417T170000",2024-04-17 17:00:00,-123.153888764868,37.0641965566175,0,"available_crw"
"254027_0_t1",155,"254027_0_t1_crw_155",15,"254027_0_t1_20240417T230000",2024-04-17 23:00:00,-123.207297626044,37.0434023355774,0,"available_crw"
"254027_0_t1",155,"254027_0_t1_crw_155",16,"254027_0_t1_20240418T050000",2024-04-18 05:00:00,-123.167940453836,37.0655870428995,0,"available_crw"
"254027_0_t1",155,"254027_0_t1_crw_155",17,"254027_0_t1_20240418T110000",2024-04-18 11:00:00,-123.05598120541,37.1739145926553,0,"available_crw"
"254027_0_t1",155,"254027_0_t1_crw_155",18,"254027_0_t1_20240418T170000",2024-04-18 17:00:00,-123.097350797523,37.1802165925197,0,"available_crw"
"254027_0_t1",155,"254027_0_t1_crw_155",19,"254027_0_t1_20240418T230000",2024-04-18 23:00:00,-123.153977541405,37.1947826272868,0,"available_crw"
"254027_0_t1",155,"254027_0_t1_crw_155",20,"254027_0_t1_20240419T050000",2024-04-19 05:00:00,-123.16048691769,37.1764639889416,0,"available_crw"
"254027_0_t1",155,"254027_0_t1_crw_155",21,"254027_0_t1_20240419T110000",2024-04-19 11:00:00,-123.162183353997,37.0358536305136,0,"available_crw"
"254027_0_t1",156,"254027_0_t1_crw_156",1,"254027_0_t1_20240414T110000",2024-04-14 11:00:00,-122.8070879,37.5402499,0,"available_crw"
"254027_0_t1",156,"254027_0_t1_crw_156",2,"254027_0_t1_20240414T170000",2024-04-14 17:00:00,-123.047691980381,37.356330698892,0,"available_crw"
"254027_0_t1",156,"254027_0_t1_crw_156",3,"254027_0_t1_20240414T230000",2024-04-14 23:00:00,-123.172257023099,37.2717602964241,0,"available_crw"
"254027_0_t1",156,"254027_0_t1_crw_156",4,"254027_0_t1_20240415T050000",2024-04-15 05:00:00,-123.222314254437,37.2343356423478,0,"available_crw"
"254027_0_t1",156,"254027_0_t1_crw_156",5,"254027_0_t1_20240415T110000",2024-04-15 11:00:00,-123.199326817049,37.2711338376372,0,"available_crw"
"254027_0_t1",156,"254027_0_t1_crw_156",6,"254027_0_t1_20240415T170000",2024-04-15 17:00:00,-123.165005925239,37.4090490305618,0,"available_crw"
"254027_0_t1",156,"254027_0_t1_crw_156",7,"254027_0_t1_20240415T230000",2024-04-15 23:00:00,-123.137974458168,37.5040125099836,0,"available_crw"
"254027_0_t1",156,"254027_0_t1_crw_156",8,"254027_0_t1_20240416T050000",2024-04-16 05:00:00,-123.066404580258,37.4582294016802,0,"available_crw"
"254027_0_t1",156,"254027_0_t1_crw_156",9,"254027_0_t1_20240416T110000",2024-04-16 11:00:00,-123.059118591797,37.4914212755781,0,"available_crw"
"254027_0_t1",156,"254027_0_t1_crw_156",10,"254027_0_t1_20240416T170000",2024-04-16 17:00:00,-122.916439048073,37.4716627066175,0,"available_crw"
"254027_0_t1",156,"254027_0_t1_crw_156",11,"254027_0_t1_20240416T230000",2024-04-16 23:00:00,-122.957570919704,37.4804735945731,0,"available_crw"
"254027_0_t1",156,"254027_0_t1_crw_156",12,"254027_0_t1_20240417T050000",2024-04-17 05:00:00,-122.906182041262,37.4842898329612,0,"available_crw"
"254027_0_t1",156,"254027_0_t1_crw_156",13,"254027_0_t1_20240417T110000",2024-04-17 11:00:00,-122.929935811827,37.5121687669134,0,"available_crw"
"254027_0_t1",156,"254027_0_t1_crw_156",14,"254027_0_t1_20240417T170000",2024-04-17 17:00:00,-122.887889094251,37.488305959423,0,"available_crw"
"254027_0_t1",156,"254027_0_t1_crw_156",15,"254027_0_t1_20240417T230000",2024-04-17 23:00:00,-122.968448757668,37.453285686549,0,"available_crw"
"254027_0_t1",156,"254027_0_t1_crw_156",16,"254027_0_t1_20240418T050000",2024-04-18 05:00:00,-122.929387806726,37.4668024899585,0,"available_crw"
"254027_0_t1",156,"254027_0_t1_crw_156",17,"254027_0_t1_20240418T110000",2024-04-18 11:00:00,-122.93336315847,37.3937326627709,0,"available_crw"
"254027_0_t1",156,"254027_0_t1_crw_156",18,"254027_0_t1_20240418T170000",2024-04-18 17:00:00,-122.961626992421,37.1409693962812,0,"available_crw"
"254027_0_t1",156,"254027_0_t1_crw_156",19,"254027_0_t1_20240418T230000",2024-04-18 23:00:00,-123.039948378758,37.1786555608882,0,"available_crw"
"254027_0_t1",156,"254027_0_t1_crw_156",20,"254027_0_t1_20240419T050000",2024-04-19 05:00:00,-123.005699111851,37.1586276299504,0,"available_crw"
"254027_0_t1",156,"254027_0_t1_crw_156",21,"254027_0_t1_20240419T110000",2024-04-19 11:00:00,-122.759107738213,36.9993563525649,0,"available_crw"
"254027_0_t1",157,"254027_0_t1_crw_157",1,"254027_0_t1_20240414T110000",2024-04-14 11:00:00,-122.8070879,37.5402499,0,"available_crw"
"254027_0_t1",157,"254027_0_t1_crw_157",2,"254027_0_t1_20240414T170000",2024-04-14 17:00:00,-122.839866419743,37.5004648755312,0,"available_crw"
"254027_0_t1",157,"254027_0_t1_crw_157",3,"254027_0_t1_20240414T230000",2024-04-14 23:00:00,-122.864850197951,37.3914700392247,0,"available_crw"
"254027_0_t1",157,"254027_0_t1_crw_157",4,"254027_0_t1_20240415T050000",2024-04-15 05:00:00,-122.904067845605,37.2647028484015,0,"available_crw"
"254027_0_t1",157,"254027_0_t1_crw_157",5,"254027_0_t1_20240415T110000",2024-04-15 11:00:00,-122.907854717748,37.2770738529367,0,"available_crw"
"254027_0_t1",157,"254027_0_t1_crw_157",6,"254027_0_t1_20240415T170000",2024-04-15 17:00:00,-122.930798062605,37.2719243181996,0,"available_crw"
"254027_0_t1",157,"254027_0_t1_crw_157",7,"254027_0_t1_20240415T230000",2024-04-15 23:00:00,-122.914505453058,37.3438972322342,0,"available_crw"
"254027_0_t1",157,"254027_0_t1_crw_157",8,"254027_0_t1_20240416T050000",2024-04-16 05:00:00,-122.944929203345,37.4520071160007,0,"available_crw"
"254027_0_t1",157,"254027_0_t1_crw_157",9,"254027_0_t1_20240416T110000",2024-04-16 11:00:00,-122.968044046153,37.4472056342914,0,"available_crw"
"254027_0_t1",157,"254027_0_t1_crw_157",10,"254027_0_t1_20240416T170000",2024-04-16 17:00:00,-123.128718004734,37.4220232111773,0,"available_crw"
"254027_0_t1",157,"254027_0_t1_crw_157",11,"254027_0_t1_20240416T230000",2024-04-16 23:00:00,-123.18822945068,37.418610536093,0,"available_crw"
"254027_0_t1",157,"254027_0_t1_crw_157",12,"254027_0_t1_20240417T050000",2024-04-17 05:00:00,-123.247816249347,37.421039149301,0,"available_crw"
"254027_0_t1",157,"254027_0_t1_crw_157",13,"254027_0_t1_20240417T110000",2024-04-17 11:00:00,-123.199756006231,37.425259457871,0,"available_crw"
"254027_0_t1",157,"254027_0_t1_crw_157",14,"254027_0_t1_20240417T170000",2024-04-17 17:00:00,-123.224073771075,37.452817377341,0,"available_crw"
"254027_0_t1",157,"254027_0_t1_crw_157",15,"254027_0_t1_20240417T230000",2024-04-17 23:00:00,-123.20848966076,37.4626900282567,0,"available_crw"
"254027_0_t1",157,"254027_0_t1_crw_157",16,"254027_0_t1_20240418T050000",2024-04-18 05:00:00,-123.1567006086,37.4987195746502,0,"available_crw"
"254027_0_t1",157,"254027_0_t1_crw_157",17,"254027_0_t1_20240418T110000",2024-04-18 11:00:00,-122.84498412736,37.593697783707,0,"available_crw"
"254027_0_t1",157,"254027_0_t1_crw_157",18,"254027_0_t1_20240418T170000",2024-04-18 17:00:00,-122.793185484366,37.4859141415514,0,"available_crw"
"254027_0_t1",157,"254027_0_t1_crw_157",19,"254027_0_t1_20240418T230000",2024-04-18 23:00:00,-122.752651797777,37.3940564326185,0,"available_crw"
"254027_0_t1",157,"254027_0_t1_crw_157",20,"254027_0_t1_20240419T050000",2024-04-19 05:00:00,-122.724507416898,37.4191834448015,0,"available_crw"
"254027_0_t1",157,"254027_0_t1_crw_157",21,"254027_0_t1_20240419T110000",2024-04-19 11:00:00,-122.679467640049,37.5240058987539,0,"available_crw"
"254027_0_t1",158,"254027_0_t1_crw_158",1,"254027_0_t1_20240414T110000",2024-04-14 11:00:00,-122.8070879,37.5402499,0,"available_crw"
"254027_0_t1",158,"254027_0_t1_crw_158",2,"254027_0_t1_20240414T170000",2024-04-14 17:00:00,-122.960364041708,37.3178661554043,0,"available_crw"
"254027_0_t1",158,"254027_0_t1_crw_158",3,"254027_0_t1_20240414T230000",2024-04-14 23:00:00,-122.990504447706,37.2686537716748,0,"available_crw"
"254027_0_t1",158,"254027_0_t1_crw_158",4,"254027_0_t1_20240415T050000",2024-04-15 05:00:00,-123.229661320023,37.08424149706,0,"available_crw"
"254027_0_t1",158,"254027_0_t1_crw_158",5,"254027_0_t1_20240415T110000",2024-04-15 11:00:00,-123.19665637528,37.1055337271811,0,"available_crw"
"254027_0_t1",158,"254027_0_t1_crw_158",6,"254027_0_t1_20240415T170000",2024-04-15 17:00:00,-123.201734578711,37.0994610336383,0,"available_crw"
"254027_0_t1",158,"254027_0_t1_crw_158",7,"254027_0_t1_20240415T230000",2024-04-15 23:00:00,-123.200016447086,37.1121225936136,0,"available_crw"
"254027_0_t1",158,"254027_0_t1_crw_158",8,"254027_0_t1_20240416T050000",2024-04-16 05:00:00,-123.172376632423,37.2408174611509,0,"available_crw"
"254027_0_t1",158,"254027_0_t1_crw_158",9,"254027_0_t1_20240416T110000",2024-04-16 11:00:00,-123.21219954101,37.2297869484145,0,"available_crw"
"254027_0_t1",158,"254027_0_t1_crw_158",10,"254027_0_t1_20240416T170000",2024-04-16 17:00:00,-123.172489286375,37.2559379282321,0,"available_crw"
"254027_0_t1",158,"254027_0_t1_crw_158",11,"254027_0_t1_20240416T230000",2024-04-16 23:00:00,-123.076331304445,37.3157697652225,0,"available_crw"
"254027_0_t1",158,"254027_0_t1_crw_158",12,"254027_0_t1_20240417T050000",2024-04-17 05:00:00,-123.112077854206,37.2974133554969,0,"available_crw"
"254027_0_t1",158,"254027_0_t1_crw_158",13,"254027_0_t1_20240417T110000",2024-04-17 11:00:00,-123.10620830974,37.3030198401701,0,"available_crw"
"254027_0_t1",158,"254027_0_t1_crw_158",14,"254027_0_t1_20240417T170000",2024-04-17 17:00:00,-123.147611901534,37.3094734697605,0,"available_crw"
"254027_0_t1",158,"254027_0_t1_crw_158",15,"254027_0_t1_20240417T230000",2024-04-17 23:00:00,-123.151380028318,37.290668648401,0,"available_crw"
"254027_0_t1",158,"254027_0_t1_crw_158",16,"254027_0_t1_20240418T050000",2024-04-18 05:00:00,-123.171142164356,37.2922577896089,0,"available_crw"
"254027_0_t1",158,"254027_0_t1_crw_158",17,"254027_0_t1_20240418T110000",2024-04-18 11:00:00,-123.229230248993,37.3027990612827,0,"available_crw"
"254027_0_t1",158,"254027_0_t1_crw_158",18,"254027_0_t1_20240418T170000",2024-04-18 17:00:00,-123.233715460864,37.2840950338,0,"available_crw"
"254027_0_t1",158,"254027_0_t1_crw_158",19,"254027_0_t1_20240418T230000",2024-04-18 23:00:00,-123.204795441881,37.1757311200376,0,"available_crw"
"254027_0_t1",158,"254027_0_t1_crw_158",20,"254027_0_t1_20240419T050000",2024-04-19 05:00:00,-123.209880882955,37.2094325051511,0,"available_crw"
"254027_0_t1",158,"254027_0_t1_crw_158",21,"254027_0_t1_20240419T110000",2024-04-19 11:00:00,-123.208600561705,37.1755018965502,0,"available_crw"
"254027_0_t1",159,"254027_0_t1_crw_159",1,"254027_0_t1_20240414T110000",2024-04-14 11:00:00,-122.8070879,37.5402499,0,"available_crw"
"254027_0_t1",159,"254027_0_t1_crw_159",2,"254027_0_t1_20240414T170000",2024-04-14 17:00:00,-122.807478827975,37.5529812714246,0,"available_crw"
"254027_0_t1",159,"254027_0_t1_crw_159",3,"254027_0_t1_20240414T230000",2024-04-14 23:00:00,-122.723946615116,37.5225773509302,0,"available_crw"
"254027_0_t1",159,"254027_0_t1_crw_159",4,"254027_0_t1_20240415T050000",2024-04-15 05:00:00,-122.760957515932,37.5394126366205,0,"available_crw"
"254027_0_t1",159,"254027_0_t1_crw_159",5,"254027_0_t1_20240415T110000",2024-04-15 11:00:00,-122.709997975077,37.5327187586485,0,"available_crw"
"254027_0_t1",159,"254027_0_t1_crw_159",6,"254027_0_t1_20240415T170000",2024-04-15 17:00:00,-122.760691516703,37.5248677328787,0,"available_crw"
"254027_0_t1",159,"254027_0_t1_crw_159",7,"254027_0_t1_20240415T230000",2024-04-15 23:00:00,-122.716597101555,37.5462828361181,0,"available_crw"
"254027_0_t1",159,"254027_0_t1_crw_159",8,"254027_0_t1_20240416T050000",2024-04-16 05:00:00,-122.753335559742,37.5630128769177,0,"available_crw"
"254027_0_t1",159,"254027_0_t1_crw_159",9,"254027_0_t1_20240416T110000",2024-04-16 11:00:00,-122.707986340488,37.5494663919142,0,"available_crw"
"254027_0_t1",159,"254027_0_t1_crw_159",10,"254027_0_t1_20240416T170000",2024-04-16 17:00:00,-122.71389211778,37.5343111052058,0,"available_crw"
"254027_0_t1",159,"254027_0_t1_crw_159",11,"254027_0_t1_20240416T230000",2024-04-16 23:00:00,-122.713909940365,37.5416195823037,0,"available_crw"
"254027_0_t1",159,"254027_0_t1_crw_159",12,"254027_0_t1_20240417T050000",2024-04-17 05:00:00,-122.695844952822,37.5030894243674,0,"available_crw"
"254027_0_t1",159,"254027_0_t1_crw_159",13,"254027_0_t1_20240417T110000",2024-04-17 11:00:00,-122.668840704115,37.4527077607958,0,"available_crw"
"254027_0_t1",159,"254027_0_t1_crw_159",14,"254027_0_t1_20240417T170000",2024-04-17 17:00:00,-122.760474334045,37.4562668222619,0,"available_crw"
"254027_0_t1",159,"254027_0_t1_crw_159",15,"254027_0_t1_20240417T230000",2024-04-17 23:00:00,-122.74189046829,37.4260037933872,0,"available_crw"
"254027_0_t1",159,"254027_0_t1_crw_159",16,"254027_0_t1_20240418T050000",2024-04-18 05:00:00,-122.759219703719,37.4182071812263,0,"available_crw"
"254027_0_t1",159,"254027_0_t1_crw_159",17,"254027_0_t1_20240418T110000",2024-04-18 11:00:00,-122.720417577333,37.4321574397959,0,"available_crw"
"254027_0_t1",159,"254027_0_t1_crw_159",18,"254027_0_t1_20240418T170000",2024-04-18 17:00:00,-122.76074892989,37.4108898530618,0,"available_crw"
"254027_0_t1",159,"254027_0_t1_crw_159",19,"254027_0_t1_20240418T230000",2024-04-18 23:00:00,-122.723341877044,37.395240677686,0,"available_crw"
"254027_0_t1",159,"254027_0_t1_crw_159",20,"254027_0_t1_20240419T050000",2024-04-19 05:00:00,-122.583513460917,37.327469712565,0,"available_crw"
"254027_0_t1",159,"254027_0_t1_crw_159",21,"254027_0_t1_20240419T110000",2024-04-19 11:00:00,-122.660499420361,37.287875790503,0,"available_crw"
"254027_0_t1",160,"254027_0_t1_crw_160",1,"254027_0_t1_20240414T110000",2024-04-14 11:00:00,-122.8070879,37.5402499,0,"available_crw"
"254027_0_t1",160,"254027_0_t1_crw_160",2,"254027_0_t1_20240414T170000",2024-04-14 17:00:00,-122.764816265116,37.5417972638948,0,"available_crw"
"254027_0_t1",160,"254027_0_t1_crw_160",3,"254027_0_t1_20240414T230000",2024-04-14 23:00:00,-122.696301761637,37.5468245110648,0,"available_crw"
"254027_0_t1",160,"254027_0_t1_crw_160",4,"254027_0_t1_20240415T050000",2024-04-15 05:00:00,-122.7428692966,37.5290340195553,0,"available_crw"
"254027_0_t1",160,"254027_0_t1_crw_160",5,"254027_0_t1_20240415T110000",2024-04-15 11:00:00,-122.803411014032,37.5030362481234,0,"available_crw"
"254027_0_t1",160,"254027_0_t1_crw_160",6,"254027_0_t1_20240415T170000",2024-04-15 17:00:00,-122.765026047251,37.5265327100843,0,"available_crw"
"254027_0_t1",160,"254027_0_t1_crw_160",7,"254027_0_t1_20240415T230000",2024-04-15 23:00:00,-122.771747430639,37.5149774034387,0,"available_crw"
"254027_0_t1",160,"254027_0_t1_crw_160",8,"254027_0_t1_20240416T050000",2024-04-16 05:00:00,-122.7497303476,37.5075580665213,0,"available_crw"
"254027_0_t1",160,"254027_0_t1_crw_160",9,"254027_0_t1_20240416T110000",2024-04-16 11:00:00,-122.799566419757,37.2045768161989,0,"available_crw"
"254027_0_t1",160,"254027_0_t1_crw_160",10,"254027_0_t1_20240416T170000",2024-04-16 17:00:00,-122.801134960213,37.2117772627869,0,"available_crw"
"254027_0_t1",160,"254027_0_t1_crw_160",11,"254027_0_t1_20240416T230000",2024-04-16 23:00:00,-122.71327738248,37.1915167821515,0,"available_crw"
"254027_0_t1",160,"254027_0_t1_crw_160",12,"254027_0_t1_20240417T050000",2024-04-17 05:00:00,-122.722411072488,37.1913582501321,0,"available_crw"
"254027_0_t1",160,"254027_0_t1_crw_160",13,"254027_0_t1_20240417T110000",2024-04-17 11:00:00,-122.890793419446,37.1511594487799,0,"available_crw"
"254027_0_t1",160,"254027_0_t1_crw_160",14,"254027_0_t1_20240417T170000",2024-04-17 17:00:00,-122.849759894245,37.1759253527745,0,"available_crw"
"254027_0_t1",160,"254027_0_t1_crw_160",15,"254027_0_t1_20240417T230000",2024-04-17 23:00:00,-122.856581009957,37.1644184308803,0,"available_crw"
"254027_0_t1",160,"254027_0_t1_crw_160",16,"254027_0_t1_20240418T050000",2024-04-18 05:00:00,-122.835024440082,37.1936558619524,0,"available_crw"
"254027_0_t1",160,"254027_0_t1_crw_160",17,"254027_0_t1_20240418T110000",2024-04-18 11:00:00,-122.798695403939,37.231344870379,0,"available_crw"
"254027_0_t1",160,"254027_0_t1_crw_160",18,"254027_0_t1_20240418T170000",2024-04-18 17:00:00,-122.731775670351,37.3613967811185,0,"available_crw"
"254027_0_t1",160,"254027_0_t1_crw_160",19,"254027_0_t1_20240418T230000",2024-04-18 23:00:00,-122.70245526352,37.4028350842194,0,"available_crw"
"254027_0_t1",160,"254027_0_t1_crw_160",20,"254027_0_t1_20240419T050000",2024-04-19 05:00:00,-122.684596995843,37.3958478058208,0,"available_crw"
"254027_0_t1",160,"254027_0_t1_crw_160",21,"254027_0_t1_20240419T110000",2024-04-19 11:00:00,-122.406230023633,37.2734160203968,0,"available_crw"
"254027_0_t1",161,"254027_0_t1_crw_161",1,"254027_0_t1_20240414T110000",2024-04-14 11:00:00,-122.8070879,37.5402499,0,"available_crw"
"254027_0_t1",161,"254027_0_t1_crw_161",2,"254027_0_t1_20240414T170000",2024-04-14 17:00:00,-122.863940268765,37.4540497673155,0,"available_crw"
"254027_0_t1",161,"254027_0_t1_crw_161",3,"254027_0_t1_20240414T230000",2024-04-14 23:00:00,-122.897970649263,37.4149581069619,0,"available_crw"
"254027_0_t1",161,"254027_0_t1_crw_161",4,"254027_0_t1_20240415T050000",2024-04-15 05:00:00,-122.855951155715,37.4114856538093,0,"available_crw"
"254027_0_t1",161,"254027_0_t1_crw_161",5,"254027_0_t1_20240415T110000",2024-04-15 11:00:00,-122.734925426016,37.3987868543376,0,"available_crw"
"254027_0_t1",161,"254027_0_t1_crw_161",6,"254027_0_t1_20240415T170000",2024-04-15 17:00:00,-122.750291421523,37.4301748748445,0,"available_crw"
"254027_0_t1",161,"254027_0_t1_crw_161",7,"254027_0_t1_20240415T230000",2024-04-15 23:00:00,-122.76499956085,37.4762945946723,0,"available_crw"
"254027_0_t1",161,"254027_0_t1_crw_161",8,"254027_0_t1_20240416T050000",2024-04-16 05:00:00,-122.675145319154,37.4614663883699,0,"available_crw"
"254027_0_t1",161,"254027_0_t1_crw_161",9,"254027_0_t1_20240416T110000",2024-04-16 11:00:00,-122.678047450446,37.4457676431066,0,"available_crw"
"254027_0_t1",161,"254027_0_t1_crw_161",10,"254027_0_t1_20240416T170000",2024-04-16 17:00:00,-122.668076625172,37.4787683329303,0,"available_crw"
"254027_0_t1",161,"254027_0_t1_crw_161",11,"254027_0_t1_20240416T230000",2024-04-16 23:00:00,-122.647037194988,37.523304648083,0,"available_crw"
"254027_0_t1",161,"254027_0_t1_crw_161",12,"254027_0_t1_20240417T050000",2024-04-17 05:00:00,-122.656623771659,37.4855074938442,0,"available_crw"
"254027_0_t1",161,"254027_0_t1_crw_161",13,"254027_0_t1_20240417T110000",2024-04-17 11:00:00,-122.664658443744,37.5261354073334,0,"available_crw"
"254027_0_t1",161,"254027_0_t1_crw_161",14,"254027_0_t1_20240417T170000",2024-04-17 17:00:00,-122.66662143436,37.5736956779063,0,"available_crw"
"254027_0_t1",161,"254027_0_t1_crw_161",15,"254027_0_t1_20240417T230000",2024-04-17 23:00:00,-122.647061712654,37.5356288963152,0,"available_crw"
"254027_0_t1",161,"254027_0_t1_crw_161",16,"254027_0_t1_20240418T050000",2024-04-18 05:00:00,-122.603863955026,37.4445394088595,0,"available_crw"
"254027_0_t1",161,"254027_0_t1_crw_161",17,"254027_0_t1_20240418T110000",2024-04-18 11:00:00,-122.627978206098,37.477967996723,0,"available_crw"
"254027_0_t1",161,"254027_0_t1_crw_161",18,"254027_0_t1_20240418T170000",2024-04-18 17:00:00,-122.753380903937,37.5769391914454,0,"available_crw"
"254027_0_t1",161,"254027_0_t1_crw_161",19,"254027_0_t1_20240418T230000",2024-04-18 23:00:00,-122.73808727562,37.5731953915926,0,"available_crw"
"254027_0_t1",161,"254027_0_t1_crw_161",20,"254027_0_t1_20240419T050000",2024-04-19 05:00:00,-122.78967536238,37.5708376356062,0,"available_crw"
"254027_0_t1",161,"254027_0_t1_crw_161",21,"254027_0_t1_20240419T110000",2024-04-19 11:00:00,-122.787492830688,37.5518737109689,0,"available_crw"
"254027_0_t1",162,"254027_0_t1_crw_162",1,"254027_0_t1_20240414T110000",2024-04-14 11:00:00,-122.8070879,37.5402499,0,"available_crw"
"254027_0_t1",162,"254027_0_t1_crw_162",2,"254027_0_t1_20240414T170000",2024-04-14 17:00:00,-122.805673818496,37.5474711608111,0,"available_crw"
"254027_0_t1",162,"254027_0_t1_crw_162",3,"254027_0_t1_20240414T230000",2024-04-14 23:00:00,-122.800533885994,37.5354115575547,0,"available_crw"
"254027_0_t1",162,"254027_0_t1_crw_162",4,"254027_0_t1_20240415T050000",2024-04-15 05:00:00,-122.701800634487,37.4188831305688,0,"available_crw"
"254027_0_t1",162,"254027_0_t1_crw_162",5,"254027_0_t1_20240415T110000",2024-04-15 11:00:00,-122.717616529907,37.409257186141,0,"available_crw"
"254027_0_t1",162,"254027_0_t1_crw_162",6,"254027_0_t1_20240415T170000",2024-04-15 17:00:00,-122.730588030384,37.4212887732889,0,"available_crw"
"254027_0_t1",162,"254027_0_t1_crw_162",7,"254027_0_t1_20240415T230000",2024-04-15 23:00:00,-122.855101351283,37.4704942580614,0,"available_crw"
"254027_0_t1",162,"254027_0_t1_crw_162",8,"254027_0_t1_20240416T050000",2024-04-16 05:00:00,-122.818790718822,37.4527612644788,0,"available_crw"
"254027_0_t1",162,"254027_0_t1_crw_162",9,"254027_0_t1_20240416T110000",2024-04-16 11:00:00,-122.71646248292,37.3996331151301,0,"available_crw"
"254027_0_t1",162,"254027_0_t1_crw_162",10,"254027_0_t1_20240416T170000",2024-04-16 17:00:00,-122.795115795024,37.3027993765446,0,"available_crw"
"254027_0_t1",162,"254027_0_t1_crw_162",11,"254027_0_t1_20240416T230000",2024-04-16 23:00:00,-122.812390629823,37.3106355698109,0,"available_crw"
"254027_0_t1",162,"254027_0_t1_crw_162",12,"254027_0_t1_20240417T050000",2024-04-17 05:00:00,-123.081658670535,37.4456252289906,0,"available_crw"
"254027_0_t1",162,"254027_0_t1_crw_162",13,"254027_0_t1_20240417T110000",2024-04-17 11:00:00,-123.21496465593,37.5215514852329,0,"available_crw"
"254027_0_t1",162,"254027_0_t1_crw_162",14,"254027_0_t1_20240417T170000",2024-04-17 17:00:00,-123.134265632578,37.5564744096983,0,"available_crw"
"254027_0_t1",162,"254027_0_t1_crw_162",15,"254027_0_t1_20240417T230000",2024-04-17 23:00:00,-123.16823425053,37.5254907049448,0,"available_crw"
"254027_0_t1",162,"254027_0_t1_crw_162",16,"254027_0_t1_20240418T050000",2024-04-18 05:00:00,-123.164500878107,37.5378740023586,0,"available_crw"
"254027_0_t1",162,"254027_0_t1_crw_162",17,"254027_0_t1_20240418T110000",2024-04-18 11:00:00,-123.160603152436,37.5255228621438,0,"available_crw"
"254027_0_t1",162,"254027_0_t1_crw_162",18,"254027_0_t1_20240418T170000",2024-04-18 17:00:00,-123.153293037709,37.4782938627649,0,"available_crw"
"254027_0_t1",162,"254027_0_t1_crw_162",19,"254027_0_t1_20240418T230000",2024-04-18 23:00:00,-123.157078294321,37.4849509028363,0,"available_crw"
"254027_0_t1",162,"254027_0_t1_crw_162",20,"254027_0_t1_20240419T050000",2024-04-19 05:00:00,-123.204586073057,37.574676481646,0,"available_crw"
"254027_0_t1",162,"254027_0_t1_crw_162",21,"254027_0_t1_20240419T110000",2024-04-19 11:00:00,-123.169193485573,37.5447139618725,0,"available_crw"
"254027_0_t1",163,"254027_0_t1_crw_163",1,"254027_0_t1_20240414T110000",2024-04-14 11:00:00,-122.8070879,37.5402499,0,"available_crw"
"254027_0_t1",163,"254027_0_t1_crw_163",2,"254027_0_t1_20240414T170000",2024-04-14 17:00:00,-122.815111328561,37.4296353066485,0,"available_crw"
"254027_0_t1",163,"254027_0_t1_crw_163",3,"254027_0_t1_20240414T230000",2024-04-14 23:00:00,-122.808845589999,37.4632103227595,0,"available_crw"
"254027_0_t1",163,"254027_0_t1_crw_163",4,"254027_0_t1_20240415T050000",2024-04-15 05:00:00,-122.843544039409,37.5705064346693,0,"available_crw"
"254027_0_t1",163,"254027_0_t1_crw_163",5,"254027_0_t1_20240415T110000",2024-04-15 11:00:00,-122.832825821064,37.5610516919349,0,"available_crw"
"254027_0_t1",163,"254027_0_t1_crw_163",6,"254027_0_t1_20240415T170000",2024-04-15 17:00:00,-122.87062304157,37.5851743197685,0,"available_crw"
"254027_0_t1",163,"254027_0_t1_crw_163",7,"254027_0_t1_20240415T230000",2024-04-15 23:00:00,-122.854920158974,37.582721025693,0,"available_crw"
"254027_0_t1",163,"254027_0_t1_crw_163",8,"254027_0_t1_20240416T050000",2024-04-16 05:00:00,-122.910249169976,37.5243375092399,0,"available_crw"
"254027_0_t1",163,"254027_0_t1_crw_163",9,"254027_0_t1_20240416T110000",2024-04-16 11:00:00,-122.952036549996,37.589470563158,0,"available_crw"
"254027_0_t1",163,"254027_0_t1_crw_163",10,"254027_0_t1_20240416T170000",2024-04-16 17:00:00,-122.860144273301,37.590876222066,0,"available_crw"
"254027_0_t1",163,"254027_0_t1_crw_163",11,"254027_0_t1_20240416T230000",2024-04-16 23:00:00,-122.54140188528,37.5835412410107,0,"available_crw"
"254027_0_t1",163,"254027_0_t1_crw_163",12,"254027_0_t1_20240417T050000",2024-04-17 05:00:00,-122.555801012971,37.5779863494705,0,"available_crw"
"254027_0_t1",163,"254027_0_t1_crw_163",13,"254027_0_t1_20240417T110000",2024-04-17 11:00:00,-122.647459921471,37.4946296103835,0,"available_crw"
"254027_0_t1",163,"254027_0_t1_crw_163",14,"254027_0_t1_20240417T170000",2024-04-17 17:00:00,-122.643753579331,37.5013149784819,0,"available_crw"
"254027_0_t1",163,"254027_0_t1_crw_163",15,"254027_0_t1_20240417T230000",2024-04-17 23:00:00,-122.644789466134,37.4940532205009,0,"available_crw"
"254027_0_t1",163,"254027_0_t1_crw_163",16,"254027_0_t1_20240418T050000",2024-04-18 05:00:00,-122.605546640222,37.3877644034969,0,"available_crw"
"254027_0_t1",163,"254027_0_t1_crw_163",17,"254027_0_t1_20240418T110000",2024-04-18 11:00:00,-122.626825138342,37.1225523762591,0,"available_crw"
"254027_0_t1",163,"254027_0_t1_crw_163",18,"254027_0_t1_20240418T170000",2024-04-18 17:00:00,-122.631478855461,37.16093533845,0,"available_crw"
"254027_0_t1",163,"254027_0_t1_crw_163",19,"254027_0_t1_20240418T230000",2024-04-18 23:00:00,-122.609028415144,37.1239383328673,0,"available_crw"
"254027_0_t1",163,"254027_0_t1_crw_163",20,"254027_0_t1_20240419T050000",2024-04-19 05:00:00,-122.484199734193,36.8907423449493,0,"available_crw"
"254027_0_t1",163,"254027_0_t1_crw_163",21,"254027_0_t1_20240419T110000",2024-04-19 11:00:00,-122.496490173646,36.8987901108511,0,"available_crw"
"254027_0_t1",164,"254027_0_t1_crw_164",1,"254027_0_t1_20240414T110000",2024-04-14 11:00:00,-122.8070879,37.5402499,0,"available_crw"
"254027_0_t1",164,"254027_0_t1_crw_164",2,"254027_0_t1_20240414T170000",2024-04-14 17:00:00,-122.825450645075,37.5464155006604,0,"available_crw"
"254027_0_t1",164,"254027_0_t1_crw_164",3,"254027_0_t1_20240414T230000",2024-04-14 23:00:00,-123.000558036658,37.5647456012587,0,"available_crw"
"254027_0_t1",164,"254027_0_t1_crw_164",4,"254027_0_t1_20240415T050000",2024-04-15 05:00:00,-122.985107116939,37.5333759314887,0,"available_crw"
"254027_0_t1",164,"254027_0_t1_crw_164",5,"254027_0_t1_20240415T110000",2024-04-15 11:00:00,-122.879690399059,37.4206264507252,0,"available_crw"
"254027_0_t1",164,"254027_0_t1_crw_164",6,"254027_0_t1_20240415T170000",2024-04-15 17:00:00,-122.901938885244,37.4495659336334,0,"available_crw"
"254027_0_t1",164,"254027_0_t1_crw_164",7,"254027_0_t1_20240415T230000",2024-04-15 23:00:00,-122.940571546421,37.4948809996501,0,"available_crw"
"254027_0_t1",164,"254027_0_t1_crw_164",8,"254027_0_t1_20240416T050000",2024-04-16 05:00:00,-122.907323381975,37.4668641056987,0,"available_crw"
"254027_0_t1",164,"254027_0_t1_crw_164",9,"254027_0_t1_20240416T110000",2024-04-16 11:00:00,-123.105047837769,37.2052228878538,0,"available_crw"
"254027_0_t1",164,"254027_0_t1_crw_164",10,"254027_0_t1_20240416T170000",2024-04-16 17:00:00,-123.197588594479,37.0976837666167,0,"available_crw"
"254027_0_t1",164,"254027_0_t1_crw_164",11,"254027_0_t1_20240416T230000",2024-04-16 23:00:00,-123.170516263622,37.1238039402416,0,"available_crw"
"254027_0_t1",164,"254027_0_t1_crw_164",12,"254027_0_t1_20240417T050000",2024-04-17 05:00:00,-123.173987707881,37.1170441781437,0,"available_crw"
"254027_0_t1",164,"254027_0_t1_crw_164",13,"254027_0_t1_20240417T110000",2024-04-17 11:00:00,-123.172671349705,37.0062419781009,0,"available_crw"
"254027_0_t1",164,"254027_0_t1_crw_164",14,"254027_0_t1_20240417T170000",2024-04-17 17:00:00,-123.168846679509,36.9515372521393,0,"available_crw"
"254027_0_t1",164,"254027_0_t1_crw_164",15,"254027_0_t1_20240417T230000",2024-04-17 23:00:00,-123.108166476025,36.8520182948387,0,"available_crw"
"254027_0_t1",164,"254027_0_t1_crw_164",16,"254027_0_t1_20240418T050000",2024-04-18 05:00:00,-123.120937837832,36.8595610245542,0,"available_crw"
"254027_0_t1",164,"254027_0_t1_crw_164",17,"254027_0_t1_20240418T110000",2024-04-18 11:00:00,-123.134317718475,36.8438410199701,0,"available_crw"
"254027_0_t1",164,"254027_0_t1_crw_164",18,"254027_0_t1_20240418T170000",2024-04-18 17:00:00,-123.179434915527,36.9073737609518,0,"available_crw"
"254027_0_t1",164,"254027_0_t1_crw_164",19,"254027_0_t1_20240418T230000",2024-04-18 23:00:00,-123.199620736547,36.8973776335042,0,"available_crw"
"254027_0_t1",164,"254027_0_t1_crw_164",20,"254027_0_t1_20240419T050000",2024-04-19 05:00:00,-123.186501518281,36.8815130751239,0,"available_crw"
"254027_0_t1",164,"254027_0_t1_crw_164",21,"254027_0_t1_20240419T110000",2024-04-19 11:00:00,-123.167202956757,36.8925775639671,0,"available_crw"
"254027_0_t1",165,"254027_0_t1_crw_165",1,"254027_0_t1_20240414T110000",2024-04-14 11:00:00,-122.8070879,37.5402499,0,"available_crw"
"254027_0_t1",165,"254027_0_t1_crw_165",2,"254027_0_t1_20240414T170000",2024-04-14 17:00:00,-122.785289704479,37.5324182512306,0,"available_crw"
"254027_0_t1",165,"254027_0_t1_crw_165",3,"254027_0_t1_20240414T230000",2024-04-14 23:00:00,-122.547295146173,37.3463798763039,0,"available_crw"
"254027_0_t1",165,"254027_0_t1_crw_165",4,"254027_0_t1_20240415T050000",2024-04-15 05:00:00,-122.732564791874,37.0791224222163,0,"available_crw"
"254027_0_t1",165,"254027_0_t1_crw_165",5,"254027_0_t1_20240415T110000",2024-04-15 11:00:00,-122.730730156329,37.0862821568929,0,"available_crw"
"254027_0_t1",165,"254027_0_t1_crw_165",6,"254027_0_t1_20240415T170000",2024-04-15 17:00:00,-122.688082685108,37.212322222292,0,"available_crw"
"254027_0_t1",165,"254027_0_t1_crw_165",7,"254027_0_t1_20240415T230000",2024-04-15 23:00:00,-122.548792551579,37.1822583191178,0,"available_crw"
"254027_0_t1",165,"254027_0_t1_crw_165",8,"254027_0_t1_20240416T050000",2024-04-16 05:00:00,-122.394278433387,37.1403332805105,0,"available_crw"
"254027_0_t1",165,"254027_0_t1_crw_165",9,"254027_0_t1_20240416T110000",2024-04-16 11:00:00,-122.409997390851,37.1383758847891,0,"available_crw"
"254027_0_t1",165,"254027_0_t1_crw_165",10,"254027_0_t1_20240416T170000",2024-04-16 17:00:00,-122.735824489091,37.1896540216135,0,"available_crw"
"254027_0_t1",165,"254027_0_t1_crw_165",11,"254027_0_t1_20240416T230000",2024-04-16 23:00:00,-122.739585667218,37.1708487793063,0,"available_crw"
"254027_0_t1",165,"254027_0_t1_crw_165",12,"254027_0_t1_20240417T050000",2024-04-17 05:00:00,-122.706584304154,37.0632409284752,0,"available_crw"
"254027_0_t1",165,"254027_0_t1_crw_165",13,"254027_0_t1_20240417T110000",2024-04-17 11:00:00,-122.645509075556,36.8142392766376,0,"available_crw"
"254027_0_t1",165,"254027_0_t1_crw_165",14,"254027_0_t1_20240417T170000",2024-04-17 17:00:00,-122.733477155756,36.8329144399822,0,"available_crw"
"254027_0_t1",165,"254027_0_t1_crw_165",15,"254027_0_t1_20240417T230000",2024-04-17 23:00:00,-122.729565340812,36.8484698719714,0,"available_crw"
"254027_0_t1",165,"254027_0_t1_crw_165",16,"254027_0_t1_20240418T050000",2024-04-18 05:00:00,-122.687527938745,36.9746181813868,0,"available_crw"
"254027_0_t1",165,"254027_0_t1_crw_165",17,"254027_0_t1_20240418T110000",2024-04-18 11:00:00,-122.672938514703,37.0281441751474,0,"available_crw"
"254027_0_t1",165,"254027_0_t1_crw_165",18,"254027_0_t1_20240418T170000",2024-04-18 17:00:00,-122.69630279175,37.0315808077989,0,"available_crw"
"254027_0_t1",165,"254027_0_t1_crw_165",19,"254027_0_t1_20240418T230000",2024-04-18 23:00:00,-122.645770419011,37.0387002385941,0,"available_crw"
"254027_0_t1",165,"254027_0_t1_crw_165",20,"254027_0_t1_20240419T050000",2024-04-19 05:00:00,-122.690047833285,37.0179249994802,0,"available_crw"
"254027_0_t1",165,"254027_0_t1_crw_165",21,"254027_0_t1_20240419T110000",2024-04-19 11:00:00,-122.835278688592,36.9589368551249,0,"available_crw"
"254027_0_t1",166,"254027_0_t1_crw_166",1,"254027_0_t1_20240414T110000",2024-04-14 11:00:00,-122.8070879,37.5402499,0,"available_crw"
"254027_0_t1",166,"254027_0_t1_crw_166",2,"254027_0_t1_20240414T170000",2024-04-14 17:00:00,-122.840401933194,37.4021715316802,0,"available_crw"
"254027_0_t1",166,"254027_0_t1_crw_166",3,"254027_0_t1_20240414T230000",2024-04-14 23:00:00,-122.82864694805,37.4347958592477,0,"available_crw"
"254027_0_t1",166,"254027_0_t1_crw_166",4,"254027_0_t1_20240415T050000",2024-04-15 05:00:00,-122.845272265111,37.5448002786673,0,"available_crw"
"254027_0_t1",166,"254027_0_t1_crw_166",5,"254027_0_t1_20240415T110000",2024-04-15 11:00:00,-122.856682313761,37.598827546321,0,"available_crw"
"254027_0_t1",166,"254027_0_t1_crw_166",6,"254027_0_t1_20240415T170000",2024-04-15 17:00:00,-122.880136530388,37.5950355514368,0,"available_crw"
"254027_0_t1",166,"254027_0_t1_crw_166",7,"254027_0_t1_20240415T230000",2024-04-15 23:00:00,-122.874580861864,37.5765125557883,0,"available_crw"
"254027_0_t1",166,"254027_0_t1_crw_166",8,"254027_0_t1_20240416T050000",2024-04-16 05:00:00,-122.789780465182,37.4531935514339,0,"available_crw"
"254027_0_t1",166,"254027_0_t1_crw_166",9,"254027_0_t1_20240416T110000",2024-04-16 11:00:00,-122.734092171556,37.3665378308343,0,"available_crw"
"254027_0_t1",166,"254027_0_t1_crw_166",10,"254027_0_t1_20240416T170000",2024-04-16 17:00:00,-122.700009852344,37.3189862405093,0,"available_crw"
"254027_0_t1",166,"254027_0_t1_crw_166",11,"254027_0_t1_20240416T230000",2024-04-16 23:00:00,-122.589793310404,37.2517437667534,0,"available_crw"
"254027_0_t1",166,"254027_0_t1_crw_166",12,"254027_0_t1_20240417T050000",2024-04-17 05:00:00,-122.575968414644,37.2672540682439,0,"available_crw"
"254027_0_t1",166,"254027_0_t1_crw_166",13,"254027_0_t1_20240417T110000",2024-04-17 11:00:00,-122.502564271795,37.3450002652804,0,"available_crw"
"254027_0_t1",166,"254027_0_t1_crw_166",14,"254027_0_t1_20240417T170000",2024-04-17 17:00:00,-122.460989757886,37.2798351630929,0,"available_crw"
"254027_0_t1",166,"254027_0_t1_crw_166",15,"254027_0_t1_20240417T230000",2024-04-17 23:00:00,-122.498868355651,37.3076893050573,0,"available_crw"
"254027_0_t1",166,"254027_0_t1_crw_166",16,"254027_0_t1_20240418T050000",2024-04-18 05:00:00,-122.451219655897,37.2921097716825,0,"available_crw"
"254027_0_t1",166,"254027_0_t1_crw_166",17,"254027_0_t1_20240418T110000",2024-04-18 11:00:00,-122.456056045293,37.3255835699165,0,"available_crw"
"254027_0_t1",166,"254027_0_t1_crw_166",18,"254027_0_t1_20240418T170000",2024-04-18 17:00:00,-122.52442993597,37.4220138082236,0,"available_crw"
"254027_0_t1",166,"254027_0_t1_crw_166",19,"254027_0_t1_20240418T230000",2024-04-18 23:00:00,-122.63463165741,37.4895286156569,0,"available_crw"
"254027_0_t1",166,"254027_0_t1_crw_166",20,"254027_0_t1_20240419T050000",2024-04-19 05:00:00,-122.626021958753,37.4870093655449,0,"available_crw"
"254027_0_t1",166,"254027_0_t1_crw_166",21,"254027_0_t1_20240419T110000",2024-04-19 11:00:00,-122.632412762993,37.5203178809569,0,"available_crw"
"254027_0_t1",167,"254027_0_t1_crw_167",1,"254027_0_t1_20240414T110000",2024-04-14 11:00:00,-122.8070879,37.5402499,0,"available_crw"
"254027_0_t1",167,"254027_0_t1_crw_167",2,"254027_0_t1_20240414T170000",2024-04-14 17:00:00,-122.937329132655,37.5909481484522,0,"available_crw"
"254027_0_t1",167,"254027_0_t1_crw_167",3,"254027_0_t1_20240414T230000",2024-04-14 23:00:00,-122.885896494781,37.5868888877623,0,"available_crw"
"254027_0_t1",167,"254027_0_t1_crw_167",4,"254027_0_t1_20240415T050000",2024-04-15 05:00:00,-122.817150022228,37.5839891836884,0,"available_crw"
"254027_0_t1",167,"254027_0_t1_crw_167",5,"254027_0_t1_20240415T110000",2024-04-15 11:00:00,-122.817050796532,37.5681212839569,0,"available_crw"
"254027_0_t1",167,"254027_0_t1_crw_167",6,"254027_0_t1_20240415T170000",2024-04-15 17:00:00,-122.824113211121,37.5208683637179,0,"available_crw"
"254027_0_t1",167,"254027_0_t1_crw_167",7,"254027_0_t1_20240415T230000",2024-04-15 23:00:00,-122.876065792454,37.2705118258067,0,"available_crw"
"254027_0_t1",167,"254027_0_t1_crw_167",8,"254027_0_t1_20240416T050000",2024-04-16 05:00:00,-122.884079817916,37.2160993868176,0,"available_crw"
"254027_0_t1",167,"254027_0_t1_crw_167",9,"254027_0_t1_20240416T110000",2024-04-16 11:00:00,-122.845512339269,37.1096799827238,0,"available_crw"
"254027_0_t1",167,"254027_0_t1_crw_167",10,"254027_0_t1_20240416T170000",2024-04-16 17:00:00,-122.866151212766,37.1445234808957,0,"available_crw"
"254027_0_t1",167,"254027_0_t1_crw_167",11,"254027_0_t1_20240416T230000",2024-04-16 23:00:00,-122.735929279423,37.1941233504189,0,"available_crw"
"254027_0_t1",167,"254027_0_t1_crw_167",12,"254027_0_t1_20240417T050000",2024-04-17 05:00:00,-122.443081284173,37.2920191514819,0,"available_crw"
"254027_0_t1",167,"254027_0_t1_crw_167",13,"254027_0_t1_20240417T110000",2024-04-17 11:00:00,-122.385684008577,37.3047451076675,0,"available_crw"
"254027_0_t1",167,"254027_0_t1_crw_167",14,"254027_0_t1_20240417T170000",2024-04-17 17:00:00,-122.392825445804,37.3229143380916,0,"available_crw"
"254027_0_t1",167,"254027_0_t1_crw_167",15,"254027_0_t1_20240417T230000",2024-04-17 23:00:00,-122.421973375868,37.2985553870724,0,"available_crw"
"254027_0_t1",167,"254027_0_t1_crw_167",16,"254027_0_t1_20240418T050000",2024-04-18 05:00:00,-122.759550459328,37.4427388955367,0,"available_crw"
"254027_0_t1",167,"254027_0_t1_crw_167",17,"254027_0_t1_20240418T110000",2024-04-18 11:00:00,-122.7589580712,37.409046108691,0,"available_crw"
"254027_0_t1",167,"254027_0_t1_crw_167",18,"254027_0_t1_20240418T170000",2024-04-18 17:00:00,-122.766556040911,37.4202471231614,0,"available_crw"
"254027_0_t1",167,"254027_0_t1_crw_167",19,"254027_0_t1_20240418T230000",2024-04-18 23:00:00,-122.7599907499,37.415148538624,0,"available_crw"
"254027_0_t1",167,"254027_0_t1_crw_167",20,"254027_0_t1_20240419T050000",2024-04-19 05:00:00,-122.799589034994,37.4372779563812,0,"available_crw"
"254027_0_t1",167,"254027_0_t1_crw_167",21,"254027_0_t1_20240419T110000",2024-04-19 11:00:00,-122.756060789767,37.4204845983704,0,"available_crw"
"254027_0_t1",168,"254027_0_t1_crw_168",1,"254027_0_t1_20240414T110000",2024-04-14 11:00:00,-122.8070879,37.5402499,0,"available_crw"
"254027_0_t1",168,"254027_0_t1_crw_168",2,"254027_0_t1_20240414T170000",2024-04-14 17:00:00,-122.801830568515,37.5811653778133,0,"available_crw"
"254027_0_t1",168,"254027_0_t1_crw_168",3,"254027_0_t1_20240414T230000",2024-04-14 23:00:00,-122.657568253056,37.569553051017,0,"available_crw"
"254027_0_t1",168,"254027_0_t1_crw_168",4,"254027_0_t1_20240415T050000",2024-04-15 05:00:00,-122.672423401587,37.5648244740635,0,"available_crw"
"254027_0_t1",168,"254027_0_t1_crw_168",5,"254027_0_t1_20240415T110000",2024-04-15 11:00:00,-122.662796884494,37.5473914266565,0,"available_crw"
"254027_0_t1",168,"254027_0_t1_crw_168",6,"254027_0_t1_20240415T170000",2024-04-15 17:00:00,-122.548445095791,37.3105837779423,0,"available_crw"
"254027_0_t1",168,"254027_0_t1_crw_168",7,"254027_0_t1_20240415T230000",2024-04-15 23:00:00,-122.45231314439,37.2307432829785,0,"available_crw"
"254027_0_t1",168,"254027_0_t1_crw_168",8,"254027_0_t1_20240416T050000",2024-04-16 05:00:00,-122.498650617955,37.2486092400535,0,"available_crw"
"254027_0_t1",168,"254027_0_t1_crw_168",9,"254027_0_t1_20240416T110000",2024-04-16 11:00:00,-122.462218703024,37.2311780577145,0,"available_crw"
"254027_0_t1",168,"254027_0_t1_crw_168",10,"254027_0_t1_20240416T170000",2024-04-16 17:00:00,-122.401878435849,37.2052375497978,0,"available_crw"
"254027_0_t1",168,"254027_0_t1_crw_168",11,"254027_0_t1_20240416T230000",2024-04-16 23:00:00,-122.410850095544,37.2066230573279,0,"available_crw"
"254027_0_t1",168,"254027_0_t1_crw_168",12,"254027_0_t1_20240417T050000",2024-04-17 05:00:00,-122.586103216104,37.1957305982558,0,"available_crw"
"254027_0_t1",168,"254027_0_t1_crw_168",13,"254027_0_t1_20240417T110000",2024-04-17 11:00:00,-122.707661038111,37.1906273465546,0,"available_crw"
"254027_0_t1",168,"254027_0_t1_crw_168",14,"254027_0_t1_20240417T170000",2024-04-17 17:00:00,-122.874381343355,37.1462284590643,0,"available_crw"
"254027_0_t1",168,"254027_0_t1_crw_168",15,"254027_0_t1_20240417T230000",2024-04-17 23:00:00,-123.179106649513,37.0766361937921,0,"available_crw"
"254027_0_t1",168,"254027_0_t1_crw_168",16,"254027_0_t1_20240418T050000",2024-04-18 05:00:00,-123.137493693989,37.0830202881316,0,"available_crw"
"254027_0_t1",168,"254027_0_t1_crw_168",17,"254027_0_t1_20240418T110000",2024-04-18 11:00:00,-122.979807142246,37.1448709396536,0,"available_crw"
"254027_0_t1",168,"254027_0_t1_crw_168",18,"254027_0_t1_20240418T170000",2024-04-18 17:00:00,-122.847806953542,37.2377171971432,0,"available_crw"
"254027_0_t1",168,"254027_0_t1_crw_168",19,"254027_0_t1_20240418T230000",2024-04-18 23:00:00,-122.853542499999,37.2258357000792,0,"available_crw"
"254027_0_t1",168,"254027_0_t1_crw_168",20,"254027_0_t1_20240419T050000",2024-04-19 05:00:00,-122.881629217791,37.1838833263408,0,"available_crw"
"254027_0_t1",168,"254027_0_t1_crw_168",21,"254027_0_t1_20240419T110000",2024-04-19 11:00:00,-122.899632419348,37.1905436082194,0,"available_crw"
"254027_0_t1",169,"254027_0_t1_crw_169",1,"254027_0_t1_20240414T110000",2024-04-14 11:00:00,-122.8070879,37.5402499,0,"available_crw"
"254027_0_t1",169,"254027_0_t1_crw_169",2,"254027_0_t1_20240414T170000",2024-04-14 17:00:00,-123.184363011212,37.5967475928563,0,"available_crw"
"254027_0_t1",169,"254027_0_t1_crw_169",3,"254027_0_t1_20240414T230000",2024-04-14 23:00:00,-123.18794369558,37.5779186968891,0,"available_crw"
"254027_0_t1",169,"254027_0_t1_crw_169",4,"254027_0_t1_20240415T050000",2024-04-15 05:00:00,-123.148217264386,37.5895749076639,0,"available_crw"
"254027_0_t1",169,"254027_0_t1_crw_169",5,"254027_0_t1_20240415T110000",2024-04-15 11:00:00,-123.15735747092,37.5168009165103,0,"available_crw"
"254027_0_t1",169,"254027_0_t1_crw_169",6,"254027_0_t1_20240415T170000",2024-04-15 17:00:00,-123.161003447192,37.4620919958181,0,"available_crw"
"254027_0_t1",169,"254027_0_t1_crw_169",7,"254027_0_t1_20240415T230000",2024-04-15 23:00:00,-123.123566905341,37.3246909566476,0,"available_crw"
"254027_0_t1",169,"254027_0_t1_crw_169",8,"254027_0_t1_20240416T050000",2024-04-16 05:00:00,-123.098839640147,37.1956154187606,0,"available_crw"
"254027_0_t1",169,"254027_0_t1_crw_169",9,"254027_0_t1_20240416T110000",2024-04-16 11:00:00,-123.06543134347,36.9432523847942,0,"available_crw"
"254027_0_t1",169,"254027_0_t1_crw_169",10,"254027_0_t1_20240416T170000",2024-04-16 17:00:00,-122.998704240358,36.8462644960223,0,"available_crw"
"254027_0_t1",169,"254027_0_t1_crw_169",11,"254027_0_t1_20240416T230000",2024-04-16 23:00:00,-122.8768391345,36.7454197490677,0,"available_crw"
"254027_0_t1",169,"254027_0_t1_crw_169",12,"254027_0_t1_20240417T050000",2024-04-17 05:00:00,-122.884821159757,36.7489078932472,0,"available_crw"
"254027_0_t1",169,"254027_0_t1_crw_169",13,"254027_0_t1_20240417T110000",2024-04-17 11:00:00,-123.055033055452,36.780864454726,0,"available_crw"
"254027_0_t1",169,"254027_0_t1_crw_169",14,"254027_0_t1_20240417T170000",2024-04-17 17:00:00,-123.059610967366,36.7621779586962,0,"available_crw"
"254027_0_t1",169,"254027_0_t1_crw_169",15,"254027_0_t1_20240417T230000",2024-04-17 23:00:00,-123.079153335934,36.7643323871476,0,"available_crw"
"254027_0_t1",169,"254027_0_t1_crw_169",16,"254027_0_t1_20240418T050000",2024-04-18 05:00:00,-123.077620458668,36.7801546990872,0,"available_crw"
"254027_0_t1",169,"254027_0_t1_crw_169",17,"254027_0_t1_20240418T110000",2024-04-18 11:00:00,-123.075490933662,36.8349203611456,0,"available_crw"
"254027_0_t1",169,"254027_0_t1_crw_169",18,"254027_0_t1_20240418T170000",2024-04-18 17:00:00,-123.11281715223,36.8195818926122,0,"available_crw"
"254027_0_t1",169,"254027_0_t1_crw_169",19,"254027_0_t1_20240418T230000",2024-04-18 23:00:00,-123.07364106016,36.8322544422073,0,"available_crw"
"254027_0_t1",169,"254027_0_t1_crw_169",20,"254027_0_t1_20240419T050000",2024-04-19 05:00:00,-122.975736944881,36.9103041367942,0,"available_crw"
"254027_0_t1",169,"254027_0_t1_crw_169",21,"254027_0_t1_20240419T110000",2024-04-19 11:00:00,-122.646185918858,36.7579118541976,0,"available_crw"
"254027_0_t1",170,"254027_0_t1_crw_170",1,"254027_0_t1_20240414T110000",2024-04-14 11:00:00,-122.8070879,37.5402499,0,"available_crw"
"254027_0_t1",170,"254027_0_t1_crw_170",2,"254027_0_t1_20240414T170000",2024-04-14 17:00:00,-122.840401933194,37.4021715316802,0,"available_crw"
"254027_0_t1",170,"254027_0_t1_crw_170",3,"254027_0_t1_20240414T230000",2024-04-14 23:00:00,-122.881078429876,37.275696954979,0,"available_crw"
"254027_0_t1",170,"254027_0_t1_crw_170",4,"254027_0_t1_20240415T050000",2024-04-15 05:00:00,-122.881550534066,37.2829960713381,0,"available_crw"
"254027_0_t1",170,"254027_0_t1_crw_170",5,"254027_0_t1_20240415T110000",2024-04-15 11:00:00,-122.861175072722,37.2452261752445,0,"available_crw"
"254027_0_t1",170,"254027_0_t1_crw_170",6,"254027_0_t1_20240415T170000",2024-04-15 17:00:00,-122.887120184382,37.2777387626674,0,"available_crw"
"254027_0_t1",170,"254027_0_t1_crw_170",7,"254027_0_t1_20240415T230000",2024-04-15 23:00:00,-122.846075464632,37.2529267610109,0,"available_crw"
"254027_0_t1",170,"254027_0_t1_crw_170",8,"254027_0_t1_20240416T050000",2024-04-16 05:00:00,-122.832345825689,37.2684914814412,0,"available_crw"
"254027_0_t1",170,"254027_0_t1_crw_170",9,"254027_0_t1_20240416T110000",2024-04-16 11:00:00,-122.788195806868,37.2044330620494,0,"available_crw"
"254027_0_t1",170,"254027_0_t1_crw_170",10,"254027_0_t1_20240416T170000",2024-04-16 17:00:00,-122.801467288517,37.2114701470579,0,"available_crw"
"254027_0_t1",170,"254027_0_t1_crw_170",11,"254027_0_t1_20240416T230000",2024-04-16 23:00:00,-122.792691603425,37.2094320209491,0,"available_crw"
"254027_0_t1",170,"254027_0_t1_crw_170",12,"254027_0_t1_20240417T050000",2024-04-17 05:00:00,-122.676763679633,37.1797306197435,0,"available_crw"
"254027_0_t1",170,"254027_0_t1_crw_170",13,"254027_0_t1_20240417T110000",2024-04-17 11:00:00,-122.715837187256,37.192959914119,0,"available_crw"
"254027_0_t1",170,"254027_0_t1_crw_170",14,"254027_0_t1_20240417T170000",2024-04-17 17:00:00,-122.780101580239,37.2119132305015,0,"available_crw"
"254027_0_t1",170,"254027_0_t1_crw_170",15,"254027_0_t1_20240417T230000",2024-04-17 23:00:00,-122.728675243785,37.2120110521665,0,"available_crw"
"254027_0_t1",170,"254027_0_t1_crw_170",16,"254027_0_t1_20240418T050000",2024-04-18 05:00:00,-122.728092004222,37.0965986515771,0,"available_crw"
"254027_0_t1",170,"254027_0_t1_crw_170",17,"254027_0_t1_20240418T110000",2024-04-18 11:00:00,-122.724453072155,37.1304197416975,0,"available_crw"
"254027_0_t1",170,"254027_0_t1_crw_170",18,"254027_0_t1_20240418T170000",2024-04-18 17:00:00,-122.704641073048,37.1299788993548,0,"available_crw"
"254027_0_t1",170,"254027_0_t1_crw_170",19,"254027_0_t1_20240418T230000",2024-04-18 23:00:00,-122.752377393604,37.1248641939506,0,"available_crw"
"254027_0_t1",170,"254027_0_t1_crw_170",20,"254027_0_t1_20240419T050000",2024-04-19 05:00:00,-122.710022470049,37.1263258164597,0,"available_crw"
"254027_0_t1",170,"254027_0_t1_crw_170",21,"254027_0_t1_20240419T110000",2024-04-19 11:00:00,-122.757184904111,37.1185225688735,0,"available_crw"
"254027_0_t1",171,"254027_0_t1_crw_171",1,"254027_0_t1_20240414T110000",2024-04-14 11:00:00,-122.8070879,37.5402499,0,"available_crw"
"254027_0_t1",171,"254027_0_t1_crw_171",2,"254027_0_t1_20240414T170000",2024-04-14 17:00:00,-122.888333329171,37.4268567944635,0,"available_crw"
"254027_0_t1",171,"254027_0_t1_crw_171",3,"254027_0_t1_20240414T230000",2024-04-14 23:00:00,-122.951569061697,37.343570739936,0,"available_crw"
"254027_0_t1",171,"254027_0_t1_crw_171",4,"254027_0_t1_20240415T050000",2024-04-15 05:00:00,-122.999659783256,37.2083110473331,0,"available_crw"
"254027_0_t1",171,"254027_0_t1_crw_171",5,"254027_0_t1_20240415T110000",2024-04-15 11:00:00,-123.067888076653,37.2570288749091,0,"available_crw"
"254027_0_t1",171,"254027_0_t1_crw_171",6,"254027_0_t1_20240415T170000",2024-04-15 17:00:00,-123.038880329611,37.2322392548631,0,"available_crw"
"254027_0_t1",171,"254027_0_t1_crw_171",7,"254027_0_t1_20240415T230000",2024-04-15 23:00:00,-122.958172594124,37.1593371698731,0,"available_crw"
"254027_0_t1",171,"254027_0_t1_crw_171",8,"254027_0_t1_20240416T050000",2024-04-16 05:00:00,-123.003507599157,37.1787171476294,0,"available_crw"
"254027_0_t1",171,"254027_0_t1_crw_171",9,"254027_0_t1_20240416T110000",2024-04-16 11:00:00,-122.968038295691,37.160098353231,0,"available_crw"
"254027_0_t1",171,"254027_0_t1_crw_171",10,"254027_0_t1_20240416T170000",2024-04-16 17:00:00,-122.868201753276,37.1044756047133,0,"available_crw"
"254027_0_t1",171,"254027_0_t1_crw_171",11,"254027_0_t1_20240416T230000",2024-04-16 23:00:00,-122.770402187374,37.04665837488,0,"available_crw"
"254027_0_t1",171,"254027_0_t1_crw_171",12,"254027_0_t1_20240417T050000",2024-04-17 05:00:00,-122.525157724729,36.8864141328122,0,"available_crw"
"254027_0_t1",171,"254027_0_t1_crw_171",13,"254027_0_t1_20240417T110000",2024-04-17 11:00:00,-122.607763016847,36.8556680369843,0,"available_crw"
"254027_0_t1",171,"254027_0_t1_crw_171",14,"254027_0_t1_20240417T170000",2024-04-17 17:00:00,-122.741268278779,36.7648334893949,0,"available_crw"
"254027_0_t1",171,"254027_0_t1_crw_171",15,"254027_0_t1_20240417T230000",2024-04-17 23:00:00,-122.763801905196,36.8356992020121,0,"available_crw"
"254027_0_t1",171,"254027_0_t1_crw_171",16,"254027_0_t1_20240418T050000",2024-04-18 05:00:00,-122.847341562715,36.9238755034915,0,"available_crw"
"254027_0_t1",171,"254027_0_t1_crw_171",17,"254027_0_t1_20240418T110000",2024-04-18 11:00:00,-122.804062873015,36.9018703758769,0,"available_crw"
"254027_0_t1",171,"254027_0_t1_crw_171",18,"254027_0_t1_20240418T170000",2024-04-18 17:00:00,-122.545659727179,36.7560706190266,0,"available_crw"
"254027_0_t1",171,"254027_0_t1_crw_171",19,"254027_0_t1_20240418T230000",2024-04-18 23:00:00,-122.595097196257,36.7665470682,0,"available_crw"
"254027_0_t1",171,"254027_0_t1_crw_171",20,"254027_0_t1_20240419T050000",2024-04-19 05:00:00,-122.769871773935,36.7650092702294,0,"available_crw"
"254027_0_t1",171,"254027_0_t1_crw_171",21,"254027_0_t1_20240419T110000",2024-04-19 11:00:00,-122.76123247587,36.7672709892727,0,"available_crw"
"254027_0_t1",172,"254027_0_t1_crw_172",1,"254027_0_t1_20240414T110000",2024-04-14 11:00:00,-122.8070879,37.5402499,0,"available_crw"
"254027_0_t1",172,"254027_0_t1_crw_172",2,"254027_0_t1_20240414T170000",2024-04-14 17:00:00,-122.840401933194,37.4021715316802,0,"available_crw"
"254027_0_t1",172,"254027_0_t1_crw_172",3,"254027_0_t1_20240414T230000",2024-04-14 23:00:00,-122.86658706129,37.3070620243525,0,"available_crw"
"254027_0_t1",172,"254027_0_t1_crw_172",4,"254027_0_t1_20240415T050000",2024-04-15 05:00:00,-122.873742929241,37.3477938005984,0,"available_crw"
"254027_0_t1",172,"254027_0_t1_crw_172",5,"254027_0_t1_20240415T110000",2024-04-15 11:00:00,-122.864458223452,37.3374379294136,0,"available_crw"
"254027_0_t1",172,"254027_0_t1_crw_172",6,"254027_0_t1_20240415T170000",2024-04-15 17:00:00,-122.878696679374,37.3431785462481,0,"available_crw"
"254027_0_t1",172,"254027_0_t1_crw_172",7,"254027_0_t1_20240415T230000",2024-04-15 23:00:00,-122.986136216189,37.3893206288956,0,"available_crw"
"254027_0_t1",172,"254027_0_t1_crw_172",8,"254027_0_t1_20240416T050000",2024-04-16 05:00:00,-122.940460397774,37.3767278226629,0,"available_crw"
"254027_0_t1",172,"254027_0_t1_crw_172",9,"254027_0_t1_20240416T110000",2024-04-16 11:00:00,-122.979256097644,37.390652188817,0,"available_crw"
"254027_0_t1",172,"254027_0_t1_crw_172",10,"254027_0_t1_20240416T170000",2024-04-16 17:00:00,-123.153415643683,37.4122559666838,0,"available_crw"
"254027_0_t1",172,"254027_0_t1_crw_172",11,"254027_0_t1_20240416T230000",2024-04-16 23:00:00,-123.105072931545,37.4125286453053,0,"available_crw"
"254027_0_t1",172,"254027_0_t1_crw_172",12,"254027_0_t1_20240417T050000",2024-04-17 05:00:00,-123.113799726069,37.4103015403136,0,"available_crw"
"254027_0_t1",172,"254027_0_t1_crw_172",13,"254027_0_t1_20240417T110000",2024-04-17 11:00:00,-123.102579037967,37.4193619025707,0,"available_crw"
"254027_0_t1",172,"254027_0_t1_crw_172",14,"254027_0_t1_20240417T170000",2024-04-17 17:00:00,-122.768837152475,37.2697527714219,0,"available_crw"
"254027_0_t1",172,"254027_0_t1_crw_172",15,"254027_0_t1_20240417T230000",2024-04-17 23:00:00,-122.819667665058,37.2762066003465,0,"available_crw"
"254027_0_t1",172,"254027_0_t1_crw_172",16,"254027_0_t1_20240418T050000",2024-04-18 05:00:00,-123.110803720255,37.405019564691,0,"available_crw"
"254027_0_t1",172,"254027_0_t1_crw_172",17,"254027_0_t1_20240418T110000",2024-04-18 11:00:00,-123.094843352391,37.4047308644143,0,"available_crw"
"254027_0_t1",172,"254027_0_t1_crw_172",18,"254027_0_t1_20240418T170000",2024-04-18 17:00:00,-123.136776432921,37.3396974605788,0,"available_crw"
"254027_0_t1",172,"254027_0_t1_crw_172",19,"254027_0_t1_20240418T230000",2024-04-18 23:00:00,-123.130632222056,37.3805344562374,0,"available_crw"
"254027_0_t1",172,"254027_0_t1_crw_172",20,"254027_0_t1_20240419T050000",2024-04-19 05:00:00,-123.128647698421,37.3420046393495,0,"available_crw"
"254027_0_t1",172,"254027_0_t1_crw_172",21,"254027_0_t1_20240419T110000",2024-04-19 11:00:00,-123.126568507984,37.3759092407851,0,"available_crw"
"254027_0_t1",173,"254027_0_t1_crw_173",1,"254027_0_t1_20240414T110000",2024-04-14 11:00:00,-122.8070879,37.5402499,0,"available_crw"
"254027_0_t1",173,"254027_0_t1_crw_173",2,"254027_0_t1_20240414T170000",2024-04-14 17:00:00,-122.863940268765,37.4540497673155,0,"available_crw"
"254027_0_t1",173,"254027_0_t1_crw_173",3,"254027_0_t1_20240414T230000",2024-04-14 23:00:00,-122.875563908043,37.343637473957,0,"available_crw"
"254027_0_t1",173,"254027_0_t1_crw_173",4,"254027_0_t1_20240415T050000",2024-04-15 05:00:00,-122.877553384663,37.3507715768224,0,"available_crw"
"254027_0_t1",173,"254027_0_t1_crw_173",5,"254027_0_t1_20240415T110000",2024-04-15 11:00:00,-122.960017389514,37.4750471664739,0,"available_crw"
"254027_0_t1",173,"254027_0_t1_crw_173",6,"254027_0_t1_20240415T170000",2024-04-15 17:00:00,-122.930828820579,37.4442961861731,0,"available_crw"
"254027_0_t1",173,"254027_0_t1_crw_173",7,"254027_0_t1_20240415T230000",2024-04-15 23:00:00,-122.974336416919,37.466402068559,0,"available_crw"
"254027_0_t1",173,"254027_0_t1_crw_173",8,"254027_0_t1_20240416T050000",2024-04-16 05:00:00,-123.106939333231,37.5431474277161,0,"available_crw"
"254027_0_t1",173,"254027_0_t1_crw_173",9,"254027_0_t1_20240416T110000",2024-04-16 11:00:00,-123.025879955591,37.577571884318,0,"available_crw"
"254027_0_t1",173,"254027_0_t1_crw_173",10,"254027_0_t1_20240416T170000",2024-04-16 17:00:00,-123.02249247675,37.5044844209604,0,"available_crw"
"254027_0_t1",173,"254027_0_t1_crw_173",11,"254027_0_t1_20240416T230000",2024-04-16 23:00:00,-123.02656795667,37.3739487317989,0,"available_crw"
"254027_0_t1",173,"254027_0_t1_crw_173",12,"254027_0_t1_20240417T050000",2024-04-17 05:00:00,-123.048991076955,37.1208111252126,0,"available_crw"
"254027_0_t1",173,"254027_0_t1_crw_173",13,"254027_0_t1_20240417T110000",2024-04-17 11:00:00,-123.192794059276,37.1286399249347,0,"available_crw"
"254027_0_t1",173,"254027_0_t1_crw_173",14,"254027_0_t1_20240417T170000",2024-04-17 17:00:00,-123.183917831087,37.130346115787,0,"available_crw"
"254027_0_t1",173,"254027_0_t1_crw_173",15,"254027_0_t1_20240417T230000",2024-04-17 23:00:00,-123.023236754263,37.1528160023817,0,"available_crw"
"254027_0_t1",173,"254027_0_t1_crw_173",16,"254027_0_t1_20240418T050000",2024-04-18 05:00:00,-122.956406778772,37.1646806086838,0,"available_crw"
"254027_0_t1",173,"254027_0_t1_crw_173",17,"254027_0_t1_20240418T110000",2024-04-18 11:00:00,-122.968578859181,37.1564769330288,0,"available_crw"
"254027_0_t1",173,"254027_0_t1_crw_173",18,"254027_0_t1_20240418T170000",2024-04-18 17:00:00,-123.068139288416,37.0406613562607,0,"available_crw"
"254027_0_t1",173,"254027_0_t1_crw_173",19,"254027_0_t1_20240418T230000",2024-04-18 23:00:00,-123.085077748037,37.0488764826013,0,"available_crw"
"254027_0_t1",173,"254027_0_t1_crw_173",20,"254027_0_t1_20240419T050000",2024-04-19 05:00:00,-123.05096568797,37.0287619604054,0,"available_crw"
"254027_0_t1",173,"254027_0_t1_crw_173",21,"254027_0_t1_20240419T110000",2024-04-19 11:00:00,-122.994121478001,36.9983640113753,0,"available_crw"
"254027_0_t1",174,"254027_0_t1_crw_174",1,"254027_0_t1_20240414T110000",2024-04-14 11:00:00,-122.8070879,37.5402499,0,"available_crw"
"254027_0_t1",174,"254027_0_t1_crw_174",2,"254027_0_t1_20240414T170000",2024-04-14 17:00:00,-123.184363011212,37.5967475928563,0,"available_crw"
"254027_0_t1",174,"254027_0_t1_crw_174",3,"254027_0_t1_20240414T230000",2024-04-14 23:00:00,-123.171061074894,37.5647584887374,0,"available_crw"
"254027_0_t1",174,"254027_0_t1_crw_174",4,"254027_0_t1_20240415T050000",2024-04-15 05:00:00,-123.079468582138,37.4813645386514,0,"available_crw"
"254027_0_t1",174,"254027_0_t1_crw_174",5,"254027_0_t1_20240415T110000",2024-04-15 11:00:00,-123.046028517572,37.4419438797922,0,"available_crw"
"254027_0_t1",174,"254027_0_t1_crw_174",6,"254027_0_t1_20240415T170000",2024-04-15 17:00:00,-123.136824753462,37.4315824493447,0,"available_crw"
"254027_0_t1",174,"254027_0_t1_crw_174",7,"254027_0_t1_20240415T230000",2024-04-15 23:00:00,-123.094316285319,37.4333611070914,0,"available_crw"
"254027_0_t1",174,"254027_0_t1_crw_174",8,"254027_0_t1_20240416T050000",2024-04-16 05:00:00,-122.776084140881,37.3548863427049,0,"available_crw"
"254027_0_t1",174,"254027_0_t1_crw_174",9,"254027_0_t1_20240416T110000",2024-04-16 11:00:00,-122.791778444855,37.3525996176102,0,"available_crw"
"254027_0_t1",174,"254027_0_t1_crw_174",10,"254027_0_t1_20240416T170000",2024-04-16 17:00:00,-123.106639838289,37.3181083965067,0,"available_crw"
"254027_0_t1",174,"254027_0_t1_crw_174",11,"254027_0_t1_20240416T230000",2024-04-16 23:00:00,-123.110515947735,37.3336723706927,0,"available_crw"
"254027_0_t1",174,"254027_0_t1_crw_174",12,"254027_0_t1_20240417T050000",2024-04-17 05:00:00,-123.133735846308,37.3293269074836,0,"available_crw"
"254027_0_t1",174,"254027_0_t1_crw_174",13,"254027_0_t1_20240417T110000",2024-04-17 11:00:00,-123.192984927447,37.324236242145,0,"available_crw"
"254027_0_t1",174,"254027_0_t1_crw_174",14,"254027_0_t1_20240417T170000",2024-04-17 17:00:00,-123.146416954679,37.3344441519006,0,"available_crw"
"254027_0_t1",174,"254027_0_t1_crw_174",15,"254027_0_t1_20240417T230000",2024-04-17 23:00:00,-122.951275097267,37.0717265317409,0,"available_crw"
"254027_0_t1",174,"254027_0_t1_crw_174",16,"254027_0_t1_20240418T050000",2024-04-18 05:00:00,-122.802901489776,36.847609222474,0,"available_crw"
"254027_0_t1",174,"254027_0_t1_crw_174",17,"254027_0_t1_20240418T110000",2024-04-18 11:00:00,-122.683170155765,36.7451251906224,0,"available_crw"
"254027_0_t1",174,"254027_0_t1_crw_174",18,"254027_0_t1_20240418T170000",2024-04-18 17:00:00,-122.696737553554,36.7336087100865,0,"available_crw"
"254027_0_t1",174,"254027_0_t1_crw_174",19,"254027_0_t1_20240418T230000",2024-04-18 23:00:00,-122.991903234092,36.6148176484006,0,"available_crw"
"254027_0_t1",174,"254027_0_t1_crw_174",20,"254027_0_t1_20240419T050000",2024-04-19 05:00:00,-123.246701223272,36.8413893067439,0,"available_crw"
"254027_0_t1",174,"254027_0_t1_crw_174",21,"254027_0_t1_20240419T110000",2024-04-19 11:00:00,-123.201276283894,36.8224509646198,0,"available_crw"
"254027_0_t1",175,"254027_0_t1_crw_175",1,"254027_0_t1_20240414T110000",2024-04-14 11:00:00,-122.8070879,37.5402499,0,"available_crw"
"254027_0_t1",175,"254027_0_t1_crw_175",2,"254027_0_t1_20240414T170000",2024-04-14 17:00:00,-122.937329132655,37.5909481484522,0,"available_crw"
"254027_0_t1",175,"254027_0_t1_crw_175",3,"254027_0_t1_20240414T230000",2024-04-14 23:00:00,-122.885896494781,37.5868888877623,0,"available_crw"
"254027_0_t1",175,"254027_0_t1_crw_175",4,"254027_0_t1_20240415T050000",2024-04-15 05:00:00,-122.58557812814,37.4710602698457,0,"available_crw"
"254027_0_t1",175,"254027_0_t1_crw_175",5,"254027_0_t1_20240415T110000",2024-04-15 11:00:00,-122.477234516791,37.426107939404,0,"available_crw"
"254027_0_t1",175,"254027_0_t1_crw_175",6,"254027_0_t1_20240415T170000",2024-04-15 17:00:00,-122.493203080671,37.4260879729865,0,"available_crw"
"254027_0_t1",175,"254027_0_t1_crw_175",7,"254027_0_t1_20240415T230000",2024-04-15 23:00:00,-122.444877564508,37.4404588771717,0,"available_crw"
"254027_0_t1",175,"254027_0_t1_crw_175",8,"254027_0_t1_20240416T050000",2024-04-16 05:00:00,-122.455553523795,37.4309873729727,0,"available_crw"
"254027_0_t1",175,"254027_0_t1_crw_175",9,"254027_0_t1_20240416T110000",2024-04-16 11:00:00,-122.500583748111,37.399772045358,0,"available_crw"
"254027_0_t1",175,"254027_0_t1_crw_175",10,"254027_0_t1_20240416T170000",2024-04-16 17:00:00,-122.59816326385,37.2827210551549,0,"available_crw"
"254027_0_t1",175,"254027_0_t1_crw_175",11,"254027_0_t1_20240416T230000",2024-04-16 23:00:00,-122.578207467525,37.3178336910091,0,"available_crw"
"254027_0_t1",175,"254027_0_t1_crw_175",12,"254027_0_t1_20240417T050000",2024-04-17 05:00:00,-122.547059228745,37.3584046886775,0,"available_crw"
"254027_0_t1",175,"254027_0_t1_crw_175",13,"254027_0_t1_20240417T110000",2024-04-17 11:00:00,-122.567808526482,37.3678050782991,0,"available_crw"
"254027_0_t1",175,"254027_0_t1_crw_175",14,"254027_0_t1_20240417T170000",2024-04-17 17:00:00,-122.62904081609,37.3925815549835,0,"available_crw"
"254027_0_t1",175,"254027_0_t1_crw_175",15,"254027_0_t1_20240417T230000",2024-04-17 23:00:00,-122.555975003301,37.4367693744476,0,"available_crw"
"254027_0_t1",175,"254027_0_t1_crw_175",16,"254027_0_t1_20240418T050000",2024-04-18 05:00:00,-122.59206995818,37.418780352991,0,"available_crw"
"254027_0_t1",175,"254027_0_t1_crw_175",17,"254027_0_t1_20240418T110000",2024-04-18 11:00:00,-122.671825814314,37.3280875166612,0,"available_crw"
"254027_0_t1",175,"254027_0_t1_crw_175",18,"254027_0_t1_20240418T170000",2024-04-18 17:00:00,-122.669044477508,37.3350506173559,0,"available_crw"
"254027_0_t1",175,"254027_0_t1_crw_175",19,"254027_0_t1_20240418T230000",2024-04-18 23:00:00,-122.661726806564,37.4755380256869,0,"available_crw"
"254027_0_t1",175,"254027_0_t1_crw_175",20,"254027_0_t1_20240419T050000",2024-04-19 05:00:00,-122.662068567164,37.5303227597902,0,"available_crw"
"254027_0_t1",175,"254027_0_t1_crw_175",21,"254027_0_t1_20240419T110000",2024-04-19 11:00:00,-122.685962420506,37.5295833470691,0,"available_crw"
"254027_0_t1",176,"254027_0_t1_crw_176",1,"254027_0_t1_20240414T110000",2024-04-14 11:00:00,-122.8070879,37.5402499,0,"available_crw"
"254027_0_t1",176,"254027_0_t1_crw_176",2,"254027_0_t1_20240414T170000",2024-04-14 17:00:00,-122.825450645075,37.5464155006604,0,"available_crw"
"254027_0_t1",176,"254027_0_t1_crw_176",3,"254027_0_t1_20240414T230000",2024-04-14 23:00:00,-122.821031765156,37.5129041853761,0,"available_crw"
"254027_0_t1",176,"254027_0_t1_crw_176",4,"254027_0_t1_20240415T050000",2024-04-15 05:00:00,-122.757000172984,37.3818907421902,0,"available_crw"
"254027_0_t1",176,"254027_0_t1_crw_176",5,"254027_0_t1_20240415T110000",2024-04-15 11:00:00,-122.775077979409,37.3752810457971,0,"available_crw"
"254027_0_t1",176,"254027_0_t1_crw_176",6,"254027_0_t1_20240415T170000",2024-04-15 17:00:00,-122.741156301115,37.355221461941,0,"available_crw"
"254027_0_t1",176,"254027_0_t1_crw_176",7,"254027_0_t1_20240415T230000",2024-04-15 23:00:00,-122.752040477592,37.3419432860471,0,"available_crw"
"254027_0_t1",176,"254027_0_t1_crw_176",8,"254027_0_t1_20240416T050000",2024-04-16 05:00:00,-122.821445354901,37.2618878555619,0,"available_crw"
"254027_0_t1",176,"254027_0_t1_crw_176",9,"254027_0_t1_20240416T110000",2024-04-16 11:00:00,-122.800680626436,37.2966983376821,0,"available_crw"
"254027_0_t1",176,"254027_0_t1_crw_176",10,"254027_0_t1_20240416T170000",2024-04-16 17:00:00,-122.801976425927,37.2894632058762,0,"available_crw"
"254027_0_t1",176,"254027_0_t1_crw_176",11,"254027_0_t1_20240416T230000",2024-04-16 23:00:00,-122.835013412995,37.1615831057532,0,"available_crw"
"254027_0_t1",176,"254027_0_t1_crw_176",12,"254027_0_t1_20240417T050000",2024-04-17 05:00:00,-122.862744562472,37.0667658797815,0,"available_crw"
"254027_0_t1",176,"254027_0_t1_crw_176",13,"254027_0_t1_20240417T110000",2024-04-17 11:00:00,-122.875203923508,37.0128937319799,0,"available_crw"
"254027_0_t1",176,"254027_0_t1_crw_176",14,"254027_0_t1_20240417T170000",2024-04-17 17:00:00,-122.884508675402,36.9586138433359,0,"available_crw"
"254027_0_t1",176,"254027_0_t1_crw_176",15,"254027_0_t1_20240417T230000",2024-04-17 23:00:00,-122.895646837287,36.9987645615283,0,"available_crw"
"254027_0_t1",176,"254027_0_t1_crw_176",16,"254027_0_t1_20240418T050000",2024-04-18 05:00:00,-122.885407007997,36.9890305581089,0,"available_crw"
"254027_0_t1",176,"254027_0_t1_crw_176",17,"254027_0_t1_20240418T110000",2024-04-18 11:00:00,-122.900104516231,36.993849049766,0,"available_crw"
"254027_0_t1",176,"254027_0_t1_crw_176",18,"254027_0_t1_20240418T170000",2024-04-18 17:00:00,-122.884296201411,36.9950432797114,0,"available_crw"
"254027_0_t1",176,"254027_0_t1_crw_176",19,"254027_0_t1_20240418T230000",2024-04-18 23:00:00,-122.93082040399,36.985325836336,0,"available_crw"
"254027_0_t1",176,"254027_0_t1_crw_176",20,"254027_0_t1_20240419T050000",2024-04-19 05:00:00,-122.901933547042,36.9608633031124,0,"available_crw"
"254027_0_t1",176,"254027_0_t1_crw_176",21,"254027_0_t1_20240419T110000",2024-04-19 11:00:00,-122.866781709057,36.9225385049506,0,"available_crw"
"254027_0_t1",177,"254027_0_t1_crw_177",1,"254027_0_t1_20240414T110000",2024-04-14 11:00:00,-122.8070879,37.5402499,0,"available_crw"
"254027_0_t1",177,"254027_0_t1_crw_177",2,"254027_0_t1_20240414T170000",2024-04-14 17:00:00,-122.863940268765,37.4540497673155,0,"available_crw"
"254027_0_t1",177,"254027_0_t1_crw_177",3,"254027_0_t1_20240414T230000",2024-04-14 23:00:00,-122.882074112605,37.4605945785521,0,"available_crw"
"254027_0_t1",177,"254027_0_t1_crw_177",4,"254027_0_t1_20240415T050000",2024-04-15 05:00:00,-122.872974110456,37.4597029444428,0,"available_crw"
"254027_0_t1",177,"254027_0_t1_crw_177",5,"254027_0_t1_20240415T110000",2024-04-15 11:00:00,-122.752194641932,37.4451826380089,0,"available_crw"
"254027_0_t1",177,"254027_0_t1_crw_177",6,"254027_0_t1_20240415T170000",2024-04-15 17:00:00,-122.749415938205,37.4640970206208,0,"available_crw"
"254027_0_t1",177,"254027_0_t1_crw_177",7,"254027_0_t1_20240415T230000",2024-04-15 23:00:00,-122.78855566113,37.4513728413968,0,"available_crw"
"254027_0_t1",177,"254027_0_t1_crw_177",8,"254027_0_t1_20240416T050000",2024-04-16 05:00:00,-122.750547739299,37.4791902032718,0,"available_crw"
"254027_0_t1",177,"254027_0_t1_crw_177",9,"254027_0_t1_20240416T110000",2024-04-16 11:00:00,-122.790626718585,37.489930261368,0,"available_crw"
"254027_0_t1",177,"254027_0_t1_crw_177",10,"254027_0_t1_20240416T170000",2024-04-16 17:00:00,-122.726232598801,37.5420654382327,0,"available_crw"
"254027_0_t1",177,"254027_0_t1_crw_177",11,"254027_0_t1_20240416T230000",2024-04-16 23:00:00,-122.622867549643,37.4612143438442,0,"available_crw"
"254027_0_t1",177,"254027_0_t1_crw_177",12,"254027_0_t1_20240417T050000",2024-04-17 05:00:00,-122.406853584592,37.2750160782139,0,"available_crw"
"254027_0_t1",177,"254027_0_t1_crw_177",13,"254027_0_t1_20240417T110000",2024-04-17 11:00:00,-122.421862249037,37.2792990585606,0,"available_crw"
"254027_0_t1",177,"254027_0_t1_crw_177",14,"254027_0_t1_20240417T170000",2024-04-17 17:00:00,-122.429111776282,37.2611580079125,0,"available_crw"
"254027_0_t1",177,"254027_0_t1_crw_177",15,"254027_0_t1_20240417T230000",2024-04-17 23:00:00,-122.446889405767,37.2082472512215,0,"available_crw"
"254027_0_t1",177,"254027_0_t1_crw_177",16,"254027_0_t1_20240418T050000",2024-04-18 05:00:00,-122.447258765956,37.215550014006,0,"available_crw"
"254027_0_t1",177,"254027_0_t1_crw_177",17,"254027_0_t1_20240418T110000",2024-04-18 11:00:00,-122.442320615097,37.2629734903652,0,"available_crw"
"254027_0_t1",177,"254027_0_t1_crw_177",18,"254027_0_t1_20240418T170000",2024-04-18 17:00:00,-122.474600898811,37.4011985144499,0,"available_crw"
"254027_0_t1",177,"254027_0_t1_crw_177",19,"254027_0_t1_20240418T230000",2024-04-18 23:00:00,-122.478243036672,37.4486959845215,0,"available_crw"
"254027_0_t1",177,"254027_0_t1_crw_177",20,"254027_0_t1_20240419T050000",2024-04-19 05:00:00,-122.502020775957,37.4468903006859,0,"available_crw"
"254027_0_t1",177,"254027_0_t1_crw_177",21,"254027_0_t1_20240419T110000",2024-04-19 11:00:00,-122.493569827184,37.449721722192,0,"available_crw"
"254027_0_t1",178,"254027_0_t1_crw_178",1,"254027_0_t1_20240414T110000",2024-04-14 11:00:00,-122.8070879,37.5402499,0,"available_crw"
"254027_0_t1",178,"254027_0_t1_crw_178",2,"254027_0_t1_20240414T170000",2024-04-14 17:00:00,-122.840401933194,37.4021715316802,0,"available_crw"
"254027_0_t1",178,"254027_0_t1_crw_178",3,"254027_0_t1_20240414T230000",2024-04-14 23:00:00,-122.858773096923,37.3568983222683,0,"available_crw"
"254027_0_t1",178,"254027_0_t1_crw_178",4,"254027_0_t1_20240415T050000",2024-04-15 05:00:00,-122.860962409551,37.3979915177389,0,"available_crw"
"254027_0_t1",178,"254027_0_t1_crw_178",5,"254027_0_t1_20240415T110000",2024-04-15 11:00:00,-122.884762708141,37.3965385580442,0,"available_crw"
"254027_0_t1",178,"254027_0_t1_crw_178",6,"254027_0_t1_20240415T170000",2024-04-15 17:00:00,-122.851050004635,37.4645565595855,0,"available_crw"
"254027_0_t1",178,"254027_0_t1_crw_178",7,"254027_0_t1_20240415T230000",2024-04-15 23:00:00,-122.873552693559,37.4709564113956,0,"available_crw"
"254027_0_t1",178,"254027_0_t1_crw_178",8,"254027_0_t1_20240416T050000",2024-04-16 05:00:00,-122.926904982533,37.4923292429613,0,"available_crw"
"254027_0_t1",178,"254027_0_t1_crw_178",9,"254027_0_t1_20240416T110000",2024-04-16 11:00:00,-122.917853874774,37.4911448278113,0,"available_crw"
"254027_0_t1",178,"254027_0_t1_crw_178",10,"254027_0_t1_20240416T170000",2024-04-16 17:00:00,-122.968510469793,37.4832562799447,0,"available_crw"
"254027_0_t1",178,"254027_0_t1_crw_178",11,"254027_0_t1_20240416T230000",2024-04-16 23:00:00,-123.130913093123,37.4660260426109,0,"available_crw"
"254027_0_t1",178,"254027_0_t1_crw_178",12,"254027_0_t1_20240417T050000",2024-04-17 05:00:00,-123.190611254529,37.4655474638484,0,"available_crw"
"254027_0_t1",178,"254027_0_t1_crw_178",13,"254027_0_t1_20240417T110000",2024-04-17 11:00:00,-123.181887798292,37.4677986604708,0,"available_crw"
"254027_0_t1",178,"254027_0_t1_crw_178",14,"254027_0_t1_20240417T170000",2024-04-17 17:00:00,-123.117532980861,37.4870607882584,0,"available_crw"
"254027_0_t1",178,"254027_0_t1_crw_178",15,"254027_0_t1_20240417T230000",2024-04-17 23:00:00,-122.892842473613,37.2396412927713,0,"available_crw"
"254027_0_t1",178,"254027_0_t1_crw_178",16,"254027_0_t1_20240418T050000",2024-04-18 05:00:00,-122.850174059031,37.1967768397273,0,"available_crw"
"254027_0_t1",178,"254027_0_t1_crw_178",17,"254027_0_t1_20240418T110000",2024-04-18 11:00:00,-122.832053085005,37.2091294979816,0,"available_crw"
"254027_0_t1",178,"254027_0_t1_crw_178",18,"254027_0_t1_20240418T170000",2024-04-18 17:00:00,-122.863265561481,37.1797416502026,0,"available_crw"
"254027_0_t1",178,"254027_0_t1_crw_178",19,"254027_0_t1_20240418T230000",2024-04-18 23:00:00,-122.93749091903,37.052306345185,0,"available_crw"
"254027_0_t1",178,"254027_0_t1_crw_178",20,"254027_0_t1_20240419T050000",2024-04-19 05:00:00,-122.963431998111,37.0016172138296,0,"available_crw"
"254027_0_t1",178,"254027_0_t1_crw_178",21,"254027_0_t1_20240419T110000",2024-04-19 11:00:00,-122.962645010722,37.0088991176148,0,"available_crw"
"254027_0_t1",179,"254027_0_t1_crw_179",1,"254027_0_t1_20240414T110000",2024-04-14 11:00:00,-122.8070879,37.5402499,0,"available_crw"
"254027_0_t1",179,"254027_0_t1_crw_179",2,"254027_0_t1_20240414T170000",2024-04-14 17:00:00,-122.960364041708,37.3178661554043,0,"available_crw"
"254027_0_t1",179,"254027_0_t1_crw_179",3,"254027_0_t1_20240414T230000",2024-04-14 23:00:00,-123.087282356155,37.3731113827217,0,"available_crw"
"254027_0_t1",179,"254027_0_t1_crw_179",4,"254027_0_t1_20240415T050000",2024-04-15 05:00:00,-123.225459686901,37.3839615636968,0,"available_crw"
"254027_0_t1",179,"254027_0_t1_crw_179",5,"254027_0_t1_20240415T110000",2024-04-15 11:00:00,-123.183668035916,37.3776323885833,0,"available_crw"
"254027_0_t1",179,"254027_0_t1_crw_179",6,"254027_0_t1_20240415T170000",2024-04-15 17:00:00,-123.231972416818,37.3786680064382,0,"available_crw"
"254027_0_t1",179,"254027_0_t1_crw_179",7,"254027_0_t1_20240415T230000",2024-04-15 23:00:00,-123.23180213272,37.3596245403403,0,"available_crw"
"254027_0_t1",179,"254027_0_t1_crw_179",8,"254027_0_t1_20240416T050000",2024-04-16 05:00:00,-123.228281577132,37.3934530471596,0,"available_crw"
"254027_0_t1",179,"254027_0_t1_crw_179",9,"254027_0_t1_20240416T110000",2024-04-16 11:00:00,-123.225785238141,37.4482033617205,0,"available_crw"
"254027_0_t1",179,"254027_0_t1_crw_179",10,"254027_0_t1_20240416T170000",2024-04-16 17:00:00,-123.216280441263,37.4951833640708,0,"available_crw"
"254027_0_t1",179,"254027_0_t1_crw_179",11,"254027_0_t1_20240416T230000",2024-04-16 23:00:00,-123.208495568295,37.5496169519071,0,"available_crw"
"254027_0_t1",179,"254027_0_t1_crw_179",12,"254027_0_t1_20240417T050000",2024-04-17 05:00:00,-123.064471765099,37.5366853048611,0,"available_crw"
"254027_0_t1",179,"254027_0_t1_crw_179",13,"254027_0_t1_20240417T110000",2024-04-17 11:00:00,-123.065562159959,37.5208408163214,0,"available_crw"
"254027_0_t1",179,"254027_0_t1_crw_179",14,"254027_0_t1_20240417T170000",2024-04-17 17:00:00,-123.059413044629,37.5544299891315,0,"available_crw"
"254027_0_t1",179,"254027_0_t1_crw_179",15,"254027_0_t1_20240417T230000",2024-04-17 23:00:00,-122.983506626467,37.5132589251589,0,"available_crw"
"254027_0_t1",179,"254027_0_t1_crw_179",16,"254027_0_t1_20240418T050000",2024-04-18 05:00:00,-122.85416062831,37.4331188535115,0,"available_crw"
"254027_0_t1",179,"254027_0_t1_crw_179",17,"254027_0_t1_20240418T110000",2024-04-18 11:00:00,-122.798066844547,37.4014986819272,0,"available_crw"
"254027_0_t1",179,"254027_0_t1_crw_179",18,"254027_0_t1_20240418T170000",2024-04-18 17:00:00,-122.87837265976,37.3662440155813,0,"available_crw"
"254027_0_t1",179,"254027_0_t1_crw_179",19,"254027_0_t1_20240418T230000",2024-04-18 23:00:00,-123.004599154968,37.2682226574059,0,"available_crw"
"254027_0_t1",179,"254027_0_t1_crw_179",20,"254027_0_t1_20240419T050000",2024-04-19 05:00:00,-123.058402476523,37.1661141778076,0,"available_crw"
"254027_0_t1",179,"254027_0_t1_crw_179",21,"254027_0_t1_20240419T110000",2024-04-19 11:00:00,-123.108540983887,37.0773924181673,0,"available_crw"
"254027_0_t1",180,"254027_0_t1_crw_180",1,"254027_0_t1_20240414T110000",2024-04-14 11:00:00,-122.8070879,37.5402499,0,"available_crw"
"254027_0_t1",180,"254027_0_t1_crw_180",2,"254027_0_t1_20240414T170000",2024-04-14 17:00:00,-122.815111328561,37.4296353066485,0,"available_crw"
"254027_0_t1",180,"254027_0_t1_crw_180",3,"254027_0_t1_20240414T230000",2024-04-14 23:00:00,-122.82585559743,37.3828260645411,0,"available_crw"
"254027_0_t1",180,"254027_0_t1_crw_180",4,"254027_0_t1_20240415T050000",2024-04-15 05:00:00,-122.802249656981,37.3800286808115,0,"available_crw"
"254027_0_t1",180,"254027_0_t1_crw_180",5,"254027_0_t1_20240415T110000",2024-04-15 11:00:00,-122.6677431303,37.4075921918557,0,"available_crw"
"254027_0_t1",180,"254027_0_t1_crw_180",6,"254027_0_t1_20240415T170000",2024-04-15 17:00:00,-122.631634657668,37.2958411390119,0,"available_crw"
"254027_0_t1",180,"254027_0_t1_crw_180",7,"254027_0_t1_20240415T230000",2024-04-15 23:00:00,-122.544390947041,37.1737523028339,0,"available_crw"
"254027_0_t1",180,"254027_0_t1_crw_180",8,"254027_0_t1_20240416T050000",2024-04-16 05:00:00,-122.635587663478,37.168899728707,0,"available_crw"
"254027_0_t1",180,"254027_0_t1_crw_180",9,"254027_0_t1_20240416T110000",2024-04-16 11:00:00,-122.638063805061,37.1846445662682,0,"available_crw"
"254027_0_t1",180,"254027_0_t1_crw_180",10,"254027_0_t1_20240416T170000",2024-04-16 17:00:00,-122.624479642258,37.1476454697008,0,"available_crw"
"254027_0_t1",180,"254027_0_t1_crw_180",11,"254027_0_t1_20240416T230000",2024-04-16 23:00:00,-122.63552917642,37.1568093684733,0,"available_crw"
"254027_0_t1",180,"254027_0_t1_crw_180",12,"254027_0_t1_20240417T050000",2024-04-17 05:00:00,-122.845543158868,37.3471119078358,0,"available_crw"
"254027_0_t1",180,"254027_0_t1_crw_180",13,"254027_0_t1_20240417T110000",2024-04-17 11:00:00,-122.993062470574,37.4240210901314,0,"available_crw"
"254027_0_t1",180,"254027_0_t1_crw_180",14,"254027_0_t1_20240417T170000",2024-04-17 17:00:00,-123.052305856803,37.4517693795832,0,"available_crw"
"254027_0_t1",180,"254027_0_t1_crw_180",15,"254027_0_t1_20240417T230000",2024-04-17 23:00:00,-123.043245665372,37.4658989386558,0,"available_crw"
"254027_0_t1",180,"254027_0_t1_crw_180",16,"254027_0_t1_20240418T050000",2024-04-18 05:00:00,-122.668067422415,37.4036670231568,0,"available_crw"
"254027_0_t1",180,"254027_0_t1_crw_180",17,"254027_0_t1_20240418T110000",2024-04-18 11:00:00,-122.697491514397,37.2906737750809,0,"available_crw"
"254027_0_t1",180,"254027_0_t1_crw_180",18,"254027_0_t1_20240418T170000",2024-04-18 17:00:00,-122.67400451171,37.2874293113235,0,"available_crw"
"254027_0_t1",180,"254027_0_t1_crw_180",19,"254027_0_t1_20240418T230000",2024-04-18 23:00:00,-122.617024713247,37.2735894956015,0,"available_crw"
"254027_0_t1",180,"254027_0_t1_crw_180",20,"254027_0_t1_20240419T050000",2024-04-19 05:00:00,-122.625745123507,37.3065579101867,0,"available_crw"
"254027_0_t1",180,"254027_0_t1_crw_180",21,"254027_0_t1_20240419T110000",2024-04-19 11:00:00,-122.657673542516,37.2845397060379,0,"available_crw"
"254027_0_t1",181,"254027_0_t1_crw_181",1,"254027_0_t1_20240414T110000",2024-04-14 11:00:00,-122.8070879,37.5402499,0,"available_crw"
"254027_0_t1",181,"254027_0_t1_crw_181",2,"254027_0_t1_20240414T170000",2024-04-14 17:00:00,-122.960364041708,37.3178661554043,0,"available_crw"
"254027_0_t1",181,"254027_0_t1_crw_181",3,"254027_0_t1_20240414T230000",2024-04-14 23:00:00,-122.958554939093,37.325030741691,0,"available_crw"
"254027_0_t1",181,"254027_0_t1_crw_181",4,"254027_0_t1_20240415T050000",2024-04-15 05:00:00,-122.970592312705,37.4653127559012,0,"available_crw"
"254027_0_t1",181,"254027_0_t1_crw_181",5,"254027_0_t1_20240415T110000",2024-04-15 11:00:00,-122.962238114961,37.454457296493,0,"available_crw"
"254027_0_t1",181,"254027_0_t1_crw_181",6,"254027_0_t1_20240415T170000",2024-04-15 17:00:00,-122.849290964008,37.3899429299969,0,"available_crw"
"254027_0_t1",181,"254027_0_t1_crw_181",7,"254027_0_t1_20240415T230000",2024-04-15 23:00:00,-122.791712425051,37.3601083095325,0,"available_crw"
"254027_0_t1",181,"254027_0_t1_crw_181",8,"254027_0_t1_20240416T050000",2024-04-16 05:00:00,-122.807596773014,37.3613060463914,0,"available_crw"
"254027_0_t1",181,"254027_0_t1_crw_181",9,"254027_0_t1_20240416T110000",2024-04-16 11:00:00,-122.928724147436,37.3729771473346,0,"available_crw"
"254027_0_t1",181,"254027_0_t1_crw_181",10,"254027_0_t1_20240416T170000",2024-04-16 17:00:00,-122.887124535388,37.3659109001361,0,"available_crw"
"254027_0_t1",181,"254027_0_t1_crw_181",11,"254027_0_t1_20240416T230000",2024-04-16 23:00:00,-122.711227298014,37.3738429194282,0,"available_crw"
"254027_0_t1",181,"254027_0_t1_crw_181",12,"254027_0_t1_20240417T050000",2024-04-17 05:00:00,-122.74664840254,37.3063929366012,0,"available_crw"
"254027_0_t1",181,"254027_0_t1_crw_181",13,"254027_0_t1_20240417T110000",2024-04-17 11:00:00,-122.769345983666,37.1669555580162,0,"available_crw"
"254027_0_t1",181,"254027_0_t1_crw_181",14,"254027_0_t1_20240417T170000",2024-04-17 17:00:00,-122.789125620918,37.168079701439,0,"available_crw"
"254027_0_t1",181,"254027_0_t1_crw_181",15,"254027_0_t1_20240417T230000",2024-04-17 23:00:00,-122.92010189549,37.1322192245203,0,"available_crw"
"254027_0_t1",181,"254027_0_t1_crw_181",16,"254027_0_t1_20240418T050000",2024-04-18 05:00:00,-123.077281614949,37.097476135942,0,"available_crw"
"254027_0_t1",181,"254027_0_t1_crw_181",17,"254027_0_t1_20240418T110000",2024-04-18 11:00:00,-123.142265026012,37.0803963393285,0,"available_crw"
"254027_0_t1",181,"254027_0_t1_crw_181",18,"254027_0_t1_20240418T170000",2024-04-18 17:00:00,-123.131180215064,37.0895255753156,0,"available_crw"
"254027_0_t1",181,"254027_0_t1_crw_181",19,"254027_0_t1_20240418T230000",2024-04-18 23:00:00,-123.046218825255,37.2126019490935,0,"available_crw"
"254027_0_t1",181,"254027_0_t1_crw_181",20,"254027_0_t1_20240419T050000",2024-04-19 05:00:00,-123.053885260204,37.1719301196328,0,"available_crw"
"254027_0_t1",181,"254027_0_t1_crw_181",21,"254027_0_t1_20240419T110000",2024-04-19 11:00:00,-123.059077398873,37.1839694435383,0,"available_crw"
"254027_0_t1",182,"254027_0_t1_crw_182",1,"254027_0_t1_20240414T110000",2024-04-14 11:00:00,-122.8070879,37.5402499,0,"available_crw"
"254027_0_t1",182,"254027_0_t1_crw_182",2,"254027_0_t1_20240414T170000",2024-04-14 17:00:00,-122.785289704479,37.5324182512306,0,"available_crw"
"254027_0_t1",182,"254027_0_t1_crw_182",3,"254027_0_t1_20240414T230000",2024-04-14 23:00:00,-122.501618356636,37.4171799682847,0,"available_crw"
"254027_0_t1",182,"254027_0_t1_crw_182",4,"254027_0_t1_20240415T050000",2024-04-15 05:00:00,-122.517584412398,37.41706421994,0,"available_crw"
"254027_0_t1",182,"254027_0_t1_crw_182",5,"254027_0_t1_20240415T110000",2024-04-15 11:00:00,-122.469401391547,37.43172464288,0,"available_crw"
"254027_0_t1",182,"254027_0_t1_crw_182",6,"254027_0_t1_20240415T170000",2024-04-15 17:00:00,-122.501647116877,37.4535039190105,0,"available_crw"
"254027_0_t1",182,"254027_0_t1_crw_182",7,"254027_0_t1_20240415T230000",2024-04-15 23:00:00,-122.661693849854,37.5126920859951,0,"available_crw"
"254027_0_t1",182,"254027_0_t1_crw_182",8,"254027_0_t1_20240416T050000",2024-04-16 05:00:00,-122.658737812935,37.479078988534,0,"available_crw"
"254027_0_t1",182,"254027_0_t1_crw_182",9,"254027_0_t1_20240416T110000",2024-04-16 11:00:00,-122.678485151943,37.4770480069417,0,"available_crw"
"254027_0_t1",182,"254027_0_t1_crw_182",10,"254027_0_t1_20240416T170000",2024-04-16 17:00:00,-122.697340556359,37.5914726604453,0,"available_crw"
"254027_0_t1",182,"254027_0_t1_crw_182",11,"254027_0_t1_20240416T230000",2024-04-16 23:00:00,-122.693484118995,37.5848397669699,0,"available_crw"
"254027_0_t1",182,"254027_0_t1_crw_182",12,"254027_0_t1_20240417T050000",2024-04-17 05:00:00,-122.590567165185,37.5102655976203,0,"available_crw"
"254027_0_t1",182,"254027_0_t1_crw_182",13,"254027_0_t1_20240417T110000",2024-04-17 11:00:00,-122.675825231464,37.4831630069367,0,"available_crw"
"254027_0_t1",182,"254027_0_t1_crw_182",14,"254027_0_t1_20240417T170000",2024-04-17 17:00:00,-122.635004527666,37.4928656020824,0,"available_crw"
"254027_0_t1",182,"254027_0_t1_crw_182",15,"254027_0_t1_20240417T230000",2024-04-17 23:00:00,-122.642601730466,37.5109215009438,0,"available_crw"
"254027_0_t1",182,"254027_0_t1_crw_182",16,"254027_0_t1_20240418T050000",2024-04-18 05:00:00,-122.637224684819,37.5049998927009,0,"available_crw"
"254027_0_t1",182,"254027_0_t1_crw_182",17,"254027_0_t1_20240418T110000",2024-04-18 11:00:00,-122.659001388811,37.5341774518822,0,"available_crw"
"254027_0_t1",182,"254027_0_t1_crw_182",18,"254027_0_t1_20240418T170000",2024-04-18 17:00:00,-122.618816894979,37.5083478938747,0,"available_crw"
"254027_0_t1",182,"254027_0_t1_crw_182",19,"254027_0_t1_20240418T230000",2024-04-18 23:00:00,-122.709492390923,37.4183781555643,0,"available_crw"
"254027_0_t1",182,"254027_0_t1_crw_182",20,"254027_0_t1_20240419T050000",2024-04-19 05:00:00,-122.81950821985,37.3217314619271,0,"available_crw"
"254027_0_t1",182,"254027_0_t1_crw_182",21,"254027_0_t1_20240419T110000",2024-04-19 11:00:00,-122.793186510089,37.3540634111714,0,"available_crw"
"254027_0_t1",183,"254027_0_t1_crw_183",1,"254027_0_t1_20240414T110000",2024-04-14 11:00:00,-122.8070879,37.5402499,0,"available_crw"
"254027_0_t1",183,"254027_0_t1_crw_183",2,"254027_0_t1_20240414T170000",2024-04-14 17:00:00,-123.047691980381,37.356330698892,0,"available_crw"
"254027_0_t1",183,"254027_0_t1_crw_183",3,"254027_0_t1_20240414T230000",2024-04-14 23:00:00,-123.172257023099,37.2717602964241,0,"available_crw"
"254027_0_t1",183,"254027_0_t1_crw_183",4,"254027_0_t1_20240415T050000",2024-04-15 05:00:00,-123.22199359818,37.2456025291707,0,"available_crw"
"254027_0_t1",183,"254027_0_t1_crw_183",5,"254027_0_t1_20240415T110000",2024-04-15 11:00:00,-123.23385815013,37.2583254037055,0,"available_crw"
"254027_0_t1",183,"254027_0_t1_crw_183",6,"254027_0_t1_20240415T170000",2024-04-15 17:00:00,-123.219499919815,37.2528049216152,0,"available_crw"
"254027_0_t1",183,"254027_0_t1_crw_183",7,"254027_0_t1_20240415T230000",2024-04-15 23:00:00,-123.081060898301,37.2473258399019,0,"available_crw"
"254027_0_t1",183,"254027_0_t1_crw_183",8,"254027_0_t1_20240416T050000",2024-04-16 05:00:00,-122.959619202328,37.239784203053,0,"available_crw"
"254027_0_t1",183,"254027_0_t1_crw_183",9,"254027_0_t1_20240416T110000",2024-04-16 11:00:00,-122.786820265135,37.2660940991359,0,"available_crw"
"254027_0_t1",183,"254027_0_t1_crw_183",10,"254027_0_t1_20240416T170000",2024-04-16 17:00:00,-122.792045881928,37.2846748885854,0,"available_crw"
"254027_0_t1",183,"254027_0_t1_crw_183",11,"254027_0_t1_20240416T230000",2024-04-16 23:00:00,-122.872802067599,37.374777484241,0,"available_crw"
"254027_0_t1",183,"254027_0_t1_crw_183",12,"254027_0_t1_20240417T050000",2024-04-17 05:00:00,-122.915358147863,37.4177754616469,0,"available_crw"
"254027_0_t1",183,"254027_0_t1_crw_183",13,"254027_0_t1_20240417T110000",2024-04-17 11:00:00,-122.801884570604,37.4894375288482,0,"available_crw"
"254027_0_t1",183,"254027_0_t1_crw_183",14,"254027_0_t1_20240417T170000",2024-04-17 17:00:00,-122.817340112289,37.5039639337972,0,"available_crw"
"254027_0_t1",183,"254027_0_t1_crw_183",15,"254027_0_t1_20240417T230000",2024-04-17 23:00:00,-122.864229645134,37.5440485144568,0,"available_crw"
"254027_0_t1",183,"254027_0_t1_crw_183",16,"254027_0_t1_20240418T050000",2024-04-18 05:00:00,-122.818070713922,37.5255976974435,0,"available_crw"
"254027_0_t1",183,"254027_0_t1_crw_183",17,"254027_0_t1_20240418T110000",2024-04-18 11:00:00,-122.755249407166,37.5032962739859,0,"available_crw"
"254027_0_t1",183,"254027_0_t1_crw_183",18,"254027_0_t1_20240418T170000",2024-04-18 17:00:00,-122.704128080735,37.4786953888269,0,"available_crw"
"254027_0_t1",183,"254027_0_t1_crw_183",19,"254027_0_t1_20240418T230000",2024-04-18 23:00:00,-122.601347936869,37.4260818707627,0,"available_crw"
"254027_0_t1",183,"254027_0_t1_crw_183",20,"254027_0_t1_20240419T050000",2024-04-19 05:00:00,-122.541918749597,37.3986169466656,0,"available_crw"
"254027_0_t1",183,"254027_0_t1_crw_183",21,"254027_0_t1_20240419T110000",2024-04-19 11:00:00,-122.530646892435,37.4154039738883,0,"available_crw"
"254027_0_t1",184,"254027_0_t1_crw_184",1,"254027_0_t1_20240414T110000",2024-04-14 11:00:00,-122.8070879,37.5402499,0,"available_crw"
"254027_0_t1",184,"254027_0_t1_crw_184",2,"254027_0_t1_20240414T170000",2024-04-14 17:00:00,-122.764816265116,37.5417972638948,0,"available_crw"
"254027_0_t1",184,"254027_0_t1_crw_184",3,"254027_0_t1_20240414T230000",2024-04-14 23:00:00,-122.762747707525,37.5260148246081,0,"available_crw"
"254027_0_t1",184,"254027_0_t1_crw_184",4,"254027_0_t1_20240415T050000",2024-04-15 05:00:00,-122.843815559681,37.2682521554096,0,"available_crw"
"254027_0_t1",184,"254027_0_t1_crw_184",5,"254027_0_t1_20240415T110000",2024-04-15 11:00:00,-123.226029457538,37.2602787373668,0,"available_crw"
"254027_0_t1",184,"254027_0_t1_crw_184",6,"254027_0_t1_20240415T170000",2024-04-15 17:00:00,-123.188298478224,37.3269177852561,0,"available_crw"
"254027_0_t1",184,"254027_0_t1_crw_184",7,"254027_0_t1_20240415T230000",2024-04-15 23:00:00,-122.954787663899,37.5164956563912,0,"available_crw"
"254027_0_t1",184,"254027_0_t1_crw_184",8,"254027_0_t1_20240416T050000",2024-04-16 05:00:00,-122.620320593073,37.3673087803918,0,"available_crw"
"254027_0_t1",184,"254027_0_t1_crw_184",9,"254027_0_t1_20240416T110000",2024-04-16 11:00:00,-122.629278522575,37.3688250403403,0,"available_crw"
"254027_0_t1",184,"254027_0_t1_crw_184",10,"254027_0_t1_20240416T170000",2024-04-16 17:00:00,-122.572930787707,37.426515369291,0,"available_crw"
"254027_0_t1",184,"254027_0_t1_crw_184",11,"254027_0_t1_20240416T230000",2024-04-16 23:00:00,-122.45874823607,37.3556730220982,0,"available_crw"
"254027_0_t1",184,"254027_0_t1_crw_184",12,"254027_0_t1_20240417T050000",2024-04-17 05:00:00,-122.40271537173,37.3240514394402,0,"available_crw"
"254027_0_t1",184,"254027_0_t1_crw_184",13,"254027_0_t1_20240417T110000",2024-04-17 11:00:00,-122.435081364781,37.346058384047,0,"available_crw"
"254027_0_t1",184,"254027_0_t1_crw_184",14,"254027_0_t1_20240417T170000",2024-04-17 17:00:00,-122.419526537428,37.343236921358,0,"available_crw"
"254027_0_t1",184,"254027_0_t1_crw_184",15,"254027_0_t1_20240417T230000",2024-04-17 23:00:00,-122.431200106073,37.3756184661575,0,"available_crw"
"254027_0_t1",184,"254027_0_t1_crw_184",16,"254027_0_t1_20240418T050000",2024-04-18 05:00:00,-122.453251962114,37.4275023337132,0,"available_crw"
"254027_0_t1",184,"254027_0_t1_crw_184",17,"254027_0_t1_20240418T110000",2024-04-18 11:00:00,-122.44169923929,37.4187109388247,0,"available_crw"
"254027_0_t1",184,"254027_0_t1_crw_184",18,"254027_0_t1_20240418T170000",2024-04-18 17:00:00,-122.489074660822,37.4349620100302,0,"available_crw"
"254027_0_t1",184,"254027_0_t1_crw_184",19,"254027_0_t1_20240418T230000",2024-04-18 23:00:00,-122.47315002458,37.4359271201509,0,"available_crw"
"254027_0_t1",184,"254027_0_t1_crw_184",20,"254027_0_t1_20240419T050000",2024-04-19 05:00:00,-122.515713904226,37.436401748296,0,"available_crw"
"254027_0_t1",184,"254027_0_t1_crw_184",21,"254027_0_t1_20240419T110000",2024-04-19 11:00:00,-122.515236782077,37.4173621178113,0,"available_crw"
"254027_0_t1",185,"254027_0_t1_crw_185",1,"254027_0_t1_20240414T110000",2024-04-14 11:00:00,-122.8070879,37.5402499,0,"available_crw"
"254027_0_t1",185,"254027_0_t1_crw_185",2,"254027_0_t1_20240414T170000",2024-04-14 17:00:00,-122.805673818496,37.5474711608111,0,"available_crw"
"254027_0_t1",185,"254027_0_t1_crw_185",3,"254027_0_t1_20240414T230000",2024-04-14 23:00:00,-122.845437426158,37.5359441878307,0,"available_crw"
"254027_0_t1",185,"254027_0_t1_crw_185",4,"254027_0_t1_20240415T050000",2024-04-15 05:00:00,-122.803165735782,37.5547616754754,0,"available_crw"
"254027_0_t1",185,"254027_0_t1_crw_185",5,"254027_0_t1_20240415T110000",2024-04-15 11:00:00,-122.836656967354,37.5234507940897,0,"available_crw"
"254027_0_t1",185,"254027_0_t1_crw_185",6,"254027_0_t1_20240415T170000",2024-04-15 17:00:00,-122.852555330005,37.5330154476446,0,"available_crw"
"254027_0_t1",185,"254027_0_t1_crw_185",7,"254027_0_t1_20240415T230000",2024-04-15 23:00:00,-122.803092898777,37.5211922122293,0,"available_crw"
"254027_0_t1",185,"254027_0_t1_crw_185",8,"254027_0_t1_20240416T050000",2024-04-16 05:00:00,-122.748440508003,37.5019798385159,0,"available_crw"
"254027_0_t1",185,"254027_0_t1_crw_185",9,"254027_0_t1_20240416T110000",2024-04-16 11:00:00,-122.785718662602,37.518422165127,0,"available_crw"
"254027_0_t1",185,"254027_0_t1_crw_185",10,"254027_0_t1_20240416T170000",2024-04-16 17:00:00,-122.750446397124,37.4993781890899,0,"available_crw"
"254027_0_t1",185,"254027_0_t1_crw_185",11,"254027_0_t1_20240416T230000",2024-04-16 23:00:00,-122.831400036533,37.4037035488744,0,"available_crw"
"254027_0_t1",185,"254027_0_t1_crw_185",12,"254027_0_t1_20240417T050000",2024-04-17 05:00:00,-122.828777898076,37.4107065233117,0,"available_crw"
"254027_0_t1",185,"254027_0_t1_crw_185",13,"254027_0_t1_20240417T110000",2024-04-17 11:00:00,-122.824720143318,37.5512772795244,0,"available_crw"
"254027_0_t1",185,"254027_0_t1_crw_185",14,"254027_0_t1_20240417T170000",2024-04-17 17:00:00,-122.815990344856,37.598353393938,0,"available_crw"
"254027_0_t1",185,"254027_0_t1_crw_185",15,"254027_0_t1_20240417T230000",2024-04-17 23:00:00,-122.79612514294,37.5969525953347,0,"available_crw"
"254027_0_t1",185,"254027_0_t1_crw_185",16,"254027_0_t1_20240418T050000",2024-04-18 05:00:00,-122.674573829175,37.5856992259003,0,"available_crw"
"254027_0_t1",185,"254027_0_t1_crw_185",17,"254027_0_t1_20240418T110000",2024-04-18 11:00:00,-122.675732938317,37.5698580828116,0,"available_crw"
"254027_0_t1",185,"254027_0_t1_crw_185",18,"254027_0_t1_20240418T170000",2024-04-18 17:00:00,-122.820503940198,37.5762546353841,0,"available_crw"
"254027_0_t1",185,"254027_0_t1_crw_185",19,"254027_0_t1_20240418T230000",2024-04-18 23:00:00,-122.879353585961,37.5846726291201,0,"available_crw"
"254027_0_t1",185,"254027_0_t1_crw_185",20,"254027_0_t1_20240419T050000",2024-04-19 05:00:00,-122.830905809846,37.5840123898269,0,"available_crw"
"254027_0_t1",185,"254027_0_t1_crw_185",21,"254027_0_t1_20240419T110000",2024-04-19 11:00:00,-122.872499326248,37.518802048159,0,"available_crw"
"254027_0_t1",186,"254027_0_t1_crw_186",1,"254027_0_t1_20240414T110000",2024-04-14 11:00:00,-122.8070879,37.5402499,0,"available_crw"
"254027_0_t1",186,"254027_0_t1_crw_186",2,"254027_0_t1_20240414T170000",2024-04-14 17:00:00,-122.863489404017,37.5979862852497,0,"available_crw"
"254027_0_t1",186,"254027_0_t1_crw_186",3,"254027_0_t1_20240414T230000",2024-04-14 23:00:00,-122.848926484888,37.5927032731266,0,"available_crw"
"254027_0_t1",186,"254027_0_t1_crw_186",4,"254027_0_t1_20240415T050000",2024-04-15 05:00:00,-122.674550141589,37.5700972364832,0,"available_crw"
"254027_0_t1",186,"254027_0_t1_crw_186",5,"254027_0_t1_20240415T110000",2024-04-15 11:00:00,-122.689739215488,37.5660964065728,0,"available_crw"
"254027_0_t1",186,"254027_0_t1_crw_186",6,"254027_0_t1_20240415T170000",2024-04-15 17:00:00,-122.648212190874,37.5738166207939,0,"available_crw"
"254027_0_t1",186,"254027_0_t1_crw_186",7,"254027_0_t1_20240415T230000",2024-04-15 23:00:00,-122.654433216689,37.5922049371684,0,"available_crw"
"254027_0_t1",186,"254027_0_t1_crw_186",8,"254027_0_t1_20240416T050000",2024-04-16 05:00:00,-122.647091212527,37.5587681085312,0,"available_crw"
"254027_0_t1",186,"254027_0_t1_crw_186",9,"254027_0_t1_20240416T110000",2024-04-16 11:00:00,-122.571945157019,37.4315473630184,0,"available_crw"
"254027_0_t1",186,"254027_0_t1_crw_186",10,"254027_0_t1_20240416T170000",2024-04-16 17:00:00,-122.599265977345,37.4633670629401,0,"available_crw"
"254027_0_t1",186,"254027_0_t1_crw_186",11,"254027_0_t1_20240416T230000",2024-04-16 23:00:00,-122.733993778818,37.5542016779392,0,"available_crw"
"254027_0_t1",186,"254027_0_t1_crw_186",12,"254027_0_t1_20240417T050000",2024-04-17 05:00:00,-122.725534756743,37.5513629633733,0,"available_crw"
"254027_0_t1",186,"254027_0_t1_crw_186",13,"254027_0_t1_20240417T110000",2024-04-17 11:00:00,-122.55050404452,37.5327745221448,0,"available_crw"
"254027_0_t1",186,"254027_0_t1_crw_186",14,"254027_0_t1_20240417T170000",2024-04-17 17:00:00,-122.492722265926,37.5206657801245,0,"available_crw"
"254027_0_t1",186,"254027_0_t1_crw_186",15,"254027_0_t1_20240417T230000",2024-04-17 23:00:00,-122.544108748572,37.5166325165223,0,"available_crw"
"254027_0_t1",186,"254027_0_t1_crw_186",16,"254027_0_t1_20240418T050000",2024-04-18 05:00:00,-122.530737612111,37.5236150089874,0,"available_crw"
"254027_0_t1",186,"254027_0_t1_crw_186",17,"254027_0_t1_20240418T110000",2024-04-18 11:00:00,-122.54451555845,37.5391792439607,0,"available_crw"
"254027_0_t1",186,"254027_0_t1_crw_186",18,"254027_0_t1_20240418T170000",2024-04-18 17:00:00,-122.501933093271,37.5159108981535,0,"available_crw"
"254027_0_t1",186,"254027_0_t1_crw_186",19,"254027_0_t1_20240418T230000",2024-04-18 23:00:00,-122.512229061716,37.5023271000977,0,"available_crw"
"254027_0_t1",186,"254027_0_t1_crw_186",20,"254027_0_t1_20240419T050000",2024-04-19 05:00:00,-122.502595256132,37.5427334239584,0,"available_crw"
"254027_0_t1",186,"254027_0_t1_crw_186",21,"254027_0_t1_20240419T110000",2024-04-19 11:00:00,-122.501541567003,37.5354733752868,0,"available_crw"
"254027_0_t1",187,"254027_0_t1_crw_187",1,"254027_0_t1_20240414T110000",2024-04-14 11:00:00,-122.8070879,37.5402499,0,"available_crw"
"254027_0_t1",187,"254027_0_t1_crw_187",2,"254027_0_t1_20240414T170000",2024-04-14 17:00:00,-122.863489404017,37.5979862852497,0,"available_crw"
"254027_0_t1",187,"254027_0_t1_crw_187",3,"254027_0_t1_20240414T230000",2024-04-14 23:00:00,-122.828005994922,37.5717267295863,0,"available_crw"
"254027_0_t1",187,"254027_0_t1_crw_187",4,"254027_0_t1_20240415T050000",2024-04-15 05:00:00,-122.671617121204,37.5064440471709,0,"available_crw"
"254027_0_t1",187,"254027_0_t1_crw_187",5,"254027_0_t1_20240415T110000",2024-04-15 11:00:00,-122.661218739655,37.5235917475287,0,"available_crw"
"254027_0_t1",187,"254027_0_t1_crw_187",6,"254027_0_t1_20240415T170000",2024-04-15 17:00:00,-122.634192867053,37.5739740088957,0,"available_crw"
"254027_0_t1",187,"254027_0_t1_crw_187",7,"254027_0_t1_20240415T230000",2024-04-15 23:00:00,-122.632944590842,37.5612778186614,0,"available_crw"
"254027_0_t1",187,"254027_0_t1_crw_187",8,"254027_0_t1_20240416T050000",2024-04-16 05:00:00,-122.59757034527,37.5797863531392,0,"available_crw"
"254027_0_t1",187,"254027_0_t1_crw_187",9,"254027_0_t1_20240416T110000",2024-04-16 11:00:00,-122.63501664589,37.5955145420854,0,"available_crw"
"254027_0_t1",187,"254027_0_t1_crw_187",10,"254027_0_t1_20240416T170000",2024-04-16 17:00:00,-122.645461001853,37.5783809461139,0,"available_crw"
"254027_0_t1",187,"254027_0_t1_crw_187",11,"254027_0_t1_20240416T230000",2024-04-16 23:00:00,-122.677776580442,37.4401515302211,0,"available_crw"
"254027_0_t1",187,"254027_0_t1_crw_187",12,"254027_0_t1_20240417T050000",2024-04-17 05:00:00,-122.676649663738,37.4787024643883,0,"available_crw"
"254027_0_t1",187,"254027_0_t1_crw_187",13,"254027_0_t1_20240417T110000",2024-04-17 11:00:00,-122.595117771138,37.4451587141915,0,"available_crw"
"254027_0_t1",187,"254027_0_t1_crw_187",14,"254027_0_t1_20240417T170000",2024-04-17 17:00:00,-122.596247268709,37.4788422333305,0,"available_crw"
"254027_0_t1",187,"254027_0_t1_crw_187",15,"254027_0_t1_20240417T230000",2024-04-17 23:00:00,-122.620098709164,37.4776889916846,0,"available_crw"
"254027_0_t1",187,"254027_0_t1_crw_187",16,"254027_0_t1_20240418T050000",2024-04-18 05:00:00,-122.742207778327,37.4743116318802,0,"available_crw"
"254027_0_t1",187,"254027_0_t1_crw_187",17,"254027_0_t1_20240418T110000",2024-04-18 11:00:00,-122.868203134817,37.4275512400657,0,"available_crw"
"254027_0_t1",187,"254027_0_t1_crw_187",18,"254027_0_t1_20240418T170000",2024-04-18 17:00:00,-122.834091764013,37.4076716852003,0,"available_crw"
"254027_0_t1",187,"254027_0_t1_crw_187",19,"254027_0_t1_20240418T230000",2024-04-18 23:00:00,-122.91913387741,37.3143360255051,0,"available_crw"
"254027_0_t1",187,"254027_0_t1_crw_187",20,"254027_0_t1_20240419T050000",2024-04-19 05:00:00,-122.891153667901,37.3398903328402,0,"available_crw"
"254027_0_t1",187,"254027_0_t1_crw_187",21,"254027_0_t1_20240419T110000",2024-04-19 11:00:00,-122.894851172948,37.3332043798549,0,"available_crw"
"254027_0_t1",188,"254027_0_t1_crw_188",1,"254027_0_t1_20240414T110000",2024-04-14 11:00:00,-122.8070879,37.5402499,0,"available_crw"
"254027_0_t1",188,"254027_0_t1_crw_188",2,"254027_0_t1_20240414T170000",2024-04-14 17:00:00,-122.825450645075,37.5464155006604,0,"available_crw"
"254027_0_t1",188,"254027_0_t1_crw_188",3,"254027_0_t1_20240414T230000",2024-04-14 23:00:00,-122.964605942814,37.5462549792842,0,"available_crw"
"254027_0_t1",188,"254027_0_t1_crw_188",4,"254027_0_t1_20240415T050000",2024-04-15 05:00:00,-123.086871425864,37.5485763501545,0,"available_crw"
"254027_0_t1",188,"254027_0_t1_crw_188",5,"254027_0_t1_20240415T110000",2024-04-15 11:00:00,-123.216214419658,37.5077706914931,0,"available_crw"
"254027_0_t1",188,"254027_0_t1_crw_188",6,"254027_0_t1_20240415T170000",2024-04-15 17:00:00,-123.209340135801,37.5807024476726,0,"available_crw"
"254027_0_t1",188,"254027_0_t1_crw_188",7,"254027_0_t1_20240415T230000",2024-04-15 23:00:00,-123.20726610303,37.5735828324124,0,"available_crw"
"254027_0_t1",188,"254027_0_t1_crw_188",8,"254027_0_t1_20240416T050000",2024-04-16 05:00:00,-123.24790847983,37.309815095601,0,"available_crw"
"254027_0_t1",188,"254027_0_t1_crw_188",9,"254027_0_t1_20240416T110000",2024-04-16 11:00:00,-123.24955349907,37.317004806333,0,"available_crw"
"254027_0_t1",188,"254027_0_t1_crw_188",10,"254027_0_t1_20240416T170000",2024-04-16 17:00:00,-123.230248945176,37.3207607832155,0,"available_crw"
"254027_0_t1",188,"254027_0_t1_crw_188",11,"254027_0_t1_20240416T230000",2024-04-16 23:00:00,-122.918194149723,37.3690009461048,0,"available_crw"
"254027_0_t1",188,"254027_0_t1_crw_188",12,"254027_0_t1_20240417T050000",2024-04-17 05:00:00,-122.945182613721,37.3949169092846,0,"available_crw"
"254027_0_t1",188,"254027_0_t1_crw_188",13,"254027_0_t1_20240417T110000",2024-04-17 11:00:00,-122.930452777899,37.390010628434,0,"available_crw"
"254027_0_t1",188,"254027_0_t1_crw_188",14,"254027_0_t1_20240417T170000",2024-04-17 17:00:00,-122.999169965702,37.341625291628,0,"available_crw"
"254027_0_t1",188,"254027_0_t1_crw_188",15,"254027_0_t1_20240417T230000",2024-04-17 23:00:00,-122.994425768776,37.3478760273614,0,"available_crw"
"254027_0_t1",188,"254027_0_t1_crw_188",16,"254027_0_t1_20240418T050000",2024-04-18 05:00:00,-122.81688083507,37.5584967278162,0,"available_crw"
"254027_0_t1",188,"254027_0_t1_crw_188",17,"254027_0_t1_20240418T110000",2024-04-18 11:00:00,-122.829009496721,37.5185176324923,0,"available_crw"
"254027_0_t1",188,"254027_0_t1_crw_188",18,"254027_0_t1_20240418T170000",2024-04-18 17:00:00,-122.788196036758,37.5273892021952,0,"available_crw"
"254027_0_t1",188,"254027_0_t1_crw_188",19,"254027_0_t1_20240418T230000",2024-04-18 23:00:00,-122.678695897973,37.5957834456473,0,"available_crw"
"254027_0_t1",188,"254027_0_t1_crw_188",20,"254027_0_t1_20240419T050000",2024-04-19 05:00:00,-122.711554512756,37.5674445899767,0,"available_crw"
"254027_0_t1",188,"254027_0_t1_crw_188",21,"254027_0_t1_20240419T110000",2024-04-19 11:00:00,-122.792640612173,37.4425552097061,0,"available_crw"
"254027_0_t1",189,"254027_0_t1_crw_189",1,"254027_0_t1_20240414T110000",2024-04-14 11:00:00,-122.8070879,37.5402499,0,"available_crw"
"254027_0_t1",189,"254027_0_t1_crw_189",2,"254027_0_t1_20240414T170000",2024-04-14 17:00:00,-122.807478827975,37.5529812714246,0,"available_crw"
"254027_0_t1",189,"254027_0_t1_crw_189",3,"254027_0_t1_20240414T230000",2024-04-14 23:00:00,-122.844028617227,37.5359978051713,0,"available_crw"
"254027_0_t1",189,"254027_0_t1_crw_189",4,"254027_0_t1_20240415T050000",2024-04-15 05:00:00,-123.125865227512,37.4179157156739,0,"available_crw"
"254027_0_t1",189,"254027_0_t1_crw_189",5,"254027_0_t1_20240415T110000",2024-04-15 11:00:00,-123.119404037872,37.423098440917,0,"available_crw"
"254027_0_t1",189,"254027_0_t1_crw_189",6,"254027_0_t1_20240415T170000",2024-04-15 17:00:00,-122.817185113463,37.5354113885275,0,"available_crw"
"254027_0_t1",189,"254027_0_t1_crw_189",7,"254027_0_t1_20240415T230000",2024-04-15 23:00:00,-122.818835937686,37.4622857003005,0,"available_crw"
"254027_0_t1",189,"254027_0_t1_crw_189",8,"254027_0_t1_20240416T050000",2024-04-16 05:00:00,-122.825985885094,37.4736747770949,0,"available_crw"
"254027_0_t1",189,"254027_0_t1_crw_189",9,"254027_0_t1_20240416T110000",2024-04-16 11:00:00,-122.931774718573,37.5456086605796,0,"available_crw"
"254027_0_t1",189,"254027_0_t1_crw_189",10,"254027_0_t1_20240416T170000",2024-04-16 17:00:00,-122.883268681613,37.5314777690591,0,"available_crw"
"254027_0_t1",189,"254027_0_t1_crw_189",11,"254027_0_t1_20240416T230000",2024-04-16 23:00:00,-122.81765305694,37.5150374007062,0,"available_crw"
"254027_0_t1",189,"254027_0_t1_crw_189",12,"254027_0_t1_20240417T050000",2024-04-17 05:00:00,-122.679158368175,37.5254154141826,0,"available_crw"
"254027_0_t1",189,"254027_0_t1_crw_189",13,"254027_0_t1_20240417T110000",2024-04-17 11:00:00,-122.619439023294,37.523954055279,0,"available_crw"
"254027_0_t1",189,"254027_0_t1_crw_189",14,"254027_0_t1_20240417T170000",2024-04-17 17:00:00,-122.63382975148,37.5184039563346,0,"available_crw"
"254027_0_t1",189,"254027_0_t1_crw_189",15,"254027_0_t1_20240417T230000",2024-04-17 23:00:00,-122.622691211359,37.5015541135874,0,"available_crw"
"254027_0_t1",189,"254027_0_t1_crw_189",16,"254027_0_t1_20240418T050000",2024-04-18 05:00:00,-122.578157747021,37.2381902622451,0,"available_crw"
"254027_0_t1",189,"254027_0_t1_crw_189",17,"254027_0_t1_20240418T110000",2024-04-18 11:00:00,-122.550357932041,36.9853961260632,0,"available_crw"
"254027_0_t1",189,"254027_0_t1_crw_189",18,"254027_0_t1_20240418T170000",2024-04-18 17:00:00,-122.558921132489,36.9961211142455,0,"available_crw"
"254027_0_t1",189,"254027_0_t1_crw_189",19,"254027_0_t1_20240418T230000",2024-04-18 23:00:00,-122.621724196408,37.07947981898,0,"available_crw"
"254027_0_t1",189,"254027_0_t1_crw_189",20,"254027_0_t1_20240419T050000",2024-04-19 05:00:00,-122.749116339473,37.1762679882985,0,"available_crw"
"254027_0_t1",189,"254027_0_t1_crw_189",21,"254027_0_t1_20240419T110000",2024-04-19 11:00:00,-122.709293864261,37.1545554917079,0,"available_crw"
"254027_0_t1",190,"254027_0_t1_crw_190",1,"254027_0_t1_20240414T110000",2024-04-14 11:00:00,-122.8070879,37.5402499,0,"available_crw"
"254027_0_t1",190,"254027_0_t1_crw_190",2,"254027_0_t1_20240414T170000",2024-04-14 17:00:00,-122.785289704479,37.5324182512306,0,"available_crw"
"254027_0_t1",190,"254027_0_t1_crw_190",3,"254027_0_t1_20240414T230000",2024-04-14 23:00:00,-122.547295146173,37.3463798763039,0,"available_crw"
"254027_0_t1",190,"254027_0_t1_crw_190",4,"254027_0_t1_20240415T050000",2024-04-15 05:00:00,-122.531155687781,37.3604035976812,0,"available_crw"
"254027_0_t1",190,"254027_0_t1_crw_190",5,"254027_0_t1_20240415T110000",2024-04-15 11:00:00,-122.484343588176,37.4647204189381,0,"available_crw"
"254027_0_t1",190,"254027_0_t1_crw_190",6,"254027_0_t1_20240415T170000",2024-04-15 17:00:00,-122.482147699815,37.4521062141347,0,"available_crw"
"254027_0_t1",190,"254027_0_t1_crw_190",7,"254027_0_t1_20240415T230000",2024-04-15 23:00:00,-122.552166903524,37.1923043850124,0,"available_crw"
"254027_0_t1",190,"254027_0_t1_crw_190",8,"254027_0_t1_20240416T050000",2024-04-16 05:00:00,-122.528738799319,37.1889323644708,0,"available_crw"
"254027_0_t1",190,"254027_0_t1_crw_190",9,"254027_0_t1_20240416T110000",2024-04-16 11:00:00,-122.39358719144,37.2132024377474,0,"available_crw"
"254027_0_t1",190,"254027_0_t1_crw_190",10,"254027_0_t1_20240416T170000",2024-04-16 17:00:00,-122.361853957384,37.1006222430822,0,"available_crw"
"254027_0_t1",190,"254027_0_t1_crw_190",11,"254027_0_t1_20240416T230000",2024-04-16 23:00:00,-122.306622196326,36.8507490402879,0,"available_crw"
"254027_0_t1",190,"254027_0_t1_crw_190",12,"254027_0_t1_20240417T050000",2024-04-17 05:00:00,-122.33254327581,36.8862186925188,0,"available_crw"
"254027_0_t1",190,"254027_0_t1_crw_190",13,"254027_0_t1_20240417T110000",2024-04-17 11:00:00,-122.314508782277,36.8555198738725,0,"available_crw"
"254027_0_t1",190,"254027_0_t1_crw_190",14,"254027_0_t1_20240417T170000",2024-04-17 17:00:00,-122.254461919048,36.7341939814899,0,"available_crw"
"254027_0_t1",190,"254027_0_t1_crw_190",15,"254027_0_t1_20240417T230000",2024-04-17 23:00:00,-122.556457681724,36.5493440508149,0,"available_crw"
"254027_0_t1",190,"254027_0_t1_crw_190",16,"254027_0_t1_20240418T050000",2024-04-18 05:00:00,-122.690881890178,36.4766765732696,0,"available_crw"
"254027_0_t1",190,"254027_0_t1_crw_190",17,"254027_0_t1_20240418T110000",2024-04-18 11:00:00,-122.702762589798,36.4893193503116,0,"available_crw"
"254027_0_t1",190,"254027_0_t1_crw_190",18,"254027_0_t1_20240418T170000",2024-04-18 17:00:00,-122.613898457765,36.5035663265416,0,"available_crw"
"254027_0_t1",190,"254027_0_t1_crw_190",19,"254027_0_t1_20240418T230000",2024-04-18 23:00:00,-122.640773359794,36.5293572344129,0,"available_crw"
"254027_0_t1",190,"254027_0_t1_crw_190",20,"254027_0_t1_20240419T050000",2024-04-19 05:00:00,-122.425665809269,36.7810725507299,0,"available_crw"
"254027_0_t1",190,"254027_0_t1_crw_190",21,"254027_0_t1_20240419T110000",2024-04-19 11:00:00,-122.367786898094,36.9137742491126,0,"available_crw"
"254027_0_t1",191,"254027_0_t1_crw_191",1,"254027_0_t1_20240414T110000",2024-04-14 11:00:00,-122.8070879,37.5402499,0,"available_crw"
"254027_0_t1",191,"254027_0_t1_crw_191",2,"254027_0_t1_20240414T170000",2024-04-14 17:00:00,-122.888333329171,37.4268567944635,0,"available_crw"
"254027_0_t1",191,"254027_0_t1_crw_191",3,"254027_0_t1_20240414T230000",2024-04-14 23:00:00,-122.846086157861,37.4263521738662,0,"available_crw"
"254027_0_t1",191,"254027_0_t1_crw_191",4,"254027_0_t1_20240415T050000",2024-04-15 05:00:00,-122.845229089501,37.410498369568,0,"available_crw"
"254027_0_t1",191,"254027_0_t1_crw_191",5,"254027_0_t1_20240415T110000",2024-04-15 11:00:00,-122.84613350302,37.1567299989439,0,"available_crw"
"254027_0_t1",191,"254027_0_t1_crw_191",6,"254027_0_t1_20240415T170000",2024-04-15 17:00:00,-122.849719635098,37.0593888693829,0,"available_crw"
"254027_0_t1",191,"254027_0_t1_crw_191",7,"254027_0_t1_20240415T230000",2024-04-15 23:00:00,-122.864542966882,36.9293456036286,0,"available_crw"
"254027_0_t1",191,"254027_0_t1_crw_191",8,"254027_0_t1_20240416T050000",2024-04-16 05:00:00,-122.877941851217,36.9690482417243,0,"available_crw"
"254027_0_t1",191,"254027_0_t1_crw_191",9,"254027_0_t1_20240416T110000",2024-04-16 11:00:00,-122.867164449843,36.9596981468252,0,"available_crw"
"254027_0_t1",191,"254027_0_t1_crw_191",10,"254027_0_t1_20240416T170000",2024-04-16 17:00:00,-122.892988944034,36.9865885314952,0,"available_crw"
"254027_0_t1",191,"254027_0_t1_crw_191",11,"254027_0_t1_20240416T230000",2024-04-16 23:00:00,-123.013323970665,37.0410532244625,0,"available_crw"
"254027_0_t1",191,"254027_0_t1_crw_191",12,"254027_0_t1_20240417T050000",2024-04-17 05:00:00,-122.962653350471,37.0345844101153,0,"available_crw"
"254027_0_t1",191,"254027_0_t1_crw_191",13,"254027_0_t1_20240417T110000",2024-04-17 11:00:00,-123.014946630115,36.9746590941712,0,"available_crw"
"254027_0_t1",191,"254027_0_t1_crw_191",14,"254027_0_t1_20240417T170000",2024-04-17 17:00:00,-123.116155427557,36.8724332398332,0,"available_crw"
"254027_0_t1",191,"254027_0_t1_crw_191",15,"254027_0_t1_20240417T230000",2024-04-17 23:00:00,-123.112879610571,36.8792523748825,0,"available_crw"
"254027_0_t1",191,"254027_0_t1_crw_191",16,"254027_0_t1_20240418T050000",2024-04-18 05:00:00,-123.050877695264,36.8257026753156,0,"available_crw"
"254027_0_t1",191,"254027_0_t1_crw_191",17,"254027_0_t1_20240418T110000",2024-04-18 11:00:00,-123.034079400917,36.8391340967653,0,"available_crw"
"254027_0_t1",191,"254027_0_t1_crw_191",18,"254027_0_t1_20240418T170000",2024-04-18 17:00:00,-123.066572803435,36.8174506835608,0,"available_crw"
"254027_0_t1",191,"254027_0_t1_crw_191",19,"254027_0_t1_20240418T230000",2024-04-18 23:00:00,-123.197567470151,36.7403132641579,0,"available_crw"
"254027_0_t1",191,"254027_0_t1_crw_191",20,"254027_0_t1_20240419T050000",2024-04-19 05:00:00,-123.249186502409,36.7171048326595,0,"available_crw"
"254027_0_t1",191,"254027_0_t1_crw_191",21,"254027_0_t1_20240419T110000",2024-04-19 11:00:00,-123.242941940755,36.7224111535278,0,"available_crw"
"254027_0_t1",192,"254027_0_t1_crw_192",1,"254027_0_t1_20240414T110000",2024-04-14 11:00:00,-122.8070879,37.5402499,0,"available_crw"
"254027_0_t1",192,"254027_0_t1_crw_192",2,"254027_0_t1_20240414T170000",2024-04-14 17:00:00,-122.825450645075,37.5464155006604,0,"available_crw"
"254027_0_t1",192,"254027_0_t1_crw_192",3,"254027_0_t1_20240414T230000",2024-04-14 23:00:00,-122.756294746328,37.5945711918768,0,"available_crw"
"254027_0_t1",192,"254027_0_t1_crw_192",4,"254027_0_t1_20240415T050000",2024-04-15 05:00:00,-122.780922012318,37.5584133438298,0,"available_crw"
"254027_0_t1",192,"254027_0_t1_crw_192",5,"254027_0_t1_20240415T110000",2024-04-15 11:00:00,-122.759520499375,37.5499081255392,0,"available_crw"
"254027_0_t1",192,"254027_0_t1_crw_192",6,"254027_0_t1_20240415T170000",2024-04-15 17:00:00,-122.53078862989,37.35659278935,0,"available_crw"
"254027_0_t1",192,"254027_0_t1_crw_192",7,"254027_0_t1_20240415T230000",2024-04-15 23:00:00,-122.57696289179,37.3748519344653,0,"available_crw"
"254027_0_t1",192,"254027_0_t1_crw_192",8,"254027_0_t1_20240416T050000",2024-04-16 05:00:00,-122.684892781042,37.4203241820867,0,"available_crw"
"254027_0_t1",192,"254027_0_t1_crw_192",9,"254027_0_t1_20240416T110000",2024-04-16 11:00:00,-122.791398176162,37.4679810888442,0,"available_crw"
"254027_0_t1",192,"254027_0_t1_crw_192",10,"254027_0_t1_20240416T170000",2024-04-16 17:00:00,-122.929572508528,37.4801927872183,0,"available_crw"
"254027_0_t1",192,"254027_0_t1_crw_192",11,"254027_0_t1_20240416T230000",2024-04-16 23:00:00,-122.920571808588,37.4815948254991,0,"available_crw"
"254027_0_t1",192,"254027_0_t1_crw_192",12,"254027_0_t1_20240417T050000",2024-04-17 05:00:00,-122.591400926177,37.4395094923018,0,"available_crw"
"254027_0_t1",192,"254027_0_t1_crw_192",13,"254027_0_t1_20240417T110000",2024-04-17 11:00:00,-122.43174630134,37.410580571276,0,"available_crw"
"254027_0_t1",192,"254027_0_t1_crw_192",14,"254027_0_t1_20240417T170000",2024-04-17 17:00:00,-122.479991604726,37.4130213041946,0,"available_crw"
"254027_0_t1",192,"254027_0_t1_crw_192",15,"254027_0_t1_20240417T230000",2024-04-17 23:00:00,-122.465404693113,37.4181994817852,0,"available_crw"
"254027_0_t1",192,"254027_0_t1_crw_192",16,"254027_0_t1_20240418T050000",2024-04-18 05:00:00,-122.50225916538,37.3894383331328,0,"available_crw"
"254027_0_t1",192,"254027_0_t1_crw_192",17,"254027_0_t1_20240418T110000",2024-04-18 11:00:00,-122.805340492032,37.2796350283548,0,"available_crw"
"254027_0_t1",192,"254027_0_t1_crw_192",18,"254027_0_t1_20240418T170000",2024-04-18 17:00:00,-122.771516291553,37.2595163785708,0,"available_crw"
"254027_0_t1",192,"254027_0_t1_crw_192",19,"254027_0_t1_20240418T230000",2024-04-18 23:00:00,-122.765782180322,37.2929003362407,0,"available_crw"
"254027_0_t1",192,"254027_0_t1_crw_192",20,"254027_0_t1_20240419T050000",2024-04-19 05:00:00,-122.745980822452,37.2916599293179,0,"available_crw"
"254027_0_t1",192,"254027_0_t1_crw_192",21,"254027_0_t1_20240419T110000",2024-04-19 11:00:00,-122.754899164336,37.2900329955018,0,"available_crw"
"254027_0_t1",193,"254027_0_t1_crw_193",1,"254027_0_t1_20240414T110000",2024-04-14 11:00:00,-122.8070879,37.5402499,0,"available_crw"
"254027_0_t1",193,"254027_0_t1_crw_193",2,"254027_0_t1_20240414T170000",2024-04-14 17:00:00,-122.834551631328,37.4900214245748,0,"available_crw"
"254027_0_t1",193,"254027_0_t1_crw_193",3,"254027_0_t1_20240414T230000",2024-04-14 23:00:00,-122.814097931766,37.5197988818833,0,"available_crw"
"254027_0_t1",193,"254027_0_t1_crw_193",4,"254027_0_t1_20240415T050000",2024-04-15 05:00:00,-122.837827237916,37.4916057948625,0,"available_crw"
"254027_0_t1",193,"254027_0_t1_crw_193",5,"254027_0_t1_20240415T110000",2024-04-15 11:00:00,-122.893780810366,37.3582653301023,0,"available_crw"
"254027_0_t1",193,"254027_0_t1_crw_193",6,"254027_0_t1_20240415T170000",2024-04-15 17:00:00,-122.885985326448,37.3963224898855,0,"available_crw"
"254027_0_t1",193,"254027_0_t1_crw_193",7,"254027_0_t1_20240415T230000",2024-04-15 23:00:00,-122.886053779395,37.3577602517013,0,"available_crw"
"254027_0_t1",193,"254027_0_t1_crw_193",8,"254027_0_t1_20240416T050000",2024-04-16 05:00:00,-122.968426538303,37.3898172914733,0,"available_crw"
"254027_0_t1",193,"254027_0_t1_crw_193",9,"254027_0_t1_20240416T110000",2024-04-16 11:00:00,-123.018437689557,37.4157558192581,0,"available_crw"
"254027_0_t1",193,"254027_0_t1_crw_193",10,"254027_0_t1_20240416T170000",2024-04-16 17:00:00,-123.186474220623,37.4583847733725,0,"available_crw"
"254027_0_t1",193,"254027_0_t1_crw_193",11,"254027_0_t1_20240416T230000",2024-04-16 23:00:00,-123.181570921189,37.4737643292322,0,"available_crw"
"254027_0_t1",193,"254027_0_t1_crw_193",12,"254027_0_t1_20240417T050000",2024-04-17 05:00:00,-123.185831888194,37.4353525418667,0,"available_crw"
"254027_0_t1",193,"254027_0_t1_crw_193",13,"254027_0_t1_20240417T110000",2024-04-17 11:00:00,-123.199465884938,37.4750201248013,0,"available_crw"
"254027_0_t1",193,"254027_0_t1_crw_193",14,"254027_0_t1_20240417T170000",2024-04-17 17:00:00,-123.180601619434,37.480097684298,0,"available_crw"
"254027_0_t1",193,"254027_0_t1_crw_193",15,"254027_0_t1_20240417T230000",2024-04-17 23:00:00,-123.222014122548,37.4721659739823,0,"available_crw"
"254027_0_t1",193,"254027_0_t1_crw_193",16,"254027_0_t1_20240418T050000",2024-04-18 05:00:00,-123.179167340785,37.4950962423914,0,"available_crw"
"254027_0_t1",193,"254027_0_t1_crw_193",17,"254027_0_t1_20240418T110000",2024-04-18 11:00:00,-123.193152702731,37.5105401205905,0,"available_crw"
"254027_0_t1",193,"254027_0_t1_crw_193",18,"254027_0_t1_20240418T170000",2024-04-18 17:00:00,-123.158925532744,37.48327659258,0,"available_crw"
"254027_0_t1",193,"254027_0_t1_crw_193",19,"254027_0_t1_20240418T230000",2024-04-18 23:00:00,-123.108130873887,37.4463681152889,0,"available_crw"
"254027_0_t1",193,"254027_0_t1_crw_193",20,"254027_0_t1_20240419T050000",2024-04-19 05:00:00,-123.205357107409,37.3609088909554,0,"available_crw"
"254027_0_t1",193,"254027_0_t1_crw_193",21,"254027_0_t1_20240419T110000",2024-04-19 11:00:00,-123.179039287689,37.3932497415984,0,"available_crw"
"254027_0_t1",194,"254027_0_t1_crw_194",1,"254027_0_t1_20240414T110000",2024-04-14 11:00:00,-122.8070879,37.5402499,0,"available_crw"
"254027_0_t1",194,"254027_0_t1_crw_194",2,"254027_0_t1_20240414T170000",2024-04-14 17:00:00,-122.937329132655,37.5909481484522,0,"available_crw"
"254027_0_t1",194,"254027_0_t1_crw_194",3,"254027_0_t1_20240414T230000",2024-04-14 23:00:00,-122.921331084893,37.591300590759,0,"available_crw"
"254027_0_t1",194,"254027_0_t1_crw_194",4,"254027_0_t1_20240415T050000",2024-04-15 05:00:00,-122.930018671409,37.588929407272,0,"available_crw"
"254027_0_t1",194,"254027_0_t1_crw_194",5,"254027_0_t1_20240415T110000",2024-04-15 11:00:00,-122.988533880553,37.5791345372003,0,"available_crw"
"254027_0_t1",194,"254027_0_t1_crw_194",6,"254027_0_t1_20240415T170000",2024-04-15 17:00:00,-122.946176096529,37.5831111496446,0,"available_crw"
"254027_0_t1",194,"254027_0_t1_crw_194",7,"254027_0_t1_20240415T230000",2024-04-15 23:00:00,-122.878247848708,37.5920220782826,0,"available_crw"
"254027_0_t1",194,"254027_0_t1_crw_194",8,"254027_0_t1_20240416T050000",2024-04-16 05:00:00,-122.854468681312,37.4781797209783,0,"available_crw"
"254027_0_t1",194,"254027_0_t1_crw_194",9,"254027_0_t1_20240416T110000",2024-04-16 11:00:00,-122.81686731618,37.2261949397726,0,"available_crw"
"254027_0_t1",194,"254027_0_t1_crw_194",10,"254027_0_t1_20240416T170000",2024-04-16 17:00:00,-122.825864943796,37.2367040486118,0,"available_crw"
"254027_0_t1",194,"254027_0_t1_crw_194",11,"254027_0_t1_20240416T230000",2024-04-16 23:00:00,-122.892038383831,37.318476644993,0,"available_crw"
"254027_0_t1",194,"254027_0_t1_crw_194",12,"254027_0_t1_20240417T050000",2024-04-17 05:00:00,-122.911991173867,37.2887876142378,0,"available_crw"
"254027_0_t1",194,"254027_0_t1_crw_194",13,"254027_0_t1_20240417T110000",2024-04-17 11:00:00,-122.911820620431,37.3015226401204,0,"available_crw"
"254027_0_t1",194,"254027_0_t1_crw_194",14,"254027_0_t1_20240417T170000",2024-04-17 17:00:00,-122.935653758214,37.301081479845,0,"available_crw"
"254027_0_t1",194,"254027_0_t1_crw_194",15,"254027_0_t1_20240417T230000",2024-04-17 23:00:00,-122.914450312282,37.2719529956294,0,"available_crw"
"254027_0_t1",194,"254027_0_t1_crw_194",16,"254027_0_t1_20240418T050000",2024-04-18 05:00:00,-122.803707025028,37.2053355307977,0,"available_crw"
"254027_0_t1",194,"254027_0_t1_crw_194",17,"254027_0_t1_20240418T110000",2024-04-18 11:00:00,-122.885094485697,37.1720225096423,0,"available_crw"
"254027_0_t1",194,"254027_0_t1_crw_194",18,"254027_0_t1_20240418T170000",2024-04-18 17:00:00,-123.034546783857,37.1196927457425,0,"available_crw"
"254027_0_t1",194,"254027_0_t1_crw_194",19,"254027_0_t1_20240418T230000",2024-04-18 23:00:00,-122.997610037859,37.1482809038477,0,"available_crw"
"254027_0_t1",194,"254027_0_t1_crw_194",20,"254027_0_t1_20240419T050000",2024-04-19 05:00:00,-122.950631963102,37.188136056989,0,"available_crw"
"254027_0_t1",194,"254027_0_t1_crw_194",21,"254027_0_t1_20240419T110000",2024-04-19 11:00:00,-122.831352066229,37.2773267814127,0,"available_crw"
"254027_0_t1",195,"254027_0_t1_crw_195",1,"254027_0_t1_20240414T110000",2024-04-14 11:00:00,-122.8070879,37.5402499,0,"available_crw"
"254027_0_t1",195,"254027_0_t1_crw_195",2,"254027_0_t1_20240414T170000",2024-04-14 17:00:00,-122.834551631328,37.4900214245748,0,"available_crw"
"254027_0_t1",195,"254027_0_t1_crw_195",3,"254027_0_t1_20240414T230000",2024-04-14 23:00:00,-122.859708604224,37.3508508815449,0,"available_crw"
"254027_0_t1",195,"254027_0_t1_crw_195",4,"254027_0_t1_20240415T050000",2024-04-15 05:00:00,-122.866316566597,37.2963180469051,0,"available_crw"
"254027_0_t1",195,"254027_0_t1_crw_195",5,"254027_0_t1_20240415T110000",2024-04-15 11:00:00,-122.879514884874,37.3360750397204,0,"available_crw"
"254027_0_t1",195,"254027_0_t1_crw_195",6,"254027_0_t1_20240415T170000",2024-04-15 17:00:00,-122.789642159589,37.3219781929615,0,"available_crw"
"254027_0_t1",195,"254027_0_t1_crw_195",7,"254027_0_t1_20240415T230000",2024-04-15 23:00:00,-122.481275236719,37.261164077046,0,"available_crw"
"254027_0_t1",195,"254027_0_t1_crw_195",8,"254027_0_t1_20240416T050000",2024-04-16 05:00:00,-122.532409177258,37.2565593524787,0,"available_crw"
"254027_0_t1",195,"254027_0_t1_crw_195",9,"254027_0_t1_20240416T110000",2024-04-16 11:00:00,-122.600078235763,37.2478652683432,0,"available_crw"
"254027_0_t1",195,"254027_0_t1_crw_195",10,"254027_0_t1_20240416T170000",2024-04-16 17:00:00,-122.57413272781,37.2213112713893,0,"available_crw"
"254027_0_t1",195,"254027_0_t1_crw_195",11,"254027_0_t1_20240416T230000",2024-04-16 23:00:00,-122.390998289188,37.0142090337826,0,"available_crw"
"254027_0_t1",195,"254027_0_t1_crw_195",12,"254027_0_t1_20240417T050000",2024-04-17 05:00:00,-122.412231903557,37.0435774213434,0,"available_crw"
"254027_0_t1",195,"254027_0_t1_crw_195",13,"254027_0_t1_20240417T110000",2024-04-17 11:00:00,-122.43236841459,37.033472513854,0,"available_crw"
"254027_0_t1",195,"254027_0_t1_crw_195",14,"254027_0_t1_20240417T170000",2024-04-17 17:00:00,-122.488517925075,37.0022543769887,0,"available_crw"
"254027_0_t1",195,"254027_0_t1_crw_195",15,"254027_0_t1_20240417T230000",2024-04-17 23:00:00,-122.481150839429,37.0135370710502,0,"available_crw"
"254027_0_t1",195,"254027_0_t1_crw_195",16,"254027_0_t1_20240418T050000",2024-04-18 05:00:00,-122.45228504105,37.0631992065288,0,"available_crw"
"254027_0_t1",195,"254027_0_t1_crw_195",17,"254027_0_t1_20240418T110000",2024-04-18 11:00:00,-122.447226760388,37.1739283572815,0,"available_crw"
"254027_0_t1",195,"254027_0_t1_crw_195",18,"254027_0_t1_20240418T170000",2024-04-18 17:00:00,-122.487476247804,37.3108069448561,0,"available_crw"
"254027_0_t1",195,"254027_0_t1_crw_195",19,"254027_0_t1_20240418T230000",2024-04-18 23:00:00,-122.493880408467,37.3581183877655,0,"available_crw"
"254027_0_t1",195,"254027_0_t1_crw_195",20,"254027_0_t1_20240419T050000",2024-04-19 05:00:00,-122.504431986179,37.4122533222291,0,"available_crw"
"254027_0_t1",195,"254027_0_t1_crw_195",21,"254027_0_t1_20240419T110000",2024-04-19 11:00:00,-122.479277166713,37.3763532495201,0,"available_crw"
"254027_0_t1",196,"254027_0_t1_crw_196",1,"254027_0_t1_20240414T110000",2024-04-14 11:00:00,-122.8070879,37.5402499,0,"available_crw"
"254027_0_t1",196,"254027_0_t1_crw_196",2,"254027_0_t1_20240414T170000",2024-04-14 17:00:00,-123.184363011212,37.5967475928563,0,"available_crw"
"254027_0_t1",196,"254027_0_t1_crw_196",3,"254027_0_t1_20240414T230000",2024-04-14 23:00:00,-123.175242473611,37.5976136626001,0,"available_crw"
"254027_0_t1",196,"254027_0_t1_crw_196",4,"254027_0_t1_20240415T050000",2024-04-15 05:00:00,-123.221216206983,37.5788212706983,0,"available_crw"
"254027_0_t1",196,"254027_0_t1_crw_196",5,"254027_0_t1_20240415T110000",2024-04-15 11:00:00,-123.214671659039,37.5839482474957,0,"available_crw"
"254027_0_t1",196,"254027_0_t1_crw_196",6,"254027_0_t1_20240415T170000",2024-04-15 17:00:00,-123.112856966573,37.5018132551833,0,"available_crw"
"254027_0_t1",196,"254027_0_t1_crw_196",7,"254027_0_t1_20240415T230000",2024-04-15 23:00:00,-123.159643101322,37.5192077158672,0,"available_crw"
"254027_0_t1",196,"254027_0_t1_crw_196",8,"254027_0_t1_20240416T050000",2024-04-16 05:00:00,-123.223281170802,37.5400129824516,0,"available_crw"
"254027_0_t1",196,"254027_0_t1_crw_196",9,"254027_0_t1_20240416T110000",2024-04-16 11:00:00,-123.216805497385,37.555020117162,0,"available_crw"
"254027_0_t1",196,"254027_0_t1_crw_196",10,"254027_0_t1_20240416T170000",2024-04-16 17:00:00,-123.151780985199,37.5033744916531,0,"available_crw"
"254027_0_t1",196,"254027_0_t1_crw_196",11,"254027_0_t1_20240416T230000",2024-04-16 23:00:00,-123.191081310639,37.5258903737257,0,"available_crw"
"254027_0_t1",196,"254027_0_t1_crw_196",12,"254027_0_t1_20240417T050000",2024-04-17 05:00:00,-123.175251131639,37.5240943136937,0,"available_crw"
"254027_0_t1",196,"254027_0_t1_crw_196",13,"254027_0_t1_20240417T110000",2024-04-17 11:00:00,-123.190241342643,37.5556047460272,0,"available_crw"
"254027_0_t1",196,"254027_0_t1_crw_196",14,"254027_0_t1_20240417T170000",2024-04-17 17:00:00,-123.178287482785,37.5471426857951,0,"available_crw"
"254027_0_t1",196,"254027_0_t1_crw_196",15,"254027_0_t1_20240417T230000",2024-04-17 23:00:00,-123.163002996824,37.56179121115,0,"available_crw"
"254027_0_t1",196,"254027_0_t1_crw_196",16,"254027_0_t1_20240418T050000",2024-04-18 05:00:00,-123.119411591462,37.5943612292898,0,"available_crw"
"254027_0_t1",196,"254027_0_t1_crw_196",17,"254027_0_t1_20240418T110000",2024-04-18 11:00:00,-123.020074120081,37.5103153785353,0,"available_crw"
"254027_0_t1",196,"254027_0_t1_crw_196",18,"254027_0_t1_20240418T170000",2024-04-18 17:00:00,-123.00705640198,37.5423764208634,0,"available_crw"
"254027_0_t1",196,"254027_0_t1_crw_196",19,"254027_0_t1_20240418T230000",2024-04-18 23:00:00,-122.869134365667,37.5069917690111,0,"available_crw"
"254027_0_t1",196,"254027_0_t1_crw_196",20,"254027_0_t1_20240419T050000",2024-04-19 05:00:00,-122.878308165379,37.5070614032974,0,"available_crw"
"254027_0_t1",196,"254027_0_t1_crw_196",21,"254027_0_t1_20240419T110000",2024-04-19 11:00:00,-122.829731562005,37.5210025665592,0,"available_crw"
"254027_0_t1",197,"254027_0_t1_crw_197",1,"254027_0_t1_20240414T110000",2024-04-14 11:00:00,-122.8070879,37.5402499,0,"available_crw"
"254027_0_t1",197,"254027_0_t1_crw_197",2,"254027_0_t1_20240414T170000",2024-04-14 17:00:00,-122.960364041708,37.3178661554043,0,"available_crw"
"254027_0_t1",197,"254027_0_t1_crw_197",3,"254027_0_t1_20240414T230000",2024-04-14 23:00:00,-123.125347609663,37.1011001291029,0,"available_crw"
"254027_0_t1",197,"254027_0_t1_crw_197",4,"254027_0_t1_20240415T050000",2024-04-15 05:00:00,-123.107243709662,37.1368352366721,0,"available_crw"
"254027_0_t1",197,"254027_0_t1_crw_197",5,"254027_0_t1_20240415T110000",2024-04-15 11:00:00,-123.14903850842,37.1328569662335,0,"available_crw"
"254027_0_t1",197,"254027_0_t1_crw_197",6,"254027_0_t1_20240415T170000",2024-04-15 17:00:00,-123.102731819919,37.1434760185833,0,"available_crw"
"254027_0_t1",197,"254027_0_t1_crw_197",7,"254027_0_t1_20240415T230000",2024-04-15 23:00:00,-122.943378136715,37.1714759634972,0,"available_crw"
"254027_0_t1",197,"254027_0_t1_crw_197",8,"254027_0_t1_20240416T050000",2024-04-16 05:00:00,-122.949244454198,37.1899331086977,0,"available_crw"
"254027_0_t1",197,"254027_0_t1_crw_197",9,"254027_0_t1_20240416T110000",2024-04-16 11:00:00,-122.969208617997,37.2423436575634,0,"available_crw"
"254027_0_t1",197,"254027_0_t1_crw_197",10,"254027_0_t1_20240416T170000",2024-04-16 17:00:00,-122.831140386318,37.2761221331602,0,"available_crw"
"254027_0_t1",197,"254027_0_t1_crw_197",11,"254027_0_t1_20240416T230000",2024-04-16 23:00:00,-122.874436160029,37.2590995996009,0,"available_crw"
"254027_0_t1",197,"254027_0_t1_crw_197",12,"254027_0_t1_20240417T050000",2024-04-17 05:00:00,-122.985081021616,37.2183876234025,0,"available_crw"
"254027_0_t1",197,"254027_0_t1_crw_197",13,"254027_0_t1_20240417T110000",2024-04-17 11:00:00,-123.137208946888,37.1710552318061,0,"available_crw"
"254027_0_t1",197,"254027_0_t1_crw_197",14,"254027_0_t1_20240417T170000",2024-04-17 17:00:00,-123.096456530422,37.1804863017596,0,"available_crw"
"254027_0_t1",197,"254027_0_t1_crw_197",15,"254027_0_t1_20240417T230000",2024-04-17 23:00:00,-122.937115887137,37.2088161591034,0,"available_crw"
"254027_0_t1",197,"254027_0_t1_crw_197",16,"254027_0_t1_20240418T050000",2024-04-18 05:00:00,-122.758838878321,36.9386615476224,0,"available_crw"
"254027_0_t1",197,"254027_0_t1_crw_197",17,"254027_0_t1_20240418T110000",2024-04-18 11:00:00,-122.765296288331,36.9438150202644,0,"available_crw"
"254027_0_t1",197,"254027_0_t1_crw_197",18,"254027_0_t1_20240418T170000",2024-04-18 17:00:00,-122.679226186691,36.9678720765256,0,"available_crw"
"254027_0_t1",197,"254027_0_t1_crw_197",19,"254027_0_t1_20240418T230000",2024-04-18 23:00:00,-122.522436388949,37.0029646199233,0,"available_crw"
"254027_0_t1",197,"254027_0_t1_crw_197",20,"254027_0_t1_20240419T050000",2024-04-19 05:00:00,-122.363126070262,37.0300111064225,0,"available_crw"
"254027_0_t1",197,"254027_0_t1_crw_197",21,"254027_0_t1_20240419T110000",2024-04-19 11:00:00,-122.39057648526,37.0555316472414,0,"available_crw"
"254027_0_t1",198,"254027_0_t1_crw_198",1,"254027_0_t1_20240414T110000",2024-04-14 11:00:00,-122.8070879,37.5402499,0,"available_crw"
"254027_0_t1",198,"254027_0_t1_crw_198",2,"254027_0_t1_20240414T170000",2024-04-14 17:00:00,-122.825450645075,37.5464155006604,0,"available_crw"
"254027_0_t1",198,"254027_0_t1_crw_198",3,"254027_0_t1_20240414T230000",2024-04-14 23:00:00,-122.809510822771,37.5474693842998,0,"available_crw"
"254027_0_t1",198,"254027_0_t1_crw_198",4,"254027_0_t1_20240415T050000",2024-04-15 05:00:00,-122.68615139101,37.5988076984264,0,"available_crw"
"254027_0_t1",198,"254027_0_t1_crw_198",5,"254027_0_t1_20240415T110000",2024-04-15 11:00:00,-122.725583837791,37.5858604306505,0,"available_crw"
"254027_0_t1",198,"254027_0_t1_crw_198",6,"254027_0_t1_20240415T170000",2024-04-15 17:00:00,-122.823354363342,37.5070184047524,0,"available_crw"
"254027_0_t1",198,"254027_0_t1_crw_198",7,"254027_0_t1_20240415T230000",2024-04-15 23:00:00,-122.795301813154,37.5384469543827,0,"available_crw"
"254027_0_t1",198,"254027_0_t1_crw_198",8,"254027_0_t1_20240416T050000",2024-04-16 05:00:00,-122.808703508337,37.4987271017905,0,"available_crw"
"254027_0_t1",198,"254027_0_t1_crw_198",9,"254027_0_t1_20240416T110000",2024-04-16 11:00:00,-122.789711348712,37.3889668113339,0,"available_crw"
"254027_0_t1",198,"254027_0_t1_crw_198",10,"254027_0_t1_20240416T170000",2024-04-16 17:00:00,-122.760887153472,37.1362450756538,0,"available_crw"
"254027_0_t1",198,"254027_0_t1_crw_198",11,"254027_0_t1_20240416T230000",2024-04-16 23:00:00,-122.746730212524,36.8827189117285,0,"available_crw"
"254027_0_t1",198,"254027_0_t1_crw_198",12,"254027_0_t1_20240417T050000",2024-04-17 05:00:00,-122.693092213566,36.7488720524629,0,"available_crw"
"254027_0_t1",198,"254027_0_t1_crw_198",13,"254027_0_t1_20240417T110000",2024-04-17 11:00:00,-122.829472703589,36.713213754761,0,"available_crw"
"254027_0_t1",198,"254027_0_t1_crw_198",14,"254027_0_t1_20240417T170000",2024-04-17 17:00:00,-123.13311233954,36.6454134997301,0,"available_crw"
"254027_0_t1",198,"254027_0_t1_crw_198",15,"254027_0_t1_20240417T230000",2024-04-17 23:00:00,-123.139501287802,36.660426000951,0,"available_crw"
"254027_0_t1",198,"254027_0_t1_crw_198",16,"254027_0_t1_20240418T050000",2024-04-18 05:00:00,-123.107175502373,36.6285895489429,0,"available_crw"
"254027_0_t1",198,"254027_0_t1_crw_198",17,"254027_0_t1_20240418T110000",2024-04-18 11:00:00,-122.985659519534,36.5768109908996,0,"available_crw"
"254027_0_t1",198,"254027_0_t1_crw_198",18,"254027_0_t1_20240418T170000",2024-04-18 17:00:00,-123.036226715612,36.5821842705164,0,"available_crw"
"254027_0_t1",198,"254027_0_t1_crw_198",19,"254027_0_t1_20240418T230000",2024-04-18 23:00:00,-123.168642558308,36.5526661140772,0,"available_crw"
"254027_0_t1",198,"254027_0_t1_crw_198",20,"254027_0_t1_20240419T050000",2024-04-19 05:00:00,-123.174992228682,36.5676875578514,0,"available_crw"
"254027_0_t1",198,"254027_0_t1_crw_198",21,"254027_0_t1_20240419T110000",2024-04-19 11:00:00,-123.156770593011,36.5736755787954,0,"available_crw"
"254027_0_t1",199,"254027_0_t1_crw_199",1,"254027_0_t1_20240414T110000",2024-04-14 11:00:00,-122.8070879,37.5402499,0,"available_crw"
"254027_0_t1",199,"254027_0_t1_crw_199",2,"254027_0_t1_20240414T170000",2024-04-14 17:00:00,-122.805673818496,37.5474711608111,0,"available_crw"
"254027_0_t1",199,"254027_0_t1_crw_199",3,"254027_0_t1_20240414T230000",2024-04-14 23:00:00,-122.805384632398,37.5089106523383,0,"available_crw"
"254027_0_t1",199,"254027_0_t1_crw_199",4,"254027_0_t1_20240415T050000",2024-04-15 05:00:00,-122.888218118493,37.5404800479569,0,"available_crw"
"254027_0_t1",199,"254027_0_t1_crw_199",5,"254027_0_t1_20240415T110000",2024-04-15 11:00:00,-122.851573485596,37.5231431998806,0,"available_crw"
"254027_0_t1",199,"254027_0_t1_crw_199",6,"254027_0_t1_20240415T170000",2024-04-15 17:00:00,-122.681467718769,37.4856584128984,0,"available_crw"
"254027_0_t1",199,"254027_0_t1_crw_199",7,"254027_0_t1_20240415T230000",2024-04-15 23:00:00,-122.681949559726,37.1800770940526,0,"available_crw"
"254027_0_t1",199,"254027_0_t1_crw_199",8,"254027_0_t1_20240416T050000",2024-04-16 05:00:00,-122.692210034991,37.0497538160766,0,"available_crw"
"254027_0_t1",199,"254027_0_t1_crw_199",9,"254027_0_t1_20240416T110000",2024-04-16 11:00:00,-122.703065995197,36.9527592408536,0,"available_crw"
"254027_0_t1",199,"254027_0_t1_crw_199",10,"254027_0_t1_20240416T170000",2024-04-16 17:00:00,-122.717109860879,36.8560282651112,0,"available_crw"
"254027_0_t1",199,"254027_0_t1_crw_199",11,"254027_0_t1_20240416T230000",2024-04-16 23:00:00,-123.092708766733,36.8087102915714,0,"available_crw"
"254027_0_t1",199,"254027_0_t1_crw_199",12,"254027_0_t1_20240417T050000",2024-04-17 05:00:00,-123.050584333201,36.8109906025557,0,"available_crw"
"254027_0_t1",199,"254027_0_t1_crw_199",13,"254027_0_t1_20240417T110000",2024-04-17 11:00:00,-123.084779997717,36.7432135183952,0,"available_crw"
"254027_0_t1",199,"254027_0_t1_crw_199",14,"254027_0_t1_20240417T170000",2024-04-17 17:00:00,-123.083255054212,36.7843298518973,0,"available_crw"
"254027_0_t1",199,"254027_0_t1_crw_199",15,"254027_0_t1_20240417T230000",2024-04-17 23:00:00,-123.063532562817,36.7847797790093,0,"available_crw"
"254027_0_t1",199,"254027_0_t1_crw_199",16,"254027_0_t1_20240418T050000",2024-04-18 05:00:00,-123.064999875807,36.803789077191,0,"available_crw"
"254027_0_t1",199,"254027_0_t1_crw_199",17,"254027_0_t1_20240418T110000",2024-04-18 11:00:00,-123.044266284189,36.7661869130963,0,"available_crw"
"254027_0_t1",199,"254027_0_t1_crw_199",18,"254027_0_t1_20240418T170000",2024-04-18 17:00:00,-123.013814498258,36.7171803383312,0,"available_crw"
"254027_0_t1",199,"254027_0_t1_crw_199",19,"254027_0_t1_20240418T230000",2024-04-18 23:00:00,-122.89737446921,36.6124115874008,0,"available_crw"
"254027_0_t1",199,"254027_0_t1_crw_199",20,"254027_0_t1_20240419T050000",2024-04-19 05:00:00,-122.942512532132,36.631602814949,0,"available_crw"
"254027_0_t1",199,"254027_0_t1_crw_199",21,"254027_0_t1_20240419T110000",2024-04-19 11:00:00,-122.891905481358,36.6262763232961,0,"available_crw"
"254027_0_t1",200,"254027_0_t1_crw_200",1,"254027_0_t1_20240414T110000",2024-04-14 11:00:00,-122.8070879,37.5402499,0,"available_crw"
"254027_0_t1",200,"254027_0_t1_crw_200",2,"254027_0_t1_20240414T170000",2024-04-14 17:00:00,-122.863940268765,37.4540497673155,0,"available_crw"
"254027_0_t1",200,"254027_0_t1_crw_200",3,"254027_0_t1_20240414T230000",2024-04-14 23:00:00,-122.897970649263,37.4149581069619,0,"available_crw"
"254027_0_t1",200,"254027_0_t1_crw_200",4,"254027_0_t1_20240415T050000",2024-04-15 05:00:00,-122.999286995433,37.3124360832495,0,"available_crw"
"254027_0_t1",200,"254027_0_t1_crw_200",5,"254027_0_t1_20240415T110000",2024-04-15 11:00:00,-122.983482119384,37.3515826960944,0,"available_crw"
"254027_0_t1",200,"254027_0_t1_crw_200",6,"254027_0_t1_20240415T170000",2024-04-15 17:00:00,-122.958324460368,37.3947276319415,0,"available_crw"
"254027_0_t1",200,"254027_0_t1_crw_200",7,"254027_0_t1_20240415T230000",2024-04-15 23:00:00,-122.92873289384,37.5333437780207,0,"available_crw"
"254027_0_t1",200,"254027_0_t1_crw_200",8,"254027_0_t1_20240416T050000",2024-04-16 05:00:00,-122.854105899516,37.4907392859844,0,"available_crw"
"254027_0_t1",200,"254027_0_t1_crw_200",9,"254027_0_t1_20240416T110000",2024-04-16 11:00:00,-122.604646908096,37.3332570912089,0,"available_crw"
"254027_0_t1",200,"254027_0_t1_crw_200",10,"254027_0_t1_20240416T170000",2024-04-16 17:00:00,-122.620312736648,37.335647685727,0,"available_crw"
"254027_0_t1",200,"254027_0_t1_crw_200",11,"254027_0_t1_20240416T230000",2024-04-16 23:00:00,-122.572038476928,37.3345547566014,0,"available_crw"
"254027_0_t1",200,"254027_0_t1_crw_200",12,"254027_0_t1_20240417T050000",2024-04-17 05:00:00,-122.614406702315,37.2697180839545,0,"available_crw"
"254027_0_t1",200,"254027_0_t1_crw_200",13,"254027_0_t1_20240417T110000",2024-04-17 11:00:00,-122.698657447745,37.1578672658571,0,"available_crw"
"254027_0_t1",200,"254027_0_t1_crw_200",14,"254027_0_t1_20240417T170000",2024-04-17 17:00:00,-122.716213672193,37.1652426917615,0,"available_crw"
"254027_0_t1",200,"254027_0_t1_crw_200",15,"254027_0_t1_20240417T230000",2024-04-17 23:00:00,-122.726552076553,37.1480897505085,0,"available_crw"
"254027_0_t1",200,"254027_0_t1_crw_200",16,"254027_0_t1_20240418T050000",2024-04-18 05:00:00,-122.782244894183,37.0615237181599,0,"available_crw"
"254027_0_t1",200,"254027_0_t1_crw_200",17,"254027_0_t1_20240418T110000",2024-04-18 11:00:00,-122.815707611574,37.022213542031,0,"available_crw"
"254027_0_t1",200,"254027_0_t1_crw_200",18,"254027_0_t1_20240418T170000",2024-04-18 17:00:00,-122.854918381586,36.9864937115496,0,"available_crw"
"254027_0_t1",200,"254027_0_t1_crw_200",19,"254027_0_t1_20240418T230000",2024-04-18 23:00:00,-122.836552668768,37.0248988941499,0,"available_crw"
"254027_0_t1",200,"254027_0_t1_crw_200",20,"254027_0_t1_20240419T050000",2024-04-19 05:00:00,-122.789983716044,37.1148494326702,0,"available_crw"
"254027_0_t1",200,"254027_0_t1_crw_200",21,"254027_0_t1_20240419T110000",2024-04-19 11:00:00,-122.801089305419,37.077325545832,0,"available_crw"
