"var","rel.inf"
"so",24.1401759026539
"bathy_km",21.3824241018928
"rugosity",16.7871869421656
"thetao",15.595087771765
"zos",11.7764185549548
"dist_shelf_km",10.3187067265678
