"whale_id","iteration","sim_id","step_id","choice_id","dTime","long","lat","used","location_type"
"254027_0_t1",1,"254027_0_t1_crw_001",1,"254027_0_t1_20240411T170000",2024-04-11 17:00:00,-121.8431658,36.81026373,0,"available_crw"
"254027_0_t1",1,"254027_0_t1_crw_001",2,"254027_0_t1_20240411T230000",2024-04-11 23:00:00,-121.964185643552,36.8139417624546,0,"available_crw"
"254027_0_t1",1,"254027_0_t1_crw_001",3,"254027_0_t1_20240412T050000",2024-04-12 05:00:00,-122.085060846533,36.8200917026166,0,"available_crw"
"254027_0_t1",1,"254027_0_t1_crw_001",4,"254027_0_t1_20240412T110000",2024-04-12 11:00:00,-122.037324345648,36.8238587677235,0,"available_crw"
"254027_0_t1",1,"254027_0_t1_crw_001",5,"254027_0_t1_20240412T170000",2024-04-12 17:00:00,-121.924121105316,36.8612341469056,0,"available_crw"
"254027_0_t1",1,"254027_0_t1_crw_001",6,"254027_0_t1_20240412T230000",2024-04-12 23:00:00,-121.866969309246,36.8737159679834,0,"available_crw"
"254027_0_t1",1,"254027_0_t1_crw_001",7,"254027_0_t1_20240413T050000",2024-04-13 05:00:00,-121.860693856968,36.8586703526499,0,"available_crw"
"254027_0_t1",1,"254027_0_t1_crw_001",8,"254027_0_t1_20240413T110000",2024-04-13 11:00:00,-121.835198902273,36.7008342322672,0,"available_crw"
"254027_0_t1",1,"254027_0_t1_crw_001",9,"254027_0_t1_20240413T170000",2024-04-13 17:00:00,-121.854559582207,36.6978763533764,0,"available_crw"
"254027_0_t1",1,"254027_0_t1_crw_001",10,"254027_0_t1_20240413T230000",2024-04-13 23:00:00,-121.827893862205,36.6719115524705,0,"available_crw"
"254027_0_t1",1,"254027_0_t1_crw_001",11,"254027_0_t1_20240414T050000",2024-04-14 05:00:00,-121.872105446781,36.692493558346,0,"available_crw"
"254027_0_t1",1,"254027_0_t1_crw_001",12,"254027_0_t1_20240414T110000",2024-04-14 11:00:00,-121.872951483627,36.6588041064545,0,"available_crw"
"254027_0_t1",1,"254027_0_t1_crw_001",13,"254027_0_t1_20240414T170000",2024-04-14 17:00:00,-121.943346808041,36.4444810465216,0,"available_crw"
"254027_0_t1",1,"254027_0_t1_crw_001",14,"254027_0_t1_20240414T230000",2024-04-14 23:00:00,-122.011961703657,36.4922152533249,0,"available_crw"
"254027_0_t1",1,"254027_0_t1_crw_001",15,"254027_0_t1_20240415T050000",2024-04-15 05:00:00,-122.06541856945,36.5259750714939,0,"available_crw"
"254027_0_t1",1,"254027_0_t1_crw_001",16,"254027_0_t1_20240415T110000",2024-04-15 11:00:00,-122.023562943782,36.5073798442807,0,"available_crw"
"254027_0_t1",1,"254027_0_t1_crw_001",17,"254027_0_t1_20240415T170000",2024-04-15 17:00:00,-122.039336139854,36.5076522128309,0,"available_crw"
"254027_0_t1",1,"254027_0_t1_crw_001",18,"254027_0_t1_20240415T230000",2024-04-15 23:00:00,-122.132669441202,36.8038495514036,0,"available_crw"
"254027_0_t1",1,"254027_0_t1_crw_001",19,"254027_0_t1_20240416T050000",2024-04-16 05:00:00,-122.195823929548,36.888109196818,0,"available_crw"
"254027_0_t1",1,"254027_0_t1_crw_001",20,"254027_0_t1_20240416T110000",2024-04-16 11:00:00,-122.278482230095,37.0996812375266,0,"available_crw"
"254027_0_t1",1,"254027_0_t1_crw_001",21,"254027_0_t1_20240416T170000",2024-04-16 17:00:00,-122.300911447632,37.0933668875092,0,"available_crw"
"254027_0_t1",1,"254027_0_t1_crw_001",22,"254027_0_t1_20240416T230000",2024-04-16 23:00:00,-122.445095109756,37.0132596240367,0,"available_crw"
"254027_0_t1",1,"254027_0_t1_crw_001",23,"254027_0_t1_20240417T050000",2024-04-17 05:00:00,-122.540316258287,36.9528914308007,0,"available_crw"
"254027_0_t1",1,"254027_0_t1_crw_001",24,"254027_0_t1_20240417T110000",2024-04-17 11:00:00,-122.476388777829,36.8203053872023,0,"available_crw"
"254027_0_t1",1,"254027_0_t1_crw_001",25,"254027_0_t1_20240417T170000",2024-04-17 17:00:00,-122.437659654973,36.7449636723031,0,"available_crw"
"254027_0_t1",1,"254027_0_t1_crw_001",26,"254027_0_t1_20240417T230000",2024-04-17 23:00:00,-122.384740640346,36.6574146709462,0,"available_crw"
"254027_0_t1",1,"254027_0_t1_crw_001",27,"254027_0_t1_20240418T050000",2024-04-18 05:00:00,-122.645168923959,36.4844903598199,0,"available_crw"
"254027_0_t1",1,"254027_0_t1_crw_001",28,"254027_0_t1_20240418T110000",2024-04-18 11:00:00,-122.71266888148,36.4026111458062,0,"available_crw"
"254027_0_t1",1,"254027_0_t1_crw_001",29,"254027_0_t1_20240418T170000",2024-04-18 17:00:00,-122.682657003955,36.3553124752812,0,"available_crw"
"254027_0_t1",1,"254027_0_t1_crw_001",30,"254027_0_t1_20240418T230000",2024-04-18 23:00:00,-122.577720564729,36.2841108185497,0,"available_crw"
"254027_0_t1",1,"254027_0_t1_crw_001",31,"254027_0_t1_20240419T050000",2024-04-19 05:00:00,-122.669066385302,36.1955192732681,0,"available_crw"
"254027_0_t1",1,"254027_0_t1_crw_001",32,"254027_0_t1_20240419T110000",2024-04-19 11:00:00,-122.650528615946,36.1838143999674,0,"available_crw"
"254027_0_t1",2,"254027_0_t1_crw_002",1,"254027_0_t1_20240411T170000",2024-04-11 17:00:00,-121.8431658,36.81026373,0,"available_crw"
"254027_0_t1",2,"254027_0_t1_crw_002",2,"254027_0_t1_20240411T230000",2024-04-11 23:00:00,-121.911310012985,36.9516577363603,0,"available_crw"
"254027_0_t1",2,"254027_0_t1_crw_002",3,"254027_0_t1_20240412T050000",2024-04-12 05:00:00,-121.933130098809,36.9441791012198,0,"available_crw"
"254027_0_t1",2,"254027_0_t1_crw_002",4,"254027_0_t1_20240412T110000",2024-04-12 11:00:00,-122.028867530706,36.8643974390231,0,"available_crw"
"254027_0_t1",2,"254027_0_t1_crw_002",5,"254027_0_t1_20240412T170000",2024-04-12 17:00:00,-121.943404521592,36.7399381583848,0,"available_crw"
"254027_0_t1",2,"254027_0_t1_crw_002",6,"254027_0_t1_20240412T230000",2024-04-12 23:00:00,-121.907807535237,36.693244138832,0,"available_crw"
"254027_0_t1",2,"254027_0_t1_crw_002",7,"254027_0_t1_20240413T050000",2024-04-13 05:00:00,-121.887121776398,36.7225364470436,0,"available_crw"
"254027_0_t1",2,"254027_0_t1_crw_002",8,"254027_0_t1_20240413T110000",2024-04-13 11:00:00,-121.839057321923,36.7942994435103,0,"available_crw"
"254027_0_t1",2,"254027_0_t1_crw_002",9,"254027_0_t1_20240413T170000",2024-04-13 17:00:00,-121.821176544011,36.7875930238188,0,"available_crw"
"254027_0_t1",2,"254027_0_t1_crw_002",10,"254027_0_t1_20240413T230000",2024-04-13 23:00:00,-121.872146616383,36.7909056473825,0,"available_crw"
"254027_0_t1",2,"254027_0_t1_crw_002",11,"254027_0_t1_20240414T050000",2024-04-14 05:00:00,-121.854945884255,36.7601821175825,0,"available_crw"
"254027_0_t1",2,"254027_0_t1_crw_002",12,"254027_0_t1_20240414T110000",2024-04-14 11:00:00,-121.98553735273,36.7125222720111,0,"available_crw"
"254027_0_t1",2,"254027_0_t1_crw_002",13,"254027_0_t1_20240414T170000",2024-04-14 17:00:00,-122.314589866972,36.6918549477217,0,"available_crw"
"254027_0_t1",2,"254027_0_t1_crw_002",14,"254027_0_t1_20240414T230000",2024-04-14 23:00:00,-122.478702125699,36.6439378053953,0,"available_crw"
"254027_0_t1",2,"254027_0_t1_crw_002",15,"254027_0_t1_20240415T050000",2024-04-15 05:00:00,-122.699166131605,36.8928090828738,0,"available_crw"
"254027_0_t1",2,"254027_0_t1_crw_002",16,"254027_0_t1_20240415T110000",2024-04-15 11:00:00,-122.691909322066,36.8883989114068,0,"available_crw"
"254027_0_t1",2,"254027_0_t1_crw_002",17,"254027_0_t1_20240415T170000",2024-04-15 17:00:00,-122.548060840943,36.9713425288137,0,"available_crw"
"254027_0_t1",2,"254027_0_t1_crw_002",18,"254027_0_t1_20240415T230000",2024-04-15 23:00:00,-122.228703368293,37.0422668758493,0,"available_crw"
"254027_0_t1",2,"254027_0_t1_crw_002",19,"254027_0_t1_20240416T050000",2024-04-16 05:00:00,-122.236372856143,37.0383149380587,0,"available_crw"
"254027_0_t1",2,"254027_0_t1_crw_002",20,"254027_0_t1_20240416T110000",2024-04-16 11:00:00,-122.378447346483,36.9745352339508,0,"available_crw"
"254027_0_t1",2,"254027_0_t1_crw_002",21,"254027_0_t1_20240416T170000",2024-04-16 17:00:00,-122.485795466115,36.929140113362,0,"available_crw"
"254027_0_t1",2,"254027_0_t1_crw_002",22,"254027_0_t1_20240416T230000",2024-04-16 23:00:00,-122.453090146007,36.7894069526742,0,"available_crw"
"254027_0_t1",2,"254027_0_t1_crw_002",23,"254027_0_t1_20240417T050000",2024-04-17 05:00:00,-122.594031989251,36.7677881883482,0,"available_crw"
"254027_0_t1",2,"254027_0_t1_crw_002",24,"254027_0_t1_20240417T110000",2024-04-17 11:00:00,-122.556103974532,36.6070133017511,0,"available_crw"
"254027_0_t1",2,"254027_0_t1_crw_002",25,"254027_0_t1_20240417T170000",2024-04-17 17:00:00,-122.499784460912,36.5197566127643,0,"available_crw"
"254027_0_t1",2,"254027_0_t1_crw_002",26,"254027_0_t1_20240417T230000",2024-04-17 23:00:00,-122.434515708672,36.3043776067501,0,"available_crw"
"254027_0_t1",2,"254027_0_t1_crw_002",27,"254027_0_t1_20240418T050000",2024-04-18 05:00:00,-122.403857612796,36.3271852222016,0,"available_crw"
"254027_0_t1",2,"254027_0_t1_crw_002",28,"254027_0_t1_20240418T110000",2024-04-18 11:00:00,-122.31301816491,36.3911128236117,0,"available_crw"
"254027_0_t1",2,"254027_0_t1_crw_002",29,"254027_0_t1_20240418T170000",2024-04-18 17:00:00,-122.445836172675,36.5146844719045,0,"available_crw"
"254027_0_t1",2,"254027_0_t1_crw_002",30,"254027_0_t1_20240418T230000",2024-04-18 23:00:00,-122.463106659622,36.5017082872074,0,"available_crw"
"254027_0_t1",2,"254027_0_t1_crw_002",31,"254027_0_t1_20240419T050000",2024-04-19 05:00:00,-122.458620232773,36.5080574718678,0,"available_crw"
"254027_0_t1",2,"254027_0_t1_crw_002",32,"254027_0_t1_20240419T110000",2024-04-19 11:00:00,-122.479498436713,36.5169300303644,0,"available_crw"
"254027_0_t1",3,"254027_0_t1_crw_003",1,"254027_0_t1_20240411T170000",2024-04-11 17:00:00,-121.8431658,36.81026373,0,"available_crw"
"254027_0_t1",3,"254027_0_t1_crw_003",2,"254027_0_t1_20240411T230000",2024-04-11 23:00:00,-121.901811714782,36.8166632319724,0,"available_crw"
"254027_0_t1",3,"254027_0_t1_crw_003",3,"254027_0_t1_20240412T050000",2024-04-12 05:00:00,-122.022600257583,36.8011067595959,0,"available_crw"
"254027_0_t1",3,"254027_0_t1_crw_003",4,"254027_0_t1_20240412T110000",2024-04-12 11:00:00,-122.132561219075,36.7580727045634,0,"available_crw"
"254027_0_t1",3,"254027_0_t1_crw_003",5,"254027_0_t1_20240412T170000",2024-04-12 17:00:00,-122.323665275597,36.7170952105949,0,"available_crw"
"254027_0_t1",3,"254027_0_t1_crw_003",6,"254027_0_t1_20240412T230000",2024-04-12 23:00:00,-122.520911620992,36.7062184960279,0,"available_crw"
"254027_0_t1",3,"254027_0_t1_crw_003",7,"254027_0_t1_20240413T050000",2024-04-13 05:00:00,-122.717127002973,36.7258404470829,0,"available_crw"
"254027_0_t1",3,"254027_0_t1_crw_003",8,"254027_0_t1_20240413T110000",2024-04-13 11:00:00,-122.837543402857,36.7091155788983,0,"available_crw"
"254027_0_t1",3,"254027_0_t1_crw_003",9,"254027_0_t1_20240413T170000",2024-04-13 17:00:00,-123.112366445249,36.7238111558034,0,"available_crw"
"254027_0_t1",3,"254027_0_t1_crw_003",10,"254027_0_t1_20240413T230000",2024-04-13 23:00:00,-123.425815493063,36.7514692782769,0,"available_crw"
"254027_0_t1",3,"254027_0_t1_crw_003",11,"254027_0_t1_20240414T050000",2024-04-14 05:00:00,-123.377956405684,36.7535065019297,0,"available_crw"
"254027_0_t1",3,"254027_0_t1_crw_003",12,"254027_0_t1_20240414T110000",2024-04-14 11:00:00,-123.370150183131,36.6382563042727,0,"available_crw"
"254027_0_t1",3,"254027_0_t1_crw_003",13,"254027_0_t1_20240414T170000",2024-04-14 17:00:00,-123.356207335841,36.5415351949086,0,"available_crw"
"254027_0_t1",3,"254027_0_t1_crw_003",14,"254027_0_t1_20240414T230000",2024-04-14 23:00:00,-123.322189491133,36.5610916685252,0,"available_crw"
"254027_0_t1",3,"254027_0_t1_crw_003",15,"254027_0_t1_20240415T050000",2024-04-15 05:00:00,-123.270271251482,36.583707918575,0,"available_crw"
"254027_0_t1",3,"254027_0_t1_crw_003",16,"254027_0_t1_20240415T110000",2024-04-15 11:00:00,-123.126041855205,36.4864956988077,0,"available_crw"
"254027_0_t1",3,"254027_0_t1_crw_003",17,"254027_0_t1_20240415T170000",2024-04-15 17:00:00,-123.06452640868,36.5054480141298,0,"available_crw"
"254027_0_t1",3,"254027_0_t1_crw_003",18,"254027_0_t1_20240415T230000",2024-04-15 23:00:00,-123.007262761313,36.5167821944433,0,"available_crw"
"254027_0_t1",3,"254027_0_t1_crw_003",19,"254027_0_t1_20240416T050000",2024-04-16 05:00:00,-123.051248372351,36.5017262380456,0,"available_crw"
"254027_0_t1",3,"254027_0_t1_crw_003",20,"254027_0_t1_20240416T110000",2024-04-16 11:00:00,-123.112408802407,36.4779845959144,0,"available_crw"
"254027_0_t1",3,"254027_0_t1_crw_003",21,"254027_0_t1_20240416T170000",2024-04-16 17:00:00,-123.325653792141,36.6888302992997,0,"available_crw"
"254027_0_t1",3,"254027_0_t1_crw_003",22,"254027_0_t1_20240416T230000",2024-04-16 23:00:00,-123.51418983261,36.8923338538866,0,"available_crw"
"254027_0_t1",3,"254027_0_t1_crw_003",23,"254027_0_t1_20240417T050000",2024-04-17 05:00:00,-123.49907220801,36.902552409239,0,"available_crw"
"254027_0_t1",3,"254027_0_t1_crw_003",24,"254027_0_t1_20240417T110000",2024-04-17 11:00:00,-123.449360268015,36.9284655060519,0,"available_crw"
"254027_0_t1",3,"254027_0_t1_crw_003",25,"254027_0_t1_20240417T170000",2024-04-17 17:00:00,-123.457150294662,36.9173707054346,0,"available_crw"
"254027_0_t1",3,"254027_0_t1_crw_003",26,"254027_0_t1_20240417T230000",2024-04-17 23:00:00,-123.783232797737,36.9917492764846,0,"available_crw"
"254027_0_t1",3,"254027_0_t1_crw_003",27,"254027_0_t1_20240418T050000",2024-04-18 05:00:00,-123.936946653942,37.0348224147989,0,"available_crw"
"254027_0_t1",3,"254027_0_t1_crw_003",28,"254027_0_t1_20240418T110000",2024-04-18 11:00:00,-123.986499833404,36.9995221555678,0,"available_crw"
"254027_0_t1",3,"254027_0_t1_crw_003",29,"254027_0_t1_20240418T170000",2024-04-18 17:00:00,-123.970139885721,36.9857221918102,0,"available_crw"
"254027_0_t1",3,"254027_0_t1_crw_003",30,"254027_0_t1_20240418T230000",2024-04-18 23:00:00,-123.838549013563,36.7419049402946,0,"available_crw"
"254027_0_t1",3,"254027_0_t1_crw_003",31,"254027_0_t1_20240419T050000",2024-04-19 05:00:00,-123.783506621023,36.6190767082497,0,"available_crw"
"254027_0_t1",3,"254027_0_t1_crw_003",32,"254027_0_t1_20240419T110000",2024-04-19 11:00:00,-123.770479341476,36.5726591868311,0,"available_crw"
"254027_0_t1",4,"254027_0_t1_crw_004",1,"254027_0_t1_20240411T170000",2024-04-11 17:00:00,-121.8431658,36.81026373,0,"available_crw"
"254027_0_t1",4,"254027_0_t1_crw_004",2,"254027_0_t1_20240411T230000",2024-04-11 23:00:00,-122.050772744044,36.8468579507232,0,"available_crw"
"254027_0_t1",4,"254027_0_t1_crw_004",3,"254027_0_t1_20240412T050000",2024-04-12 05:00:00,-122.094563149902,36.8070334018209,0,"available_crw"
"254027_0_t1",4,"254027_0_t1_crw_004",4,"254027_0_t1_20240412T110000",2024-04-12 11:00:00,-122.090849373987,36.8137043943672,0,"available_crw"
"254027_0_t1",4,"254027_0_t1_crw_004",5,"254027_0_t1_20240412T170000",2024-04-12 17:00:00,-122.065914958709,36.8646947123554,0,"available_crw"
"254027_0_t1",4,"254027_0_t1_crw_004",6,"254027_0_t1_20240412T230000",2024-04-12 23:00:00,-122.064218423233,36.8520322752253,0,"available_crw"
"254027_0_t1",4,"254027_0_t1_crw_004",7,"254027_0_t1_20240413T050000",2024-04-13 05:00:00,-122.084961788282,36.6819854752347,0,"available_crw"
"254027_0_t1",4,"254027_0_t1_crw_004",8,"254027_0_t1_20240413T110000",2024-04-13 11:00:00,-122.110663654333,36.5530558090032,0,"available_crw"
"254027_0_t1",4,"254027_0_t1_crw_004",9,"254027_0_t1_20240413T170000",2024-04-13 17:00:00,-122.1206153684,36.5933978036049,0,"available_crw"
"254027_0_t1",4,"254027_0_t1_crw_004",10,"254027_0_t1_20240413T230000",2024-04-13 23:00:00,-122.296039950947,36.6078846509971,0,"available_crw"
"254027_0_t1",4,"254027_0_t1_crw_004",11,"254027_0_t1_20240414T050000",2024-04-14 05:00:00,-122.607579726366,36.6446757893292,0,"available_crw"
"254027_0_t1",4,"254027_0_t1_crw_004",12,"254027_0_t1_20240414T110000",2024-04-14 11:00:00,-122.917062247504,36.6921568173016,0,"available_crw"
"254027_0_t1",4,"254027_0_t1_crw_004",13,"254027_0_t1_20240414T170000",2024-04-14 17:00:00,-122.954920827054,36.531372037839,0,"available_crw"
"254027_0_t1",4,"254027_0_t1_crw_004",14,"254027_0_t1_20240414T230000",2024-04-14 23:00:00,-122.942115056771,36.4335376003139,0,"available_crw"
"254027_0_t1",4,"254027_0_t1_crw_004",15,"254027_0_t1_20240415T050000",2024-04-15 05:00:00,-122.907893987644,36.4528078762131,0,"available_crw"
"254027_0_t1",4,"254027_0_t1_crw_004",16,"254027_0_t1_20240415T110000",2024-04-15 11:00:00,-123.023699412728,36.5871473318374,0,"available_crw"
"254027_0_t1",4,"254027_0_t1_crw_004",17,"254027_0_t1_20240415T170000",2024-04-15 17:00:00,-123.051230576118,36.6292486733473,0,"available_crw"
"254027_0_t1",4,"254027_0_t1_crw_004",18,"254027_0_t1_20240415T230000",2024-04-15 23:00:00,-123.114102203101,36.7124128530061,0,"available_crw"
"254027_0_t1",4,"254027_0_t1_crw_004",19,"254027_0_t1_20240416T050000",2024-04-16 05:00:00,-123.19785468435,36.9236776339343,0,"available_crw"
"254027_0_t1",4,"254027_0_t1_crw_004",20,"254027_0_t1_20240416T110000",2024-04-16 11:00:00,-123.231687018366,37.0172030948716,0,"available_crw"
"254027_0_t1",4,"254027_0_t1_crw_004",21,"254027_0_t1_20240416T170000",2024-04-16 17:00:00,-123.082519799649,37.1104935995352,0,"available_crw"
"254027_0_t1",4,"254027_0_t1_crw_004",22,"254027_0_t1_20240416T230000",2024-04-16 23:00:00,-123.01498549211,37.2072210493017,0,"available_crw"
"254027_0_t1",4,"254027_0_t1_crw_004",23,"254027_0_t1_20240417T050000",2024-04-17 05:00:00,-123.137794761939,37.3100730043758,0,"available_crw"
"254027_0_t1",4,"254027_0_t1_crw_004",24,"254027_0_t1_20240417T110000",2024-04-17 11:00:00,-123.122691870977,37.3059911976835,0,"available_crw"
"254027_0_t1",4,"254027_0_t1_crw_004",25,"254027_0_t1_20240417T170000",2024-04-17 17:00:00,-123.14434418378,37.0008897403386,0,"available_crw"
"254027_0_t1",4,"254027_0_t1_crw_004",26,"254027_0_t1_20240417T230000",2024-04-17 23:00:00,-123.176639746515,36.7484326615012,0,"available_crw"
"254027_0_t1",4,"254027_0_t1_crw_004",27,"254027_0_t1_20240418T050000",2024-04-18 05:00:00,-123.550857169944,36.6969740580392,0,"available_crw"
"254027_0_t1",4,"254027_0_t1_crw_004",28,"254027_0_t1_20240418T110000",2024-04-18 11:00:00,-123.51656478531,36.5356745154243,0,"available_crw"
"254027_0_t1",4,"254027_0_t1_crw_004",29,"254027_0_t1_20240418T170000",2024-04-18 17:00:00,-123.341888260326,36.5171298092472,0,"available_crw"
"254027_0_t1",4,"254027_0_t1_crw_004",30,"254027_0_t1_20240418T230000",2024-04-18 23:00:00,-123.086117362371,36.4364758199084,0,"available_crw"
"254027_0_t1",4,"254027_0_t1_crw_004",31,"254027_0_t1_20240419T050000",2024-04-19 05:00:00,-123.132590181083,36.1669861088948,0,"available_crw"
"254027_0_t1",4,"254027_0_t1_crw_004",32,"254027_0_t1_20240419T110000",2024-04-19 11:00:00,-123.133646871334,36.2055465903646,0,"available_crw"
"254027_0_t1",5,"254027_0_t1_crw_005",1,"254027_0_t1_20240411T170000",2024-04-11 17:00:00,-121.8431658,36.81026373,0,"available_crw"
"254027_0_t1",5,"254027_0_t1_crw_005",2,"254027_0_t1_20240411T230000",2024-04-11 23:00:00,-121.964089390817,36.8053723501031,0,"available_crw"
"254027_0_t1",5,"254027_0_t1_crw_005",3,"254027_0_t1_20240412T050000",2024-04-12 05:00:00,-122.031893235022,36.8000230666569,0,"available_crw"
"254027_0_t1",5,"254027_0_t1_crw_005",4,"254027_0_t1_20240412T110000",2024-04-12 11:00:00,-122.195091052501,36.749660104172,0,"available_crw"
"254027_0_t1",5,"254027_0_t1_crw_005",5,"254027_0_t1_20240412T170000",2024-04-12 17:00:00,-122.294148366156,36.6727337139154,0,"available_crw"
"254027_0_t1",5,"254027_0_t1_crw_005",6,"254027_0_t1_20240412T230000",2024-04-12 23:00:00,-122.348056203331,36.5707984936607,0,"available_crw"
"254027_0_t1",5,"254027_0_t1_crw_005",7,"254027_0_t1_20240413T050000",2024-04-13 05:00:00,-122.680816891607,36.6158340441383,0,"available_crw"
"254027_0_t1",5,"254027_0_t1_crw_005",8,"254027_0_t1_20240413T110000",2024-04-13 11:00:00,-122.748320473315,36.6222663764788,0,"available_crw"
"254027_0_t1",5,"254027_0_t1_crw_005",9,"254027_0_t1_20240413T170000",2024-04-13 17:00:00,-122.868464958957,36.6050331392051,0,"available_crw"
"254027_0_t1",5,"254027_0_t1_crw_005",10,"254027_0_t1_20240413T230000",2024-04-13 23:00:00,-122.987881450555,36.5904163881671,0,"available_crw"
"254027_0_t1",5,"254027_0_t1_crw_005",11,"254027_0_t1_20240414T050000",2024-04-14 05:00:00,-123.097985862174,36.5481030105386,0,"available_crw"
"254027_0_t1",5,"254027_0_t1_crw_005",12,"254027_0_t1_20240414T110000",2024-04-14 11:00:00,-123.425812187154,36.522462301855,0,"available_crw"
"254027_0_t1",5,"254027_0_t1_crw_005",13,"254027_0_t1_20240414T170000",2024-04-14 17:00:00,-123.697928590106,36.5532923292005,0,"available_crw"
"254027_0_t1",5,"254027_0_t1_crw_005",14,"254027_0_t1_20240414T230000",2024-04-14 23:00:00,-123.856619484547,36.579111509099,0,"available_crw"
"254027_0_t1",5,"254027_0_t1_crw_005",15,"254027_0_t1_20240415T050000",2024-04-15 05:00:00,-123.912610933957,36.5941437831178,0,"available_crw"
"254027_0_t1",5,"254027_0_t1_crw_005",16,"254027_0_t1_20240415T110000",2024-04-15 11:00:00,-123.897019715712,36.5961821545268,0,"available_crw"
"254027_0_t1",5,"254027_0_t1_crw_005",17,"254027_0_t1_20240415T170000",2024-04-15 17:00:00,-123.922792397212,36.6227121295123,0,"available_crw"
"254027_0_t1",5,"254027_0_t1_crw_005",18,"254027_0_t1_20240415T230000",2024-04-15 23:00:00,-123.987039865184,36.6856930538602,0,"available_crw"
"254027_0_t1",5,"254027_0_t1_crw_005",19,"254027_0_t1_20240416T050000",2024-04-16 05:00:00,-123.96330801691,36.6576419153436,0,"available_crw"
"254027_0_t1",5,"254027_0_t1_crw_005",20,"254027_0_t1_20240416T110000",2024-04-16 11:00:00,-123.885784919248,36.5112585681019,0,"available_crw"
"254027_0_t1",5,"254027_0_t1_crw_005",21,"254027_0_t1_20240416T170000",2024-04-16 17:00:00,-123.868426300085,36.245849819289,0,"available_crw"
"254027_0_t1",5,"254027_0_t1_crw_005",22,"254027_0_t1_20240416T230000",2024-04-16 23:00:00,-123.896049434907,36.0882457655265,0,"available_crw"
"254027_0_t1",5,"254027_0_t1_crw_005",23,"254027_0_t1_20240417T050000",2024-04-17 05:00:00,-123.96735653173,35.9274820313746,0,"available_crw"
"254027_0_t1",5,"254027_0_t1_crw_005",24,"254027_0_t1_20240417T110000",2024-04-17 11:00:00,-123.827797603643,35.8419121294667,0,"available_crw"
"254027_0_t1",5,"254027_0_t1_crw_005",25,"254027_0_t1_20240417T170000",2024-04-17 17:00:00,-123.706098585553,35.7568945971322,0,"available_crw"
"254027_0_t1",5,"254027_0_t1_crw_005",26,"254027_0_t1_20240417T230000",2024-04-17 23:00:00,-123.479896592137,35.5826559641923,0,"available_crw"
"254027_0_t1",5,"254027_0_t1_crw_005",27,"254027_0_t1_20240418T050000",2024-04-18 05:00:00,-123.507408578336,35.6081110278809,0,"available_crw"
"254027_0_t1",5,"254027_0_t1_crw_005",28,"254027_0_t1_20240418T110000",2024-04-18 11:00:00,-123.540331712444,35.6473957726763,0,"available_crw"
"254027_0_t1",5,"254027_0_t1_crw_005",29,"254027_0_t1_20240418T170000",2024-04-18 17:00:00,-123.6365539994,35.8548303489838,0,"available_crw"
"254027_0_t1",5,"254027_0_t1_crw_005",30,"254027_0_t1_20240418T230000",2024-04-18 23:00:00,-123.730600722817,35.9349933691874,0,"available_crw"
"254027_0_t1",5,"254027_0_t1_crw_005",31,"254027_0_t1_20240419T050000",2024-04-19 05:00:00,-123.93611667064,36.1261752437531,0,"available_crw"
"254027_0_t1",5,"254027_0_t1_crw_005",32,"254027_0_t1_20240419T110000",2024-04-19 11:00:00,-123.89950224672,36.1015822850211,0,"available_crw"
"254027_0_t1",6,"254027_0_t1_crw_006",1,"254027_0_t1_20240411T170000",2024-04-11 17:00:00,-121.8431658,36.81026373,0,"available_crw"
"254027_0_t1",6,"254027_0_t1_crw_006",2,"254027_0_t1_20240411T230000",2024-04-11 23:00:00,-121.829045181328,36.8160322824237,0,"available_crw"
"254027_0_t1",6,"254027_0_t1_crw_006",3,"254027_0_t1_20240412T050000",2024-04-12 05:00:00,-121.773367374512,36.8321817739727,0,"available_crw"
"254027_0_t1",6,"254027_0_t1_crw_006",4,"254027_0_t1_20240412T110000",2024-04-12 11:00:00,-121.81530121411,36.8134638190239,0,"available_crw"
"254027_0_t1",6,"254027_0_t1_crw_006",5,"254027_0_t1_20240412T170000",2024-04-12 17:00:00,-121.961762541096,36.9090610981407,0,"available_crw"
"254027_0_t1",6,"254027_0_t1_crw_006",6,"254027_0_t1_20240412T230000",2024-04-12 23:00:00,-122.090094427434,36.7820254962488,0,"available_crw"
"254027_0_t1",6,"254027_0_t1_crw_006",7,"254027_0_t1_20240413T050000",2024-04-13 05:00:00,-122.066237234372,36.8154768134337,0,"available_crw"
"254027_0_t1",6,"254027_0_t1_crw_006",8,"254027_0_t1_20240413T110000",2024-04-13 11:00:00,-122.074651514569,36.77490635681,0,"available_crw"
"254027_0_t1",6,"254027_0_t1_crw_006",9,"254027_0_t1_20240413T170000",2024-04-13 17:00:00,-122.216244682501,36.7935846828343,0,"available_crw"
"254027_0_t1",6,"254027_0_t1_crw_006",10,"254027_0_t1_20240413T230000",2024-04-13 23:00:00,-122.16829546618,36.7935303789002,0,"available_crw"
"254027_0_t1",6,"254027_0_t1_crw_006",11,"254027_0_t1_20240414T050000",2024-04-14 05:00:00,-122.216259812136,36.7792664739765,0,"available_crw"
"254027_0_t1",6,"254027_0_t1_crw_006",12,"254027_0_t1_20240414T110000",2024-04-14 11:00:00,-122.411534897743,36.7536868601846,0,"available_crw"
"254027_0_t1",6,"254027_0_t1_crw_006",13,"254027_0_t1_20240414T170000",2024-04-14 17:00:00,-122.571083837347,37.0311185033185,0,"available_crw"
"254027_0_t1",6,"254027_0_t1_crw_006",14,"254027_0_t1_20240414T230000",2024-04-14 23:00:00,-122.691090190869,37.2660063600081,0,"available_crw"
"254027_0_t1",6,"254027_0_t1_crw_006",15,"254027_0_t1_20240415T050000",2024-04-15 05:00:00,-122.68525814538,37.2603768892479,0,"available_crw"
"254027_0_t1",6,"254027_0_t1_crw_006",16,"254027_0_t1_20240415T110000",2024-04-15 11:00:00,-122.889187141536,37.0427252456728,0,"available_crw"
"254027_0_t1",6,"254027_0_t1_crw_006",17,"254027_0_t1_20240415T170000",2024-04-15 17:00:00,-123.004736383341,37.1116388046657,0,"available_crw"
"254027_0_t1",6,"254027_0_t1_crw_006",18,"254027_0_t1_20240415T230000",2024-04-15 23:00:00,-122.95543818357,37.1001147013586,0,"available_crw"
"254027_0_t1",6,"254027_0_t1_crw_006",19,"254027_0_t1_20240416T050000",2024-04-16 05:00:00,-122.656051830289,37.0174591976902,0,"available_crw"
"254027_0_t1",6,"254027_0_t1_crw_006",20,"254027_0_t1_20240416T110000",2024-04-16 11:00:00,-122.649040946686,37.0356556576657,0,"available_crw"
"254027_0_t1",6,"254027_0_t1_crw_006",21,"254027_0_t1_20240416T170000",2024-04-16 17:00:00,-122.268078755214,37.0258254105977,0,"available_crw"
"254027_0_t1",6,"254027_0_t1_crw_006",22,"254027_0_t1_20240416T230000",2024-04-16 23:00:00,-121.961227446057,36.925761850325,0,"available_crw"
"254027_0_t1",6,"254027_0_t1_crw_006",23,"254027_0_t1_20240417T050000",2024-04-17 05:00:00,-121.795773860918,36.8382029041414,0,"available_crw"
"254027_0_t1",6,"254027_0_t1_crw_006",24,"254027_0_t1_20240417T110000",2024-04-17 11:00:00,-121.81153632875,36.8394919397717,0,"available_crw"
"254027_0_t1",6,"254027_0_t1_crw_006",25,"254027_0_t1_20240417T170000",2024-04-17 17:00:00,-121.802627465424,36.8409540964416,0,"available_crw"
"254027_0_t1",6,"254027_0_t1_crw_006",26,"254027_0_t1_20240417T230000",2024-04-17 23:00:00,-121.825236615555,36.7701136488647,0,"available_crw"
"254027_0_t1",6,"254027_0_t1_crw_006",27,"254027_0_t1_20240418T050000",2024-04-18 05:00:00,-121.964309573628,36.7984906895974,0,"available_crw"
"254027_0_t1",6,"254027_0_t1_crw_006",28,"254027_0_t1_20240418T110000",2024-04-18 11:00:00,-121.924490280838,36.7872378653331,0,"available_crw"
"254027_0_t1",6,"254027_0_t1_crw_006",29,"254027_0_t1_20240418T170000",2024-04-18 17:00:00,-121.929937700736,36.7719863854097,0,"available_crw"
"254027_0_t1",6,"254027_0_t1_crw_006",30,"254027_0_t1_20240418T230000",2024-04-18 23:00:00,-122.030543658039,36.5315110631043,0,"available_crw"
"254027_0_t1",6,"254027_0_t1_crw_006",31,"254027_0_t1_20240419T050000",2024-04-19 05:00:00,-122.218122630361,36.5228454028688,0,"available_crw"
"254027_0_t1",6,"254027_0_t1_crw_006",32,"254027_0_t1_20240419T110000",2024-04-19 11:00:00,-122.171475228929,36.531207633187,0,"available_crw"
"254027_0_t1",7,"254027_0_t1_crw_007",1,"254027_0_t1_20240411T170000",2024-04-11 17:00:00,-121.8431658,36.81026373,0,"available_crw"
"254027_0_t1",7,"254027_0_t1_crw_007",2,"254027_0_t1_20240411T230000",2024-04-11 23:00:00,-121.823381981984,36.7805615304609,0,"available_crw"
"254027_0_t1",7,"254027_0_t1_crw_007",3,"254027_0_t1_20240412T050000",2024-04-12 05:00:00,-122.075629485827,36.5996060473075,0,"available_crw"
"254027_0_t1",7,"254027_0_t1_crw_007",4,"254027_0_t1_20240412T110000",2024-04-12 11:00:00,-122.245280240957,36.5183277655146,0,"available_crw"
"254027_0_t1",7,"254027_0_t1_crw_007",5,"254027_0_t1_20240412T170000",2024-04-12 17:00:00,-122.237002835211,36.5291717005511,0,"available_crw"
"254027_0_t1",7,"254027_0_t1_crw_007",6,"254027_0_t1_20240412T230000",2024-04-12 23:00:00,-121.977984658229,36.6935757522963,0,"available_crw"
"254027_0_t1",7,"254027_0_t1_crw_007",7,"254027_0_t1_20240413T050000",2024-04-13 05:00:00,-121.899772703647,36.7453585088316,0,"available_crw"
"254027_0_t1",7,"254027_0_t1_crw_007",8,"254027_0_t1_20240413T110000",2024-04-13 11:00:00,-121.822961071141,36.79852877664,0,"available_crw"
"254027_0_t1",7,"254027_0_t1_crw_007",9,"254027_0_t1_20240413T170000",2024-04-13 17:00:00,-121.853839520616,36.769032055293,0,"available_crw"
"254027_0_t1",7,"254027_0_t1_crw_007",10,"254027_0_t1_20240413T230000",2024-04-13 23:00:00,-121.934151566357,36.6962053778967,0,"available_crw"
"254027_0_t1",7,"254027_0_t1_crw_007",11,"254027_0_t1_20240414T050000",2024-04-14 05:00:00,-122.011262705305,36.5700710195485,0,"available_crw"
"254027_0_t1",7,"254027_0_t1_crw_007",12,"254027_0_t1_20240414T110000",2024-04-14 11:00:00,-122.066948762052,36.627809428166,0,"available_crw"
"254027_0_t1",7,"254027_0_t1_crw_007",13,"254027_0_t1_20240414T170000",2024-04-14 17:00:00,-122.231822263386,36.5773651704963,0,"available_crw"
"254027_0_t1",7,"254027_0_t1_crw_007",14,"254027_0_t1_20240414T230000",2024-04-14 23:00:00,-122.359379305993,36.6888345485462,0,"available_crw"
"254027_0_t1",7,"254027_0_t1_crw_007",15,"254027_0_t1_20240415T050000",2024-04-15 05:00:00,-122.313845136506,36.6702115014338,0,"available_crw"
"254027_0_t1",7,"254027_0_t1_crw_007",16,"254027_0_t1_20240415T110000",2024-04-15 11:00:00,-122.176645772177,36.6623369907285,0,"available_crw"
"254027_0_t1",7,"254027_0_t1_crw_007",17,"254027_0_t1_20240415T170000",2024-04-15 17:00:00,-122.112506506307,36.79481193363,0,"available_crw"
"254027_0_t1",7,"254027_0_t1_crw_007",18,"254027_0_t1_20240415T230000",2024-04-15 23:00:00,-122.077819467751,36.8714188492626,0,"available_crw"
"254027_0_t1",7,"254027_0_t1_crw_007",19,"254027_0_t1_20240416T050000",2024-04-16 05:00:00,-122.218992717695,36.957230315871,0,"available_crw"
"254027_0_t1",7,"254027_0_t1_crw_007",20,"254027_0_t1_20240416T110000",2024-04-16 11:00:00,-122.232652034379,36.9416580202874,0,"available_crw"
"254027_0_t1",7,"254027_0_t1_crw_007",21,"254027_0_t1_20240416T170000",2024-04-16 17:00:00,-122.203979282473,36.8937488942918,0,"available_crw"
"254027_0_t1",7,"254027_0_t1_crw_007",22,"254027_0_t1_20240416T230000",2024-04-16 23:00:00,-122.121424924847,36.8211191808858,0,"available_crw"
"254027_0_t1",7,"254027_0_t1_crw_007",23,"254027_0_t1_20240417T050000",2024-04-17 05:00:00,-121.996306735657,36.7747237263849,0,"available_crw"
"254027_0_t1",7,"254027_0_t1_crw_007",24,"254027_0_t1_20240417T110000",2024-04-17 11:00:00,-121.858655645252,36.7709867293013,0,"available_crw"
"254027_0_t1",7,"254027_0_t1_crw_007",25,"254027_0_t1_20240417T170000",2024-04-17 17:00:00,-121.851383563233,36.9345106874515,0,"available_crw"
"254027_0_t1",7,"254027_0_t1_crw_007",26,"254027_0_t1_20240417T230000",2024-04-17 23:00:00,-121.85668473159,36.9008352049825,0,"available_crw"
"254027_0_t1",7,"254027_0_t1_crw_007",27,"254027_0_t1_20240418T050000",2024-04-18 05:00:00,-122.233030150893,36.8564505177091,0,"available_crw"
"254027_0_t1",7,"254027_0_t1_crw_007",28,"254027_0_t1_20240418T110000",2024-04-18 11:00:00,-122.387686286939,37.1357267696492,0,"available_crw"
"254027_0_t1",7,"254027_0_t1_crw_007",29,"254027_0_t1_20240418T170000",2024-04-18 17:00:00,-122.418413010027,37.1846844919141,0,"available_crw"
"254027_0_t1",7,"254027_0_t1_crw_007",30,"254027_0_t1_20240418T230000",2024-04-18 23:00:00,-122.593606623427,37.1610294348702,0,"available_crw"
"254027_0_t1",7,"254027_0_t1_crw_007",31,"254027_0_t1_20240419T050000",2024-04-19 05:00:00,-122.755986408534,37.4377127278608,0,"available_crw"
"254027_0_t1",7,"254027_0_t1_crw_007",32,"254027_0_t1_20240419T110000",2024-04-19 11:00:00,-122.774532178257,37.4829450003111,0,"available_crw"
"254027_0_t1",8,"254027_0_t1_crw_008",1,"254027_0_t1_20240411T170000",2024-04-11 17:00:00,-121.8431658,36.81026373,0,"available_crw"
"254027_0_t1",8,"254027_0_t1_crw_008",2,"254027_0_t1_20240411T230000",2024-04-11 23:00:00,-121.795000753288,36.8241176235333,0,"available_crw"
"254027_0_t1",8,"254027_0_t1_crw_008",3,"254027_0_t1_20240412T050000",2024-04-12 05:00:00,-121.835870490509,36.8156033751355,0,"available_crw"
"254027_0_t1",8,"254027_0_t1_crw_008",4,"254027_0_t1_20240412T110000",2024-04-12 11:00:00,-121.843925242351,36.6735802516963,0,"available_crw"
"254027_0_t1",8,"254027_0_t1_crw_008",5,"254027_0_t1_20240412T170000",2024-04-12 17:00:00,-121.853855941561,36.62667035994,0,"available_crw"
"254027_0_t1",8,"254027_0_t1_crw_008",6,"254027_0_t1_20240412T230000",2024-04-12 23:00:00,-121.863329984045,36.6670858377714,0,"available_crw"
"254027_0_t1",8,"254027_0_t1_crw_008",7,"254027_0_t1_20240413T050000",2024-04-13 05:00:00,-121.925919220896,36.6839211071035,0,"available_crw"
"254027_0_t1",8,"254027_0_t1_crw_008",8,"254027_0_t1_20240413T110000",2024-04-13 11:00:00,-121.89635181303,36.9549279696164,0,"available_crw"
"254027_0_t1",8,"254027_0_t1_crw_008",9,"254027_0_t1_20240413T170000",2024-04-13 17:00:00,-121.920046006793,36.9559523417517,0,"available_crw"
"254027_0_t1",8,"254027_0_t1_crw_008",10,"254027_0_t1_20240413T230000",2024-04-13 23:00:00,-121.981200514858,36.8225371488477,0,"available_crw"
"254027_0_t1",8,"254027_0_t1_crw_008",11,"254027_0_t1_20240414T050000",2024-04-14 05:00:00,-121.96311619732,36.8532120476696,0,"available_crw"
"254027_0_t1",8,"254027_0_t1_crw_008",12,"254027_0_t1_20240414T110000",2024-04-14 11:00:00,-121.908250643485,36.9400471428637,0,"available_crw"
"254027_0_t1",8,"254027_0_t1_crw_008",13,"254027_0_t1_20240414T170000",2024-04-14 17:00:00,-121.853285822172,36.8817311427905,0,"available_crw"
"254027_0_t1",8,"254027_0_t1_crw_008",14,"254027_0_t1_20240414T230000",2024-04-14 23:00:00,-122.083875210206,36.6389197375815,0,"available_crw"
"254027_0_t1",8,"254027_0_t1_crw_008",15,"254027_0_t1_20240415T050000",2024-04-15 05:00:00,-122.08077818493,36.6457894800736,0,"available_crw"
"254027_0_t1",8,"254027_0_t1_crw_008",16,"254027_0_t1_20240415T110000",2024-04-15 11:00:00,-121.892695733683,36.650537249337,0,"available_crw"
"254027_0_t1",8,"254027_0_t1_crw_008",17,"254027_0_t1_20240415T170000",2024-04-15 17:00:00,-121.913986984259,36.6795415647025,0,"available_crw"
"254027_0_t1",8,"254027_0_t1_crw_008",18,"254027_0_t1_20240415T230000",2024-04-15 23:00:00,-121.935236625898,36.6505172751118,0,"available_crw"
"254027_0_t1",8,"254027_0_t1_crw_008",19,"254027_0_t1_20240416T050000",2024-04-16 05:00:00,-121.971254061781,36.6128078345688,0,"available_crw"
"254027_0_t1",8,"254027_0_t1_crw_008",20,"254027_0_t1_20240416T110000",2024-04-16 11:00:00,-121.968519036978,36.6253514398869,0,"available_crw"
"254027_0_t1",8,"254027_0_t1_crw_008",21,"254027_0_t1_20240416T170000",2024-04-16 17:00:00,-122.12564176326,36.6900745972632,0,"available_crw"
"254027_0_t1",8,"254027_0_t1_crw_008",22,"254027_0_t1_20240416T230000",2024-04-16 23:00:00,-122.29124340108,36.79700411834,0,"available_crw"
"254027_0_t1",8,"254027_0_t1_crw_008",23,"254027_0_t1_20240417T050000",2024-04-17 05:00:00,-122.298398869252,36.7638010017047,0,"available_crw"
"254027_0_t1",8,"254027_0_t1_crw_008",24,"254027_0_t1_20240417T110000",2024-04-17 11:00:00,-122.311695647859,36.6670242439428,0,"available_crw"
"254027_0_t1",8,"254027_0_t1_crw_008",25,"254027_0_t1_20240417T170000",2024-04-17 17:00:00,-122.331368936307,36.6678442194451,0,"available_crw"
"254027_0_t1",8,"254027_0_t1_crw_008",26,"254027_0_t1_20240417T230000",2024-04-17 23:00:00,-122.33179073262,36.6488017528061,0,"available_crw"
"254027_0_t1",8,"254027_0_t1_crw_008",27,"254027_0_t1_20240418T050000",2024-04-18 05:00:00,-122.698752855568,36.5721377699017,0,"available_crw"
"254027_0_t1",8,"254027_0_t1_crw_008",28,"254027_0_t1_20240418T110000",2024-04-18 11:00:00,-122.849678730318,36.5018283107062,0,"available_crw"
"254027_0_t1",8,"254027_0_t1_crw_008",29,"254027_0_t1_20240418T170000",2024-04-18 17:00:00,-123.036074757689,36.450049059053,0,"available_crw"
"254027_0_t1",8,"254027_0_t1_crw_008",30,"254027_0_t1_20240418T230000",2024-04-18 23:00:00,-123.138018507848,36.3759443637989,0,"available_crw"
"254027_0_t1",8,"254027_0_t1_crw_008",31,"254027_0_t1_20240419T050000",2024-04-19 05:00:00,-123.002996291705,36.2541031686906,0,"available_crw"
"254027_0_t1",8,"254027_0_t1_crw_008",32,"254027_0_t1_20240419T110000",2024-04-19 11:00:00,-123.089834692064,36.2340209100417,0,"available_crw"
"254027_0_t1",9,"254027_0_t1_crw_009",1,"254027_0_t1_20240411T170000",2024-04-11 17:00:00,-121.8431658,36.81026373,0,"available_crw"
"254027_0_t1",9,"254027_0_t1_crw_009",2,"254027_0_t1_20240411T230000",2024-04-11 23:00:00,-121.80117156733,36.8068097746084,0,"available_crw"
"254027_0_t1",9,"254027_0_t1_crw_009",3,"254027_0_t1_20240412T050000",2024-04-12 05:00:00,-121.815879662948,36.8020881982142,0,"available_crw"
"254027_0_t1",9,"254027_0_t1_crw_009",4,"254027_0_t1_20240412T110000",2024-04-12 11:00:00,-121.78350063104,36.7807063753734,0,"available_crw"
"254027_0_t1",9,"254027_0_t1_crw_009",5,"254027_0_t1_20240412T170000",2024-04-12 17:00:00,-121.791922040314,36.7834496832489,0,"available_crw"
"254027_0_t1",9,"254027_0_t1_crw_009",6,"254027_0_t1_20240412T230000",2024-04-12 23:00:00,-121.968646492828,36.8783696911801,0,"available_crw"
"254027_0_t1",9,"254027_0_t1_crw_009",7,"254027_0_t1_20240413T050000",2024-04-13 05:00:00,-122.098182328814,36.9573126938752,0,"available_crw"
"254027_0_t1",9,"254027_0_t1_crw_009",8,"254027_0_t1_20240413T110000",2024-04-13 11:00:00,-122.154471449982,36.9883257779929,0,"available_crw"
"254027_0_t1",9,"254027_0_t1_crw_009",9,"254027_0_t1_20240413T170000",2024-04-13 17:00:00,-122.111004600897,36.9718656282535,0,"available_crw"
"254027_0_t1",9,"254027_0_t1_crw_009",10,"254027_0_t1_20240413T230000",2024-04-13 23:00:00,-121.93846327297,36.947406797081,0,"available_crw"
"254027_0_t1",9,"254027_0_t1_crw_009",11,"254027_0_t1_20240414T050000",2024-04-14 05:00:00,-121.98887533008,36.9400406263692,0,"available_crw"
"254027_0_t1",9,"254027_0_t1_crw_009",12,"254027_0_t1_20240414T110000",2024-04-14 11:00:00,-122.108734606119,36.9250761296134,0,"available_crw"
"254027_0_t1",9,"254027_0_t1_crw_009",13,"254027_0_t1_20240414T170000",2024-04-14 17:00:00,-122.100567933157,36.9283054668161,0,"available_crw"
"254027_0_t1",9,"254027_0_t1_crw_009",14,"254027_0_t1_20240414T230000",2024-04-14 23:00:00,-121.960318881531,36.826838478775,0,"available_crw"
"254027_0_t1",9,"254027_0_t1_crw_009",15,"254027_0_t1_20240415T050000",2024-04-15 05:00:00,-122.000631618031,36.8477442684952,0,"available_crw"
"254027_0_t1",9,"254027_0_t1_crw_009",16,"254027_0_t1_20240415T110000",2024-04-15 11:00:00,-121.922941106129,36.9448276467536,0,"available_crw"
"254027_0_t1",9,"254027_0_t1_crw_009",17,"254027_0_t1_20240415T170000",2024-04-15 17:00:00,-121.964825052115,36.9471116090196,0,"available_crw"
"254027_0_t1",9,"254027_0_t1_crw_009",18,"254027_0_t1_20240415T230000",2024-04-15 23:00:00,-121.916987481494,36.9506845943674,0,"available_crw"
"254027_0_t1",9,"254027_0_t1_crw_009",19,"254027_0_t1_20240416T050000",2024-04-16 05:00:00,-121.963495097303,36.9410158828809,0,"available_crw"
"254027_0_t1",9,"254027_0_t1_crw_009",20,"254027_0_t1_20240416T110000",2024-04-16 11:00:00,-122.061160087045,36.9186994647024,0,"available_crw"
"254027_0_t1",9,"254027_0_t1_crw_009",21,"254027_0_t1_20240416T170000",2024-04-16 17:00:00,-122.031612773245,36.8947744341438,0,"available_crw"
"254027_0_t1",9,"254027_0_t1_crw_009",22,"254027_0_t1_20240416T230000",2024-04-16 23:00:00,-121.924632902969,36.7965023218306,0,"available_crw"
"254027_0_t1",9,"254027_0_t1_crw_009",23,"254027_0_t1_20240417T050000",2024-04-17 05:00:00,-121.910301586473,36.8281666417265,0,"available_crw"
"254027_0_t1",9,"254027_0_t1_crw_009",24,"254027_0_t1_20240417T110000",2024-04-17 11:00:00,-121.877790502464,36.9053877956365,0,"available_crw"
"254027_0_t1",9,"254027_0_t1_crw_009",25,"254027_0_t1_20240417T170000",2024-04-17 17:00:00,-121.878005141909,36.8980813935613,0,"available_crw"
"254027_0_t1",9,"254027_0_t1_crw_009",26,"254027_0_t1_20240417T230000",2024-04-17 23:00:00,-121.821025407947,36.871064208801,0,"available_crw"
"254027_0_t1",9,"254027_0_t1_crw_009",27,"254027_0_t1_20240418T050000",2024-04-18 05:00:00,-121.836855009685,36.8717203511646,0,"available_crw"
"254027_0_t1",9,"254027_0_t1_crw_009",28,"254027_0_t1_20240418T110000",2024-04-18 11:00:00,-122.04266282747,36.914915666052,0,"available_crw"
"254027_0_t1",9,"254027_0_t1_crw_009",29,"254027_0_t1_20240418T170000",2024-04-18 17:00:00,-121.994852791057,36.9112919729927,0,"available_crw"
"254027_0_t1",9,"254027_0_t1_crw_009",30,"254027_0_t1_20240418T230000",2024-04-18 23:00:00,-121.873683293875,36.9080180513052,0,"available_crw"
"254027_0_t1",9,"254027_0_t1_crw_009",31,"254027_0_t1_20240419T050000",2024-04-19 05:00:00,-121.92227038773,36.8950203802826,0,"available_crw"
"254027_0_t1",9,"254027_0_t1_crw_009",32,"254027_0_t1_20240419T110000",2024-04-19 11:00:00,-122.034643484697,36.8585694935514,0,"available_crw"
"254027_0_t1",10,"254027_0_t1_crw_010",1,"254027_0_t1_20240411T170000",2024-04-11 17:00:00,-121.8431658,36.81026373,0,"available_crw"
"254027_0_t1",10,"254027_0_t1_crw_010",2,"254027_0_t1_20240411T230000",2024-04-11 23:00:00,-121.844084534406,36.8261146303243,0,"available_crw"
"254027_0_t1",10,"254027_0_t1_crw_010",3,"254027_0_t1_20240412T050000",2024-04-12 05:00:00,-121.898174101384,36.9598391281603,0,"available_crw"
"254027_0_t1",10,"254027_0_t1_crw_010",4,"254027_0_t1_20240412T110000",2024-04-12 11:00:00,-122.075309390455,36.9575797827546,0,"available_crw"
"254027_0_t1",10,"254027_0_t1_crw_010",5,"254027_0_t1_20240412T170000",2024-04-12 17:00:00,-122.391420267162,36.9645485485545,0,"available_crw"
"254027_0_t1",10,"254027_0_t1_crw_010",6,"254027_0_t1_20240412T230000",2024-04-12 23:00:00,-122.461956097421,37.2306743665258,0,"available_crw"
"254027_0_t1",10,"254027_0_t1_crw_010",7,"254027_0_t1_20240413T050000",2024-04-13 05:00:00,-122.456894060938,37.1969715377186,0,"available_crw"
"254027_0_t1",10,"254027_0_t1_crw_010",8,"254027_0_t1_20240413T110000",2024-04-13 11:00:00,-122.407679608987,37.106839021898,0,"available_crw"
"254027_0_t1",10,"254027_0_t1_crw_010",9,"254027_0_t1_20240413T170000",2024-04-13 17:00:00,-122.364838381388,37.0328958662058,0,"available_crw"
"254027_0_t1",10,"254027_0_t1_crw_010",10,"254027_0_t1_20240413T230000",2024-04-13 23:00:00,-122.343637751259,37.0414879711282,0,"available_crw"
"254027_0_t1",10,"254027_0_t1_crw_010",11,"254027_0_t1_20240414T050000",2024-04-14 05:00:00,-122.124918073699,36.8336667990047,0,"available_crw"
"254027_0_t1",10,"254027_0_t1_crw_010",12,"254027_0_t1_20240414T110000",2024-04-14 11:00:00,-122.10732550186,36.8464236097491,0,"available_crw"
"254027_0_t1",10,"254027_0_t1_crw_010",13,"254027_0_t1_20240414T170000",2024-04-14 17:00:00,-122.015144416099,36.9096576821903,0,"available_crw"
"254027_0_t1",10,"254027_0_t1_crw_010",14,"254027_0_t1_20240414T230000",2024-04-14 23:00:00,-121.939398091122,36.9639563488759,0,"available_crw"
"254027_0_t1",10,"254027_0_t1_crw_010",15,"254027_0_t1_20240415T050000",2024-04-15 05:00:00,-121.944993371777,36.9520391359317,0,"available_crw"
"254027_0_t1",10,"254027_0_t1_crw_010",16,"254027_0_t1_20240415T110000",2024-04-15 11:00:00,-122.049193279796,36.816660858814,0,"available_crw"
"254027_0_t1",10,"254027_0_t1_crw_010",17,"254027_0_t1_20240415T170000",2024-04-15 17:00:00,-122.04694039902,36.8237416554065,0,"available_crw"
"254027_0_t1",10,"254027_0_t1_crw_010",18,"254027_0_t1_20240415T230000",2024-04-15 23:00:00,-122.070076126964,36.8278340774535,0,"available_crw"
"254027_0_t1",10,"254027_0_t1_crw_010",19,"254027_0_t1_20240416T050000",2024-04-16 05:00:00,-122.251777760854,36.8912125788998,0,"available_crw"
"254027_0_t1",10,"254027_0_t1_crw_010",20,"254027_0_t1_20240416T110000",2024-04-16 11:00:00,-122.345863934579,36.9218307228031,0,"available_crw"
"254027_0_t1",10,"254027_0_t1_crw_010",21,"254027_0_t1_20240416T170000",2024-04-16 17:00:00,-122.299037250996,36.9132605935597,0,"available_crw"
"254027_0_t1",10,"254027_0_t1_crw_010",22,"254027_0_t1_20240416T230000",2024-04-16 23:00:00,-122.199581737517,36.8969218121153,0,"available_crw"
"254027_0_t1",10,"254027_0_t1_crw_010",23,"254027_0_t1_20240417T050000",2024-04-17 05:00:00,-122.188653239587,36.6249995454186,0,"available_crw"
"254027_0_t1",10,"254027_0_t1_crw_010",24,"254027_0_t1_20240417T110000",2024-04-17 11:00:00,-122.194025067864,36.5776060332214,0,"available_crw"
"254027_0_t1",10,"254027_0_t1_crw_010",25,"254027_0_t1_20240417T170000",2024-04-17 17:00:00,-122.155741228301,36.5911100994483,0,"available_crw"
"254027_0_t1",10,"254027_0_t1_crw_010",26,"254027_0_t1_20240417T230000",2024-04-17 23:00:00,-122.146823026338,36.5769638016469,0,"available_crw"
"254027_0_t1",10,"254027_0_t1_crw_010",27,"254027_0_t1_20240418T050000",2024-04-18 05:00:00,-122.425939717289,36.3706056050639,0,"available_crw"
"254027_0_t1",10,"254027_0_t1_crw_010",28,"254027_0_t1_20240418T110000",2024-04-18 11:00:00,-122.607241203315,36.2829698530646,0,"available_crw"
"254027_0_t1",10,"254027_0_t1_crw_010",29,"254027_0_t1_20240418T170000",2024-04-18 17:00:00,-122.605268106985,36.229831831969,0,"available_crw"
"254027_0_t1",10,"254027_0_t1_crw_010",30,"254027_0_t1_20240418T230000",2024-04-18 23:00:00,-122.610225453384,35.976047189978,0,"available_crw"
"254027_0_t1",10,"254027_0_t1_crw_010",31,"254027_0_t1_20240419T050000",2024-04-19 05:00:00,-122.627099547955,36.0148339971923,0,"available_crw"
"254027_0_t1",10,"254027_0_t1_crw_010",32,"254027_0_t1_20240419T110000",2024-04-19 11:00:00,-122.801980834725,36.0089524060449,0,"available_crw"
"254027_0_t1",11,"254027_0_t1_crw_011",1,"254027_0_t1_20240411T170000",2024-04-11 17:00:00,-121.8431658,36.81026373,0,"available_crw"
"254027_0_t1",11,"254027_0_t1_crw_011",2,"254027_0_t1_20240411T230000",2024-04-11 23:00:00,-122.005137456745,36.819744049659,0,"available_crw"
"254027_0_t1",11,"254027_0_t1_crw_011",3,"254027_0_t1_20240412T050000",2024-04-12 05:00:00,-121.990609237083,36.8248204976247,0,"available_crw"
"254027_0_t1",11,"254027_0_t1_crw_011",4,"254027_0_t1_20240412T110000",2024-04-12 11:00:00,-122.027485992221,36.7963165280163,0,"available_crw"
"254027_0_t1",11,"254027_0_t1_crw_011",5,"254027_0_t1_20240412T170000",2024-04-12 17:00:00,-122.32939057494,36.6886328779435,0,"available_crw"
"254027_0_t1",11,"254027_0_t1_crw_011",6,"254027_0_t1_20240412T230000",2024-04-12 23:00:00,-122.521980467926,36.6530014983532,0,"available_crw"
"254027_0_t1",11,"254027_0_t1_crw_011",7,"254027_0_t1_20240413T050000",2024-04-13 05:00:00,-122.637803406756,36.6252769001429,0,"available_crw"
"254027_0_t1",11,"254027_0_t1_crw_011",8,"254027_0_t1_20240413T110000",2024-04-13 11:00:00,-122.807210700451,36.8607334157905,0,"available_crw"
"254027_0_t1",11,"254027_0_t1_crw_011",9,"254027_0_t1_20240413T170000",2024-04-13 17:00:00,-122.690690548295,36.980070834595,0,"available_crw"
"254027_0_t1",11,"254027_0_t1_crw_011",10,"254027_0_t1_20240413T230000",2024-04-13 23:00:00,-122.693588460339,36.9675485310413,0,"available_crw"
"254027_0_t1",11,"254027_0_t1_crw_011",11,"254027_0_t1_20240414T050000",2024-04-14 05:00:00,-122.670120417329,36.9647033121973,0,"available_crw"
"254027_0_t1",11,"254027_0_t1_crw_011",12,"254027_0_t1_20240414T110000",2024-04-14 11:00:00,-122.592998525663,37.0927348860071,0,"available_crw"
"254027_0_t1",11,"254027_0_t1_crw_011",13,"254027_0_t1_20240414T170000",2024-04-14 17:00:00,-122.44171141561,37.3157906828061,0,"available_crw"
"254027_0_t1",11,"254027_0_t1_crw_011",14,"254027_0_t1_20240414T230000",2024-04-14 23:00:00,-122.465272830805,37.287542344174,0,"available_crw"
"254027_0_t1",11,"254027_0_t1_crw_011",15,"254027_0_t1_20240415T050000",2024-04-15 05:00:00,-122.53544641766,37.207945640594,0,"available_crw"
"254027_0_t1",11,"254027_0_t1_crw_011",16,"254027_0_t1_20240415T110000",2024-04-15 11:00:00,-122.515530853463,37.1975102848367,0,"available_crw"
"254027_0_t1",11,"254027_0_t1_crw_011",17,"254027_0_t1_20240415T170000",2024-04-15 17:00:00,-122.525415331244,37.1837522223266,0,"available_crw"
"254027_0_t1",11,"254027_0_t1_crw_011",18,"254027_0_t1_20240415T230000",2024-04-15 23:00:00,-122.6557292509,37.0635567472711,0,"available_crw"
"254027_0_t1",11,"254027_0_t1_crw_011",19,"254027_0_t1_20240416T050000",2024-04-16 05:00:00,-122.769725472982,36.9703038863323,0,"available_crw"
"254027_0_t1",11,"254027_0_t1_crw_011",20,"254027_0_t1_20240416T110000",2024-04-16 11:00:00,-122.854765651977,36.8473778129386,0,"available_crw"
"254027_0_t1",11,"254027_0_t1_crw_011",21,"254027_0_t1_20240416T170000",2024-04-16 17:00:00,-122.982258849693,36.725626327236,0,"available_crw"
"254027_0_t1",11,"254027_0_t1_crw_011",22,"254027_0_t1_20240416T230000",2024-04-16 23:00:00,-123.022838684898,36.6197425244713,0,"available_crw"
"254027_0_t1",11,"254027_0_t1_crw_011",23,"254027_0_t1_20240417T050000",2024-04-17 05:00:00,-123.12904392626,36.3808619738213,0,"available_crw"
"254027_0_t1",11,"254027_0_t1_crw_011",24,"254027_0_t1_20240417T110000",2024-04-17 11:00:00,-123.248028138872,36.1460513157762,0,"available_crw"
"254027_0_t1",11,"254027_0_t1_crw_011",25,"254027_0_t1_20240417T170000",2024-04-17 17:00:00,-123.266539410836,36.1512006349361,0,"available_crw"
"254027_0_t1",11,"254027_0_t1_crw_011",26,"254027_0_t1_20240417T230000",2024-04-17 23:00:00,-123.251012643771,36.1531230902384,0,"available_crw"
"254027_0_t1",11,"254027_0_t1_crw_011",27,"254027_0_t1_20240418T050000",2024-04-18 05:00:00,-123.277758619158,36.0832615533488,0,"available_crw"
"254027_0_t1",11,"254027_0_t1_crw_011",28,"254027_0_t1_20240418T110000",2024-04-18 11:00:00,-123.306204184536,35.9886600054291,0,"available_crw"
"254027_0_t1",11,"254027_0_t1_crw_011",29,"254027_0_t1_20240418T170000",2024-04-18 17:00:00,-123.327716375696,35.9090169861821,0,"available_crw"
"254027_0_t1",11,"254027_0_t1_crw_011",30,"254027_0_t1_20240418T230000",2024-04-18 23:00:00,-123.30288191474,35.8000477542358,0,"available_crw"
"254027_0_t1",11,"254027_0_t1_crw_011",31,"254027_0_t1_20240419T050000",2024-04-19 05:00:00,-123.307463814337,35.6291819404945,0,"available_crw"
"254027_0_t1",11,"254027_0_t1_crw_011",32,"254027_0_t1_20240419T110000",2024-04-19 11:00:00,-123.251333413845,35.602235708845,0,"available_crw"
"254027_0_t1",12,"254027_0_t1_crw_012",1,"254027_0_t1_20240411T170000",2024-04-11 17:00:00,-121.8431658,36.81026373,0,"available_crw"
"254027_0_t1",12,"254027_0_t1_crw_012",2,"254027_0_t1_20240411T230000",2024-04-11 23:00:00,-121.802387385465,36.8756446011203,0,"available_crw"
"254027_0_t1",12,"254027_0_t1_crw_012",3,"254027_0_t1_20240412T050000",2024-04-12 05:00:00,-121.839574636573,36.9196089517689,0,"available_crw"
"254027_0_t1",12,"254027_0_t1_crw_012",4,"254027_0_t1_20240412T110000",2024-04-12 11:00:00,-121.880534486882,36.963430725164,0,"available_crw"
"254027_0_t1",12,"254027_0_t1_crw_012",5,"254027_0_t1_20240412T170000",2024-04-12 17:00:00,-121.873144448346,36.9591595437038,0,"available_crw"
"254027_0_t1",12,"254027_0_t1_crw_012",6,"254027_0_t1_20240412T230000",2024-04-12 23:00:00,-121.956862248196,36.8653555464773,0,"available_crw"
"254027_0_t1",12,"254027_0_t1_crw_012",7,"254027_0_t1_20240413T050000",2024-04-13 05:00:00,-121.97356431699,36.8738247129191,0,"available_crw"
"254027_0_t1",12,"254027_0_t1_crw_012",8,"254027_0_t1_20240413T110000",2024-04-13 11:00:00,-122.091597956255,36.9000153373288,0,"available_crw"
"254027_0_t1",12,"254027_0_t1_crw_012",9,"254027_0_t1_20240413T170000",2024-04-13 17:00:00,-122.097121429631,36.8814952739288,0,"available_crw"
"254027_0_t1",12,"254027_0_t1_crw_012",10,"254027_0_t1_20240413T230000",2024-04-13 23:00:00,-122.0935494914,36.9199507666388,0,"available_crw"
"254027_0_t1",12,"254027_0_t1_crw_012",11,"254027_0_t1_20240414T050000",2024-04-14 05:00:00,-122.131704728559,36.9059240373225,0,"available_crw"
"254027_0_t1",12,"254027_0_t1_crw_012",12,"254027_0_t1_20240414T110000",2024-04-14 11:00:00,-122.192321365682,36.8807992939654,0,"available_crw"
"254027_0_t1",12,"254027_0_t1_crw_012",13,"254027_0_t1_20240414T170000",2024-04-14 17:00:00,-122.161162688566,36.7408453986274,0,"available_crw"
"254027_0_t1",12,"254027_0_t1_crw_012",14,"254027_0_t1_20240414T230000",2024-04-14 23:00:00,-122.50306800323,36.6083937395132,0,"available_crw"
"254027_0_t1",12,"254027_0_t1_crw_012",15,"254027_0_t1_20240415T050000",2024-04-15 05:00:00,-122.753637010826,36.8379849587214,0,"available_crw"
"254027_0_t1",12,"254027_0_t1_crw_012",16,"254027_0_t1_20240415T110000",2024-04-15 11:00:00,-122.668404617989,36.9732958191008,0,"available_crw"
"254027_0_t1",12,"254027_0_t1_crw_012",17,"254027_0_t1_20240415T170000",2024-04-15 17:00:00,-122.620264482931,37.0626819893944,0,"available_crw"
"254027_0_t1",12,"254027_0_t1_crw_012",18,"254027_0_t1_20240415T230000",2024-04-15 23:00:00,-122.497351112994,37.2023596204138,0,"available_crw"
"254027_0_t1",12,"254027_0_t1_crw_012",19,"254027_0_t1_20240416T050000",2024-04-16 05:00:00,-122.499454818252,37.1897356352211,0,"available_crw"
"254027_0_t1",12,"254027_0_t1_crw_012",20,"254027_0_t1_20240416T110000",2024-04-16 11:00:00,-122.510831960394,37.2298469693218,0,"available_crw"
"254027_0_t1",12,"254027_0_t1_crw_012",21,"254027_0_t1_20240416T170000",2024-04-16 17:00:00,-122.533865474594,37.2250061916095,0,"available_crw"
"254027_0_t1",12,"254027_0_t1_crw_012",22,"254027_0_t1_20240416T230000",2024-04-16 23:00:00,-122.747219049425,37.2159451687652,0,"available_crw"
"254027_0_t1",12,"254027_0_t1_crw_012",23,"254027_0_t1_20240417T050000",2024-04-17 05:00:00,-122.700104444607,37.2241571085563,0,"available_crw"
"254027_0_t1",12,"254027_0_t1_crw_012",24,"254027_0_t1_20240417T110000",2024-04-17 11:00:00,-122.593979506384,37.0985479451402,0,"available_crw"
"254027_0_t1",12,"254027_0_t1_crw_012",25,"254027_0_t1_20240417T170000",2024-04-17 17:00:00,-122.574734124814,37.1097319146842,0,"available_crw"
"254027_0_t1",12,"254027_0_t1_crw_012",26,"254027_0_t1_20240417T230000",2024-04-17 23:00:00,-122.480815634275,37.171588113598,0,"available_crw"
"254027_0_t1",12,"254027_0_t1_crw_012",27,"254027_0_t1_20240418T050000",2024-04-18 05:00:00,-122.485821184706,37.1654748208344,0,"available_crw"
"254027_0_t1",12,"254027_0_t1_crw_012",28,"254027_0_t1_20240418T110000",2024-04-18 11:00:00,-122.606697170777,37.2284780684919,0,"available_crw"
"254027_0_t1",12,"254027_0_t1_crw_012",29,"254027_0_t1_20240418T170000",2024-04-18 17:00:00,-122.864979827296,37.3762185196758,0,"available_crw"
"254027_0_t1",12,"254027_0_t1_crw_012",30,"254027_0_t1_20240418T230000",2024-04-18 23:00:00,-123.03043003999,37.4246823413871,0,"available_crw"
"254027_0_t1",12,"254027_0_t1_crw_012",31,"254027_0_t1_20240419T050000",2024-04-19 05:00:00,-122.964360858085,37.4754234959054,0,"available_crw"
"254027_0_t1",12,"254027_0_t1_crw_012",32,"254027_0_t1_20240419T110000",2024-04-19 11:00:00,-122.892270711166,37.5332782028039,0,"available_crw"
"254027_0_t1",13,"254027_0_t1_crw_013",1,"254027_0_t1_20240411T170000",2024-04-11 17:00:00,-121.8431658,36.81026373,0,"available_crw"
"254027_0_t1",13,"254027_0_t1_crw_013",2,"254027_0_t1_20240411T230000",2024-04-11 23:00:00,-121.845789102579,36.6466460331804,0,"available_crw"
"254027_0_t1",13,"254027_0_t1_crw_013",3,"254027_0_t1_20240412T050000",2024-04-12 05:00:00,-122.212234416917,36.5685167544806,0,"available_crw"
"254027_0_t1",13,"254027_0_t1_crw_013",4,"254027_0_t1_20240412T110000",2024-04-12 11:00:00,-122.200597920117,36.5771262877761,0,"available_crw"
"254027_0_t1",13,"254027_0_t1_crw_013",5,"254027_0_t1_20240412T170000",2024-04-12 17:00:00,-122.152699949432,36.6159896270479,0,"available_crw"
"254027_0_t1",13,"254027_0_t1_crw_013",6,"254027_0_t1_20240412T230000",2024-04-12 23:00:00,-122.157377900011,36.6038244638685,0,"available_crw"
"254027_0_t1",13,"254027_0_t1_crw_013",7,"254027_0_t1_20240413T050000",2024-04-13 05:00:00,-122.294252431258,36.6377061728068,0,"available_crw"
"254027_0_t1",13,"254027_0_t1_crw_013",8,"254027_0_t1_20240413T110000",2024-04-13 11:00:00,-122.273057278144,36.9092388177623,0,"available_crw"
"254027_0_t1",13,"254027_0_t1_crw_013",9,"254027_0_t1_20240413T170000",2024-04-13 17:00:00,-122.27089454879,36.9021392252432,0,"available_crw"
"254027_0_t1",13,"254027_0_t1_crw_013",10,"254027_0_t1_20240413T230000",2024-04-13 23:00:00,-122.188640580503,36.8132076174676,0,"available_crw"
"254027_0_t1",13,"254027_0_t1_crw_013",11,"254027_0_t1_20240414T050000",2024-04-14 05:00:00,-122.119125403139,36.7334835261369,0,"available_crw"
"254027_0_t1",13,"254027_0_t1_crw_013",12,"254027_0_t1_20240414T110000",2024-04-14 11:00:00,-122.22198473547,36.6064897356603,0,"available_crw"
"254027_0_t1",13,"254027_0_t1_crw_013",13,"254027_0_t1_20240414T170000",2024-04-14 17:00:00,-122.406509071757,36.6359942968242,0,"available_crw"
"254027_0_t1",13,"254027_0_t1_crw_013",14,"254027_0_t1_20240414T230000",2024-04-14 23:00:00,-122.688997280032,36.7734763074097,0,"available_crw"
"254027_0_t1",13,"254027_0_t1_crw_013",15,"254027_0_t1_20240415T050000",2024-04-15 05:00:00,-122.791059480438,36.8258945241609,0,"available_crw"
"254027_0_t1",13,"254027_0_t1_crw_013",16,"254027_0_t1_20240415T110000",2024-04-15 11:00:00,-122.926987933575,36.8443616939045,0,"available_crw"
"254027_0_t1",13,"254027_0_t1_crw_013",17,"254027_0_t1_20240415T170000",2024-04-15 17:00:00,-123.214947856235,36.9753779055999,0,"available_crw"
"254027_0_t1",13,"254027_0_t1_crw_013",18,"254027_0_t1_20240415T230000",2024-04-15 23:00:00,-123.275931430427,37.0000504387628,0,"available_crw"
"254027_0_t1",13,"254027_0_t1_crw_013",19,"254027_0_t1_20240416T050000",2024-04-16 05:00:00,-123.274385228965,36.9663747139347,0,"available_crw"
"254027_0_t1",13,"254027_0_t1_crw_013",20,"254027_0_t1_20240416T110000",2024-04-16 11:00:00,-123.305379554315,36.8091543151087,0,"available_crw"
"254027_0_t1",13,"254027_0_t1_crw_013",21,"254027_0_t1_20240416T170000",2024-04-16 17:00:00,-123.373299025269,36.659652739022,0,"available_crw"
"254027_0_t1",13,"254027_0_t1_crw_013",22,"254027_0_t1_20240416T230000",2024-04-16 23:00:00,-123.561417178563,36.6548688013472,0,"available_crw"
"254027_0_t1",13,"254027_0_t1_crw_013",23,"254027_0_t1_20240417T050000",2024-04-17 05:00:00,-123.68228334545,36.6542375585754,0,"available_crw"
"254027_0_t1",13,"254027_0_t1_crw_013",24,"254027_0_t1_20240417T110000",2024-04-17 11:00:00,-123.681318236243,36.6352079358909,0,"available_crw"
"254027_0_t1",13,"254027_0_t1_crw_013",25,"254027_0_t1_20240417T170000",2024-04-17 17:00:00,-123.764517091873,36.6644614395713,0,"available_crw"
"254027_0_t1",13,"254027_0_t1_crw_013",26,"254027_0_t1_20240417T230000",2024-04-17 23:00:00,-123.718145697397,36.654897865691,0,"available_crw"
"254027_0_t1",13,"254027_0_t1_crw_013",27,"254027_0_t1_20240418T050000",2024-04-18 05:00:00,-123.564006739499,36.6146341080247,0,"available_crw"
"254027_0_t1",13,"254027_0_t1_crw_013",28,"254027_0_t1_20240418T110000",2024-04-18 11:00:00,-123.611286940707,36.6205243946627,0,"available_crw"
"254027_0_t1",13,"254027_0_t1_crw_013",29,"254027_0_t1_20240418T170000",2024-04-18 17:00:00,-123.589696190298,36.7346260179416,0,"available_crw"
"254027_0_t1",13,"254027_0_t1_crw_013",30,"254027_0_t1_20240418T230000",2024-04-18 23:00:00,-123.447926943004,36.7173595637449,0,"available_crw"
"254027_0_t1",13,"254027_0_t1_crw_013",31,"254027_0_t1_20240419T050000",2024-04-19 05:00:00,-123.488881985578,36.7254511658661,0,"available_crw"
"254027_0_t1",13,"254027_0_t1_crw_013",32,"254027_0_t1_20240419T110000",2024-04-19 11:00:00,-123.454957781786,36.8375978579308,0,"available_crw"
"254027_0_t1",14,"254027_0_t1_crw_014",1,"254027_0_t1_20240411T170000",2024-04-11 17:00:00,-121.8431658,36.81026373,0,"available_crw"
"254027_0_t1",14,"254027_0_t1_crw_014",2,"254027_0_t1_20240411T230000",2024-04-11 23:00:00,-121.964089390817,36.8053723501031,0,"available_crw"
"254027_0_t1",14,"254027_0_t1_crw_014",3,"254027_0_t1_20240412T050000",2024-04-12 05:00:00,-122.279662093314,36.8036973760841,0,"available_crw"
"254027_0_t1",14,"254027_0_t1_crw_014",4,"254027_0_t1_20240412T110000",2024-04-12 11:00:00,-122.280974627252,36.8195316384202,0,"available_crw"
"254027_0_t1",14,"254027_0_t1_crw_014",5,"254027_0_t1_20240412T170000",2024-04-12 17:00:00,-122.270174630316,36.7819582806122,0,"available_crw"
"254027_0_t1",14,"254027_0_t1_crw_014",6,"254027_0_t1_20240412T230000",2024-04-12 23:00:00,-122.265528125605,36.6111280869473,0,"available_crw"
"254027_0_t1",14,"254027_0_t1_crw_014",7,"254027_0_t1_20240413T050000",2024-04-13 05:00:00,-122.227807848983,36.517579720231,0,"available_crw"
"254027_0_t1",14,"254027_0_t1_crw_014",8,"254027_0_t1_20240413T110000",2024-04-13 11:00:00,-122.363648807643,36.4816083677959,0,"available_crw"
"254027_0_t1",14,"254027_0_t1_crw_014",9,"254027_0_t1_20240413T170000",2024-04-13 17:00:00,-122.45877334442,36.4543244571881,0,"available_crw"
"254027_0_t1",14,"254027_0_t1_crw_014",10,"254027_0_t1_20240413T230000",2024-04-13 23:00:00,-122.448057171455,36.4636680401398,0,"available_crw"
"254027_0_t1",14,"254027_0_t1_crw_014",11,"254027_0_t1_20240414T050000",2024-04-14 05:00:00,-122.536286364217,36.5867438659709,0,"available_crw"
"254027_0_t1",14,"254027_0_t1_crw_014",12,"254027_0_t1_20240414T110000",2024-04-14 11:00:00,-122.6605927773,36.6854322122153,0,"available_crw"
"254027_0_t1",14,"254027_0_t1_crw_014",13,"254027_0_t1_20240414T170000",2024-04-14 17:00:00,-122.805863896531,36.8738776862462,0,"available_crw"
"254027_0_t1",14,"254027_0_t1_crw_014",14,"254027_0_t1_20240414T230000",2024-04-14 23:00:00,-122.918588387733,36.93778412638,0,"available_crw"
"254027_0_t1",14,"254027_0_t1_crw_014",15,"254027_0_t1_20240415T050000",2024-04-15 05:00:00,-122.902860716207,36.936103925656,0,"available_crw"
"254027_0_t1",14,"254027_0_t1_crw_014",16,"254027_0_t1_20240415T110000",2024-04-15 11:00:00,-122.944112816555,36.9435835872239,0,"available_crw"
"254027_0_t1",14,"254027_0_t1_crw_014",17,"254027_0_t1_20240415T170000",2024-04-15 17:00:00,-123.061747550635,36.9674884844801,0,"available_crw"
"254027_0_t1",14,"254027_0_t1_crw_014",18,"254027_0_t1_20240415T230000",2024-04-15 23:00:00,-123.02674545683,37.0794409410377,0,"available_crw"
"254027_0_t1",14,"254027_0_t1_crw_014",19,"254027_0_t1_20240416T050000",2024-04-16 05:00:00,-123.224891006868,37.1192886321531,0,"available_crw"
"254027_0_t1",14,"254027_0_t1_crw_014",20,"254027_0_t1_20240416T110000",2024-04-16 11:00:00,-123.400434070618,37.1160148452754,0,"available_crw"
"254027_0_t1",14,"254027_0_t1_crw_014",21,"254027_0_t1_20240416T170000",2024-04-16 17:00:00,-123.352722621859,37.1312524962721,0,"available_crw"
"254027_0_t1",14,"254027_0_t1_crw_014",22,"254027_0_t1_20240416T230000",2024-04-16 23:00:00,-123.157550065464,36.9087018660183,0,"available_crw"
"254027_0_t1",14,"254027_0_t1_crw_014",23,"254027_0_t1_20240417T050000",2024-04-17 05:00:00,-123.178631811693,36.9381288679105,0,"available_crw"
"254027_0_t1",14,"254027_0_t1_crw_014",24,"254027_0_t1_20240417T110000",2024-04-17 11:00:00,-123.323972517971,37.1635895991803,0,"available_crw"
"254027_0_t1",14,"254027_0_t1_crw_014",25,"254027_0_t1_20240417T170000",2024-04-17 17:00:00,-123.310941440839,37.1562801993271,0,"available_crw"
"254027_0_t1",14,"254027_0_t1_crw_014",26,"254027_0_t1_20240417T230000",2024-04-17 23:00:00,-123.193184245963,37.290107094023,0,"available_crw"
"254027_0_t1",14,"254027_0_t1_crw_014",27,"254027_0_t1_20240418T050000",2024-04-18 05:00:00,-123.090842917233,37.3919588632016,0,"available_crw"
"254027_0_t1",14,"254027_0_t1_crw_014",28,"254027_0_t1_20240418T110000",2024-04-18 11:00:00,-123.048033857296,37.4251014653202,0,"available_crw"
"254027_0_t1",14,"254027_0_t1_crw_014",29,"254027_0_t1_20240418T170000",2024-04-18 17:00:00,-122.993741810126,37.5271031516686,0,"available_crw"
"254027_0_t1",14,"254027_0_t1_crw_014",30,"254027_0_t1_20240418T230000",2024-04-18 23:00:00,-122.920362567404,37.6438905520608,0,"available_crw"
"254027_0_t1",14,"254027_0_t1_crw_014",31,"254027_0_t1_20240419T050000",2024-04-19 05:00:00,-122.962703376982,37.6425500837581,0,"available_crw"
"254027_0_t1",14,"254027_0_t1_crw_014",32,"254027_0_t1_20240419T110000",2024-04-19 11:00:00,-123.079561593814,37.6103598144082,0,"available_crw"
"254027_0_t1",15,"254027_0_t1_crw_015",1,"254027_0_t1_20240411T170000",2024-04-11 17:00:00,-121.8431658,36.81026373,0,"available_crw"
"254027_0_t1",15,"254027_0_t1_crw_015",2,"254027_0_t1_20240411T230000",2024-04-11 23:00:00,-122.037018718084,36.8426236931558,0,"available_crw"
"254027_0_t1",15,"254027_0_t1_crw_015",3,"254027_0_t1_20240412T050000",2024-04-12 05:00:00,-122.041026031945,36.8238540488012,0,"available_crw"
"254027_0_t1",15,"254027_0_t1_crw_015",4,"254027_0_t1_20240412T110000",2024-04-12 11:00:00,-121.883437301036,36.7594418572723,0,"available_crw"
"254027_0_t1",15,"254027_0_t1_crw_015",5,"254027_0_t1_20240412T170000",2024-04-12 17:00:00,-121.955919088317,36.7153278594249,0,"available_crw"
"254027_0_t1",15,"254027_0_t1_crw_015",6,"254027_0_t1_20240412T230000",2024-04-12 23:00:00,-121.917697759377,36.701601736121,0,"available_crw"
"254027_0_t1",15,"254027_0_t1_crw_015",7,"254027_0_t1_20240413T050000",2024-04-13 05:00:00,-121.854359020117,36.681609979102,0,"available_crw"
"254027_0_t1",15,"254027_0_t1_crw_015",8,"254027_0_t1_20240413T110000",2024-04-13 11:00:00,-121.846469702078,36.6995625778259,0,"available_crw"
"254027_0_t1",15,"254027_0_t1_crw_015",9,"254027_0_t1_20240413T170000",2024-04-13 17:00:00,-121.782926823577,36.8197095419432,0,"available_crw"
"254027_0_t1",15,"254027_0_t1_crw_015",10,"254027_0_t1_20240413T230000",2024-04-13 23:00:00,-121.764350431808,36.8143508442685,0,"available_crw"
"254027_0_t1",15,"254027_0_t1_crw_015",11,"254027_0_t1_20240414T050000",2024-04-14 05:00:00,-121.829386784536,36.763237020801,0,"available_crw"
"254027_0_t1",15,"254027_0_t1_crw_015",12,"254027_0_t1_20240414T110000",2024-04-14 11:00:00,-122.064264520116,36.5941032882554,0,"available_crw"
"254027_0_t1",15,"254027_0_t1_crw_015",13,"254027_0_t1_20240414T170000",2024-04-14 17:00:00,-122.0497990532,36.5422443795262,0,"available_crw"
"254027_0_t1",15,"254027_0_t1_crw_015",14,"254027_0_t1_20240414T230000",2024-04-14 23:00:00,-122.024141779939,36.4133134202903,0,"available_crw"
"254027_0_t1",15,"254027_0_t1_crw_015",15,"254027_0_t1_20240415T050000",2024-04-15 05:00:00,-122.367468290154,36.285770670788,0,"available_crw"
"254027_0_t1",15,"254027_0_t1_crw_015",16,"254027_0_t1_20240415T110000",2024-04-15 11:00:00,-122.611901035994,36.5189284258054,0,"available_crw"
"254027_0_t1",15,"254027_0_t1_crw_015",17,"254027_0_t1_20240415T170000",2024-04-15 17:00:00,-122.644271979999,36.5587133357476,0,"available_crw"
"254027_0_t1",15,"254027_0_t1_crw_015",18,"254027_0_t1_20240415T230000",2024-04-15 23:00:00,-122.663554062699,36.5477244731114,0,"available_crw"
"254027_0_t1",15,"254027_0_t1_crw_015",19,"254027_0_t1_20240416T050000",2024-04-16 05:00:00,-122.608938218981,36.4125435939022,0,"available_crw"
"254027_0_t1",15,"254027_0_t1_crw_015",20,"254027_0_t1_20240416T110000",2024-04-16 11:00:00,-122.580444681715,36.4371514148671,0,"available_crw"
"254027_0_t1",15,"254027_0_t1_crw_015",21,"254027_0_t1_20240416T170000",2024-04-16 17:00:00,-122.495681953416,36.506423271857,0,"available_crw"
"254027_0_t1",15,"254027_0_t1_crw_015",22,"254027_0_t1_20240416T230000",2024-04-16 23:00:00,-122.46565112922,36.4374129803885,0,"available_crw"
"254027_0_t1",15,"254027_0_t1_crw_015",23,"254027_0_t1_20240417T050000",2024-04-17 05:00:00,-122.421670082577,36.3117537504492,0,"available_crw"
"254027_0_t1",15,"254027_0_t1_crw_015",24,"254027_0_t1_20240417T110000",2024-04-17 11:00:00,-122.441815457126,36.3467076131902,0,"available_crw"
"254027_0_t1",15,"254027_0_t1_crw_015",25,"254027_0_t1_20240417T170000",2024-04-17 17:00:00,-122.153583726792,36.5446269365987,0,"available_crw"
"254027_0_t1",15,"254027_0_t1_crw_015",26,"254027_0_t1_20240417T230000",2024-04-17 23:00:00,-121.904037620637,36.6993505089224,0,"available_crw"
"254027_0_t1",15,"254027_0_t1_crw_015",27,"254027_0_t1_20240418T050000",2024-04-18 05:00:00,-121.919059419887,36.7140603004697,0,"available_crw"
"254027_0_t1",15,"254027_0_t1_crw_015",28,"254027_0_t1_20240418T110000",2024-04-18 11:00:00,-121.964705985047,36.7547023875011,0,"available_crw"
"254027_0_t1",15,"254027_0_t1_crw_015",29,"254027_0_t1_20240418T170000",2024-04-18 17:00:00,-122.02907342746,36.7427792177153,0,"available_crw"
"254027_0_t1",15,"254027_0_t1_crw_015",30,"254027_0_t1_20240418T230000",2024-04-18 23:00:00,-122.145029672126,36.7150733131759,0,"available_crw"
"254027_0_t1",15,"254027_0_t1_crw_015",31,"254027_0_t1_20240419T050000",2024-04-19 05:00:00,-122.241365527475,36.689989533926,0,"available_crw"
"254027_0_t1",15,"254027_0_t1_crw_015",32,"254027_0_t1_20240419T110000",2024-04-19 11:00:00,-122.336892161093,36.6630438032571,0,"available_crw"
"254027_0_t1",16,"254027_0_t1_crw_016",1,"254027_0_t1_20240411T170000",2024-04-11 17:00:00,-121.8431658,36.81026373,0,"available_crw"
"254027_0_t1",16,"254027_0_t1_crw_016",2,"254027_0_t1_20240411T230000",2024-04-11 23:00:00,-121.911310012985,36.9516577363603,0,"available_crw"
"254027_0_t1",16,"254027_0_t1_crw_016",3,"254027_0_t1_20240412T050000",2024-04-12 05:00:00,-121.976896707384,36.9590363912346,0,"available_crw"
"254027_0_t1",16,"254027_0_t1_crw_016",4,"254027_0_t1_20240412T110000",2024-04-12 11:00:00,-122.005313818553,36.79700437377,0,"available_crw"
"254027_0_t1",16,"254027_0_t1_crw_016",5,"254027_0_t1_20240412T170000",2024-04-12 17:00:00,-121.803928430778,36.773836377871,0,"available_crw"
"254027_0_t1",16,"254027_0_t1_crw_016",6,"254027_0_t1_20240412T230000",2024-04-12 23:00:00,-121.812897582415,36.7726740433954,0,"available_crw"
"254027_0_t1",16,"254027_0_t1_crw_016",7,"254027_0_t1_20240413T050000",2024-04-13 05:00:00,-122.025082781246,36.7802454598963,0,"available_crw"
"254027_0_t1",16,"254027_0_t1_crw_016",8,"254027_0_t1_20240413T110000",2024-04-13 11:00:00,-122.01074836449,36.7856539229809,0,"available_crw"
"254027_0_t1",16,"254027_0_t1_crw_016",9,"254027_0_t1_20240413T170000",2024-04-13 17:00:00,-122.020334145016,36.7755177985246,0,"available_crw"
"254027_0_t1",16,"254027_0_t1_crw_016",10,"254027_0_t1_20240413T230000",2024-04-13 23:00:00,-122.061655125624,36.7414703385955,0,"available_crw"
"254027_0_t1",16,"254027_0_t1_crw_016",11,"254027_0_t1_20240414T050000",2024-04-14 05:00:00,-122.057107964372,36.7536691479356,0,"available_crw"
"254027_0_t1",16,"254027_0_t1_crw_016",12,"254027_0_t1_20240414T110000",2024-04-14 11:00:00,-122.098041807052,36.7465664199058,0,"available_crw"
"254027_0_t1",16,"254027_0_t1_crw_016",13,"254027_0_t1_20240414T170000",2024-04-14 17:00:00,-122.070560265771,36.7211451868377,0,"available_crw"
"254027_0_t1",16,"254027_0_t1_crw_016",14,"254027_0_t1_20240414T230000",2024-04-14 23:00:00,-122.178439368831,36.645178847048,0,"available_crw"
"254027_0_t1",16,"254027_0_t1_crw_016",15,"254027_0_t1_20240415T050000",2024-04-15 05:00:00,-122.274580450759,36.5278628627868,0,"available_crw"
"254027_0_t1",16,"254027_0_t1_crw_016",16,"254027_0_t1_20240415T110000",2024-04-15 11:00:00,-122.328226700821,36.4587902344194,0,"available_crw"
"254027_0_t1",16,"254027_0_t1_crw_016",17,"254027_0_t1_20240415T170000",2024-04-15 17:00:00,-122.345455603504,36.4664189629862,0,"available_crw"
"254027_0_t1",16,"254027_0_t1_crw_016",18,"254027_0_t1_20240415T230000",2024-04-15 23:00:00,-122.271537355585,36.5087010946312,0,"available_crw"
"254027_0_t1",16,"254027_0_t1_crw_016",19,"254027_0_t1_20240416T050000",2024-04-16 05:00:00,-122.278723376516,36.4973622558781,0,"available_crw"
"254027_0_t1",16,"254027_0_t1_crw_016",20,"254027_0_t1_20240416T110000",2024-04-16 11:00:00,-122.519555021055,36.3164025949738,0,"available_crw"
"254027_0_t1",16,"254027_0_t1_crw_016",21,"254027_0_t1_20240416T170000",2024-04-16 17:00:00,-122.496746666929,36.3531676766698,0,"available_crw"
"254027_0_t1",16,"254027_0_t1_crw_016",22,"254027_0_t1_20240416T230000",2024-04-16 23:00:00,-122.487745109185,36.4637454523792,0,"available_crw"
"254027_0_t1",16,"254027_0_t1_crw_016",23,"254027_0_t1_20240417T050000",2024-04-17 05:00:00,-122.430998330935,36.628376374155,0,"available_crw"
"254027_0_t1",16,"254027_0_t1_crw_016",24,"254027_0_t1_20240417T110000",2024-04-17 11:00:00,-122.293027459977,36.5975511862947,0,"available_crw"
"254027_0_t1",16,"254027_0_t1_crw_016",25,"254027_0_t1_20240417T170000",2024-04-17 17:00:00,-122.197648017556,36.7171788338539,0,"available_crw"
"254027_0_t1",16,"254027_0_t1_crw_016",26,"254027_0_t1_20240417T230000",2024-04-17 23:00:00,-122.17407753499,36.8263500299909,0,"available_crw"
"254027_0_t1",16,"254027_0_t1_crw_016",27,"254027_0_t1_20240418T050000",2024-04-18 05:00:00,-122.10305452357,36.9749472225997,0,"available_crw"
"254027_0_t1",16,"254027_0_t1_crw_016",28,"254027_0_t1_20240418T110000",2024-04-18 11:00:00,-122.293487041014,37.0336802535286,0,"available_crw"
"254027_0_t1",16,"254027_0_t1_crw_016",29,"254027_0_t1_20240418T170000",2024-04-18 17:00:00,-122.242186570527,37.0332341924941,0,"available_crw"
"254027_0_t1",16,"254027_0_t1_crw_016",30,"254027_0_t1_20240418T230000",2024-04-18 23:00:00,-122.284313177375,37.0366525908145,0,"available_crw"
"254027_0_t1",16,"254027_0_t1_crw_016",31,"254027_0_t1_20240419T050000",2024-04-19 05:00:00,-122.322273894654,36.9930791867973,0,"available_crw"
"254027_0_t1",16,"254027_0_t1_crw_016",32,"254027_0_t1_20240419T110000",2024-04-19 11:00:00,-122.302363577039,36.9827069030069,0,"available_crw"
"254027_0_t1",17,"254027_0_t1_crw_017",1,"254027_0_t1_20240411T170000",2024-04-11 17:00:00,-121.8431658,36.81026373,0,"available_crw"
"254027_0_t1",17,"254027_0_t1_crw_017",2,"254027_0_t1_20240411T230000",2024-04-11 23:00:00,-121.795000753288,36.8241176235333,0,"available_crw"
"254027_0_t1",17,"254027_0_t1_crw_017",3,"254027_0_t1_20240412T050000",2024-04-12 05:00:00,-121.826412640139,36.8464294596156,0,"available_crw"
"254027_0_t1",17,"254027_0_t1_crw_017",4,"254027_0_t1_20240412T110000",2024-04-12 11:00:00,-121.785847193679,36.8258454225441,0,"available_crw"
"254027_0_t1",17,"254027_0_t1_crw_017",5,"254027_0_t1_20240412T170000",2024-04-12 17:00:00,-121.820010667719,36.6767366485708,0,"available_crw"
"254027_0_t1",17,"254027_0_t1_crw_017",6,"254027_0_t1_20240412T230000",2024-04-12 23:00:00,-121.824680242696,36.6889039699255,0,"available_crw"
"254027_0_t1",17,"254027_0_t1_crw_017",7,"254027_0_t1_20240413T050000",2024-04-13 05:00:00,-121.815904525409,36.6557036968371,0,"available_crw"
"254027_0_t1",17,"254027_0_t1_crw_017",8,"254027_0_t1_20240413T110000",2024-04-13 11:00:00,-121.955901514931,36.6313719890053,0,"available_crw"
"254027_0_t1",17,"254027_0_t1_crw_017",9,"254027_0_t1_20240413T170000",2024-04-13 17:00:00,-121.913275608233,36.4713873966421,0,"available_crw"
"254027_0_t1",17,"254027_0_t1_crw_017",10,"254027_0_t1_20240413T230000",2024-04-13 23:00:00,-121.920844502952,36.2497436397986,0,"available_crw"
"254027_0_t1",17,"254027_0_t1_crw_017",11,"254027_0_t1_20240414T050000",2024-04-14 05:00:00,-121.897331571413,36.2498593392778,0,"available_crw"
"254027_0_t1",17,"254027_0_t1_crw_017",12,"254027_0_t1_20240414T110000",2024-04-14 11:00:00,-121.896073813843,36.2340222825275,0,"available_crw"
"254027_0_t1",17,"254027_0_t1_crw_017",13,"254027_0_t1_20240414T170000",2024-04-14 17:00:00,-122.252038586569,36.1333791166227,0,"available_crw"
"254027_0_t1",17,"254027_0_t1_crw_017",14,"254027_0_t1_20240414T230000",2024-04-14 23:00:00,-122.26324264272,36.0810010647858,0,"available_crw"
"254027_0_t1",17,"254027_0_t1_crw_017",15,"254027_0_t1_20240415T050000",2024-04-15 05:00:00,-122.248634723505,35.9833377369886,0,"available_crw"
"254027_0_t1",17,"254027_0_t1_crw_017",16,"254027_0_t1_20240415T110000",2024-04-15 11:00:00,-122.412090326894,35.9103019209298,0,"available_crw"
"254027_0_t1",17,"254027_0_t1_crw_017",17,"254027_0_t1_20240415T170000",2024-04-15 17:00:00,-122.598387578707,35.8616981235704,0,"available_crw"
"254027_0_t1",17,"254027_0_t1_crw_017",18,"254027_0_t1_20240415T230000",2024-04-15 23:00:00,-122.805042339487,36.1170727344207,0,"available_crw"
"254027_0_t1",17,"254027_0_t1_crw_017",19,"254027_0_t1_20240416T050000",2024-04-16 05:00:00,-122.772879177186,36.0886751695437,0,"available_crw"
"254027_0_t1",17,"254027_0_t1_crw_017",20,"254027_0_t1_20240416T110000",2024-04-16 11:00:00,-122.75965154997,36.1206237292727,0,"available_crw"
"254027_0_t1",17,"254027_0_t1_crw_017",21,"254027_0_t1_20240416T170000",2024-04-16 17:00:00,-122.698955124459,36.2416023644198,0,"available_crw"
"254027_0_t1",17,"254027_0_t1_crw_017",22,"254027_0_t1_20240416T230000",2024-04-16 23:00:00,-122.650610300689,36.330787977562,0,"available_crw"
"254027_0_t1",17,"254027_0_t1_crw_017",23,"254027_0_t1_20240417T050000",2024-04-17 05:00:00,-122.625190172293,36.469910642331,0,"available_crw"
"254027_0_t1",17,"254027_0_t1_crw_017",24,"254027_0_t1_20240417T110000",2024-04-17 11:00:00,-122.612721298039,36.5508202011997,0,"available_crw"
"254027_0_t1",17,"254027_0_t1_crw_017",25,"254027_0_t1_20240417T170000",2024-04-17 17:00:00,-122.610962377084,36.5122790776595,0,"available_crw"
"254027_0_t1",17,"254027_0_t1_crw_017",26,"254027_0_t1_20240417T230000",2024-04-17 23:00:00,-122.630456884465,36.5502873593201,0,"available_crw"
"254027_0_t1",17,"254027_0_t1_crw_017",27,"254027_0_t1_20240418T050000",2024-04-18 05:00:00,-122.618346739182,36.5421168466684,0,"available_crw"
"254027_0_t1",17,"254027_0_t1_crw_017",28,"254027_0_t1_20240418T110000",2024-04-18 11:00:00,-122.666400144993,36.5558613029083,0,"available_crw"
"254027_0_t1",17,"254027_0_t1_crw_017",29,"254027_0_t1_20240418T170000",2024-04-18 17:00:00,-122.782466376741,36.5826272488339,0,"available_crw"
"254027_0_t1",17,"254027_0_t1_crw_017",30,"254027_0_t1_20240418T230000",2024-04-18 23:00:00,-123.081119579653,36.6630064416498,0,"available_crw"
"254027_0_t1",17,"254027_0_t1_crw_017",31,"254027_0_t1_20240419T050000",2024-04-19 05:00:00,-123.145258930914,36.5077392263312,0,"available_crw"
"254027_0_t1",17,"254027_0_t1_crw_017",32,"254027_0_t1_20240419T110000",2024-04-19 11:00:00,-123.137616027217,36.5458105376263,0,"available_crw"
"254027_0_t1",18,"254027_0_t1_crw_018",1,"254027_0_t1_20240411T170000",2024-04-11 17:00:00,-121.8431658,36.81026373,0,"available_crw"
"254027_0_t1",18,"254027_0_t1_crw_018",2,"254027_0_t1_20240411T230000",2024-04-11 23:00:00,-122.050772744044,36.8468579507232,0,"available_crw"
"254027_0_t1",18,"254027_0_t1_crw_018",3,"254027_0_t1_20240412T050000",2024-04-12 05:00:00,-122.035487785461,36.8502186366729,0,"available_crw"
"254027_0_t1",18,"254027_0_t1_crw_018",4,"254027_0_t1_20240412T110000",2024-04-12 11:00:00,-121.970624720426,36.8670968522369,0,"available_crw"
"254027_0_t1",18,"254027_0_t1_crw_018",5,"254027_0_t1_20240412T170000",2024-04-12 17:00:00,-121.957698625179,36.9192245798166,0,"available_crw"
"254027_0_t1",18,"254027_0_t1_crw_018",6,"254027_0_t1_20240412T230000",2024-04-12 23:00:00,-121.959426737695,36.8806882193803,0,"available_crw"
"254027_0_t1",18,"254027_0_t1_crw_018",7,"254027_0_t1_20240413T050000",2024-04-13 05:00:00,-121.960733180355,36.7991737248372,0,"available_crw"
"254027_0_t1",18,"254027_0_t1_crw_018",8,"254027_0_t1_20240413T110000",2024-04-13 11:00:00,-122.04203354219,36.8319821402023,0,"available_crw"
"254027_0_t1",18,"254027_0_t1_crw_018",9,"254027_0_t1_20240413T170000",2024-04-13 17:00:00,-122.133759126232,36.866793544267,0,"available_crw"
"254027_0_t1",18,"254027_0_t1_crw_018",10,"254027_0_t1_20240413T230000",2024-04-13 23:00:00,-122.126387719142,36.8815159023357,0,"available_crw"
"254027_0_t1",18,"254027_0_t1_crw_018",11,"254027_0_t1_20240414T050000",2024-04-14 05:00:00,-122.10766415297,36.8764594518908,0,"available_crw"
"254027_0_t1",18,"254027_0_t1_crw_018",12,"254027_0_t1_20240414T110000",2024-04-14 11:00:00,-122.042096634744,36.8614139342987,0,"available_crw"
"254027_0_t1",18,"254027_0_t1_crw_018",13,"254027_0_t1_20240414T170000",2024-04-14 17:00:00,-121.943962139176,36.840775004925,0,"available_crw"
"254027_0_t1",18,"254027_0_t1_crw_018",14,"254027_0_t1_20240414T230000",2024-04-14 23:00:00,-121.88899151353,36.8231144969047,0,"available_crw"
"254027_0_t1",18,"254027_0_t1_crw_018",15,"254027_0_t1_20240415T050000",2024-04-15 05:00:00,-121.837600902206,36.8565632421685,0,"available_crw"
"254027_0_t1",18,"254027_0_t1_crw_018",16,"254027_0_t1_20240415T110000",2024-04-15 11:00:00,-121.824307257998,36.8448305754415,0,"available_crw"
"254027_0_t1",18,"254027_0_t1_crw_018",17,"254027_0_t1_20240415T170000",2024-04-15 17:00:00,-121.861878057827,36.8688180414629,0,"available_crw"
"254027_0_t1",18,"254027_0_t1_crw_018",18,"254027_0_t1_20240415T230000",2024-04-15 23:00:00,-121.942817111565,36.918002316441,0,"available_crw"
"254027_0_t1",18,"254027_0_t1_crw_018",19,"254027_0_t1_20240416T050000",2024-04-16 05:00:00,-121.931836940471,36.9311963438212,0,"available_crw"
"254027_0_t1",18,"254027_0_t1_crw_018",20,"254027_0_t1_20240416T110000",2024-04-16 11:00:00,-121.951995847651,36.9412350919002,0,"available_crw"
"254027_0_t1",18,"254027_0_t1_crw_018",21,"254027_0_t1_20240416T170000",2024-04-16 17:00:00,-122.120046860532,36.9810339406408,0,"available_crw"
"254027_0_t1",18,"254027_0_t1_crw_018",22,"254027_0_t1_20240416T230000",2024-04-16 23:00:00,-122.125972214052,36.9625930456439,0,"available_crw"
"254027_0_t1",18,"254027_0_t1_crw_018",23,"254027_0_t1_20240417T050000",2024-04-17 05:00:00,-122.147721388526,36.9183231559834,0,"available_crw"
"254027_0_t1",18,"254027_0_t1_crw_018",24,"254027_0_t1_20240417T110000",2024-04-17 11:00:00,-122.146697969291,36.9594454772307,0,"available_crw"
"254027_0_t1",18,"254027_0_t1_crw_018",25,"254027_0_t1_20240417T170000",2024-04-17 17:00:00,-122.002914400558,36.9572757742465,0,"available_crw"
"254027_0_t1",18,"254027_0_t1_crw_018",26,"254027_0_t1_20240417T230000",2024-04-17 23:00:00,-121.94422908969,36.9504787002353,0,"available_crw"
"254027_0_t1",18,"254027_0_t1_crw_018",27,"254027_0_t1_20240418T050000",2024-04-18 05:00:00,-121.964503306418,36.8362264443047,0,"available_crw"
"254027_0_t1",18,"254027_0_t1_crw_018",28,"254027_0_t1_20240418T110000",2024-04-18 11:00:00,-121.954812505787,36.8692655515121,0,"available_crw"
"254027_0_t1",18,"254027_0_t1_crw_018",29,"254027_0_t1_20240418T170000",2024-04-18 17:00:00,-121.814993660882,36.8429177849318,0,"available_crw"
"254027_0_t1",18,"254027_0_t1_crw_018",30,"254027_0_t1_20240418T230000",2024-04-18 23:00:00,-121.855073776944,36.853622290103,0,"available_crw"
"254027_0_t1",18,"254027_0_t1_crw_018",31,"254027_0_t1_20240419T050000",2024-04-19 05:00:00,-121.861777559218,36.8353570932045,0,"available_crw"
"254027_0_t1",18,"254027_0_t1_crw_018",32,"254027_0_t1_20240419T110000",2024-04-19 11:00:00,-122.049541340195,36.8209806995711,0,"available_crw"
"254027_0_t1",19,"254027_0_t1_crw_019",1,"254027_0_t1_20240411T170000",2024-04-11 17:00:00,-121.8431658,36.81026373,0,"available_crw"
"254027_0_t1",19,"254027_0_t1_crw_019",2,"254027_0_t1_20240411T230000",2024-04-11 23:00:00,-122.037018718084,36.8426236931558,0,"available_crw"
"254027_0_t1",19,"254027_0_t1_crw_019",3,"254027_0_t1_20240412T050000",2024-04-12 05:00:00,-122.09309706331,36.857904637437,0,"available_crw"
"254027_0_t1",19,"254027_0_t1_crw_019",4,"254027_0_t1_20240412T110000",2024-04-12 11:00:00,-122.276566609883,36.9444080067224,0,"available_crw"
"254027_0_t1",19,"254027_0_t1_crw_019",5,"254027_0_t1_20240412T170000",2024-04-12 17:00:00,-122.267582797703,36.9585443896451,0,"available_crw"
"254027_0_t1",19,"254027_0_t1_crw_019",6,"254027_0_t1_20240412T230000",2024-04-12 23:00:00,-122.209513107496,37.0440641013207,0,"available_crw"
"254027_0_t1",19,"254027_0_t1_crw_019",7,"254027_0_t1_20240413T050000",2024-04-13 05:00:00,-122.388822557898,37.1224121242616,0,"available_crw"
"254027_0_t1",19,"254027_0_t1_crw_019",8,"254027_0_t1_20240413T110000",2024-04-13 11:00:00,-122.372920372098,37.122201541703,0,"available_crw"
"254027_0_t1",19,"254027_0_t1_crw_019",9,"254027_0_t1_20240413T170000",2024-04-13 17:00:00,-122.392620626125,37.1519791380534,0,"available_crw"
"254027_0_t1",19,"254027_0_t1_crw_019",10,"254027_0_t1_20240413T230000",2024-04-13 23:00:00,-122.479121608374,37.2218788803012,0,"available_crw"
"254027_0_t1",19,"254027_0_t1_crw_019",11,"254027_0_t1_20240414T050000",2024-04-14 05:00:00,-122.624416585643,37.1067453006493,0,"available_crw"
"254027_0_t1",19,"254027_0_t1_crw_019",12,"254027_0_t1_20240414T110000",2024-04-14 11:00:00,-122.78967191043,37.0184429404548,0,"available_crw"
"254027_0_t1",19,"254027_0_t1_crw_019",13,"254027_0_t1_20240414T170000",2024-04-14 17:00:00,-122.775822980237,37.0029714011461,0,"available_crw"
"254027_0_t1",19,"254027_0_t1_crw_019",14,"254027_0_t1_20240414T230000",2024-04-14 23:00:00,-122.672706882276,36.7972852301487,0,"available_crw"
"254027_0_t1",19,"254027_0_t1_crw_019",15,"254027_0_t1_20240415T050000",2024-04-15 05:00:00,-122.568891229737,36.5576648815385,0,"available_crw"
"254027_0_t1",19,"254027_0_t1_crw_019",16,"254027_0_t1_20240415T110000",2024-04-15 11:00:00,-122.574288154138,36.5635364198229,0,"available_crw"
"254027_0_t1",19,"254027_0_t1_crw_019",17,"254027_0_t1_20240415T170000",2024-04-15 17:00:00,-122.663323699229,36.7186219233661,0,"available_crw"
"254027_0_t1",19,"254027_0_t1_crw_019",18,"254027_0_t1_20240415T230000",2024-04-15 23:00:00,-122.681386586391,36.7639398101979,0,"available_crw"
"254027_0_t1",19,"254027_0_t1_crw_019",19,"254027_0_t1_20240416T050000",2024-04-16 05:00:00,-122.703667839258,36.7575099729076,0,"available_crw"
"254027_0_t1",19,"254027_0_t1_crw_019",20,"254027_0_t1_20240416T110000",2024-04-16 11:00:00,-122.761368732187,36.7470626541746,0,"available_crw"
"254027_0_t1",19,"254027_0_t1_crw_019",21,"254027_0_t1_20240416T170000",2024-04-16 17:00:00,-122.868313625083,36.8719634891868,0,"available_crw"
"254027_0_t1",19,"254027_0_t1_crw_019",22,"254027_0_t1_20240416T230000",2024-04-16 23:00:00,-122.887363558032,36.8606298963603,0,"available_crw"
"254027_0_t1",19,"254027_0_t1_crw_019",23,"254027_0_t1_20240417T050000",2024-04-17 05:00:00,-122.960454722219,36.7817354607429,0,"available_crw"
"254027_0_t1",19,"254027_0_t1_crw_019",24,"254027_0_t1_20240417T110000",2024-04-17 11:00:00,-122.998514370257,36.7362992642007,0,"available_crw"
"254027_0_t1",19,"254027_0_t1_crw_019",25,"254027_0_t1_20240417T170000",2024-04-17 17:00:00,-122.971890054395,36.7626331685197,0,"available_crw"
"254027_0_t1",19,"254027_0_t1_crw_019",26,"254027_0_t1_20240417T230000",2024-04-17 23:00:00,-122.955893832496,36.753348690716,0,"available_crw"
"254027_0_t1",19,"254027_0_t1_crw_019",27,"254027_0_t1_20240418T050000",2024-04-18 05:00:00,-123.035930985336,36.7186982467811,0,"available_crw"
"254027_0_t1",19,"254027_0_t1_crw_019",28,"254027_0_t1_20240418T110000",2024-04-18 11:00:00,-122.997915387968,36.7421722718699,0,"available_crw"
"254027_0_t1",19,"254027_0_t1_crw_019",29,"254027_0_t1_20240418T170000",2024-04-18 17:00:00,-122.985026574423,36.7301616798831,0,"available_crw"
"254027_0_t1",19,"254027_0_t1_crw_019",30,"254027_0_t1_20240418T230000",2024-04-18 23:00:00,-122.868443083598,36.4815471683,0,"available_crw"
"254027_0_t1",19,"254027_0_t1_crw_019",31,"254027_0_t1_20240419T050000",2024-04-19 05:00:00,-122.828932323686,36.3895340180911,0,"available_crw"
"254027_0_t1",19,"254027_0_t1_crw_019",32,"254027_0_t1_20240419T110000",2024-04-19 11:00:00,-122.653151230701,36.394287082244,0,"available_crw"
"254027_0_t1",20,"254027_0_t1_crw_020",1,"254027_0_t1_20240411T170000",2024-04-11 17:00:00,-121.8431658,36.81026373,0,"available_crw"
"254027_0_t1",20,"254027_0_t1_crw_020",2,"254027_0_t1_20240411T230000",2024-04-11 23:00:00,-122.152628406773,36.9039795381729,0,"available_crw"
"254027_0_t1",20,"254027_0_t1_crw_020",3,"254027_0_t1_20240412T050000",2024-04-12 05:00:00,-122.26076325385,36.7914539400345,0,"available_crw"
"254027_0_t1",20,"254027_0_t1_crw_020",4,"254027_0_t1_20240412T110000",2024-04-12 11:00:00,-122.295784083125,36.6842908868998,0,"available_crw"
"254027_0_t1",20,"254027_0_t1_crw_020",5,"254027_0_t1_20240412T170000",2024-04-12 17:00:00,-122.483550886556,36.4658790286984,0,"available_crw"
"254027_0_t1",20,"254027_0_t1_crw_020",6,"254027_0_t1_20240412T230000",2024-04-12 23:00:00,-122.601321393594,36.5313139855709,0,"available_crw"
"254027_0_t1",20,"254027_0_t1_crw_020",7,"254027_0_t1_20240413T050000",2024-04-13 05:00:00,-122.728901207979,36.6117192295198,0,"available_crw"
"254027_0_t1",20,"254027_0_t1_crw_020",8,"254027_0_t1_20240413T110000",2024-04-13 11:00:00,-122.903956305994,36.8370703440755,0,"available_crw"
"254027_0_t1",20,"254027_0_t1_crw_020",9,"254027_0_t1_20240413T170000",2024-04-13 17:00:00,-123.059585660283,37.057985451536,0,"available_crw"
"254027_0_t1",20,"254027_0_t1_crw_020",10,"254027_0_t1_20240413T230000",2024-04-13 23:00:00,-123.124810590119,37.2206781204714,0,"available_crw"
"254027_0_t1",20,"254027_0_t1_crw_020",11,"254027_0_t1_20240414T050000",2024-04-14 05:00:00,-122.833458443293,37.3614940355741,0,"available_crw"
"254027_0_t1",20,"254027_0_t1_crw_020",12,"254027_0_t1_20240414T110000",2024-04-14 11:00:00,-122.841747900278,37.3506124732206,0,"available_crw"
"254027_0_t1",20,"254027_0_t1_crw_020",13,"254027_0_t1_20240414T170000",2024-04-14 17:00:00,-122.898535495679,37.26446327368,0,"available_crw"
"254027_0_t1",20,"254027_0_t1_crw_020",14,"254027_0_t1_20240414T230000",2024-04-14 23:00:00,-123.081799039028,37.098152498115,0,"available_crw"
"254027_0_t1",20,"254027_0_t1_crw_020",15,"254027_0_t1_20240415T050000",2024-04-15 05:00:00,-123.06343333157,37.0860590841319,0,"available_crw"
"254027_0_t1",20,"254027_0_t1_crw_020",16,"254027_0_t1_20240415T110000",2024-04-15 11:00:00,-123.048961691746,37.1011692139973,0,"available_crw"
"254027_0_t1",20,"254027_0_t1_crw_020",17,"254027_0_t1_20240415T170000",2024-04-15 17:00:00,-123.071773429616,37.0672106715487,0,"available_crw"
"254027_0_t1",20,"254027_0_t1_crw_020",18,"254027_0_t1_20240415T230000",2024-04-15 23:00:00,-123.101313045945,37.0178016078081,0,"available_crw"
"254027_0_t1",20,"254027_0_t1_crw_020",19,"254027_0_t1_20240416T050000",2024-04-16 05:00:00,-123.146905479959,36.9275675657343,0,"available_crw"
"254027_0_t1",20,"254027_0_t1_crw_020",20,"254027_0_t1_20240416T110000",2024-04-16 11:00:00,-123.278536371553,36.6969012673208,0,"available_crw"
"254027_0_t1",20,"254027_0_t1_crw_020",21,"254027_0_t1_20240416T170000",2024-04-16 17:00:00,-123.279364825376,36.7096207264444,0,"available_crw"
"254027_0_t1",20,"254027_0_t1_crw_020",22,"254027_0_t1_20240416T230000",2024-04-16 23:00:00,-123.314907410028,36.6918282324471,0,"available_crw"
"254027_0_t1",20,"254027_0_t1_crw_020",23,"254027_0_t1_20240417T050000",2024-04-17 05:00:00,-123.308979520303,36.6973635947794,0,"available_crw"
"254027_0_t1",20,"254027_0_t1_crw_020",24,"254027_0_t1_20240417T110000",2024-04-17 11:00:00,-123.327403657046,36.7093077105446,0,"available_crw"
"254027_0_t1",20,"254027_0_t1_crw_020",25,"254027_0_t1_20240417T170000",2024-04-17 17:00:00,-123.341603614241,36.6940759166577,0,"available_crw"
"254027_0_t1",20,"254027_0_t1_crw_020",26,"254027_0_t1_20240417T230000",2024-04-17 23:00:00,-123.446635036248,36.5946245993474,0,"available_crw"
"254027_0_t1",20,"254027_0_t1_crw_020",27,"254027_0_t1_20240418T050000",2024-04-18 05:00:00,-123.558813984991,36.500486819869,0,"available_crw"
"254027_0_t1",20,"254027_0_t1_crw_020",28,"254027_0_t1_20240418T110000",2024-04-18 11:00:00,-123.677711252182,36.4120028433356,0,"available_crw"
"254027_0_t1",20,"254027_0_t1_crw_020",29,"254027_0_t1_20240418T170000",2024-04-18 17:00:00,-123.76976166349,36.2927055200399,0,"available_crw"
"254027_0_t1",20,"254027_0_t1_crw_020",30,"254027_0_t1_20240418T230000",2024-04-18 23:00:00,-123.802842563641,36.244906221577,0,"available_crw"
"254027_0_t1",20,"254027_0_t1_crw_020",31,"254027_0_t1_20240419T050000",2024-04-19 05:00:00,-123.829064139583,36.1488517833961,0,"available_crw"
"254027_0_t1",20,"254027_0_t1_crw_020",32,"254027_0_t1_20240419T110000",2024-04-19 11:00:00,-123.840559266408,36.0948563274806,0,"available_crw"
"254027_0_t1",21,"254027_0_t1_crw_021",1,"254027_0_t1_20240411T170000",2024-04-11 17:00:00,-121.8431658,36.81026373,0,"available_crw"
"254027_0_t1",21,"254027_0_t1_crw_021",2,"254027_0_t1_20240411T230000",2024-04-11 23:00:00,-121.897200898258,36.6749059665268,0,"available_crw"
"254027_0_t1",21,"254027_0_t1_crw_021",3,"254027_0_t1_20240412T050000",2024-04-12 05:00:00,-121.880762664609,36.7061630004291,0,"available_crw"
"254027_0_t1",21,"254027_0_t1_crw_021",4,"254027_0_t1_20240412T110000",2024-04-12 11:00:00,-122.015956430584,36.7976951192182,0,"available_crw"
"254027_0_t1",21,"254027_0_t1_crw_021",5,"254027_0_t1_20240412T170000",2024-04-12 17:00:00,-122.095105963054,36.8486556404388,0,"available_crw"
"254027_0_t1",21,"254027_0_t1_crw_021",6,"254027_0_t1_20240412T230000",2024-04-12 23:00:00,-122.215595219828,36.9363190112044,0,"available_crw"
"254027_0_t1",21,"254027_0_t1_crw_021",7,"254027_0_t1_20240413T050000",2024-04-13 05:00:00,-122.372047826528,36.9996608093841,0,"available_crw"
"254027_0_t1",21,"254027_0_t1_crw_021",8,"254027_0_t1_20240413T110000",2024-04-13 11:00:00,-122.509901762677,37.0069773246621,0,"available_crw"
"254027_0_t1",21,"254027_0_t1_crw_021",9,"254027_0_t1_20240413T170000",2024-04-13 17:00:00,-122.630828779532,37.0158658421583,0,"available_crw"
"254027_0_t1",21,"254027_0_t1_crw_021",10,"254027_0_t1_20240413T230000",2024-04-13 23:00:00,-122.803404050765,36.9910458613918,0,"available_crw"
"254027_0_t1",21,"254027_0_t1_crw_021",11,"254027_0_t1_20240414T050000",2024-04-14 05:00:00,-123.079355180487,37.0042164858692,0,"available_crw"
"254027_0_t1",21,"254027_0_t1_crw_021",12,"254027_0_t1_20240414T110000",2024-04-14 11:00:00,-123.037493402912,36.9992043846665,0,"available_crw"
"254027_0_t1",21,"254027_0_t1_crw_021",13,"254027_0_t1_20240414T170000",2024-04-14 17:00:00,-123.007017093129,37.1610154279455,0,"available_crw"
"254027_0_t1",21,"254027_0_t1_crw_021",14,"254027_0_t1_20240414T230000",2024-04-14 23:00:00,-122.931770794237,37.1195317389974,0,"available_crw"
"254027_0_t1",21,"254027_0_t1_crw_021",15,"254027_0_t1_20240415T050000",2024-04-15 05:00:00,-122.679880822111,36.9658018538968,0,"available_crw"
"254027_0_t1",21,"254027_0_t1_crw_021",16,"254027_0_t1_20240415T110000",2024-04-15 11:00:00,-122.673667677266,36.9991296430297,0,"available_crw"
"254027_0_t1",21,"254027_0_t1_crw_021",17,"254027_0_t1_20240415T170000",2024-04-15 17:00:00,-122.606883853662,37.14903857494,0,"available_crw"
"254027_0_t1",21,"254027_0_t1_crw_021",18,"254027_0_t1_20240415T230000",2024-04-15 23:00:00,-122.607252985548,37.14173562587,0,"available_crw"
"254027_0_t1",21,"254027_0_t1_crw_021",19,"254027_0_t1_20240416T050000",2024-04-16 05:00:00,-122.653347526314,36.98690732261,0,"available_crw"
"254027_0_t1",21,"254027_0_t1_crw_021",20,"254027_0_t1_20240416T110000",2024-04-16 11:00:00,-122.647514529686,36.8463652427731,0,"available_crw"
"254027_0_t1",21,"254027_0_t1_crw_021",21,"254027_0_t1_20240416T170000",2024-04-16 17:00:00,-122.655323583175,36.8574483827093,0,"available_crw"
"254027_0_t1",21,"254027_0_t1_crw_021",22,"254027_0_t1_20240416T230000",2024-04-16 23:00:00,-122.709829386517,37.1195970610367,0,"available_crw"
"254027_0_t1",21,"254027_0_t1_crw_021",23,"254027_0_t1_20240417T050000",2024-04-17 05:00:00,-122.701350083235,37.2903264681094,0,"available_crw"
"254027_0_t1",21,"254027_0_t1_crw_021",24,"254027_0_t1_20240417T110000",2024-04-17 11:00:00,-122.732207169333,37.3855553604771,0,"available_crw"
"254027_0_t1",21,"254027_0_t1_crw_021",25,"254027_0_t1_20240417T170000",2024-04-17 17:00:00,-122.699856887734,37.6500499174811,0,"available_crw"
"254027_0_t1",21,"254027_0_t1_crw_021",26,"254027_0_t1_20240417T230000",2024-04-17 23:00:00,-122.642245716991,37.8024863863628,0,"available_crw"
"254027_0_t1",21,"254027_0_t1_crw_021",27,"254027_0_t1_20240418T050000",2024-04-18 05:00:00,-122.658182431984,37.7709884461764,0,"available_crw"
"254027_0_t1",21,"254027_0_t1_crw_021",28,"254027_0_t1_20240418T110000",2024-04-18 11:00:00,-122.696758551474,37.6785819800583,0,"available_crw"
"254027_0_t1",21,"254027_0_t1_crw_021",29,"254027_0_t1_20240418T170000",2024-04-18 17:00:00,-122.685675711923,37.5681372278324,0,"available_crw"
"254027_0_t1",21,"254027_0_t1_crw_021",30,"254027_0_t1_20240418T230000",2024-04-18 23:00:00,-122.856172643357,37.5006500381828,0,"available_crw"
"254027_0_t1",21,"254027_0_t1_crw_021",31,"254027_0_t1_20240419T050000",2024-04-19 05:00:00,-123.063461916405,37.4570405754769,0,"available_crw"
"254027_0_t1",21,"254027_0_t1_crw_021",32,"254027_0_t1_20240419T110000",2024-04-19 11:00:00,-123.17723104752,37.5786039296702,0,"available_crw"
"254027_0_t1",22,"254027_0_t1_crw_022",1,"254027_0_t1_20240411T170000",2024-04-11 17:00:00,-121.8431658,36.81026373,0,"available_crw"
"254027_0_t1",22,"254027_0_t1_crw_022",2,"254027_0_t1_20240411T230000",2024-04-11 23:00:00,-122.050772744044,36.8468579507232,0,"available_crw"
"254027_0_t1",22,"254027_0_t1_crw_022",3,"254027_0_t1_20240412T050000",2024-04-12 05:00:00,-122.299016935634,36.9438380036719,0,"available_crw"
"254027_0_t1",22,"254027_0_t1_crw_022",4,"254027_0_t1_20240412T110000",2024-04-12 11:00:00,-122.296827226299,36.910186384479,0,"available_crw"
"254027_0_t1",22,"254027_0_t1_crw_022",5,"254027_0_t1_20240412T170000",2024-04-12 17:00:00,-122.299990937893,36.9170396539554,0,"available_crw"
"254027_0_t1",22,"254027_0_t1_crw_022",6,"254027_0_t1_20240412T230000",2024-04-12 23:00:00,-122.288214054971,36.9085088817039,0,"available_crw"
"254027_0_t1",22,"254027_0_t1_crw_022",7,"254027_0_t1_20240413T050000",2024-04-13 05:00:00,-122.316938263301,36.9334175800264,0,"available_crw"
"254027_0_t1",22,"254027_0_t1_crw_022",8,"254027_0_t1_20240413T110000",2024-04-13 11:00:00,-122.387700309986,36.9919143315173,0,"available_crw"
"254027_0_t1",22,"254027_0_t1_crw_022",9,"254027_0_t1_20240413T170000",2024-04-13 17:00:00,-122.502090894662,37.1361054312823,0,"available_crw"
"254027_0_t1",22,"254027_0_t1_crw_022",10,"254027_0_t1_20240413T230000",2024-04-13 23:00:00,-122.527607265552,37.179088783865,0,"available_crw"
"254027_0_t1",22,"254027_0_t1_crw_022",11,"254027_0_t1_20240414T050000",2024-04-14 05:00:00,-122.584028449229,37.3961726077305,0,"available_crw"
"254027_0_t1",22,"254027_0_t1_crw_022",12,"254027_0_t1_20240414T110000",2024-04-14 11:00:00,-122.616084888418,37.3742384081105,0,"available_crw"
"254027_0_t1",22,"254027_0_t1_crw_022",13,"254027_0_t1_20240414T170000",2024-04-14 17:00:00,-122.866164713437,37.2177720878212,0,"available_crw"
"254027_0_t1",22,"254027_0_t1_crw_022",14,"254027_0_t1_20240414T230000",2024-04-14 23:00:00,-122.833481234126,37.2461297780815,0,"available_crw"
"254027_0_t1",22,"254027_0_t1_crw_022",15,"254027_0_t1_20240415T050000",2024-04-15 05:00:00,-122.786527764966,37.3503900973722,0,"available_crw"
"254027_0_t1",22,"254027_0_t1_crw_022",16,"254027_0_t1_20240415T110000",2024-04-15 11:00:00,-122.650487144212,37.3114251375187,0,"available_crw"
"254027_0_t1",22,"254027_0_t1_crw_022",17,"254027_0_t1_20240415T170000",2024-04-15 17:00:00,-122.656106304869,37.2962045320089,0,"available_crw"
"254027_0_t1",22,"254027_0_t1_crw_022",18,"254027_0_t1_20240415T230000",2024-04-15 23:00:00,-122.650032878817,37.334460493695,0,"available_crw"
"254027_0_t1",22,"254027_0_t1_crw_022",19,"254027_0_t1_20240416T050000",2024-04-16 05:00:00,-122.496916709316,37.5705130167734,0,"available_crw"
"254027_0_t1",22,"254027_0_t1_crw_022",20,"254027_0_t1_20240416T110000",2024-04-16 11:00:00,-122.624375508751,37.6701753240218,0,"available_crw"
"254027_0_t1",22,"254027_0_t1_crw_022",21,"254027_0_t1_20240416T170000",2024-04-16 17:00:00,-122.611242645532,37.6821262776847,0,"available_crw"
"254027_0_t1",22,"254027_0_t1_crw_022",22,"254027_0_t1_20240416T230000",2024-04-16 23:00:00,-122.567547563209,37.787344545384,0,"available_crw"
"254027_0_t1",22,"254027_0_t1_crw_022",23,"254027_0_t1_20240417T050000",2024-04-17 05:00:00,-122.359272279117,37.9955902646334,0,"available_crw"
"254027_0_t1",22,"254027_0_t1_crw_022",24,"254027_0_t1_20240417T110000",2024-04-17 11:00:00,-122.362598873244,37.9887732520709,0,"available_crw"
"254027_0_t1",22,"254027_0_t1_crw_022",25,"254027_0_t1_20240417T170000",2024-04-17 17:00:00,-122.397435967265,37.9120714478549,0,"available_crw"
"254027_0_t1",22,"254027_0_t1_crw_022",26,"254027_0_t1_20240417T230000",2024-04-17 23:00:00,-122.431784292011,37.8186078991067,0,"available_crw"
"254027_0_t1",22,"254027_0_t1_crw_022",27,"254027_0_t1_20240418T050000",2024-04-18 05:00:00,-122.435528015625,37.8596265043007,0,"available_crw"
"254027_0_t1",22,"254027_0_t1_crw_022",28,"254027_0_t1_20240418T110000",2024-04-18 11:00:00,-122.415684929868,37.8616906704814,0,"available_crw"
"254027_0_t1",22,"254027_0_t1_crw_022",29,"254027_0_t1_20240418T170000",2024-04-18 17:00:00,-122.314061147935,37.8741052848114,0,"available_crw"
"254027_0_t1",22,"254027_0_t1_crw_022",30,"254027_0_t1_20240418T230000",2024-04-18 23:00:00,-122.327000068895,37.8665587894571,0,"available_crw"
"254027_0_t1",22,"254027_0_t1_crw_022",31,"254027_0_t1_20240419T050000",2024-04-19 05:00:00,-122.312122591407,37.8516105178196,0,"available_crw"
"254027_0_t1",22,"254027_0_t1_crw_022",32,"254027_0_t1_20240419T110000",2024-04-19 11:00:00,-122.327081437579,37.8410727295429,0,"available_crw"
"254027_0_t1",23,"254027_0_t1_crw_023",1,"254027_0_t1_20240411T170000",2024-04-11 17:00:00,-121.8431658,36.81026373,0,"available_crw"
"254027_0_t1",23,"254027_0_t1_crw_023",2,"254027_0_t1_20240411T230000",2024-04-11 23:00:00,-121.960653455144,36.7829241368097,0,"available_crw"
"254027_0_t1",23,"254027_0_t1_crw_023",3,"254027_0_t1_20240412T050000",2024-04-12 05:00:00,-121.919560262226,36.8074076034764,0,"available_crw"
"254027_0_t1",23,"254027_0_t1_crw_023",4,"254027_0_t1_20240412T110000",2024-04-12 11:00:00,-121.94748708585,36.77295252056,0,"available_crw"
"254027_0_t1",23,"254027_0_t1_crw_023",5,"254027_0_t1_20240412T170000",2024-04-12 17:00:00,-121.83463516138,36.663594776132,0,"available_crw"
"254027_0_t1",23,"254027_0_t1_crw_023",6,"254027_0_t1_20240412T230000",2024-04-12 23:00:00,-121.849219199642,36.6685092406596,0,"available_crw"
"254027_0_t1",23,"254027_0_t1_crw_023",7,"254027_0_t1_20240413T050000",2024-04-13 05:00:00,-122.022360616034,36.686444817987,0,"available_crw"
"254027_0_t1",23,"254027_0_t1_crw_023",8,"254027_0_t1_20240413T110000",2024-04-13 11:00:00,-122.143000374156,36.6927702366774,0,"available_crw"
"254027_0_t1",23,"254027_0_t1_crw_023",9,"254027_0_t1_20240413T170000",2024-04-13 17:00:00,-122.10135189435,36.6875436213576,0,"available_crw"
"254027_0_t1",23,"254027_0_t1_crw_023",10,"254027_0_t1_20240413T230000",2024-04-13 23:00:00,-121.98245062919,36.6699085860644,0,"available_crw"
"254027_0_t1",23,"254027_0_t1_crw_023",11,"254027_0_t1_20240414T050000",2024-04-14 05:00:00,-121.99565018063,36.7018848189384,0,"available_crw"
"254027_0_t1",23,"254027_0_t1_crw_023",12,"254027_0_t1_20240414T110000",2024-04-14 11:00:00,-121.986000282736,36.6688408105909,0,"available_crw"
"254027_0_t1",23,"254027_0_t1_crw_023",13,"254027_0_t1_20240414T170000",2024-04-14 17:00:00,-121.954948642195,36.6914228293702,0,"available_crw"
"254027_0_t1",23,"254027_0_t1_crw_023",14,"254027_0_t1_20240414T230000",2024-04-14 23:00:00,-121.906524354654,36.7187048374163,0,"available_crw"
"254027_0_t1",23,"254027_0_t1_crw_023",15,"254027_0_t1_20240415T050000",2024-04-15 05:00:00,-121.920730060938,36.7339333331304,0,"available_crw"
"254027_0_t1",23,"254027_0_t1_crw_023",16,"254027_0_t1_20240415T110000",2024-04-15 11:00:00,-122.098764358819,36.9435013493234,0,"available_crw"
"254027_0_t1",23,"254027_0_t1_crw_023",17,"254027_0_t1_20240415T170000",2024-04-15 17:00:00,-122.078125702098,36.9138750056371,0,"available_crw"
"254027_0_t1",23,"254027_0_t1_crw_023",18,"254027_0_t1_20240415T230000",2024-04-15 23:00:00,-122.042114824434,36.8673459604827,0,"available_crw"
"254027_0_t1",23,"254027_0_t1_crw_023",19,"254027_0_t1_20240416T050000",2024-04-16 05:00:00,-121.965139782019,36.7523699027798,0,"available_crw"
"254027_0_t1",23,"254027_0_t1_crw_023",20,"254027_0_t1_20240416T110000",2024-04-16 11:00:00,-121.85796909333,36.6828516844465,0,"available_crw"
"254027_0_t1",23,"254027_0_t1_crw_023",21,"254027_0_t1_20240416T170000",2024-04-16 17:00:00,-121.796734572759,36.7026826528477,0,"available_crw"
"254027_0_t1",23,"254027_0_t1_crw_023",22,"254027_0_t1_20240416T230000",2024-04-16 23:00:00,-121.834524137199,36.6750171622978,0,"available_crw"
"254027_0_t1",23,"254027_0_t1_crw_023",23,"254027_0_t1_20240417T050000",2024-04-17 05:00:00,-122.003999577998,36.7411278851019,0,"available_crw"
"254027_0_t1",23,"254027_0_t1_crw_023",24,"254027_0_t1_20240417T110000",2024-04-17 11:00:00,-122.141509819029,36.7466542640627,0,"available_crw"
"254027_0_t1",23,"254027_0_t1_crw_023",25,"254027_0_t1_20240417T170000",2024-04-17 17:00:00,-122.092771245026,36.7590494689775,0,"available_crw"
"254027_0_t1",23,"254027_0_t1_crw_023",26,"254027_0_t1_20240417T230000",2024-04-17 23:00:00,-122.049376463762,36.6490527917278,0,"available_crw"
"254027_0_t1",23,"254027_0_t1_crw_023",27,"254027_0_t1_20240418T050000",2024-04-18 05:00:00,-122.027075335787,36.4908977848807,0,"available_crw"
"254027_0_t1",23,"254027_0_t1_crw_023",28,"254027_0_t1_20240418T110000",2024-04-18 11:00:00,-122.046479376654,36.3207463984739,0,"available_crw"
"254027_0_t1",23,"254027_0_t1_crw_023",29,"254027_0_t1_20240418T170000",2024-04-18 17:00:00,-122.049759572709,36.3592205834267,0,"available_crw"
"254027_0_t1",23,"254027_0_t1_crw_023",30,"254027_0_t1_20240418T230000",2024-04-18 23:00:00,-122.046547143342,36.4067411988202,0,"available_crw"
"254027_0_t1",23,"254027_0_t1_crw_023",31,"254027_0_t1_20240419T050000",2024-04-19 05:00:00,-122.045998261003,36.4615303680984,0,"available_crw"
"254027_0_t1",23,"254027_0_t1_crw_023",32,"254027_0_t1_20240419T110000",2024-04-19 11:00:00,-122.038746473639,36.4234131539767,0,"available_crw"
"254027_0_t1",24,"254027_0_t1_crw_024",1,"254027_0_t1_20240411T170000",2024-04-11 17:00:00,-121.8431658,36.81026373,0,"available_crw"
"254027_0_t1",24,"254027_0_t1_crw_024",2,"254027_0_t1_20240411T230000",2024-04-11 23:00:00,-121.944541246137,36.8092948300715,0,"available_crw"
"254027_0_t1",24,"254027_0_t1_crw_024",3,"254027_0_t1_20240412T050000",2024-04-12 05:00:00,-121.902454907459,36.8066571411797,0,"available_crw"
"254027_0_t1",24,"254027_0_t1_crw_024",4,"254027_0_t1_20240412T110000",2024-04-12 11:00:00,-121.886313756637,36.9697714723244,0,"available_crw"
"254027_0_t1",24,"254027_0_t1_crw_024",5,"254027_0_t1_20240412T170000",2024-04-12 17:00:00,-121.872346734407,36.9302003144647,0,"available_crw"
"254027_0_t1",24,"254027_0_t1_crw_024",6,"254027_0_t1_20240412T230000",2024-04-12 23:00:00,-121.863346434742,36.8831667610313,0,"available_crw"
"254027_0_t1",24,"254027_0_t1_crw_024",7,"254027_0_t1_20240413T050000",2024-04-13 05:00:00,-121.81067621607,36.7943832033454,0,"available_crw"
"254027_0_t1",24,"254027_0_t1_crw_024",8,"254027_0_t1_20240413T110000",2024-04-13 11:00:00,-121.901612063748,36.7949368090021,0,"available_crw"
"254027_0_t1",24,"254027_0_t1_crw_024",9,"254027_0_t1_20240413T170000",2024-04-13 17:00:00,-122.216758824957,36.8079729933735,0,"available_crw"
"254027_0_t1",24,"254027_0_t1_crw_024",10,"254027_0_t1_20240413T230000",2024-04-13 23:00:00,-122.318112673855,36.8101029773954,0,"available_crw"
"254027_0_t1",24,"254027_0_t1_crw_024",11,"254027_0_t1_20240414T050000",2024-04-14 05:00:00,-122.439119480122,36.8065601693423,0,"available_crw"
"254027_0_t1",24,"254027_0_t1_crw_024",12,"254027_0_t1_20240414T110000",2024-04-14 11:00:00,-122.417558256463,36.7776656242336,0,"available_crw"
"254027_0_t1",24,"254027_0_t1_crw_024",13,"254027_0_t1_20240414T170000",2024-04-14 17:00:00,-122.431069951892,36.784305538239,0,"available_crw"
"254027_0_t1",24,"254027_0_t1_crw_024",14,"254027_0_t1_20240414T230000",2024-04-14 23:00:00,-122.586227139127,36.9011202121407,0,"available_crw"
"254027_0_t1",24,"254027_0_t1_crw_024",15,"254027_0_t1_20240415T050000",2024-04-15 05:00:00,-122.60182862466,36.8867781263317,0,"available_crw"
"254027_0_t1",24,"254027_0_t1_crw_024",16,"254027_0_t1_20240415T110000",2024-04-15 11:00:00,-122.652291918317,36.7971567101126,0,"available_crw"
"254027_0_t1",24,"254027_0_t1_crw_024",17,"254027_0_t1_20240415T170000",2024-04-15 17:00:00,-122.639769666595,36.8343847912553,0,"available_crw"
"254027_0_t1",24,"254027_0_t1_crw_024",18,"254027_0_t1_20240415T230000",2024-04-15 23:00:00,-122.501147337061,36.8043805298082,0,"available_crw"
"254027_0_t1",24,"254027_0_t1_crw_024",19,"254027_0_t1_20240416T050000",2024-04-16 05:00:00,-122.454963025846,36.8424199170579,0,"available_crw"
"254027_0_t1",24,"254027_0_t1_crw_024",20,"254027_0_t1_20240416T110000",2024-04-16 11:00:00,-122.473754481334,36.8933864613004,0,"available_crw"
"254027_0_t1",24,"254027_0_t1_crw_024",21,"254027_0_t1_20240416T170000",2024-04-16 17:00:00,-122.45293336766,36.8586385745899,0,"available_crw"
"254027_0_t1",24,"254027_0_t1_crw_024",22,"254027_0_t1_20240416T230000",2024-04-16 23:00:00,-122.459142733445,36.8639798349572,0,"available_crw"
"254027_0_t1",24,"254027_0_t1_crw_024",23,"254027_0_t1_20240417T050000",2024-04-17 05:00:00,-122.472162056674,36.8319468014555,0,"available_crw"
"254027_0_t1",24,"254027_0_t1_crw_024",24,"254027_0_t1_20240417T110000",2024-04-17 11:00:00,-122.608798792298,36.8674853491698,0,"available_crw"
"254027_0_t1",24,"254027_0_t1_crw_024",25,"254027_0_t1_20240417T170000",2024-04-17 17:00:00,-122.592453959103,37.1728001470213,0,"available_crw"
"254027_0_t1",24,"254027_0_t1_crw_024",26,"254027_0_t1_20240417T230000",2024-04-17 23:00:00,-122.594689919118,37.2701455021159,0,"available_crw"
"254027_0_t1",24,"254027_0_t1_crw_024",27,"254027_0_t1_20240418T050000",2024-04-18 05:00:00,-122.631230576969,37.25333846517,0,"available_crw"
"254027_0_t1",24,"254027_0_t1_crw_024",28,"254027_0_t1_20240418T110000",2024-04-18 11:00:00,-122.595187203613,37.2358696029143,0,"available_crw"
"254027_0_t1",24,"254027_0_t1_crw_024",29,"254027_0_t1_20240418T170000",2024-04-18 17:00:00,-122.458101063863,37.2197240292289,0,"available_crw"
"254027_0_t1",24,"254027_0_t1_crw_024",30,"254027_0_t1_20240418T230000",2024-04-18 23:00:00,-122.467129263422,37.2185894095429,0,"available_crw"
"254027_0_t1",24,"254027_0_t1_crw_024",31,"254027_0_t1_20240419T050000",2024-04-19 05:00:00,-122.782410868966,37.1903173129549,0,"available_crw"
"254027_0_t1",24,"254027_0_t1_crw_024",32,"254027_0_t1_20240419T110000",2024-04-19 11:00:00,-122.895307498757,37.1514075270473,0,"available_crw"
"254027_0_t1",25,"254027_0_t1_crw_025",1,"254027_0_t1_20240411T170000",2024-04-11 17:00:00,-121.8431658,36.81026373,0,"available_crw"
"254027_0_t1",25,"254027_0_t1_crw_025",2,"254027_0_t1_20240411T230000",2024-04-11 23:00:00,-121.944541246137,36.8092948300715,0,"available_crw"
"254027_0_t1",25,"254027_0_t1_crw_025",3,"254027_0_t1_20240412T050000",2024-04-12 05:00:00,-122.112529294779,36.7703559322092,0,"available_crw"
"254027_0_t1",25,"254027_0_t1_crw_025",4,"254027_0_t1_20240412T110000",2024-04-12 11:00:00,-122.270883267042,36.7417922799731,0,"available_crw"
"254027_0_t1",25,"254027_0_t1_crw_025",5,"254027_0_t1_20240412T170000",2024-04-12 17:00:00,-122.226570688733,36.5820883757053,0,"available_crw"
"254027_0_t1",25,"254027_0_t1_crw_025",6,"254027_0_t1_20240412T230000",2024-04-12 23:00:00,-122.560443427276,36.4380038423509,0,"available_crw"
"254027_0_t1",25,"254027_0_t1_crw_025",7,"254027_0_t1_20240413T050000",2024-04-13 05:00:00,-122.885904969471,36.3998345698057,0,"available_crw"
"254027_0_t1",25,"254027_0_t1_crw_025",8,"254027_0_t1_20240413T110000",2024-04-13 11:00:00,-123.208068763888,36.4533727877648,0,"available_crw"
"254027_0_t1",25,"254027_0_t1_crw_025",9,"254027_0_t1_20240413T170000",2024-04-13 17:00:00,-123.390081633472,36.5145145922711,0,"available_crw"
"254027_0_t1",25,"254027_0_t1_crw_025",10,"254027_0_t1_20240413T230000",2024-04-13 23:00:00,-123.441753657397,36.4815676573819,0,"available_crw"
"254027_0_t1",25,"254027_0_t1_crw_025",11,"254027_0_t1_20240414T050000",2024-04-14 05:00:00,-123.706959137795,36.6496790771509,0,"available_crw"
"254027_0_t1",25,"254027_0_t1_crw_025",12,"254027_0_t1_20240414T110000",2024-04-14 11:00:00,-123.82824607483,36.7363509625366,0,"available_crw"
"254027_0_t1",25,"254027_0_t1_crw_025",13,"254027_0_t1_20240414T170000",2024-04-14 17:00:00,-123.890573977981,36.7187933532038,0,"available_crw"
"254027_0_t1",25,"254027_0_t1_crw_025",14,"254027_0_t1_20240414T230000",2024-04-14 23:00:00,-123.901892694669,36.6664259831672,0,"available_crw"
"254027_0_t1",25,"254027_0_t1_crw_025",15,"254027_0_t1_20240415T050000",2024-04-15 05:00:00,-123.862332680069,36.6773814886428,0,"available_crw"
"254027_0_t1",25,"254027_0_t1_crw_025",16,"254027_0_t1_20240415T110000",2024-04-15 11:00:00,-123.6518154376,36.6986211877424,0,"available_crw"
"254027_0_t1",25,"254027_0_t1_crw_025",17,"254027_0_t1_20240415T170000",2024-04-15 17:00:00,-123.620862234394,36.8386069827423,0,"available_crw"
"254027_0_t1",25,"254027_0_t1_crw_025",18,"254027_0_t1_20240415T230000",2024-04-15 23:00:00,-123.509239574476,37.0414222498359,0,"available_crw"
"254027_0_t1",25,"254027_0_t1_crw_025",19,"254027_0_t1_20240416T050000",2024-04-16 05:00:00,-123.320217630362,37.0358465035262,0,"available_crw"
"254027_0_t1",25,"254027_0_t1_crw_025",20,"254027_0_t1_20240416T110000",2024-04-16 11:00:00,-123.19879675367,37.0380807928078,0,"available_crw"
"254027_0_t1",25,"254027_0_t1_crw_025",21,"254027_0_t1_20240416T170000",2024-04-16 17:00:00,-123.20311394181,37.2016856103102,0,"available_crw"
"254027_0_t1",25,"254027_0_t1_crw_025",22,"254027_0_t1_20240416T230000",2024-04-16 23:00:00,-123.200205847945,37.1947567767198,0,"available_crw"
"254027_0_t1",25,"254027_0_t1_crw_025",23,"254027_0_t1_20240417T050000",2024-04-17 05:00:00,-123.175428074389,37.1436818728504,0,"available_crw"
"254027_0_t1",25,"254027_0_t1_crw_025",24,"254027_0_t1_20240417T110000",2024-04-17 11:00:00,-123.187160263895,37.1763036156405,0,"available_crw"
"254027_0_t1",25,"254027_0_t1_crw_025",25,"254027_0_t1_20240417T170000",2024-04-17 17:00:00,-123.196457166531,37.2233080317183,0,"available_crw"
"254027_0_t1",25,"254027_0_t1_crw_025",26,"254027_0_t1_20240417T230000",2024-04-17 23:00:00,-123.198451878001,37.2708700251012,0,"available_crw"
"254027_0_t1",25,"254027_0_t1_crw_025",27,"254027_0_t1_20240418T050000",2024-04-18 05:00:00,-123.178938793044,37.232811386542,0,"available_crw"
"254027_0_t1",25,"254027_0_t1_crw_025",28,"254027_0_t1_20240418T110000",2024-04-18 11:00:00,-123.163337158405,37.1868875165573,0,"available_crw"
"254027_0_t1",25,"254027_0_t1_crw_025",29,"254027_0_t1_20240418T170000",2024-04-18 17:00:00,-123.133057207869,37.2103138761507,0,"available_crw"
"254027_0_t1",25,"254027_0_t1_crw_025",30,"254027_0_t1_20240418T230000",2024-04-18 23:00:00,-123.161901118617,37.1794158302912,0,"available_crw"
"254027_0_t1",25,"254027_0_t1_crw_025",31,"254027_0_t1_20240419T050000",2024-04-19 05:00:00,-123.158867379844,37.1863099586314,0,"available_crw"
"254027_0_t1",25,"254027_0_t1_crw_025",32,"254027_0_t1_20240419T110000",2024-04-19 11:00:00,-123.132338903574,37.2289066903829,0,"available_crw"
"254027_0_t1",26,"254027_0_t1_crw_026",1,"254027_0_t1_20240411T170000",2024-04-11 17:00:00,-121.8431658,36.81026373,0,"available_crw"
"254027_0_t1",26,"254027_0_t1_crw_026",2,"254027_0_t1_20240411T230000",2024-04-11 23:00:00,-121.842644658615,36.7912249631954,0,"available_crw"
"254027_0_t1",26,"254027_0_t1_crw_026",3,"254027_0_t1_20240412T050000",2024-04-12 05:00:00,-121.832575557794,36.6942045140996,0,"available_crw"
"254027_0_t1",26,"254027_0_t1_crw_026",4,"254027_0_t1_20240412T110000",2024-04-12 11:00:00,-122.1881832508,36.5880860516495,0,"available_crw"
"254027_0_t1",26,"254027_0_t1_crw_026",5,"254027_0_t1_20240412T170000",2024-04-12 17:00:00,-122.397582785744,36.5621456330443,0,"available_crw"
"254027_0_t1",26,"254027_0_t1_crw_026",6,"254027_0_t1_20240412T230000",2024-04-12 23:00:00,-122.609148166372,36.5707905271496,0,"available_crw"
"254027_0_t1",26,"254027_0_t1_crw_026",7,"254027_0_t1_20240413T050000",2024-04-13 05:00:00,-122.561627129755,36.5750587657538,0,"available_crw"
"254027_0_t1",26,"254027_0_t1_crw_026",8,"254027_0_t1_20240413T110000",2024-04-13 11:00:00,-122.545572143724,36.4603642707177,0,"available_crw"
"254027_0_t1",26,"254027_0_t1_crw_026",9,"254027_0_t1_20240413T170000",2024-04-13 17:00:00,-122.534840710907,36.4062600320437,0,"available_crw"
"254027_0_t1",26,"254027_0_t1_crw_026",10,"254027_0_t1_20240413T230000",2024-04-13 23:00:00,-122.5446077974,36.2355555501235,0,"available_crw"
"254027_0_t1",26,"254027_0_t1_crw_026",11,"254027_0_t1_20240414T050000",2024-04-14 05:00:00,-122.874321949312,36.1841256096593,0,"available_crw"
"254027_0_t1",26,"254027_0_t1_crw_026",12,"254027_0_t1_20240414T110000",2024-04-14 11:00:00,-122.893122177581,36.0427415248683,0,"available_crw"
"254027_0_t1",26,"254027_0_t1_crw_026",13,"254027_0_t1_20240414T170000",2024-04-14 17:00:00,-122.884921215727,36.0760347745939,0,"available_crw"
"254027_0_t1",26,"254027_0_t1_crw_026",14,"254027_0_t1_20240414T230000",2024-04-14 23:00:00,-122.868626871925,36.1725145019317,0,"available_crw"
"254027_0_t1",26,"254027_0_t1_crw_026",15,"254027_0_t1_20240415T050000",2024-04-15 05:00:00,-122.891331566862,36.3119442031986,0,"available_crw"
"254027_0_t1",26,"254027_0_t1_crw_026",16,"254027_0_t1_20240415T110000",2024-04-15 11:00:00,-122.90391035474,36.4088072296933,0,"available_crw"
"254027_0_t1",26,"254027_0_t1_crw_026",17,"254027_0_t1_20240415T170000",2024-04-15 17:00:00,-122.916780146733,36.4896767639921,0,"available_crw"
"254027_0_t1",26,"254027_0_t1_crw_026",18,"254027_0_t1_20240415T230000",2024-04-15 23:00:00,-122.942605713593,36.7426198998352,0,"available_crw"
"254027_0_t1",26,"254027_0_t1_crw_026",19,"254027_0_t1_20240416T050000",2024-04-16 05:00:00,-123.006504757187,36.840794352602,0,"available_crw"
"254027_0_t1",26,"254027_0_t1_crw_026",20,"254027_0_t1_20240416T110000",2024-04-16 11:00:00,-123.040937175518,36.8880881895549,0,"available_crw"
"254027_0_t1",26,"254027_0_t1_crw_026",21,"254027_0_t1_20240416T170000",2024-04-16 17:00:00,-122.77482906355,37.1067980908525,0,"available_crw"
"254027_0_t1",26,"254027_0_t1_crw_026",22,"254027_0_t1_20240416T230000",2024-04-16 23:00:00,-122.792377544614,37.1196507699933,0,"available_crw"
"254027_0_t1",26,"254027_0_t1_crw_026",23,"254027_0_t1_20240417T050000",2024-04-17 05:00:00,-122.84498844249,37.154689482552,0,"available_crw"
"254027_0_t1",26,"254027_0_t1_crw_026",24,"254027_0_t1_20240417T110000",2024-04-17 11:00:00,-123.005065766414,37.2127268129715,0,"available_crw"
"254027_0_t1",26,"254027_0_t1_crw_026",25,"254027_0_t1_20240417T170000",2024-04-17 17:00:00,-123.178757152763,37.2346298638844,0,"available_crw"
"254027_0_t1",26,"254027_0_t1_crw_026",26,"254027_0_t1_20240417T230000",2024-04-17 23:00:00,-123.298562261897,37.2522108447356,0,"available_crw"
"254027_0_t1",26,"254027_0_t1_crw_026",27,"254027_0_t1_20240418T050000",2024-04-18 05:00:00,-123.433826460418,37.2280863047159,0,"available_crw"
"254027_0_t1",26,"254027_0_t1_crw_026",28,"254027_0_t1_20240418T110000",2024-04-18 11:00:00,-123.447874666057,37.0863544341896,0,"available_crw"
"254027_0_t1",26,"254027_0_t1_crw_026",29,"254027_0_t1_20240418T170000",2024-04-18 17:00:00,-123.39270774643,37.0568369276127,0,"available_crw"
"254027_0_t1",26,"254027_0_t1_crw_026",30,"254027_0_t1_20240418T230000",2024-04-18 23:00:00,-123.51011242636,36.801616708704,0,"available_crw"
"254027_0_t1",26,"254027_0_t1_crw_026",31,"254027_0_t1_20240419T050000",2024-04-19 05:00:00,-123.57313938232,36.8543697862823,0,"available_crw"
"254027_0_t1",26,"254027_0_t1_crw_026",32,"254027_0_t1_20240419T110000",2024-04-19 11:00:00,-123.678428771571,36.9538790623159,0,"available_crw"
"254027_0_t1",27,"254027_0_t1_crw_027",1,"254027_0_t1_20240411T170000",2024-04-11 17:00:00,-121.8431658,36.81026373,0,"available_crw"
"254027_0_t1",27,"254027_0_t1_crw_027",2,"254027_0_t1_20240411T230000",2024-04-11 23:00:00,-122.158295718461,36.8244748904702,0,"available_crw"
"254027_0_t1",27,"254027_0_t1_crw_027",3,"254027_0_t1_20240412T050000",2024-04-12 05:00:00,-122.143878511738,36.8297543888172,0,"available_crw"
"254027_0_t1",27,"254027_0_t1_crw_027",4,"254027_0_t1_20240412T110000",2024-04-12 11:00:00,-122.18013479752,36.800736992435,0,"available_crw"
"254027_0_t1",27,"254027_0_t1_crw_027",5,"254027_0_t1_20240412T170000",2024-04-12 17:00:00,-122.036942597608,36.6845583517144,0,"available_crw"
"254027_0_t1",27,"254027_0_t1_crw_027",6,"254027_0_t1_20240412T230000",2024-04-12 23:00:00,-122.052010762331,36.6884218674054,0,"available_crw"
"254027_0_t1",27,"254027_0_t1_crw_027",7,"254027_0_t1_20240413T050000",2024-04-13 05:00:00,-122.113739620402,36.532530038097,0,"available_crw"
"254027_0_t1",27,"254027_0_t1_crw_027",8,"254027_0_t1_20240413T110000",2024-04-13 11:00:00,-122.492198017065,36.5439011068016,0,"available_crw"
"254027_0_t1",27,"254027_0_t1_crw_027",9,"254027_0_t1_20240413T170000",2024-04-13 17:00:00,-122.684408556471,36.5799238573203,0,"available_crw"
"254027_0_t1",27,"254027_0_t1_crw_027",10,"254027_0_t1_20240413T230000",2024-04-13 23:00:00,-122.700458944117,36.8852633792312,0,"available_crw"
"254027_0_t1",27,"254027_0_t1_crw_027",11,"254027_0_t1_20240414T050000",2024-04-14 05:00:00,-122.697380686825,36.8783850897326,0,"available_crw"
"254027_0_t1",27,"254027_0_t1_crw_027",12,"254027_0_t1_20240414T110000",2024-04-14 11:00:00,-122.660888982249,36.8023147398025,0,"available_crw"
"254027_0_t1",27,"254027_0_t1_crw_027",13,"254027_0_t1_20240414T170000",2024-04-14 17:00:00,-122.626560185276,36.6336870198977,0,"available_crw"
"254027_0_t1",27,"254027_0_t1_crw_027",14,"254027_0_t1_20240414T230000",2024-04-14 23:00:00,-122.713541782577,36.6546037203105,0,"available_crw"
"254027_0_t1",27,"254027_0_t1_crw_027",15,"254027_0_t1_20240415T050000",2024-04-15 05:00:00,-122.771651079859,36.4978025190146,0,"available_crw"
"254027_0_t1",27,"254027_0_t1_crw_027",16,"254027_0_t1_20240415T110000",2024-04-15 11:00:00,-122.967822038316,36.2845098549435,0,"available_crw"
"254027_0_t1",27,"254027_0_t1_crw_027",17,"254027_0_t1_20240415T170000",2024-04-15 17:00:00,-123.241540875364,36.1380499816464,0,"available_crw"
"254027_0_t1",27,"254027_0_t1_crw_027",18,"254027_0_t1_20240415T230000",2024-04-15 23:00:00,-123.323997199024,36.0914404716085,0,"available_crw"
"254027_0_t1",27,"254027_0_t1_crw_027",19,"254027_0_t1_20240416T050000",2024-04-16 05:00:00,-123.338029478504,36.1637031566806,0,"available_crw"
"254027_0_t1",27,"254027_0_t1_crw_027",20,"254027_0_t1_20240416T110000",2024-04-16 11:00:00,-123.328671867673,36.1534721108233,0,"available_crw"
"254027_0_t1",27,"254027_0_t1_crw_027",21,"254027_0_t1_20240416T170000",2024-04-16 17:00:00,-123.163188647529,36.2006052156192,0,"available_crw"
"254027_0_t1",27,"254027_0_t1_crw_027",22,"254027_0_t1_20240416T230000",2024-04-16 23:00:00,-123.171705037516,36.2183585825346,0,"available_crw"
"254027_0_t1",27,"254027_0_t1_crw_027",23,"254027_0_t1_20240417T050000",2024-04-17 05:00:00,-122.868525911169,36.4005747969845,0,"available_crw"
"254027_0_t1",27,"254027_0_t1_crw_027",24,"254027_0_t1_20240417T110000",2024-04-17 11:00:00,-122.873858970731,36.3946716693373,0,"available_crw"
"254027_0_t1",27,"254027_0_t1_crw_027",25,"254027_0_t1_20240417T170000",2024-04-17 17:00:00,-122.931394554023,36.3277193316663,0,"available_crw"
"254027_0_t1",27,"254027_0_t1_crw_027",26,"254027_0_t1_20240417T230000",2024-04-17 23:00:00,-123.07248103558,36.2168499973341,0,"available_crw"
"254027_0_t1",27,"254027_0_t1_crw_027",27,"254027_0_t1_20240418T050000",2024-04-18 05:00:00,-123.398523931277,36.3709610676428,0,"available_crw"
"254027_0_t1",27,"254027_0_t1_crw_027",28,"254027_0_t1_20240418T110000",2024-04-18 11:00:00,-123.389660569233,36.3851216701175,0,"available_crw"
"254027_0_t1",27,"254027_0_t1_crw_027",29,"254027_0_t1_20240418T170000",2024-04-18 17:00:00,-123.570309268131,36.4590739998245,0,"available_crw"
"254027_0_t1",27,"254027_0_t1_crw_027",30,"254027_0_t1_20240418T230000",2024-04-18 23:00:00,-123.495442288004,36.7586676813853,0,"available_crw"
"254027_0_t1",27,"254027_0_t1_crw_027",31,"254027_0_t1_20240419T050000",2024-04-19 05:00:00,-123.419501502259,36.9056760088711,0,"available_crw"
"254027_0_t1",27,"254027_0_t1_crw_027",32,"254027_0_t1_20240419T110000",2024-04-19 11:00:00,-123.460496621297,36.9474167219566,0,"available_crw"
"254027_0_t1",28,"254027_0_t1_crw_028",1,"254027_0_t1_20240411T170000",2024-04-11 17:00:00,-121.8431658,36.81026373,0,"available_crw"
"254027_0_t1",28,"254027_0_t1_crw_028",2,"254027_0_t1_20240411T230000",2024-04-11 23:00:00,-121.795000753288,36.8241176235333,0,"available_crw"
"254027_0_t1",28,"254027_0_t1_crw_028",3,"254027_0_t1_20240412T050000",2024-04-12 05:00:00,-121.83415342583,36.7976512649868,0,"available_crw"
"254027_0_t1",28,"254027_0_t1_crw_028",4,"254027_0_t1_20240412T110000",2024-04-12 11:00:00,-121.856367759477,36.868574268924,0,"available_crw"
"254027_0_t1",28,"254027_0_t1_crw_028",5,"254027_0_t1_20240412T170000",2024-04-12 17:00:00,-121.837528951689,36.8733386146714,0,"available_crw"
"254027_0_t1",28,"254027_0_t1_crw_028",6,"254027_0_t1_20240412T230000",2024-04-12 23:00:00,-121.87794447552,36.8481018427522,0,"available_crw"
"254027_0_t1",28,"254027_0_t1_crw_028",7,"254027_0_t1_20240413T050000",2024-04-13 05:00:00,-121.871365538761,36.8596876801279,0,"available_crw"
"254027_0_t1",28,"254027_0_t1_crw_028",8,"254027_0_t1_20240413T110000",2024-04-13 11:00:00,-121.813478144224,36.8032643648779,0,"available_crw"
"254027_0_t1",28,"254027_0_t1_crw_028",9,"254027_0_t1_20240413T170000",2024-04-13 17:00:00,-121.821087181407,36.8072612378814,0,"available_crw"
"254027_0_t1",28,"254027_0_t1_crw_028",10,"254027_0_t1_20240413T230000",2024-04-13 23:00:00,-121.920742435934,36.8626262137924,0,"available_crw"
"254027_0_t1",28,"254027_0_t1_crw_028",11,"254027_0_t1_20240414T050000",2024-04-14 05:00:00,-121.980078270329,36.8391481264148,0,"available_crw"
"254027_0_t1",28,"254027_0_t1_crw_028",12,"254027_0_t1_20240414T110000",2024-04-14 11:00:00,-122.269011844622,36.7372006889899,0,"available_crw"
"254027_0_t1",28,"254027_0_t1_crw_028",13,"254027_0_t1_20240414T170000",2024-04-14 17:00:00,-122.229035758748,36.7480316409799,0,"available_crw"
"254027_0_t1",28,"254027_0_t1_crw_028",14,"254027_0_t1_20240414T230000",2024-04-14 23:00:00,-122.183106158159,36.6387030518723,0,"available_crw"
"254027_0_t1",28,"254027_0_t1_crw_028",15,"254027_0_t1_20240415T050000",2024-04-15 05:00:00,-122.148537487861,36.5620880480358,0,"available_crw"
"254027_0_t1",28,"254027_0_t1_crw_028",16,"254027_0_t1_20240415T110000",2024-04-15 11:00:00,-122.110370688201,36.4697033326913,0,"available_crw"
"254027_0_t1",28,"254027_0_t1_crw_028",17,"254027_0_t1_20240415T170000",2024-04-15 17:00:00,-122.128616591251,36.4638156773787,0,"available_crw"
"254027_0_t1",28,"254027_0_t1_crw_028",18,"254027_0_t1_20240415T230000",2024-04-15 23:00:00,-122.425111674974,36.3801902476292,0,"available_crw"
"254027_0_t1",28,"254027_0_t1_crw_028",19,"254027_0_t1_20240416T050000",2024-04-16 05:00:00,-122.753801200404,36.3831804431124,0,"available_crw"
"254027_0_t1",28,"254027_0_t1_crw_028",20,"254027_0_t1_20240416T110000",2024-04-16 11:00:00,-122.880488997671,36.3409681794058,0,"available_crw"
"254027_0_t1",28,"254027_0_t1_crw_028",21,"254027_0_t1_20240416T170000",2024-04-16 17:00:00,-122.972698444249,36.3080934456935,0,"available_crw"
"254027_0_t1",28,"254027_0_t1_crw_028",22,"254027_0_t1_20240416T230000",2024-04-16 23:00:00,-123.106804421405,36.4140820648952,0,"available_crw"
"254027_0_t1",28,"254027_0_t1_crw_028",23,"254027_0_t1_20240417T050000",2024-04-17 05:00:00,-123.180664231747,36.4696402610993,0,"available_crw"
"254027_0_t1",28,"254027_0_t1_crw_028",24,"254027_0_t1_20240417T110000",2024-04-17 11:00:00,-123.152594144624,36.444372573831,0,"available_crw"
"254027_0_t1",28,"254027_0_t1_crw_028",25,"254027_0_t1_20240417T170000",2024-04-17 17:00:00,-123.135584473228,36.457561723107,0,"available_crw"
"254027_0_t1",28,"254027_0_t1_crw_028",26,"254027_0_t1_20240417T230000",2024-04-17 23:00:00,-122.852782521976,36.3100859380854,0,"available_crw"
"254027_0_t1",28,"254027_0_t1_crw_028",27,"254027_0_t1_20240418T050000",2024-04-18 05:00:00,-122.71797163723,36.2907588572344,0,"available_crw"
"254027_0_t1",28,"254027_0_t1_crw_028",28,"254027_0_t1_20240418T110000",2024-04-18 11:00:00,-122.720273268821,36.2749971474314,0,"available_crw"
"254027_0_t1",28,"254027_0_t1_crw_028",29,"254027_0_t1_20240418T170000",2024-04-18 17:00:00,-122.737554533015,36.1786113808664,0,"available_crw"
"254027_0_t1",28,"254027_0_t1_crw_028",30,"254027_0_t1_20240418T230000",2024-04-18 23:00:00,-122.770443457808,36.0507622436038,0,"available_crw"
"254027_0_t1",28,"254027_0_t1_crw_028",31,"254027_0_t1_20240419T050000",2024-04-19 05:00:00,-122.847999237775,35.8048980984424,0,"available_crw"
"254027_0_t1",28,"254027_0_t1_crw_028",32,"254027_0_t1_20240419T110000",2024-04-19 11:00:00,-122.842930332657,35.706593682612,0,"available_crw"
"254027_0_t1",29,"254027_0_t1_crw_029",1,"254027_0_t1_20240411T170000",2024-04-11 17:00:00,-121.8431658,36.81026373,0,"available_crw"
"254027_0_t1",29,"254027_0_t1_crw_029",2,"254027_0_t1_20240411T230000",2024-04-11 23:00:00,-122.037018718084,36.8426236931558,0,"available_crw"
"254027_0_t1",29,"254027_0_t1_crw_029",3,"254027_0_t1_20240412T050000",2024-04-12 05:00:00,-122.080257008121,36.8024130441944,0,"available_crw"
"254027_0_t1",29,"254027_0_t1_crw_029",4,"254027_0_t1_20240412T110000",2024-04-12 11:00:00,-122.381149353393,36.9271741434908,0,"available_crw"
"254027_0_t1",29,"254027_0_t1_crw_029",5,"254027_0_t1_20240412T170000",2024-04-12 17:00:00,-122.5016783441,36.9449232012806,0,"available_crw"
"254027_0_t1",29,"254027_0_t1_crw_029",6,"254027_0_t1_20240412T230000",2024-04-12 23:00:00,-122.809992008782,37.0015743982733,0,"available_crw"
"254027_0_t1",29,"254027_0_t1_crw_029",7,"254027_0_t1_20240413T050000",2024-04-13 05:00:00,-122.927668947375,37.0256274789802,0,"available_crw"
"254027_0_t1",29,"254027_0_t1_crw_029",8,"254027_0_t1_20240413T110000",2024-04-13 11:00:00,-123.044583455068,37.0520739269056,0,"available_crw"
"254027_0_t1",29,"254027_0_t1_crw_029",9,"254027_0_t1_20240413T170000",2024-04-13 17:00:00,-122.996782644197,37.0476871422494,0,"available_crw"
"254027_0_t1",29,"254027_0_t1_crw_029",10,"254027_0_t1_20240413T230000",2024-04-13 23:00:00,-122.994871340992,37.0666704935283,0,"available_crw"
"254027_0_t1",29,"254027_0_t1_crw_029",11,"254027_0_t1_20240414T050000",2024-04-14 05:00:00,-122.98093955745,37.0270827368039,0,"available_crw"
"254027_0_t1",29,"254027_0_t1_crw_029",12,"254027_0_t1_20240414T110000",2024-04-14 11:00:00,-123.119352801,36.9954599566771,0,"available_crw"
"254027_0_t1",29,"254027_0_t1_crw_029",13,"254027_0_t1_20240414T170000",2024-04-14 17:00:00,-123.318443878181,37.2561774905128,0,"available_crw"
"254027_0_t1",29,"254027_0_t1_crw_029",14,"254027_0_t1_20240414T230000",2024-04-14 23:00:00,-123.492915978925,37.170707078719,0,"available_crw"
"254027_0_t1",29,"254027_0_t1_crw_029",15,"254027_0_t1_20240415T050000",2024-04-15 05:00:00,-123.486910227707,37.1762136326048,0,"available_crw"
"254027_0_t1",29,"254027_0_t1_crw_029",16,"254027_0_t1_20240415T110000",2024-04-15 11:00:00,-123.421652597742,37.2388358373697,0,"available_crw"
"254027_0_t1",29,"254027_0_t1_crw_029",17,"254027_0_t1_20240415T170000",2024-04-15 17:00:00,-123.384143702309,37.1721324401459,0,"available_crw"
"254027_0_t1",29,"254027_0_t1_crw_029",18,"254027_0_t1_20240415T230000",2024-04-15 23:00:00,-123.362776768813,37.1805206726763,0,"available_crw"
"254027_0_t1",29,"254027_0_t1_crw_029",19,"254027_0_t1_20240416T050000",2024-04-16 05:00:00,-123.397275547219,37.1998523838088,0,"available_crw"
"254027_0_t1",29,"254027_0_t1_crw_029",20,"254027_0_t1_20240416T110000",2024-04-16 11:00:00,-123.532754765245,37.2229973252346,0,"available_crw"
"254027_0_t1",29,"254027_0_t1_crw_029",21,"254027_0_t1_20240416T170000",2024-04-16 17:00:00,-123.840024190184,37.286770080424,0,"available_crw"
"254027_0_t1",29,"254027_0_t1_crw_029",22,"254027_0_t1_20240416T230000",2024-04-16 23:00:00,-123.939401186822,37.3052582132226,0,"available_crw"
"254027_0_t1",29,"254027_0_t1_crw_029",23,"254027_0_t1_20240417T050000",2024-04-17 05:00:00,-123.984124239254,37.2659156033379,0,"available_crw"
"254027_0_t1",29,"254027_0_t1_crw_029",24,"254027_0_t1_20240417T110000",2024-04-17 11:00:00,-123.980100540724,37.2782375586791,0,"available_crw"
"254027_0_t1",29,"254027_0_t1_crw_029",25,"254027_0_t1_20240417T170000",2024-04-17 17:00:00,-123.958069393096,37.3224472404732,0,"available_crw"
"254027_0_t1",29,"254027_0_t1_crw_029",26,"254027_0_t1_20240417T230000",2024-04-17 23:00:00,-123.999929484319,37.3182512193217,0,"available_crw"
"254027_0_t1",29,"254027_0_t1_crw_029",27,"254027_0_t1_20240418T050000",2024-04-18 05:00:00,-123.986831667697,37.3255140568462,0,"available_crw"
"254027_0_t1",29,"254027_0_t1_crw_029",28,"254027_0_t1_20240418T110000",2024-04-18 11:00:00,-123.994223384848,37.3142305635372,0,"available_crw"
"254027_0_t1",29,"254027_0_t1_crw_029",29,"254027_0_t1_20240418T170000",2024-04-18 17:00:00,-123.978969002644,37.3508150054933,0,"available_crw"
"254027_0_t1",29,"254027_0_t1_crw_029",30,"254027_0_t1_20240418T230000",2024-04-18 23:00:00,-123.917712191302,37.4718924883982,0,"available_crw"
"254027_0_t1",29,"254027_0_t1_crw_029",31,"254027_0_t1_20240419T050000",2024-04-19 05:00:00,-123.918454980836,37.4646084683874,0,"available_crw"
"254027_0_t1",29,"254027_0_t1_crw_029",32,"254027_0_t1_20240419T110000",2024-04-19 11:00:00,-123.978855173927,37.3007025965649,0,"available_crw"
"254027_0_t1",30,"254027_0_t1_crw_030",1,"254027_0_t1_20240411T170000",2024-04-11 17:00:00,-121.8431658,36.81026373,0,"available_crw"
"254027_0_t1",30,"254027_0_t1_crw_030",2,"254027_0_t1_20240411T230000",2024-04-11 23:00:00,-121.964185643552,36.8139417624546,0,"available_crw"
"254027_0_t1",30,"254027_0_t1_crw_030",3,"254027_0_t1_20240412T050000",2024-04-12 05:00:00,-121.964603050306,36.8298067178672,0,"available_crw"
"254027_0_t1",30,"254027_0_t1_crw_030",4,"254027_0_t1_20240412T110000",2024-04-12 11:00:00,-122.023017968428,36.8547228263445,0,"available_crw"
"254027_0_t1",30,"254027_0_t1_crw_030",5,"254027_0_t1_20240412T170000",2024-04-12 17:00:00,-122.128586865109,36.9025774998905,0,"available_crw"
"254027_0_t1",30,"254027_0_t1_crw_030",6,"254027_0_t1_20240412T230000",2024-04-12 23:00:00,-122.344188080624,37.1043838073282,0,"available_crw"
"254027_0_t1",30,"254027_0_t1_crw_030",7,"254027_0_t1_20240413T050000",2024-04-13 05:00:00,-122.499122417948,36.9978192836514,0,"available_crw"
"254027_0_t1",30,"254027_0_t1_crw_030",8,"254027_0_t1_20240413T110000",2024-04-13 11:00:00,-122.493248157906,37.0096519106991,0,"available_crw"
"254027_0_t1",30,"254027_0_t1_crw_030",9,"254027_0_t1_20240413T170000",2024-04-13 17:00:00,-122.515596600442,37.016094499614,0,"available_crw"
"254027_0_t1",30,"254027_0_t1_crw_030",10,"254027_0_t1_20240413T230000",2024-04-13 23:00:00,-122.509999505327,37.0313159593443,0,"available_crw"
"254027_0_t1",30,"254027_0_t1_crw_030",11,"254027_0_t1_20240414T050000",2024-04-14 05:00:00,-122.486313831811,37.074954741398,0,"available_crw"
"254027_0_t1",30,"254027_0_t1_crw_030",12,"254027_0_t1_20240414T110000",2024-04-14 11:00:00,-122.62105498848,37.1675435781448,0,"available_crw"
"254027_0_t1",30,"254027_0_t1_crw_030",13,"254027_0_t1_20240414T170000",2024-04-14 17:00:00,-122.744502481073,37.292408798923,0,"available_crw"
"254027_0_t1",30,"254027_0_t1_crw_030",14,"254027_0_t1_20240414T230000",2024-04-14 23:00:00,-122.736944542072,37.2882912200352,0,"available_crw"
"254027_0_t1",30,"254027_0_t1_crw_030",15,"254027_0_t1_20240415T050000",2024-04-15 05:00:00,-122.597295978628,37.1748608210451,0,"available_crw"
"254027_0_t1",30,"254027_0_t1_crw_030",16,"254027_0_t1_20240415T110000",2024-04-15 11:00:00,-122.673243597606,37.0359649424884,0,"available_crw"
"254027_0_t1",30,"254027_0_t1_crw_030",17,"254027_0_t1_20240415T170000",2024-04-15 17:00:00,-122.812886160774,36.8082903579837,0,"available_crw"
"254027_0_t1",30,"254027_0_t1_crw_030",18,"254027_0_t1_20240415T230000",2024-04-15 23:00:00,-122.807709963263,36.8492134203145,0,"available_crw"
"254027_0_t1",30,"254027_0_t1_crw_030",19,"254027_0_t1_20240416T050000",2024-04-16 05:00:00,-122.761206824068,37.1002377752891,0,"available_crw"
"254027_0_t1",30,"254027_0_t1_crw_030",20,"254027_0_t1_20240416T110000",2024-04-16 11:00:00,-122.727230619774,37.2279566332981,0,"available_crw"
"254027_0_t1",30,"254027_0_t1_crw_030",21,"254027_0_t1_20240416T170000",2024-04-16 17:00:00,-122.729605755914,37.1894403062237,0,"available_crw"
"254027_0_t1",30,"254027_0_t1_crw_030",22,"254027_0_t1_20240416T230000",2024-04-16 23:00:00,-122.691752292232,37.2042231583185,0,"available_crw"
"254027_0_t1",30,"254027_0_t1_crw_030",23,"254027_0_t1_20240417T050000",2024-04-17 05:00:00,-122.69839550009,37.1992050696147,0,"available_crw"
"254027_0_t1",30,"254027_0_t1_crw_030",24,"254027_0_t1_20240417T110000",2024-04-17 11:00:00,-122.693925086867,37.2055794502245,0,"available_crw"
"254027_0_t1",30,"254027_0_t1_crw_030",25,"254027_0_t1_20240417T170000",2024-04-17 17:00:00,-122.695816113492,37.1984287957352,0,"available_crw"
"254027_0_t1",30,"254027_0_t1_crw_030",26,"254027_0_t1_20240417T230000",2024-04-17 23:00:00,-122.645788373255,37.1634571422655,0,"available_crw"
"254027_0_t1",30,"254027_0_t1_crw_030",27,"254027_0_t1_20240418T050000",2024-04-18 05:00:00,-122.510818848725,37.2864520178328,0,"available_crw"
"254027_0_t1",30,"254027_0_t1_crw_030",28,"254027_0_t1_20240418T110000",2024-04-18 11:00:00,-122.436070785101,37.3633639061099,0,"available_crw"
"254027_0_t1",30,"254027_0_t1_crw_030",29,"254027_0_t1_20240418T170000",2024-04-18 17:00:00,-122.438903561353,37.3508310290295,0,"available_crw"
"254027_0_t1",30,"254027_0_t1_crw_030",30,"254027_0_t1_20240418T230000",2024-04-18 23:00:00,-122.458637726825,37.3527320795323,0,"available_crw"
"254027_0_t1",30,"254027_0_t1_crw_030",31,"254027_0_t1_20240419T050000",2024-04-19 05:00:00,-122.57999099946,37.3357586067532,0,"available_crw"
"254027_0_t1",30,"254027_0_t1_crw_030",32,"254027_0_t1_20240419T110000",2024-04-19 11:00:00,-122.553540906352,37.3095054318511,0,"available_crw"
"254027_0_t1",31,"254027_0_t1_crw_031",1,"254027_0_t1_20240411T170000",2024-04-11 17:00:00,-121.8431658,36.81026373,0,"available_crw"
"254027_0_t1",31,"254027_0_t1_crw_031",2,"254027_0_t1_20240411T230000",2024-04-11 23:00:00,-121.876052153576,36.7641617808646,0,"available_crw"
"254027_0_t1",31,"254027_0_t1_crw_031",3,"254027_0_t1_20240412T050000",2024-04-12 05:00:00,-122.128162831423,36.5927222179752,0,"available_crw"
"254027_0_t1",31,"254027_0_t1_crw_031",4,"254027_0_t1_20240412T110000",2024-04-12 11:00:00,-122.400626230861,36.7535080021715,0,"available_crw"
"254027_0_t1",31,"254027_0_t1_crw_031",5,"254027_0_t1_20240412T170000",2024-04-12 17:00:00,-122.543217823675,36.8802111020412,0,"available_crw"
"254027_0_t1",31,"254027_0_t1_crw_031",6,"254027_0_t1_20240412T230000",2024-04-12 23:00:00,-122.63003554523,36.9481845849276,0,"available_crw"
"254027_0_t1",31,"254027_0_t1_crw_031",7,"254027_0_t1_20240413T050000",2024-04-13 05:00:00,-122.617085137151,36.9601771197915,0,"available_crw"
"254027_0_t1",31,"254027_0_t1_crw_031",8,"254027_0_t1_20240413T110000",2024-04-13 11:00:00,-122.573001302562,36.9920179637597,0,"available_crw"
"254027_0_t1",31,"254027_0_t1_crw_031",9,"254027_0_t1_20240413T170000",2024-04-13 17:00:00,-122.514283942419,37.0923295092746,0,"available_crw"
"254027_0_t1",31,"254027_0_t1_crw_031",10,"254027_0_t1_20240413T230000",2024-04-13 23:00:00,-122.5562598661,37.0901476519857,0,"available_crw"
"254027_0_t1",31,"254027_0_t1_crw_031",11,"254027_0_t1_20240414T050000",2024-04-14 05:00:00,-122.509380315762,37.10693125309,0,"available_crw"
"254027_0_t1",31,"254027_0_t1_crw_031",12,"254027_0_t1_20240414T110000",2024-04-14 11:00:00,-122.516223334979,37.102096025963,0,"available_crw"
"254027_0_t1",31,"254027_0_t1_crw_031",13,"254027_0_t1_20240414T170000",2024-04-14 17:00:00,-122.51149169186,37.1083456404846,0,"available_crw"
"254027_0_t1",31,"254027_0_t1_crw_031",14,"254027_0_t1_20240414T230000",2024-04-14 23:00:00,-122.529542839424,37.0725963178573,0,"available_crw"
"254027_0_t1",31,"254027_0_t1_crw_031",15,"254027_0_t1_20240415T050000",2024-04-15 05:00:00,-122.540747003994,36.9746389608862,0,"available_crw"
"254027_0_t1",31,"254027_0_t1_crw_031",16,"254027_0_t1_20240415T110000",2024-04-15 11:00:00,-122.553385270134,36.9281421592105,0,"available_crw"
"254027_0_t1",31,"254027_0_t1_crw_031",17,"254027_0_t1_20240415T170000",2024-04-15 17:00:00,-122.572705595504,36.848105153642,0,"available_crw"
"254027_0_t1",31,"254027_0_t1_crw_031",18,"254027_0_t1_20240415T230000",2024-04-15 23:00:00,-122.372934193174,36.8166094619036,0,"available_crw"
"254027_0_t1",31,"254027_0_t1_crw_031",19,"254027_0_t1_20240416T050000",2024-04-16 05:00:00,-122.316725196677,36.8017081927044,0,"available_crw"
"254027_0_t1",31,"254027_0_t1_crw_031",20,"254027_0_t1_20240416T110000",2024-04-16 11:00:00,-122.305058356652,36.6503624519573,0,"available_crw"
"254027_0_t1",31,"254027_0_t1_crw_031",21,"254027_0_t1_20240416T170000",2024-04-16 17:00:00,-122.331021358696,36.4925641030419,0,"available_crw"
"254027_0_t1",31,"254027_0_t1_crw_031",22,"254027_0_t1_20240416T230000",2024-04-16 23:00:00,-122.332561886551,36.4997670106505,0,"available_crw"
"254027_0_t1",31,"254027_0_t1_crw_031",23,"254027_0_t1_20240417T050000",2024-04-17 05:00:00,-122.352058750663,36.5797651816649,0,"available_crw"
"254027_0_t1",31,"254027_0_t1_crw_031",24,"254027_0_t1_20240417T110000",2024-04-17 11:00:00,-122.339665978969,36.8012729049857,0,"available_crw"
"254027_0_t1",31,"254027_0_t1_crw_031",25,"254027_0_t1_20240417T170000",2024-04-17 17:00:00,-122.337350027356,36.7942050427368,0,"available_crw"
"254027_0_t1",31,"254027_0_t1_crw_031",26,"254027_0_t1_20240417T230000",2024-04-17 23:00:00,-122.356837179292,36.8294427564182,0,"available_crw"
"254027_0_t1",31,"254027_0_t1_crw_031",27,"254027_0_t1_20240418T050000",2024-04-18 05:00:00,-122.457546689478,36.9051432680707,0,"available_crw"
"254027_0_t1",31,"254027_0_t1_crw_031",28,"254027_0_t1_20240418T110000",2024-04-18 11:00:00,-122.410302223822,36.8892667924464,0,"available_crw"
"254027_0_t1",31,"254027_0_t1_crw_031",29,"254027_0_t1_20240418T170000",2024-04-18 17:00:00,-122.125195378042,36.7802676949856,0,"available_crw"
"254027_0_t1",31,"254027_0_t1_crw_031",30,"254027_0_t1_20240418T230000",2024-04-18 23:00:00,-122.01743966372,36.7359335657858,0,"available_crw"
"254027_0_t1",31,"254027_0_t1_crw_031",31,"254027_0_t1_20240419T050000",2024-04-19 05:00:00,-121.911321200918,36.6892083085982,0,"available_crw"
"254027_0_t1",31,"254027_0_t1_crw_031",32,"254027_0_t1_20240419T110000",2024-04-19 11:00:00,-121.956464286352,36.7020723917364,0,"available_crw"
"254027_0_t1",32,"254027_0_t1_crw_032",1,"254027_0_t1_20240411T170000",2024-04-11 17:00:00,-121.8431658,36.81026373,0,"available_crw"
"254027_0_t1",32,"254027_0_t1_crw_032",2,"254027_0_t1_20240411T230000",2024-04-11 23:00:00,-121.80117156733,36.8068097746084,0,"available_crw"
"254027_0_t1",32,"254027_0_t1_crw_032",3,"254027_0_t1_20240412T050000",2024-04-12 05:00:00,-121.849049454783,36.7446361338867,0,"available_crw"
"254027_0_t1",32,"254027_0_t1_crw_032",4,"254027_0_t1_20240412T110000",2024-04-12 11:00:00,-122.045046087338,36.5889816507447,0,"available_crw"
"254027_0_t1",32,"254027_0_t1_crw_032",5,"254027_0_t1_20240412T170000",2024-04-12 17:00:00,-122.074167348452,36.6582548921369,0,"available_crw"
"254027_0_t1",32,"254027_0_t1_crw_032",6,"254027_0_t1_20240412T230000",2024-04-12 23:00:00,-122.109948433574,36.7512778661403,0,"available_crw"
"254027_0_t1",32,"254027_0_t1_crw_032",7,"254027_0_t1_20240413T050000",2024-04-13 05:00:00,-122.10113586791,36.7180810246052,0,"available_crw"
"254027_0_t1",32,"254027_0_t1_crw_032",8,"254027_0_t1_20240413T110000",2024-04-13 11:00:00,-122.109027927644,36.4964449487645,0,"available_crw"
"254027_0_t1",32,"254027_0_t1_crw_032",9,"254027_0_t1_20240413T170000",2024-04-13 17:00:00,-122.109586643235,36.4149174319215,0,"available_crw"
"254027_0_t1",32,"254027_0_t1_crw_032",10,"254027_0_t1_20240413T230000",2024-04-13 23:00:00,-122.129194122461,36.4140787134773,0,"available_crw"
"254027_0_t1",32,"254027_0_t1_crw_032",11,"254027_0_t1_20240414T050000",2024-04-14 05:00:00,-122.131374830827,36.4298506019572,0,"available_crw"
"254027_0_t1",32,"254027_0_t1_crw_032",12,"254027_0_t1_20240414T110000",2024-04-14 11:00:00,-122.192029181388,36.4504405911756,0,"available_crw"
"254027_0_t1",32,"254027_0_t1_crw_032",13,"254027_0_t1_20240414T170000",2024-04-14 17:00:00,-122.154908832048,36.434535546273,0,"available_crw"
"254027_0_t1",32,"254027_0_t1_crw_032",14,"254027_0_t1_20240414T230000",2024-04-14 23:00:00,-122.018324678808,36.4247051789026,0,"available_crw"
"254027_0_t1",32,"254027_0_t1_crw_032",15,"254027_0_t1_20240415T050000",2024-04-15 05:00:00,-122.027164050833,36.423157972138,0,"available_crw"
"254027_0_t1",32,"254027_0_t1_crw_032",16,"254027_0_t1_20240415T110000",2024-04-15 11:00:00,-122.336637700808,36.3804709624521,0,"available_crw"
"254027_0_t1",32,"254027_0_t1_crw_032",17,"254027_0_t1_20240415T170000",2024-04-15 17:00:00,-122.302584707006,36.2191519278588,0,"available_crw"
"254027_0_t1",32,"254027_0_t1_crw_032",18,"254027_0_t1_20240415T230000",2024-04-15 23:00:00,-122.279559566877,36.2229862278818,0,"available_crw"
"254027_0_t1",32,"254027_0_t1_crw_032",19,"254027_0_t1_20240416T050000",2024-04-16 05:00:00,-122.181461873871,36.2411891937328,0,"available_crw"
"254027_0_t1",32,"254027_0_t1_crw_032",20,"254027_0_t1_20240416T110000",2024-04-16 11:00:00,-122.02234188002,36.2622580499194,0,"available_crw"
"254027_0_t1",32,"254027_0_t1_crw_032",21,"254027_0_t1_20240416T170000",2024-04-16 17:00:00,-121.865333015186,35.9844574841718,0,"available_crw"
"254027_0_t1",32,"254027_0_t1_crw_032",22,"254027_0_t1_20240416T230000",2024-04-16 23:00:00,-121.955310511666,35.9861476025065,0,"available_crw"
"254027_0_t1",32,"254027_0_t1_crw_032",23,"254027_0_t1_20240417T050000",2024-04-17 05:00:00,-121.956006622963,36.002008161358,0,"available_crw"
"254027_0_t1",32,"254027_0_t1_crw_032",24,"254027_0_t1_20240417T110000",2024-04-17 11:00:00,-121.633032197,36.0742231764719,0,"available_crw"
"254027_0_t1",32,"254027_0_t1_crw_032",25,"254027_0_t1_20240417T170000",2024-04-17 17:00:00,-121.676249061511,36.0582222557581,0,"available_crw"
"254027_0_t1",32,"254027_0_t1_crw_032",26,"254027_0_t1_20240417T230000",2024-04-17 23:00:00,-121.7321509767,36.0439354652531,0,"available_crw"
"254027_0_t1",32,"254027_0_t1_crw_032",27,"254027_0_t1_20240418T050000",2024-04-18 05:00:00,-121.941459134849,36.026694205501,0,"available_crw"
"254027_0_t1",32,"254027_0_t1_crw_032",28,"254027_0_t1_20240418T110000",2024-04-18 11:00:00,-121.944580980081,36.0423608308634,0,"available_crw"
"254027_0_t1",32,"254027_0_t1_crw_032",29,"254027_0_t1_20240418T170000",2024-04-18 17:00:00,-122.118019736233,36.0619309847185,0,"available_crw"
"254027_0_t1",32,"254027_0_t1_crw_032",30,"254027_0_t1_20240418T230000",2024-04-18 23:00:00,-122.249782725129,36.0331023028277,0,"available_crw"
"254027_0_t1",32,"254027_0_t1_crw_032",31,"254027_0_t1_20240419T050000",2024-04-19 05:00:00,-122.265679234763,35.9815330363842,0,"available_crw"
"254027_0_t1",32,"254027_0_t1_crw_032",32,"254027_0_t1_20240419T110000",2024-04-19 11:00:00,-122.116187625242,35.9077515974518,0,"available_crw"
"254027_0_t1",33,"254027_0_t1_crw_033",1,"254027_0_t1_20240411T170000",2024-04-11 17:00:00,-121.8431658,36.81026373,0,"available_crw"
"254027_0_t1",33,"254027_0_t1_crw_033",2,"254027_0_t1_20240411T230000",2024-04-11 23:00:00,-122.152628406773,36.9039795381729,0,"available_crw"
"254027_0_t1",33,"254027_0_t1_crw_033",3,"254027_0_t1_20240412T050000",2024-04-12 05:00:00,-122.290477008604,36.8993704876584,0,"available_crw"
"254027_0_t1",33,"254027_0_t1_crw_033",4,"254027_0_t1_20240412T110000",2024-04-12 11:00:00,-122.254110364768,36.9664322783957,0,"available_crw"
"254027_0_t1",33,"254027_0_t1_crw_033",5,"254027_0_t1_20240412T170000",2024-04-12 17:00:00,-122.274412523827,36.9366528104611,0,"available_crw"
"254027_0_t1",33,"254027_0_t1_crw_033",6,"254027_0_t1_20240412T230000",2024-04-12 23:00:00,-122.438238710078,36.7197210845164,0,"available_crw"
"254027_0_t1",33,"254027_0_t1_crw_033",7,"254027_0_t1_20240413T050000",2024-04-13 05:00:00,-122.530574583072,36.6123882270923,0,"available_crw"
"254027_0_t1",33,"254027_0_t1_crw_033",8,"254027_0_t1_20240413T110000",2024-04-13 11:00:00,-122.575104006465,36.6761286361279,0,"available_crw"
"254027_0_t1",33,"254027_0_t1_crw_033",9,"254027_0_t1_20240413T170000",2024-04-13 17:00:00,-122.484455157561,36.6804978970763,0,"available_crw"
"254027_0_t1",33,"254027_0_t1_crw_033",10,"254027_0_t1_20240413T230000",2024-04-13 23:00:00,-122.496273227136,36.8438691021288,0,"available_crw"
"254027_0_t1",33,"254027_0_t1_crw_033",11,"254027_0_t1_20240414T050000",2024-04-14 05:00:00,-122.400734830783,37.0983390231441,0,"available_crw"
"254027_0_t1",33,"254027_0_t1_crw_033",12,"254027_0_t1_20240414T110000",2024-04-14 11:00:00,-122.262780886438,37.0651266423012,0,"available_crw"
"254027_0_t1",33,"254027_0_t1_crw_033",13,"254027_0_t1_20240414T170000",2024-04-14 17:00:00,-122.246152380389,36.9140855507481,0,"available_crw"
"254027_0_t1",33,"254027_0_t1_crw_033",14,"254027_0_t1_20240414T230000",2024-04-14 23:00:00,-122.073102320909,36.8841246420492,0,"available_crw"
"254027_0_t1",33,"254027_0_t1_crw_033",15,"254027_0_t1_20240415T050000",2024-04-15 05:00:00,-121.891317196585,36.8209446234729,0,"available_crw"
"254027_0_t1",33,"254027_0_t1_crw_033",16,"254027_0_t1_20240415T110000",2024-04-15 11:00:00,-121.898099204582,36.8060427157464,0,"available_crw"
"254027_0_t1",33,"254027_0_t1_crw_033",17,"254027_0_t1_20240415T170000",2024-04-15 17:00:00,-122.27698740975,36.8302487188945,0,"available_crw"
"254027_0_t1",33,"254027_0_t1_crw_033",18,"254027_0_t1_20240415T230000",2024-04-15 23:00:00,-122.276611872291,36.8461151633706,0,"available_crw"
"254027_0_t1",33,"254027_0_t1_crw_033",19,"254027_0_t1_20240416T050000",2024-04-16 05:00:00,-122.100034042647,36.8996485034821,0,"available_crw"
"254027_0_t1",33,"254027_0_t1_crw_033",20,"254027_0_t1_20240416T110000",2024-04-16 11:00:00,-122.109130978907,36.9172356938686,0,"available_crw"
"254027_0_t1",33,"254027_0_t1_crw_033",21,"254027_0_t1_20240416T170000",2024-04-16 17:00:00,-122.216796323457,37.0281808487577,0,"available_crw"
"254027_0_t1",33,"254027_0_t1_crw_033",22,"254027_0_t1_20240416T230000",2024-04-16 23:00:00,-122.382477703291,36.9776197823631,0,"available_crw"
"254027_0_t1",33,"254027_0_t1_crw_033",23,"254027_0_t1_20240417T050000",2024-04-17 05:00:00,-122.343921414043,37.0047349208303,0,"available_crw"
"254027_0_t1",33,"254027_0_t1_crw_033",24,"254027_0_t1_20240417T110000",2024-04-17 11:00:00,-122.360168116245,37.0186250791634,0,"available_crw"
"254027_0_t1",33,"254027_0_t1_crw_033",25,"254027_0_t1_20240417T170000",2024-04-17 17:00:00,-122.273025846247,37.0402613608556,0,"available_crw"
"254027_0_t1",33,"254027_0_t1_crw_033",26,"254027_0_t1_20240417T230000",2024-04-17 23:00:00,-122.154180395347,36.9223618135163,0,"available_crw"
"254027_0_t1",33,"254027_0_t1_crw_033",27,"254027_0_t1_20240418T050000",2024-04-18 05:00:00,-122.053043472565,36.8668908938557,0,"available_crw"
"254027_0_t1",33,"254027_0_t1_crw_033",28,"254027_0_t1_20240418T110000",2024-04-18 11:00:00,-121.936387093482,36.8371187263826,0,"available_crw"
"254027_0_t1",33,"254027_0_t1_crw_033",29,"254027_0_t1_20240418T170000",2024-04-18 17:00:00,-121.94547956482,36.8371572701828,0,"available_crw"
"254027_0_t1",33,"254027_0_t1_crw_033",30,"254027_0_t1_20240418T230000",2024-04-18 23:00:00,-122.260830840822,36.8497193369137,0,"available_crw"
"254027_0_t1",33,"254027_0_t1_crw_033",31,"254027_0_t1_20240419T050000",2024-04-19 05:00:00,-122.422370011549,36.863900201373,0,"available_crw"
"254027_0_t1",33,"254027_0_t1_crw_033",32,"254027_0_t1_20240419T110000",2024-04-19 11:00:00,-122.444511518651,36.7012261036703,0,"available_crw"
"254027_0_t1",34,"254027_0_t1_crw_034",1,"254027_0_t1_20240411T170000",2024-04-11 17:00:00,-121.8431658,36.81026373,0,"available_crw"
"254027_0_t1",34,"254027_0_t1_crw_034",2,"254027_0_t1_20240411T230000",2024-04-11 23:00:00,-121.911257172552,36.8083374476338,0,"available_crw"
"254027_0_t1",34,"254027_0_t1_crw_034",3,"254027_0_t1_20240412T050000",2024-04-12 05:00:00,-122.012458907436,36.8035189694359,0,"available_crw"
"254027_0_t1",34,"254027_0_t1_crw_034",4,"254027_0_t1_20240412T110000",2024-04-12 11:00:00,-122.132628525594,36.7917029479451,0,"available_crw"
"254027_0_t1",34,"254027_0_t1_crw_034",5,"254027_0_t1_20240412T170000",2024-04-12 17:00:00,-122.34438548855,36.805665031317,0,"available_crw"
"254027_0_t1",34,"254027_0_t1_crw_034",6,"254027_0_t1_20240412T230000",2024-04-12 23:00:00,-122.29514677594,36.8168182336621,0,"available_crw"
"254027_0_t1",34,"254027_0_t1_crw_034",7,"254027_0_t1_20240413T050000",2024-04-13 05:00:00,-122.130756078844,36.5791275491926,0,"available_crw"
"254027_0_t1",34,"254027_0_t1_crw_034",8,"254027_0_t1_20240413T110000",2024-04-13 11:00:00,-122.169514866144,36.6058684556339,0,"available_crw"
"254027_0_t1",34,"254027_0_t1_crw_034",9,"254027_0_t1_20240413T170000",2024-04-13 17:00:00,-122.086300608702,36.6350308394455,0,"available_crw"
"254027_0_t1",34,"254027_0_t1_crw_034",10,"254027_0_t1_20240413T230000",2024-04-13 23:00:00,-122.126566440673,36.614202974543,0,"available_crw"
"254027_0_t1",34,"254027_0_t1_crw_034",11,"254027_0_t1_20240414T050000",2024-04-14 05:00:00,-122.089222770042,36.6298961009953,0,"available_crw"
"254027_0_t1",34,"254027_0_t1_crw_034",12,"254027_0_t1_20240414T110000",2024-04-14 11:00:00,-122.095649050917,36.6247392149652,0,"available_crw"
"254027_0_t1",34,"254027_0_t1_crw_034",13,"254027_0_t1_20240414T170000",2024-04-14 17:00:00,-122.330673938355,36.5097443337463,0,"available_crw"
"254027_0_t1",34,"254027_0_t1_crw_034",14,"254027_0_t1_20240414T230000",2024-04-14 23:00:00,-122.322527809812,36.5206525950928,0,"available_crw"
"254027_0_t1",34,"254027_0_t1_crw_034",15,"254027_0_t1_20240415T050000",2024-04-15 05:00:00,-122.20001258776,36.4611903471289,0,"available_crw"
"254027_0_t1",34,"254027_0_t1_crw_034",16,"254027_0_t1_20240415T110000",2024-04-15 11:00:00,-122.068626825349,36.5558850162348,0,"available_crw"
"254027_0_t1",34,"254027_0_t1_crw_034",17,"254027_0_t1_20240415T170000",2024-04-15 17:00:00,-122.142007841994,36.6851780197366,0,"available_crw"
"254027_0_t1",34,"254027_0_t1_crw_034",18,"254027_0_t1_20240415T230000",2024-04-15 23:00:00,-122.105924124307,36.6560758940808,0,"available_crw"
"254027_0_t1",34,"254027_0_t1_crw_034",19,"254027_0_t1_20240416T050000",2024-04-16 05:00:00,-121.998462725703,36.6094377760039,0,"available_crw"
"254027_0_t1",34,"254027_0_t1_crw_034",20,"254027_0_t1_20240416T110000",2024-04-16 11:00:00,-122.019762235061,36.4587810309705,0,"available_crw"
"254027_0_t1",34,"254027_0_t1_crw_034",21,"254027_0_t1_20240416T170000",2024-04-16 17:00:00,-122.096218445426,36.4979933341017,0,"available_crw"
"254027_0_t1",34,"254027_0_t1_crw_034",22,"254027_0_t1_20240416T230000",2024-04-16 23:00:00,-122.29731402783,36.7085801605894,0,"available_crw"
"254027_0_t1",34,"254027_0_t1_crw_034",23,"254027_0_t1_20240417T050000",2024-04-17 05:00:00,-122.417242242592,36.7629975667505,0,"available_crw"
"254027_0_t1",34,"254027_0_t1_crw_034",24,"254027_0_t1_20240417T110000",2024-04-17 11:00:00,-122.347022455363,36.8636614159568,0,"available_crw"
"254027_0_t1",34,"254027_0_t1_crw_034",25,"254027_0_t1_20240417T170000",2024-04-17 17:00:00,-122.36807247711,36.8724167638082,0,"available_crw"
"254027_0_t1",34,"254027_0_t1_crw_034",26,"254027_0_t1_20240417T230000",2024-04-17 23:00:00,-122.533304323631,36.9801118727645,0,"available_crw"
"254027_0_t1",34,"254027_0_t1_crw_034",27,"254027_0_t1_20240418T050000",2024-04-18 05:00:00,-122.491609877748,36.9609295935554,0,"available_crw"
"254027_0_t1",34,"254027_0_t1_crw_034",28,"254027_0_t1_20240418T110000",2024-04-18 11:00:00,-122.562840464913,36.8606839845009,0,"available_crw"
"254027_0_t1",34,"254027_0_t1_crw_034",29,"254027_0_t1_20240418T170000",2024-04-18 17:00:00,-122.590162450655,36.764796053856,0,"available_crw"
"254027_0_t1",34,"254027_0_t1_crw_034",30,"254027_0_t1_20240418T230000",2024-04-18 23:00:00,-122.670519468859,36.6193602296601,0,"available_crw"
"254027_0_t1",34,"254027_0_t1_crw_034",31,"254027_0_t1_20240419T050000",2024-04-19 05:00:00,-123.002594681573,36.6685668381915,0,"available_crw"
"254027_0_t1",34,"254027_0_t1_crw_034",32,"254027_0_t1_20240419T110000",2024-04-19 11:00:00,-122.987497351421,36.6723515339232,0,"available_crw"
"254027_0_t1",35,"254027_0_t1_crw_035",1,"254027_0_t1_20240411T170000",2024-04-11 17:00:00,-121.8431658,36.81026373,0,"available_crw"
"254027_0_t1",35,"254027_0_t1_crw_035",2,"254027_0_t1_20240411T230000",2024-04-11 23:00:00,-121.911257172552,36.8083374476338,0,"available_crw"
"254027_0_t1",35,"254027_0_t1_crw_035",3,"254027_0_t1_20240412T050000",2024-04-12 05:00:00,-122.22585827875,36.8901953029747,0,"available_crw"
"254027_0_t1",35,"254027_0_t1_crw_035",4,"254027_0_t1_20240412T110000",2024-04-12 11:00:00,-122.522177077859,36.9786120725433,0,"available_crw"
"254027_0_t1",35,"254027_0_t1_crw_035",5,"254027_0_t1_20240412T170000",2024-04-12 17:00:00,-122.516405692361,36.9937910425997,0,"available_crw"
"254027_0_t1",35,"254027_0_t1_crw_035",6,"254027_0_t1_20240412T230000",2024-04-12 23:00:00,-122.532334721053,36.9623418419414,0,"available_crw"
"254027_0_t1",35,"254027_0_t1_crw_035",7,"254027_0_t1_20240413T050000",2024-04-13 05:00:00,-122.570976746584,36.8700515927993,0,"available_crw"
"254027_0_t1",35,"254027_0_t1_crw_035",8,"254027_0_t1_20240413T110000",2024-04-13 11:00:00,-122.596597960608,36.8271454724699,0,"available_crw"
"254027_0_t1",35,"254027_0_t1_crw_035",9,"254027_0_t1_20240413T170000",2024-04-13 17:00:00,-122.558515546911,36.7836957391726,0,"available_crw"
"254027_0_t1",35,"254027_0_t1_crw_035",10,"254027_0_t1_20240413T230000",2024-04-13 23:00:00,-122.441694472901,36.7250235207372,0,"available_crw"
"254027_0_t1",35,"254027_0_t1_crw_035",11,"254027_0_t1_20240414T050000",2024-04-14 05:00:00,-122.517353271609,36.6270042424274,0,"available_crw"
"254027_0_t1",35,"254027_0_t1_crw_035",12,"254027_0_t1_20240414T110000",2024-04-14 11:00:00,-122.702679799586,36.6532734579366,0,"available_crw"
"254027_0_t1",35,"254027_0_t1_crw_035",13,"254027_0_t1_20240414T170000",2024-04-14 17:00:00,-122.744269849198,36.6120144634791,0,"available_crw"
"254027_0_t1",35,"254027_0_t1_crw_035",14,"254027_0_t1_20240414T230000",2024-04-14 23:00:00,-122.784591652315,36.5679110029718,0,"available_crw"
"254027_0_t1",35,"254027_0_t1_crw_035",15,"254027_0_t1_20240415T050000",2024-04-15 05:00:00,-122.621615108504,36.470551134959,0,"available_crw"
"254027_0_t1",35,"254027_0_t1_crw_035",16,"254027_0_t1_20240415T110000",2024-04-15 11:00:00,-122.378550721264,36.3099420199578,0,"available_crw"
"254027_0_t1",35,"254027_0_t1_crw_035",17,"254027_0_t1_20240415T170000",2024-04-15 17:00:00,-122.460609764827,36.2793104858529,0,"available_crw"
"254027_0_t1",35,"254027_0_t1_crw_035",18,"254027_0_t1_20240415T230000",2024-04-15 23:00:00,-122.516598320702,36.2648219520094,0,"available_crw"
"254027_0_t1",35,"254027_0_t1_crw_035",19,"254027_0_t1_20240416T050000",2024-04-16 05:00:00,-122.580001072637,36.2456992005918,0,"available_crw"
"254027_0_t1",35,"254027_0_t1_crw_035",20,"254027_0_t1_20240416T110000",2024-04-16 11:00:00,-122.539566172506,36.2546443053,0,"available_crw"
"254027_0_t1",35,"254027_0_t1_crw_035",21,"254027_0_t1_20240416T170000",2024-04-16 17:00:00,-122.556281278424,36.1827570828236,0,"available_crw"
"254027_0_t1",35,"254027_0_t1_crw_035",22,"254027_0_t1_20240416T230000",2024-04-16 23:00:00,-122.565679737594,36.1284923303113,0,"available_crw"
"254027_0_t1",35,"254027_0_t1_crw_035",23,"254027_0_t1_20240417T050000",2024-04-17 05:00:00,-122.542332054531,36.1264795025068,0,"available_crw"
"254027_0_t1",35,"254027_0_t1_crw_035",24,"254027_0_t1_20240417T110000",2024-04-17 11:00:00,-122.556936205088,36.1218023167086,0,"available_crw"
"254027_0_t1",35,"254027_0_t1_crw_035",25,"254027_0_t1_20240417T170000",2024-04-17 17:00:00,-122.565170184711,36.1361999614648,0,"available_crw"
"254027_0_t1",35,"254027_0_t1_crw_035",26,"254027_0_t1_20240417T230000",2024-04-17 23:00:00,-122.589732036975,36.1090190422051,0,"available_crw"
"254027_0_t1",35,"254027_0_t1_crw_035",27,"254027_0_t1_20240418T050000",2024-04-18 05:00:00,-122.647198638902,36.0421438656697,0,"available_crw"
"254027_0_t1",35,"254027_0_t1_crw_035",28,"254027_0_t1_20240418T110000",2024-04-18 11:00:00,-122.959464862908,36.1411896038905,0,"available_crw"
"254027_0_t1",35,"254027_0_t1_crw_035",29,"254027_0_t1_20240418T170000",2024-04-18 17:00:00,-122.921981684812,36.1260825985516,0,"available_crw"
"254027_0_t1",35,"254027_0_t1_crw_035",30,"254027_0_t1_20240418T230000",2024-04-18 23:00:00,-122.648939994908,36.0024709382232,0,"available_crw"
"254027_0_t1",35,"254027_0_t1_crw_035",31,"254027_0_t1_20240419T050000",2024-04-19 05:00:00,-122.60174573658,35.9742842964422,0,"available_crw"
"254027_0_t1",35,"254027_0_t1_crw_035",32,"254027_0_t1_20240419T110000",2024-04-19 11:00:00,-122.519624660312,35.9274835555608,0,"available_crw"
"254027_0_t1",36,"254027_0_t1_crw_036",1,"254027_0_t1_20240411T170000",2024-04-11 17:00:00,-121.8431658,36.81026373,0,"available_crw"
"254027_0_t1",36,"254027_0_t1_crw_036",2,"254027_0_t1_20240411T230000",2024-04-11 23:00:00,-122.050772744044,36.8468579507232,0,"available_crw"
"254027_0_t1",36,"254027_0_t1_crw_036",3,"254027_0_t1_20240412T050000",2024-04-12 05:00:00,-122.010487983351,36.8366657713781,0,"available_crw"
"254027_0_t1",36,"254027_0_t1_crw_036",4,"254027_0_t1_20240412T110000",2024-04-12 11:00:00,-121.895998504938,36.8048859803365,0,"available_crw"
"254027_0_t1",36,"254027_0_t1_crw_036",5,"254027_0_t1_20240412T170000",2024-04-12 17:00:00,-121.842895792317,36.7838974890126,0,"available_crw"
"254027_0_t1",36,"254027_0_t1_crw_036",6,"254027_0_t1_20240412T230000",2024-04-12 23:00:00,-121.84484628553,36.8175563919368,0,"available_crw"
"254027_0_t1",36,"254027_0_t1_crw_036",7,"254027_0_t1_20240413T050000",2024-04-13 05:00:00,-121.898930439251,36.9512809406051,0,"available_crw"
"254027_0_t1",36,"254027_0_t1_crw_036",8,"254027_0_t1_20240413T110000",2024-04-13 11:00:00,-121.867123638544,36.9190379868106,0,"available_crw"
"254027_0_t1",36,"254027_0_t1_crw_036",9,"254027_0_t1_20240413T170000",2024-04-13 17:00:00,-121.776526470976,36.7775088423637,0,"available_crw"
"254027_0_t1",36,"254027_0_t1_crw_036",10,"254027_0_t1_20240413T230000",2024-04-13 23:00:00,-122.032543570702,36.6000282282668,0,"available_crw"
"254027_0_t1",36,"254027_0_t1_crw_036",11,"254027_0_t1_20240414T050000",2024-04-14 05:00:00,-122.19968214001,36.6696564901279,0,"available_crw"
"254027_0_t1",36,"254027_0_t1_crw_036",12,"254027_0_t1_20240414T110000",2024-04-14 11:00:00,-122.121501325839,36.9687122011676,0,"available_crw"
"254027_0_t1",36,"254027_0_t1_crw_036",13,"254027_0_t1_20240414T170000",2024-04-14 17:00:00,-122.144878194111,36.9720043548269,0,"available_crw"
"254027_0_t1",36,"254027_0_t1_crw_036",14,"254027_0_t1_20240414T230000",2024-04-14 23:00:00,-122.265474386132,36.9828501479959,0,"available_crw"
"254027_0_t1",36,"254027_0_t1_crw_036",15,"254027_0_t1_20240415T050000",2024-04-15 05:00:00,-122.323178714969,36.9938919085171,0,"available_crw"
"254027_0_t1",36,"254027_0_t1_crw_036",16,"254027_0_t1_20240415T110000",2024-04-15 11:00:00,-122.569561416175,37.0946614049664,0,"available_crw"
"254027_0_t1",36,"254027_0_t1_crw_036",17,"254027_0_t1_20240415T170000",2024-04-15 17:00:00,-122.561623249865,37.1092010367309,0,"available_crw"
"254027_0_t1",36,"254027_0_t1_crw_036",18,"254027_0_t1_20240415T230000",2024-04-15 23:00:00,-122.696214035777,37.201987362423,0,"available_crw"
"254027_0_t1",36,"254027_0_t1_crw_036",19,"254027_0_t1_20240416T050000",2024-04-16 05:00:00,-122.666666454011,37.1776254492337,0,"available_crw"
"254027_0_t1",36,"254027_0_t1_crw_036",20,"254027_0_t1_20240416T110000",2024-04-16 11:00:00,-122.848428895017,36.9478386311448,0,"available_crw"
"254027_0_t1",36,"254027_0_t1_crw_036",21,"254027_0_t1_20240416T170000",2024-04-16 17:00:00,-123.029065810526,36.7396783833146,0,"available_crw"
"254027_0_t1",36,"254027_0_t1_crw_036",22,"254027_0_t1_20240416T230000",2024-04-16 23:00:00,-123.009200619051,36.7293294931955,0,"available_crw"
"254027_0_t1",36,"254027_0_t1_crw_036",23,"254027_0_t1_20240417T050000",2024-04-17 05:00:00,-122.820407935362,36.5679997673739,0,"available_crw"
"254027_0_t1",36,"254027_0_t1_crw_036",24,"254027_0_t1_20240417T110000",2024-04-17 11:00:00,-122.803765774433,36.5815124109652,0,"available_crw"
"254027_0_t1",36,"254027_0_t1_crw_036",25,"254027_0_t1_20240417T170000",2024-04-17 17:00:00,-122.640074444939,36.6705750852806,0,"available_crw"
"254027_0_t1",36,"254027_0_t1_crw_036",26,"254027_0_t1_20240417T230000",2024-04-17 23:00:00,-122.457836562367,36.7322615890781,0,"available_crw"
"254027_0_t1",36,"254027_0_t1_crw_036",27,"254027_0_t1_20240418T050000",2024-04-18 05:00:00,-122.264055873161,36.76419046385,0,"available_crw"
"254027_0_t1",36,"254027_0_t1_crw_036",28,"254027_0_t1_20240418T110000",2024-04-18 11:00:00,-122.165236206715,36.7822610241045,0,"available_crw"
"254027_0_t1",36,"254027_0_t1_crw_036",29,"254027_0_t1_20240418T170000",2024-04-18 17:00:00,-122.049014453384,36.8095178124313,0,"available_crw"
"254027_0_t1",36,"254027_0_t1_crw_036",30,"254027_0_t1_20240418T230000",2024-04-18 23:00:00,-122.090441928605,36.802994616191,0,"available_crw"
"254027_0_t1",36,"254027_0_t1_crw_036",31,"254027_0_t1_20240419T050000",2024-04-19 05:00:00,-122.156607003839,36.789945865985,0,"available_crw"
"254027_0_t1",36,"254027_0_t1_crw_036",32,"254027_0_t1_20240419T110000",2024-04-19 11:00:00,-122.191149962977,36.9019694822858,0,"available_crw"
"254027_0_t1",37,"254027_0_t1_crw_037",1,"254027_0_t1_20240411T170000",2024-04-11 17:00:00,-121.8431658,36.81026373,0,"available_crw"
"254027_0_t1",37,"254027_0_t1_crw_037",2,"254027_0_t1_20240411T230000",2024-04-11 23:00:00,-121.944541246137,36.8092948300715,0,"available_crw"
"254027_0_t1",37,"254027_0_t1_crw_037",3,"254027_0_t1_20240412T050000",2024-04-12 05:00:00,-122.061173217041,36.779681570017,0,"available_crw"
"254027_0_t1",37,"254027_0_t1_crw_037",4,"254027_0_t1_20240412T110000",2024-04-12 11:00:00,-122.268744410858,37.0358010106623,0,"available_crw"
"254027_0_t1",37,"254027_0_t1_crw_037",5,"254027_0_t1_20240412T170000",2024-04-12 17:00:00,-122.349262779277,37.149335396312,0,"available_crw"
"254027_0_t1",37,"254027_0_t1_crw_037",6,"254027_0_t1_20240412T230000",2024-04-12 23:00:00,-122.425443260035,37.3625216854748,0,"available_crw"
"254027_0_t1",37,"254027_0_t1_crw_037",7,"254027_0_t1_20240413T050000",2024-04-13 05:00:00,-122.455378502803,37.3387669831551,0,"available_crw"
"254027_0_t1",37,"254027_0_t1_crw_037",8,"254027_0_t1_20240413T110000",2024-04-13 11:00:00,-122.507881447049,37.2362148172671,0,"available_crw"
"254027_0_t1",37,"254027_0_t1_crw_037",9,"254027_0_t1_20240413T170000",2024-04-13 17:00:00,-122.617121858221,37.1032005953172,0,"available_crw"
"254027_0_t1",37,"254027_0_t1_crw_037",10,"254027_0_t1_20240413T230000",2024-04-13 23:00:00,-122.93702502338,37.1950876688324,0,"available_crw"
"254027_0_t1",37,"254027_0_t1_crw_037",11,"254027_0_t1_20240414T050000",2024-04-14 05:00:00,-122.921258142961,37.1968520051213,0,"available_crw"
"254027_0_t1",37,"254027_0_t1_crw_037",12,"254027_0_t1_20240414T110000",2024-04-14 11:00:00,-122.605303261082,37.2199848798228,0,"available_crw"
"254027_0_t1",37,"254027_0_t1_crw_037",13,"254027_0_t1_20240414T170000",2024-04-14 17:00:00,-122.647749991914,37.2199896933297,0,"available_crw"
"254027_0_t1",37,"254027_0_t1_crw_037",14,"254027_0_t1_20240414T230000",2024-04-14 23:00:00,-122.749660377584,37.2180571361948,0,"available_crw"
"254027_0_t1",37,"254027_0_t1_crw_037",15,"254027_0_t1_20240415T050000",2024-04-15 05:00:00,-122.741005408782,37.2204046612649,0,"available_crw"
"254027_0_t1",37,"254027_0_t1_crw_037",16,"254027_0_t1_20240415T110000",2024-04-15 11:00:00,-122.772124247883,37.2431282690106,0,"available_crw"
"254027_0_t1",37,"254027_0_t1_crw_037",17,"254027_0_t1_20240415T170000",2024-04-15 17:00:00,-122.885860621407,37.3368999448507,0,"available_crw"
"254027_0_t1",37,"254027_0_t1_crw_037",18,"254027_0_t1_20240415T230000",2024-04-15 23:00:00,-122.950163976743,37.3231690320405,0,"available_crw"
"254027_0_t1",37,"254027_0_t1_crw_037",19,"254027_0_t1_20240416T050000",2024-04-16 05:00:00,-122.938424118651,37.3317890689742,0,"available_crw"
"254027_0_t1",37,"254027_0_t1_crw_037",20,"254027_0_t1_20240416T110000",2024-04-16 11:00:00,-122.943008206287,37.3254630774915,0,"available_crw"
"254027_0_t1",37,"254027_0_t1_crw_037",21,"254027_0_t1_20240416T170000",2024-04-16 17:00:00,-122.940994850606,37.332592852438,0,"available_crw"
"254027_0_t1",37,"254027_0_t1_crw_037",22,"254027_0_t1_20240416T230000",2024-04-16 23:00:00,-122.760281352322,37.5558933800599,0,"available_crw"
"254027_0_t1",37,"254027_0_t1_crw_037",23,"254027_0_t1_20240417T050000",2024-04-17 05:00:00,-122.574581141023,37.7622773776948,0,"available_crw"
"254027_0_t1",37,"254027_0_t1_crw_037",24,"254027_0_t1_20240417T110000",2024-04-17 11:00:00,-122.5961893439,37.7277461904224,0,"available_crw"
"254027_0_t1",37,"254027_0_t1_crw_037",25,"254027_0_t1_20240417T170000",2024-04-17 17:00:00,-122.623948640048,37.6775987730994,0,"available_crw"
"254027_0_t1",37,"254027_0_t1_crw_037",26,"254027_0_t1_20240417T230000",2024-04-17 23:00:00,-122.642663143847,37.6831262236795,0,"available_crw"
"254027_0_t1",37,"254027_0_t1_crw_037",27,"254027_0_t1_20240418T050000",2024-04-18 05:00:00,-122.604133535482,37.6684878645959,0,"available_crw"
"254027_0_t1",37,"254027_0_t1_crw_037",28,"254027_0_t1_20240418T110000",2024-04-18 11:00:00,-122.666428974681,37.5642649131989,0,"available_crw"
"254027_0_t1",37,"254027_0_t1_crw_037",29,"254027_0_t1_20240418T170000",2024-04-18 17:00:00,-122.856551520343,37.5736125351142,0,"available_crw"
"254027_0_t1",37,"254027_0_t1_crw_037",30,"254027_0_t1_20240418T230000",2024-04-18 23:00:00,-123.029384569736,37.5446408704302,0,"available_crw"
"254027_0_t1",37,"254027_0_t1_crw_037",31,"254027_0_t1_20240419T050000",2024-04-19 05:00:00,-123.176357635266,37.7903158810214,0,"available_crw"
"254027_0_t1",37,"254027_0_t1_crw_037",32,"254027_0_t1_20240419T110000",2024-04-19 11:00:00,-123.139186718635,37.7616630545465,0,"available_crw"
"254027_0_t1",38,"254027_0_t1_crw_038",1,"254027_0_t1_20240411T170000",2024-04-11 17:00:00,-121.8431658,36.81026373,0,"available_crw"
"254027_0_t1",38,"254027_0_t1_crw_038",2,"254027_0_t1_20240411T230000",2024-04-11 23:00:00,-121.964185643552,36.8139417624546,0,"available_crw"
"254027_0_t1",38,"254027_0_t1_crw_038",3,"254027_0_t1_20240412T050000",2024-04-12 05:00:00,-121.964603050306,36.8298067178672,0,"available_crw"
"254027_0_t1",38,"254027_0_t1_crw_038",4,"254027_0_t1_20240412T110000",2024-04-12 11:00:00,-121.967505786651,36.795942223819,0,"available_crw"
"254027_0_t1",38,"254027_0_t1_crw_038",5,"254027_0_t1_20240412T170000",2024-04-12 17:00:00,-121.981978064129,36.8353919885179,0,"available_crw"
"254027_0_t1",38,"254027_0_t1_crw_038",6,"254027_0_t1_20240412T230000",2024-04-12 23:00:00,-121.991616122208,36.8823447581321,0,"available_crw"
"254027_0_t1",38,"254027_0_t1_crw_038",7,"254027_0_t1_20240413T050000",2024-04-13 05:00:00,-122.192568199463,36.8557307213643,0,"available_crw"
"254027_0_t1",38,"254027_0_t1_crw_038",8,"254027_0_t1_20240413T110000",2024-04-13 11:00:00,-122.290586278712,36.9853381985407,0,"available_crw"
"254027_0_t1",38,"254027_0_t1_crw_038",9,"254027_0_t1_20240413T170000",2024-04-13 17:00:00,-122.311484783607,36.9561094037233,0,"available_crw"
"254027_0_t1",38,"254027_0_t1_crw_038",10,"254027_0_t1_20240413T230000",2024-04-13 23:00:00,-122.342638418878,36.907361850152,0,"available_crw"
"254027_0_t1",38,"254027_0_t1_crw_038",11,"254027_0_t1_20240414T050000",2024-04-14 05:00:00,-122.391188219445,36.8181533124582,0,"available_crw"
"254027_0_t1",38,"254027_0_t1_crw_038",12,"254027_0_t1_20240414T110000",2024-04-14 11:00:00,-122.379253768761,36.8555055571375,0,"available_crw"
"254027_0_t1",38,"254027_0_t1_crw_038",13,"254027_0_t1_20240414T170000",2024-04-14 17:00:00,-122.384315259414,36.9537903521248,0,"available_crw"
"254027_0_t1",38,"254027_0_t1_crw_038",14,"254027_0_t1_20240414T230000",2024-04-14 23:00:00,-122.420212719073,36.9363162248313,0,"available_crw"
"254027_0_t1",38,"254027_0_t1_crw_038",15,"254027_0_t1_20240415T050000",2024-04-15 05:00:00,-122.428647253534,37.0091443632991,0,"available_crw"
"254027_0_t1",38,"254027_0_t1_crw_038",16,"254027_0_t1_20240415T110000",2024-04-15 11:00:00,-122.631802847932,36.9940199879225,0,"available_crw"
"254027_0_t1",38,"254027_0_t1_crw_038",17,"254027_0_t1_20240415T170000",2024-04-15 17:00:00,-122.699431785544,36.9863460662355,0,"available_crw"
"254027_0_t1",38,"254027_0_t1_crw_038",18,"254027_0_t1_20240415T230000",2024-04-15 23:00:00,-122.851965025433,37.2664714202883,0,"available_crw"
"254027_0_t1",38,"254027_0_t1_crw_038",19,"254027_0_t1_20240416T050000",2024-04-16 05:00:00,-122.868915627616,37.3120920730282,0,"available_crw"
"254027_0_t1",38,"254027_0_t1_crw_038",20,"254027_0_t1_20240416T110000",2024-04-16 11:00:00,-122.85781078911,37.3029534318983,0,"available_crw"
"254027_0_t1",38,"254027_0_t1_crw_038",21,"254027_0_t1_20240416T170000",2024-04-16 17:00:00,-122.845471284587,37.3351769218163,0,"available_crw"
"254027_0_t1",38,"254027_0_t1_crw_038",22,"254027_0_t1_20240416T230000",2024-04-16 23:00:00,-122.751327015799,37.4755105422082,0,"available_crw"
"254027_0_t1",38,"254027_0_t1_crw_038",23,"254027_0_t1_20240417T050000",2024-04-17 05:00:00,-122.751486684102,37.4627758651732,0,"available_crw"
"254027_0_t1",38,"254027_0_t1_crw_038",24,"254027_0_t1_20240417T110000",2024-04-17 11:00:00,-122.727602714282,37.4632256800691,0,"available_crw"
"254027_0_t1",38,"254027_0_t1_crw_038",25,"254027_0_t1_20240417T170000",2024-04-17 17:00:00,-122.741581015484,37.4570590609422,0,"available_crw"
"254027_0_t1",38,"254027_0_t1_crw_038",26,"254027_0_t1_20240417T230000",2024-04-17 23:00:00,-122.889402424488,37.4009055619251,0,"available_crw"
"254027_0_t1",38,"254027_0_t1_crw_038",27,"254027_0_t1_20240418T050000",2024-04-18 05:00:00,-122.80144650401,37.253111412627,0,"available_crw"
"254027_0_t1",38,"254027_0_t1_crw_038",28,"254027_0_t1_20240418T110000",2024-04-18 11:00:00,-123.065950231654,37.0821992697616,0,"available_crw"
"254027_0_t1",38,"254027_0_t1_crw_038",29,"254027_0_t1_20240418T170000",2024-04-18 17:00:00,-123.231345494726,37.1560243283535,0,"available_crw"
"254027_0_t1",38,"254027_0_t1_crw_038",30,"254027_0_t1_20240418T230000",2024-04-18 23:00:00,-123.368996963307,37.1678829624553,0,"available_crw"
"254027_0_t1",38,"254027_0_t1_crw_038",31,"254027_0_t1_20240419T050000",2024-04-19 05:00:00,-123.682576978139,37.2060039529129,0,"available_crw"
"254027_0_t1",38,"254027_0_t1_crw_038",32,"254027_0_t1_20240419T110000",2024-04-19 11:00:00,-123.667527760113,37.2101630577274,0,"available_crw"
"254027_0_t1",39,"254027_0_t1_crw_039",1,"254027_0_t1_20240411T170000",2024-04-11 17:00:00,-121.8431658,36.81026373,0,"available_crw"
"254027_0_t1",39,"254027_0_t1_crw_039",2,"254027_0_t1_20240411T230000",2024-04-11 23:00:00,-121.834458612754,36.8123606452942,0,"available_crw"
"254027_0_t1",39,"254027_0_t1_crw_039",3,"254027_0_t1_20240412T050000",2024-04-12 05:00:00,-121.892716984713,36.9691542984259,0,"available_crw"
"254027_0_t1",39,"254027_0_t1_crw_039",4,"254027_0_t1_20240412T110000",2024-04-12 11:00:00,-121.91521271415,36.9630885243514,0,"available_crw"
"254027_0_t1",39,"254027_0_t1_crw_039",5,"254027_0_t1_20240412T170000",2024-04-12 17:00:00,-121.910812758567,36.8209626527398,0,"available_crw"
"254027_0_t1",39,"254027_0_t1_crw_039",6,"254027_0_t1_20240412T230000",2024-04-12 23:00:00,-121.860527081432,36.6863022787557,0,"available_crw"
"254027_0_t1",39,"254027_0_t1_crw_039",7,"254027_0_t1_20240413T050000",2024-04-13 05:00:00,-121.831227600964,36.7103594872733,0,"available_crw"
"254027_0_t1",39,"254027_0_t1_crw_039",8,"254027_0_t1_20240413T110000",2024-04-13 11:00:00,-121.852060430981,36.6728072364499,0,"available_crw"
"254027_0_t1",39,"254027_0_t1_crw_039",9,"254027_0_t1_20240413T170000",2024-04-13 17:00:00,-121.830163613508,36.6656299669246,0,"available_crw"
"254027_0_t1",39,"254027_0_t1_crw_039",10,"254027_0_t1_20240413T230000",2024-04-13 23:00:00,-121.881067509211,36.3966924001048,0,"available_crw"
"254027_0_t1",39,"254027_0_t1_crw_039",11,"254027_0_t1_20240414T050000",2024-04-14 05:00:00,-122.216340129533,36.3735620346866,0,"available_crw"
"254027_0_t1",39,"254027_0_t1_crw_039",12,"254027_0_t1_20240414T110000",2024-04-14 11:00:00,-122.170097722375,36.3830015840435,0,"available_crw"
"254027_0_t1",39,"254027_0_t1_crw_039",13,"254027_0_t1_20240414T170000",2024-04-14 17:00:00,-121.958938904693,36.3899608042667,0,"available_crw"
"254027_0_t1",39,"254027_0_t1_crw_039",14,"254027_0_t1_20240414T230000",2024-04-14 23:00:00,-121.995223807121,36.3229631588158,0,"available_crw"
"254027_0_t1",39,"254027_0_t1_crw_039",15,"254027_0_t1_20240415T050000",2024-04-15 05:00:00,-121.955555786484,36.2805994521919,0,"available_crw"
"254027_0_t1",39,"254027_0_t1_crw_039",16,"254027_0_t1_20240415T110000",2024-04-15 11:00:00,-121.962905393002,36.2848441418813,0,"available_crw"
"254027_0_t1",39,"254027_0_t1_crw_039",17,"254027_0_t1_20240415T170000",2024-04-15 17:00:00,-122.14222279583,36.4525792205535,0,"available_crw"
"254027_0_t1",39,"254027_0_t1_crw_039",18,"254027_0_t1_20240415T230000",2024-04-15 23:00:00,-122.24044090211,36.5563385705642,0,"available_crw"
"254027_0_t1",39,"254027_0_t1_crw_039",19,"254027_0_t1_20240416T050000",2024-04-16 05:00:00,-122.379304033239,36.6414149775677,0,"available_crw"
"254027_0_t1",39,"254027_0_t1_crw_039",20,"254027_0_t1_20240416T110000",2024-04-16 11:00:00,-122.329332085998,36.7876184492593,0,"available_crw"
"254027_0_t1",39,"254027_0_t1_crw_039",21,"254027_0_t1_20240416T170000",2024-04-16 17:00:00,-122.352360685323,36.7920519397345,0,"available_crw"
"254027_0_t1",39,"254027_0_t1_crw_039",22,"254027_0_t1_20240416T230000",2024-04-16 23:00:00,-122.628369953826,36.938513737525,0,"available_crw"
"254027_0_t1",39,"254027_0_t1_crw_039",23,"254027_0_t1_20240417T050000",2024-04-17 05:00:00,-122.884669848293,37.0873755372712,0,"available_crw"
"254027_0_t1",39,"254027_0_t1_crw_039",24,"254027_0_t1_20240417T110000",2024-04-17 11:00:00,-122.928195615165,37.1197700817359,0,"available_crw"
"254027_0_t1",39,"254027_0_t1_crw_039",25,"254027_0_t1_20240417T170000",2024-04-17 17:00:00,-122.760681426945,37.356578865861,0,"available_crw"
"254027_0_t1",39,"254027_0_t1_crw_039",26,"254027_0_t1_20240417T230000",2024-04-17 23:00:00,-122.76888898898,37.315973864353,0,"available_crw"
"254027_0_t1",39,"254027_0_t1_crw_039",27,"254027_0_t1_20240418T050000",2024-04-18 05:00:00,-122.876494559412,37.1116363072014,0,"available_crw"
"254027_0_t1",39,"254027_0_t1_crw_039",28,"254027_0_t1_20240418T110000",2024-04-18 11:00:00,-122.874310928101,37.1527311772031,0,"available_crw"
"254027_0_t1",39,"254027_0_t1_crw_039",29,"254027_0_t1_20240418T170000",2024-04-18 17:00:00,-122.540448287806,37.2042098404078,0,"available_crw"
"254027_0_t1",39,"254027_0_t1_crw_039",30,"254027_0_t1_20240418T230000",2024-04-18 23:00:00,-122.422475671425,37.2282349556971,0,"available_crw"
"254027_0_t1",39,"254027_0_t1_crw_039",31,"254027_0_t1_20240419T050000",2024-04-19 05:00:00,-122.430260233467,37.2244052048499,0,"available_crw"
"254027_0_t1",39,"254027_0_t1_crw_039",32,"254027_0_t1_20240419T110000",2024-04-19 11:00:00,-122.755651196002,37.1708178046495,0,"available_crw"
"254027_0_t1",40,"254027_0_t1_crw_040",1,"254027_0_t1_20240411T170000",2024-04-11 17:00:00,-121.8431658,36.81026373,0,"available_crw"
"254027_0_t1",40,"254027_0_t1_crw_040",2,"254027_0_t1_20240411T230000",2024-04-11 23:00:00,-121.901811714782,36.8166632319724,0,"available_crw"
"254027_0_t1",40,"254027_0_t1_crw_040",3,"254027_0_t1_20240412T050000",2024-04-12 05:00:00,-121.90419555504,36.7977163402653,0,"available_crw"
"254027_0_t1",40,"254027_0_t1_crw_040",4,"254027_0_t1_20240412T110000",2024-04-12 11:00:00,-121.880569475662,36.7964376592737,0,"available_crw"
"254027_0_t1",40,"254027_0_t1_crw_040",5,"254027_0_t1_20240412T170000",2024-04-12 17:00:00,-121.844514005193,36.8409877961445,0,"available_crw"
"254027_0_t1",40,"254027_0_t1_crw_040",6,"254027_0_t1_20240412T230000",2024-04-12 23:00:00,-121.855750095279,36.8008631683871,0,"available_crw"
"254027_0_t1",40,"254027_0_t1_crw_040",7,"254027_0_t1_20240413T050000",2024-04-13 05:00:00,-121.815502792294,36.8102406131216,0,"available_crw"
"254027_0_t1",40,"254027_0_t1_crw_040",8,"254027_0_t1_20240413T110000",2024-04-13 11:00:00,-121.871969728599,36.9674555073587,0,"available_crw"
"254027_0_t1",40,"254027_0_t1_crw_040",9,"254027_0_t1_20240413T170000",2024-04-13 17:00:00,-121.866948826113,36.9613580479106,0,"available_crw"
"254027_0_t1",40,"254027_0_t1_crw_040",10,"254027_0_t1_20240413T230000",2024-04-13 23:00:00,-121.785924094868,36.8481564866999,0,"available_crw"
"254027_0_t1",40,"254027_0_t1_crw_040",11,"254027_0_t1_20240414T050000",2024-04-14 05:00:00,-121.799286131265,36.8550023551617,0,"available_crw"
"254027_0_t1",40,"254027_0_t1_crw_040",12,"254027_0_t1_20240414T110000",2024-04-14 11:00:00,-121.942845257683,36.9647389511233,0,"available_crw"
"254027_0_t1",40,"254027_0_t1_crw_040",13,"254027_0_t1_20240414T170000",2024-04-14 17:00:00,-121.927585473491,36.961241492361,0,"available_crw"
"254027_0_t1",40,"254027_0_t1_crw_040",14,"254027_0_t1_20240414T230000",2024-04-14 23:00:00,-121.86115246732,36.9486403656621,0,"available_crw"
"254027_0_t1",40,"254027_0_t1_crw_040",15,"254027_0_t1_20240415T050000",2024-04-15 05:00:00,-121.860389748543,36.6765962958247,0,"available_crw"
"254027_0_t1",40,"254027_0_t1_crw_040",16,"254027_0_t1_20240415T110000",2024-04-15 11:00:00,-122.003666170826,36.6760224149535,0,"available_crw"
"254027_0_t1",40,"254027_0_t1_crw_040",17,"254027_0_t1_20240415T170000",2024-04-15 17:00:00,-122.120342116305,36.6470371592035,0,"available_crw"
"254027_0_t1",40,"254027_0_t1_crw_040",18,"254027_0_t1_20240415T230000",2024-04-15 23:00:00,-122.178480006668,36.6386785662704,0,"available_crw"
"254027_0_t1",40,"254027_0_t1_crw_040",19,"254027_0_t1_20240416T050000",2024-04-16 05:00:00,-122.23744718677,36.6361242134257,0,"available_crw"
"254027_0_t1",40,"254027_0_t1_crw_040",20,"254027_0_t1_20240416T110000",2024-04-16 11:00:00,-122.228948675531,36.6386767891633,0,"available_crw"
"254027_0_t1",40,"254027_0_t1_crw_040",21,"254027_0_t1_20240416T170000",2024-04-16 17:00:00,-122.239512519567,36.6292041577669,0,"available_crw"
"254027_0_t1",40,"254027_0_t1_crw_040",22,"254027_0_t1_20240416T230000",2024-04-16 23:00:00,-122.346312519982,36.7061387236749,0,"available_crw"
"254027_0_t1",40,"254027_0_t1_crw_040",23,"254027_0_t1_20240417T050000",2024-04-17 05:00:00,-122.33097572968,36.7030217662362,0,"available_crw"
"254027_0_t1",40,"254027_0_t1_crw_040",24,"254027_0_t1_20240417T110000",2024-04-17 11:00:00,-122.194927221031,36.7197605255098,0,"available_crw"
"254027_0_t1",40,"254027_0_t1_crw_040",25,"254027_0_t1_20240417T170000",2024-04-17 17:00:00,-122.077540235931,36.7776752209226,0,"available_crw"
"254027_0_t1",40,"254027_0_t1_crw_040",26,"254027_0_t1_20240417T230000",2024-04-17 23:00:00,-121.926601662652,36.6869497111668,0,"available_crw"
"254027_0_t1",40,"254027_0_t1_crw_040",27,"254027_0_t1_20240418T050000",2024-04-18 05:00:00,-121.969047291846,36.7048024281271,0,"available_crw"
"254027_0_t1",40,"254027_0_t1_crw_040",28,"254027_0_t1_20240418T110000",2024-04-18 11:00:00,-121.895983792444,36.7482795733841,0,"available_crw"
"254027_0_t1",40,"254027_0_t1_crw_040",29,"254027_0_t1_20240418T170000",2024-04-18 17:00:00,-121.902904960095,36.7368268537684,0,"available_crw"
"254027_0_t1",40,"254027_0_t1_crw_040",30,"254027_0_t1_20240418T230000",2024-04-18 23:00:00,-121.90336785715,36.7495568506267,0,"available_crw"
"254027_0_t1",40,"254027_0_t1_crw_040",31,"254027_0_t1_20240419T050000",2024-04-19 05:00:00,-121.900407577883,36.7426473582335,0,"available_crw"
"254027_0_t1",40,"254027_0_t1_crw_040",32,"254027_0_t1_20240419T110000",2024-04-19 11:00:00,-121.854090558975,36.6527150849378,0,"available_crw"
"254027_0_t1",41,"254027_0_t1_crw_041",1,"254027_0_t1_20240411T170000",2024-04-11 17:00:00,-121.8431658,36.81026373,0,"available_crw"
"254027_0_t1",41,"254027_0_t1_crw_041",2,"254027_0_t1_20240411T230000",2024-04-11 23:00:00,-121.841755589295,36.9256627818187,0,"available_crw"
"254027_0_t1",41,"254027_0_t1_crw_041",3,"254027_0_t1_20240412T050000",2024-04-12 05:00:00,-121.834543980128,36.9143204078284,0,"available_crw"
"254027_0_t1",41,"254027_0_t1_crw_041",4,"254027_0_t1_20240412T110000",2024-04-12 11:00:00,-121.800751944169,36.8667328596586,0,"available_crw"
"254027_0_t1",41,"254027_0_t1_crw_041",5,"254027_0_t1_20240412T170000",2024-04-12 17:00:00,-121.817307200858,36.8580825084294,0,"available_crw"
"254027_0_t1",41,"254027_0_t1_crw_041",6,"254027_0_t1_20240412T230000",2024-04-12 23:00:00,-121.780328067108,36.8422035444643,0,"available_crw"
"254027_0_t1",41,"254027_0_t1_crw_041",7,"254027_0_t1_20240413T050000",2024-04-13 05:00:00,-121.789260677425,36.843570000054,0,"available_crw"
"254027_0_t1",41,"254027_0_t1_crw_041",8,"254027_0_t1_20240413T110000",2024-04-13 11:00:00,-121.946742267022,36.8757469247333,0,"available_crw"
"254027_0_t1",41,"254027_0_t1_crw_041",9,"254027_0_t1_20240413T170000",2024-04-13 17:00:00,-122.125963875149,36.9437231455196,0,"available_crw"
"254027_0_t1",41,"254027_0_t1_crw_041",10,"254027_0_t1_20240413T230000",2024-04-13 23:00:00,-122.359436221084,37.1323891508051,0,"available_crw"
"254027_0_t1",41,"254027_0_t1_crw_041",11,"254027_0_t1_20240414T050000",2024-04-14 05:00:00,-122.502971770321,37.3220825489211,0,"available_crw"
"254027_0_t1",41,"254027_0_t1_crw_041",12,"254027_0_t1_20240414T110000",2024-04-14 11:00:00,-122.572506694357,37.4020713949679,0,"available_crw"
"254027_0_t1",41,"254027_0_t1_crw_041",13,"254027_0_t1_20240414T170000",2024-04-14 17:00:00,-122.551484302158,37.3725612905925,0,"available_crw"
"254027_0_t1",41,"254027_0_t1_crw_041",14,"254027_0_t1_20240414T230000",2024-04-14 23:00:00,-122.494116784697,37.2866320525656,0,"available_crw"
"254027_0_t1",41,"254027_0_t1_crw_041",15,"254027_0_t1_20240415T050000",2024-04-15 05:00:00,-122.459118386474,37.2395246101828,0,"available_crw"
"254027_0_t1",41,"254027_0_t1_crw_041",16,"254027_0_t1_20240415T110000",2024-04-15 11:00:00,-122.421460554539,37.1937580999231,0,"available_crw"
"254027_0_t1",41,"254027_0_t1_crw_041",17,"254027_0_t1_20240415T170000",2024-04-15 17:00:00,-122.346366245382,37.0463862323748,0,"available_crw"
"254027_0_t1",41,"254027_0_t1_crw_041",18,"254027_0_t1_20240415T230000",2024-04-15 23:00:00,-122.334213029328,36.7808007572627,0,"available_crw"
"254027_0_t1",41,"254027_0_t1_crw_041",19,"254027_0_t1_20240416T050000",2024-04-16 05:00:00,-122.276068054687,36.6803614498379,0,"available_crw"
"254027_0_t1",41,"254027_0_t1_crw_041",20,"254027_0_t1_20240416T110000",2024-04-16 11:00:00,-122.293412973841,36.6728346369327,0,"available_crw"
"254027_0_t1",41,"254027_0_t1_crw_041",21,"254027_0_t1_20240416T170000",2024-04-16 17:00:00,-122.496610134447,36.6239550423527,0,"available_crw"
"254027_0_t1",41,"254027_0_t1_crw_041",22,"254027_0_t1_20240416T230000",2024-04-16 23:00:00,-122.481998707904,36.6961477866609,0,"available_crw"
"254027_0_t1",41,"254027_0_t1_crw_041",23,"254027_0_t1_20240417T050000",2024-04-17 05:00:00,-122.416806755323,36.9444588179698,0,"available_crw"
"254027_0_t1",41,"254027_0_t1_crw_041",24,"254027_0_t1_20240417T110000",2024-04-17 11:00:00,-122.398073800544,37.0245868241029,0,"available_crw"
"254027_0_t1",41,"254027_0_t1_crw_041",25,"254027_0_t1_20240417T170000",2024-04-17 17:00:00,-122.388602040688,37.0788465285533,0,"available_crw"
"254027_0_t1",41,"254027_0_t1_crw_041",26,"254027_0_t1_20240417T230000",2024-04-17 23:00:00,-122.387115413477,37.0716353960381,0,"available_crw"
"254027_0_t1",41,"254027_0_t1_crw_041",27,"254027_0_t1_20240418T050000",2024-04-18 05:00:00,-122.448418166078,36.8104645795839,0,"available_crw"
"254027_0_t1",41,"254027_0_t1_crw_041",28,"254027_0_t1_20240418T110000",2024-04-18 11:00:00,-122.48816432301,36.68385461301,0,"available_crw"
"254027_0_t1",41,"254027_0_t1_crw_041",29,"254027_0_t1_20240418T170000",2024-04-18 17:00:00,-122.578940278533,36.4408533135411,0,"available_crw"
"254027_0_t1",41,"254027_0_t1_crw_041",30,"254027_0_t1_20240418T230000",2024-04-18 23:00:00,-122.645536732522,36.4904249118192,0,"available_crw"
"254027_0_t1",41,"254027_0_t1_crw_041",31,"254027_0_t1_20240419T050000",2024-04-19 05:00:00,-122.548797500444,36.575442138049,0,"available_crw"
"254027_0_t1",41,"254027_0_t1_crw_041",32,"254027_0_t1_20240419T110000",2024-04-19 11:00:00,-122.468768334862,36.7004048776471,0,"available_crw"
"254027_0_t1",42,"254027_0_t1_crw_042",1,"254027_0_t1_20240411T170000",2024-04-11 17:00:00,-121.8431658,36.81026373,0,"available_crw"
"254027_0_t1",42,"254027_0_t1_crw_042",2,"254027_0_t1_20240411T230000",2024-04-11 23:00:00,-121.842644658615,36.7912249631954,0,"available_crw"
"254027_0_t1",42,"254027_0_t1_crw_042",3,"254027_0_t1_20240412T050000",2024-04-12 05:00:00,-121.837981532428,36.7365679534792,0,"available_crw"
"254027_0_t1",42,"254027_0_t1_crw_042",4,"254027_0_t1_20240412T110000",2024-04-12 11:00:00,-122.160239207573,36.6549048289378,0,"available_crw"
"254027_0_t1",42,"254027_0_t1_crw_042",5,"254027_0_t1_20240412T170000",2024-04-12 17:00:00,-122.489830873707,36.6660627563739,0,"available_crw"
"254027_0_t1",42,"254027_0_t1_crw_042",6,"254027_0_t1_20240412T230000",2024-04-12 23:00:00,-122.610458966039,36.6725178610956,0,"available_crw"
"254027_0_t1",42,"254027_0_t1_crw_042",7,"254027_0_t1_20240413T050000",2024-04-13 05:00:00,-122.678467665545,36.6735481444672,0,"available_crw"
"254027_0_t1",42,"254027_0_t1_crw_042",8,"254027_0_t1_20240413T110000",2024-04-13 11:00:00,-122.944848062222,36.7297575255183,0,"available_crw"
"254027_0_t1",42,"254027_0_t1_crw_042",9,"254027_0_t1_20240413T170000",2024-04-13 17:00:00,-123.119535543495,36.7278864498258,0,"available_crw"
"254027_0_t1",42,"254027_0_t1_crw_042",10,"254027_0_t1_20240413T230000",2024-04-13 23:00:00,-123.077483080159,36.7253094113495,0,"available_crw"
"254027_0_t1",42,"254027_0_t1_crw_042",11,"254027_0_t1_20240414T050000",2024-04-14 05:00:00,-123.086331187485,36.7236670120354,0,"available_crw"
"254027_0_t1",42,"254027_0_t1_crw_042",12,"254027_0_t1_20240414T110000",2024-04-14 11:00:00,-123.080240694267,36.7052628843889,0,"available_crw"
"254027_0_t1",42,"254027_0_t1_crw_042",13,"254027_0_t1_20240414T170000",2024-04-14 17:00:00,-123.08739234344,36.738720040071,0,"available_crw"
"254027_0_t1",42,"254027_0_t1_crw_042",14,"254027_0_t1_20240414T230000",2024-04-14 23:00:00,-123.084003423978,36.704880952792,0,"available_crw"
"254027_0_t1",42,"254027_0_t1_crw_042",15,"254027_0_t1_20240415T050000",2024-04-15 05:00:00,-123.024592405988,36.5726541792144,0,"available_crw"
"254027_0_t1",42,"254027_0_t1_crw_042",16,"254027_0_t1_20240415T110000",2024-04-15 11:00:00,-123.333022933103,36.3955254938966,0,"available_crw"
"254027_0_t1",42,"254027_0_t1_crw_042",17,"254027_0_t1_20240415T170000",2024-04-15 17:00:00,-123.46993819161,36.3262973025226,0,"available_crw"
"254027_0_t1",42,"254027_0_t1_crw_042",18,"254027_0_t1_20240415T230000",2024-04-15 23:00:00,-123.433551404591,36.3099047728097,0,"available_crw"
"254027_0_t1",42,"254027_0_t1_crw_042",19,"254027_0_t1_20240416T050000",2024-04-16 05:00:00,-123.483791714991,36.3161475072886,0,"available_crw"
"254027_0_t1",42,"254027_0_t1_crw_042",20,"254027_0_t1_20240416T110000",2024-04-16 11:00:00,-123.641543642169,36.3437608740955,0,"available_crw"
"254027_0_t1",42,"254027_0_t1_crw_042",21,"254027_0_t1_20240416T170000",2024-04-16 17:00:00,-123.629581265581,36.3114796797122,0,"available_crw"
"254027_0_t1",42,"254027_0_t1_crw_042",22,"254027_0_t1_20240416T230000",2024-04-16 23:00:00,-123.619766262774,36.2645529305353,0,"available_crw"
"254027_0_t1",42,"254027_0_t1_crw_042",23,"254027_0_t1_20240417T050000",2024-04-17 05:00:00,-123.587171759551,36.2855110486303,0,"available_crw"
"254027_0_t1",42,"254027_0_t1_crw_042",24,"254027_0_t1_20240417T110000",2024-04-17 11:00:00,-123.597745188573,36.3379782871469,0,"available_crw"
"254027_0_t1",42,"254027_0_t1_crw_042",25,"254027_0_t1_20240417T170000",2024-04-17 17:00:00,-123.63050639945,36.3171688617773,0,"available_crw"
"254027_0_t1",42,"254027_0_t1_crw_042",26,"254027_0_t1_20240417T230000",2024-04-17 23:00:00,-123.680866008153,36.2925976706122,0,"available_crw"
"254027_0_t1",42,"254027_0_t1_crw_042",27,"254027_0_t1_20240418T050000",2024-04-18 05:00:00,-123.691954390859,36.30568661981,0,"available_crw"
"254027_0_t1",42,"254027_0_t1_crw_042",28,"254027_0_t1_20240418T110000",2024-04-18 11:00:00,-123.750881133356,36.3718279920869,0,"available_crw"
"254027_0_t1",42,"254027_0_t1_crw_042",29,"254027_0_t1_20240418T170000",2024-04-18 17:00:00,-123.736797749935,36.3661264853004,0,"available_crw"
"254027_0_t1",42,"254027_0_t1_crw_042",30,"254027_0_t1_20240418T230000",2024-04-18 23:00:00,-123.645676590888,36.3312822910363,0,"available_crw"
"254027_0_t1",42,"254027_0_t1_crw_042",31,"254027_0_t1_20240419T050000",2024-04-19 05:00:00,-123.657131635407,36.1799168472619,0,"available_crw"
"254027_0_t1",42,"254027_0_t1_crw_042",32,"254027_0_t1_20240419T110000",2024-04-19 11:00:00,-123.676857395161,36.0503018217865,0,"available_crw"
"254027_0_t1",43,"254027_0_t1_crw_043",1,"254027_0_t1_20240411T170000",2024-04-11 17:00:00,-121.8431658,36.81026373,0,"available_crw"
"254027_0_t1",43,"254027_0_t1_crw_043",2,"254027_0_t1_20240411T230000",2024-04-11 23:00:00,-122.158295718461,36.8244748904702,0,"available_crw"
"254027_0_t1",43,"254027_0_t1_crw_043",3,"254027_0_t1_20240412T050000",2024-04-12 05:00:00,-122.472481717245,36.8494788358848,0,"available_crw"
"254027_0_t1",43,"254027_0_t1_crw_043",4,"254027_0_t1_20240412T110000",2024-04-12 11:00:00,-122.525401687609,36.9950394807032,0,"available_crw"
"254027_0_t1",43,"254027_0_t1_crw_043",5,"254027_0_t1_20240412T170000",2024-04-12 17:00:00,-122.547603666578,37.0468558910355,0,"available_crw"
"254027_0_t1",43,"254027_0_t1_crw_043",6,"254027_0_t1_20240412T230000",2024-04-12 23:00:00,-122.529286215788,37.0528781572756,0,"available_crw"
"254027_0_t1",43,"254027_0_t1_crw_043",7,"254027_0_t1_20240413T050000",2024-04-13 05:00:00,-122.319617875526,37.0839461919432,0,"available_crw"
"254027_0_t1",43,"254027_0_t1_crw_043",8,"254027_0_t1_20240413T110000",2024-04-13 11:00:00,-122.153883857327,36.8088316222398,0,"available_crw"
"254027_0_t1",43,"254027_0_t1_crw_043",9,"254027_0_t1_20240413T170000",2024-04-13 17:00:00,-122.129606075922,36.836300661237,0,"available_crw"
"254027_0_t1",43,"254027_0_t1_crw_043",10,"254027_0_t1_20240413T230000",2024-04-13 23:00:00,-122.090466538095,36.9295056171108,0,"available_crw"
"254027_0_t1",43,"254027_0_t1_crw_043",11,"254027_0_t1_20240414T050000",2024-04-14 05:00:00,-121.954240813169,36.892727471012,0,"available_crw"
"254027_0_t1",43,"254027_0_t1_crw_043",12,"254027_0_t1_20240414T110000",2024-04-14 11:00:00,-122.0016068683,36.8990285564562,0,"available_crw"
"254027_0_t1",43,"254027_0_t1_crw_043",13,"254027_0_t1_20240414T170000",2024-04-14 17:00:00,-122.310857965912,36.951487466563,0,"available_crw"
"254027_0_t1",43,"254027_0_t1_crw_043",14,"254027_0_t1_20240414T230000",2024-04-14 23:00:00,-122.493628240127,37.0134232703375,0,"available_crw"
"254027_0_t1",43,"254027_0_t1_crw_043",15,"254027_0_t1_20240415T050000",2024-04-15 05:00:00,-122.667507217892,37.0317223720976,0,"available_crw"
"254027_0_t1",43,"254027_0_t1_crw_043",16,"254027_0_t1_20240415T110000",2024-04-15 11:00:00,-122.617293177846,37.092799247191,0,"available_crw"
"254027_0_t1",43,"254027_0_t1_crw_043",17,"254027_0_t1_20240415T170000",2024-04-15 17:00:00,-122.563205681125,37.1618690392406,0,"available_crw"
"254027_0_t1",43,"254027_0_t1_crw_043",18,"254027_0_t1_20240415T230000",2024-04-15 23:00:00,-122.382028560992,37.3702641519025,0,"available_crw"
"254027_0_t1",43,"254027_0_t1_crw_043",19,"254027_0_t1_20240416T050000",2024-04-16 05:00:00,-122.42401861678,37.3737752838834,0,"available_crw"
"254027_0_t1",43,"254027_0_t1_crw_043",20,"254027_0_t1_20240416T110000",2024-04-16 11:00:00,-122.407605226397,37.3427312426336,0,"available_crw"
"254027_0_t1",43,"254027_0_t1_crw_043",21,"254027_0_t1_20240416T170000",2024-04-16 17:00:00,-122.707139573999,37.1528829708287,0,"available_crw"
"254027_0_t1",43,"254027_0_t1_crw_043",22,"254027_0_t1_20240416T230000",2024-04-16 23:00:00,-122.696396729732,37.1004290009724,0,"available_crw"
"254027_0_t1",43,"254027_0_t1_crw_043",23,"254027_0_t1_20240417T050000",2024-04-17 05:00:00,-122.520601235213,37.0808894978141,0,"available_crw"
"254027_0_t1",43,"254027_0_t1_crw_043",24,"254027_0_t1_20240417T110000",2024-04-17 11:00:00,-122.399256652361,37.0959141504,0,"available_crw"
"254027_0_t1",43,"254027_0_t1_crw_043",25,"254027_0_t1_20240417T170000",2024-04-17 17:00:00,-122.412058928312,37.0883630250644,0,"available_crw"
"254027_0_t1",43,"254027_0_t1_crw_043",26,"254027_0_t1_20240417T230000",2024-04-17 23:00:00,-122.485633084036,37.0096339177824,0,"available_crw"
"254027_0_t1",43,"254027_0_t1_crw_043",27,"254027_0_t1_20240418T050000",2024-04-18 05:00:00,-122.590925694244,36.9100725221586,0,"available_crw"
"254027_0_t1",43,"254027_0_t1_crw_043",28,"254027_0_t1_20240418T110000",2024-04-18 11:00:00,-122.54979748452,36.9033850489053,0,"available_crw"
"254027_0_t1",43,"254027_0_t1_crw_043",29,"254027_0_t1_20240418T170000",2024-04-18 17:00:00,-122.552587501312,36.8876743952771,0,"available_crw"
"254027_0_t1",43,"254027_0_t1_crw_043",30,"254027_0_t1_20240418T230000",2024-04-18 23:00:00,-122.529016243045,36.8856206445116,0,"available_crw"
"254027_0_t1",43,"254027_0_t1_crw_043",31,"254027_0_t1_20240419T050000",2024-04-19 05:00:00,-122.570453565357,36.892296132799,0,"available_crw"
"254027_0_t1",43,"254027_0_t1_crw_043",32,"254027_0_t1_20240419T110000",2024-04-19 11:00:00,-122.690571496258,36.9054709086298,0,"available_crw"
"254027_0_t1",44,"254027_0_t1_crw_044",1,"254027_0_t1_20240411T170000",2024-04-11 17:00:00,-121.8431658,36.81026373,0,"available_crw"
"254027_0_t1",44,"254027_0_t1_crw_044",2,"254027_0_t1_20240411T230000",2024-04-11 23:00:00,-121.944541246137,36.8092948300715,0,"available_crw"
"254027_0_t1",44,"254027_0_t1_crw_044",3,"254027_0_t1_20240412T050000",2024-04-12 05:00:00,-122.045857593905,36.8063579351248,0,"available_crw"
"254027_0_t1",44,"254027_0_t1_crw_044",4,"254027_0_t1_20240412T110000",2024-04-12 11:00:00,-122.361443484556,36.8083199154979,0,"available_crw"
"254027_0_t1",44,"254027_0_t1_crw_044",5,"254027_0_t1_20240412T170000",2024-04-12 17:00:00,-122.462816363694,36.8068903001562,0,"available_crw"
"254027_0_t1",44,"254027_0_t1_crw_044",6,"254027_0_t1_20240412T230000",2024-04-12 23:00:00,-122.625071315305,36.8124865628464,0,"available_crw"
"254027_0_t1",44,"254027_0_t1_crw_044",7,"254027_0_t1_20240413T050000",2024-04-13 05:00:00,-122.817647374921,36.8495553610336,0,"available_crw"
"254027_0_t1",44,"254027_0_t1_crw_044",8,"254027_0_t1_20240413T110000",2024-04-13 11:00:00,-122.992516799914,36.8447490403344,0,"available_crw"
"254027_0_t1",44,"254027_0_t1_crw_044",9,"254027_0_t1_20240413T170000",2024-04-13 17:00:00,-123.038654953861,36.7074896092912,0,"available_crw"
"254027_0_t1",44,"254027_0_t1_crw_044",10,"254027_0_t1_20240413T230000",2024-04-13 23:00:00,-123.043335679367,36.7484515961406,0,"available_crw"
"254027_0_t1",44,"254027_0_t1_crw_044",11,"254027_0_t1_20240414T050000",2024-04-14 05:00:00,-123.043261127153,36.7145028041147,0,"available_crw"
"254027_0_t1",44,"254027_0_t1_crw_044",12,"254027_0_t1_20240414T110000",2024-04-14 11:00:00,-123.007832638355,36.6203575246558,0,"available_crw"
"254027_0_t1",44,"254027_0_t1_crw_044",13,"254027_0_t1_20240414T170000",2024-04-14 17:00:00,-123.028860552613,36.6550019862339,0,"available_crw"
"254027_0_t1",44,"254027_0_t1_crw_044",14,"254027_0_t1_20240414T230000",2024-04-14 23:00:00,-123.09106819858,36.7756088829085,0,"available_crw"
"254027_0_t1",44,"254027_0_t1_crw_044",15,"254027_0_t1_20240415T050000",2024-04-15 05:00:00,-123.14435118033,36.8630486815524,0,"available_crw"
"254027_0_t1",44,"254027_0_t1_crw_044",16,"254027_0_t1_20240415T110000",2024-04-15 11:00:00,-123.31909403429,36.8407723729144,0,"available_crw"
"254027_0_t1",44,"254027_0_t1_crw_044",17,"254027_0_t1_20240415T170000",2024-04-15 17:00:00,-123.594121179943,36.8583933351665,0,"available_crw"
"254027_0_t1",44,"254027_0_t1_crw_044",18,"254027_0_t1_20240415T230000",2024-04-15 23:00:00,-123.630763246383,36.8141435531616,0,"available_crw"
"254027_0_t1",44,"254027_0_t1_crw_044",19,"254027_0_t1_20240416T050000",2024-04-16 05:00:00,-123.461650417786,36.7232078745074,0,"available_crw"
"254027_0_t1",44,"254027_0_t1_crw_044",20,"254027_0_t1_20240416T110000",2024-04-16 11:00:00,-123.267558890133,36.5083567669681,0,"available_crw"
"254027_0_t1",44,"254027_0_t1_crw_044",21,"254027_0_t1_20240416T170000",2024-04-16 17:00:00,-123.281694709236,36.5140162111949,0,"available_crw"
"254027_0_t1",44,"254027_0_t1_crw_044",22,"254027_0_t1_20240416T230000",2024-04-16 23:00:00,-123.388382218288,36.5595473154106,0,"available_crw"
"254027_0_t1",44,"254027_0_t1_crw_044",23,"254027_0_t1_20240417T050000",2024-04-17 05:00:00,-123.436776129243,36.5867777209493,0,"available_crw"
"254027_0_t1",44,"254027_0_t1_crw_044",24,"254027_0_t1_20240417T110000",2024-04-17 11:00:00,-123.61903207223,36.7529436754878,0,"available_crw"
"254027_0_t1",44,"254027_0_t1_crw_044",25,"254027_0_t1_20240417T170000",2024-04-17 17:00:00,-123.817528165632,36.9503149569034,0,"available_crw"
"254027_0_t1",44,"254027_0_t1_crw_044",26,"254027_0_t1_20240417T230000",2024-04-17 23:00:00,-123.883318607725,37.0124437331835,0,"available_crw"
"254027_0_t1",44,"254027_0_t1_crw_044",27,"254027_0_t1_20240418T050000",2024-04-18 05:00:00,-123.900879012808,36.9996250535784,0,"available_crw"
"254027_0_t1",44,"254027_0_t1_crw_044",28,"254027_0_t1_20240418T110000",2024-04-18 11:00:00,-123.896276006365,37.0059327337989,0,"available_crw"
"254027_0_t1",44,"254027_0_t1_crw_044",29,"254027_0_t1_20240418T170000",2024-04-18 17:00:00,-123.753216843774,37.1326240690647,0,"available_crw"
"254027_0_t1",44,"254027_0_t1_crw_044",30,"254027_0_t1_20240418T230000",2024-04-18 23:00:00,-123.779421611597,37.100272521537,0,"available_crw"
"254027_0_t1",44,"254027_0_t1_crw_044",31,"254027_0_t1_20240419T050000",2024-04-19 05:00:00,-123.84819252814,37.0199926378556,0,"available_crw"
"254027_0_t1",44,"254027_0_t1_crw_044",32,"254027_0_t1_20240419T110000",2024-04-19 11:00:00,-123.948292889882,36.9170425564147,0,"available_crw"
"254027_0_t1",45,"254027_0_t1_crw_045",1,"254027_0_t1_20240411T170000",2024-04-11 17:00:00,-121.8431658,36.81026373,0,"available_crw"
"254027_0_t1",45,"254027_0_t1_crw_045",2,"254027_0_t1_20240411T230000",2024-04-11 23:00:00,-122.152628406773,36.9039795381729,0,"available_crw"
"254027_0_t1",45,"254027_0_t1_crw_045",3,"254027_0_t1_20240412T050000",2024-04-12 05:00:00,-122.114552461003,36.8892461684338,0,"available_crw"
"254027_0_t1",45,"254027_0_t1_crw_045",4,"254027_0_t1_20240412T110000",2024-04-12 11:00:00,-122.160583501089,36.9002090267602,0,"available_crw"
"254027_0_t1",45,"254027_0_t1_crw_045",5,"254027_0_t1_20240412T170000",2024-04-12 17:00:00,-122.335635505453,36.9029946943283,0,"available_crw"
"254027_0_t1",45,"254027_0_t1_crw_045",6,"254027_0_t1_20240412T230000",2024-04-12 23:00:00,-122.456756267204,36.8987994499161,0,"available_crw"
"254027_0_t1",45,"254027_0_t1_crw_045",7,"254027_0_t1_20240413T050000",2024-04-13 05:00:00,-122.434928316584,36.870022251125,0,"available_crw"
"254027_0_t1",45,"254027_0_t1_crw_045",8,"254027_0_t1_20240413T110000",2024-04-13 11:00:00,-122.466146608514,36.8993195812431,0,"available_crw"
"254027_0_t1",45,"254027_0_t1_crw_045",9,"254027_0_t1_20240413T170000",2024-04-13 17:00:00,-122.357062661726,36.9745040995368,0,"available_crw"
"254027_0_t1",45,"254027_0_t1_crw_045",10,"254027_0_t1_20240413T230000",2024-04-13 23:00:00,-122.391514878563,36.9548052392544,0,"available_crw"
"254027_0_t1",45,"254027_0_t1_crw_045",11,"254027_0_t1_20240414T050000",2024-04-14 05:00:00,-122.357340025544,36.9819193476371,0,"available_crw"
"254027_0_t1",45,"254027_0_t1_crw_045",12,"254027_0_t1_20240414T110000",2024-04-14 11:00:00,-122.389975597982,36.9603175642961,0,"available_crw"
"254027_0_t1",45,"254027_0_t1_crw_045",13,"254027_0_t1_20240414T170000",2024-04-14 17:00:00,-122.638367106509,36.8634705335733,0,"available_crw"
"254027_0_t1",45,"254027_0_t1_crw_045",14,"254027_0_t1_20240414T230000",2024-04-14 23:00:00,-122.598870480268,36.8755290084641,0,"available_crw"
"254027_0_t1",45,"254027_0_t1_crw_045",15,"254027_0_t1_20240415T050000",2024-04-15 05:00:00,-122.26807454787,36.8784331717508,0,"available_crw"
"254027_0_t1",45,"254027_0_t1_crw_045",16,"254027_0_t1_20240415T110000",2024-04-15 11:00:00,-122.288662189914,36.9077944849963,0,"available_crw"
"254027_0_t1",45,"254027_0_t1_crw_045",17,"254027_0_t1_20240415T170000",2024-04-15 17:00:00,-122.272037473743,36.9163743935387,0,"available_crw"
"254027_0_t1",45,"254027_0_t1_crw_045",18,"254027_0_t1_20240415T230000",2024-04-15 23:00:00,-122.194027344377,37.0077989013766,0,"available_crw"
"254027_0_t1",45,"254027_0_t1_crw_045",19,"254027_0_t1_20240416T050000",2024-04-16 05:00:00,-121.877702777875,36.9099771180416,0,"available_crw"
"254027_0_t1",45,"254027_0_t1_crw_045",20,"254027_0_t1_20240416T110000",2024-04-16 11:00:00,-121.893461185988,36.9085472276954,0,"available_crw"
"254027_0_t1",45,"254027_0_t1_crw_045",21,"254027_0_t1_20240416T170000",2024-04-16 17:00:00,-121.960813839823,36.8998461009684,0,"available_crw"
"254027_0_t1",45,"254027_0_t1_crw_045",22,"254027_0_t1_20240416T230000",2024-04-16 23:00:00,-122.173357779603,36.9074018264655,0,"available_crw"
"254027_0_t1",45,"254027_0_t1_crw_045",23,"254027_0_t1_20240417T050000",2024-04-17 05:00:00,-122.173580167101,36.8883583691076,0,"available_crw"
"254027_0_t1",45,"254027_0_t1_crw_045",24,"254027_0_t1_20240417T110000",2024-04-17 11:00:00,-122.005049251126,36.8450293292054,0,"available_crw"
"254027_0_t1",45,"254027_0_t1_crw_045",25,"254027_0_t1_20240417T170000",2024-04-17 17:00:00,-122.014142640348,36.8450858310028,0,"available_crw"
"254027_0_t1",45,"254027_0_t1_crw_045",26,"254027_0_t1_20240417T230000",2024-04-17 23:00:00,-122.324223875787,36.9377947228767,0,"available_crw"
"254027_0_t1",45,"254027_0_t1_crw_045",27,"254027_0_t1_20240418T050000",2024-04-18 05:00:00,-122.436874411046,36.9739895845626,0,"available_crw"
"254027_0_t1",45,"254027_0_t1_crw_045",28,"254027_0_t1_20240418T110000",2024-04-18 11:00:00,-122.61459131021,37.0682709607984,0,"available_crw"
"254027_0_t1",45,"254027_0_t1_crw_045",29,"254027_0_t1_20240418T170000",2024-04-18 17:00:00,-122.576406284414,37.2167884766074,0,"available_crw"
"254027_0_t1",45,"254027_0_t1_crw_045",30,"254027_0_t1_20240418T230000",2024-04-18 23:00:00,-122.575497813586,37.2095158591806,0,"available_crw"
"254027_0_t1",45,"254027_0_t1_crw_045",31,"254027_0_t1_20240419T050000",2024-04-19 05:00:00,-122.657643897964,36.952029680067,0,"available_crw"
"254027_0_t1",45,"254027_0_t1_crw_045",32,"254027_0_t1_20240419T110000",2024-04-19 11:00:00,-122.634466937009,36.9479443282746,0,"available_crw"
"254027_0_t1",46,"254027_0_t1_crw_046",1,"254027_0_t1_20240411T170000",2024-04-11 17:00:00,-121.8431658,36.81026373,0,"available_crw"
"254027_0_t1",46,"254027_0_t1_crw_046",2,"254027_0_t1_20240411T230000",2024-04-11 23:00:00,-121.80117156733,36.8068097746084,0,"available_crw"
"254027_0_t1",46,"254027_0_t1_crw_046",3,"254027_0_t1_20240412T050000",2024-04-12 05:00:00,-121.850679215958,36.796488661323,0,"available_crw"
"254027_0_t1",46,"254027_0_t1_crw_046",4,"254027_0_t1_20240412T110000",2024-04-12 11:00:00,-121.821898995418,36.7720043805147,0,"available_crw"
"254027_0_t1",46,"254027_0_t1_crw_046",5,"254027_0_t1_20240412T170000",2024-04-12 17:00:00,-121.925852844208,36.6925198688923,0,"available_crw"
"254027_0_t1",46,"254027_0_t1_crw_046",6,"254027_0_t1_20240412T230000",2024-04-12 23:00:00,-122.163416340461,36.5260255580733,0,"available_crw"
"254027_0_t1",46,"254027_0_t1_crw_046",7,"254027_0_t1_20240413T050000",2024-04-13 05:00:00,-122.124204335782,36.5144533900744,0,"available_crw"
"254027_0_t1",46,"254027_0_t1_crw_046",8,"254027_0_t1_20240413T110000",2024-04-13 11:00:00,-121.944608803381,36.4241444877434,0,"available_crw"
"254027_0_t1",46,"254027_0_t1_crw_046",9,"254027_0_t1_20240413T170000",2024-04-13 17:00:00,-121.932814336249,36.440633110932,0,"available_crw"
"254027_0_t1",46,"254027_0_t1_crw_046",10,"254027_0_t1_20240413T230000",2024-04-13 23:00:00,-121.957016703151,36.4128869406704,0,"available_crw"
"254027_0_t1",46,"254027_0_t1_crw_046",11,"254027_0_t1_20240414T050000",2024-04-14 05:00:00,-121.995382464917,36.3195375834592,0,"available_crw"
"254027_0_t1",46,"254027_0_t1_crw_046",12,"254027_0_t1_20240414T110000",2024-04-14 11:00:00,-121.987784418673,36.3576096897552,0,"available_crw"
"254027_0_t1",46,"254027_0_t1_crw_046",13,"254027_0_t1_20240414T170000",2024-04-14 17:00:00,-121.919404878624,36.5068870763031,0,"available_crw"
"254027_0_t1",46,"254027_0_t1_crw_046",14,"254027_0_t1_20240414T230000",2024-04-14 23:00:00,-121.91987635961,36.4995880118682,0,"available_crw"
"254027_0_t1",46,"254027_0_t1_crw_046",15,"254027_0_t1_20240415T050000",2024-04-15 05:00:00,-121.925053850726,36.5379243916265,0,"available_crw"
"254027_0_t1",46,"254027_0_t1_crw_046",16,"254027_0_t1_20240415T110000",2024-04-15 11:00:00,-121.932637661303,36.6683609607739,0,"available_crw"
"254027_0_t1",46,"254027_0_t1_crw_046",17,"254027_0_t1_20240415T170000",2024-04-15 17:00:00,-121.986666641409,36.8020785701402,0,"available_crw"
"254027_0_t1",46,"254027_0_t1_crw_046",18,"254027_0_t1_20240415T230000",2024-04-15 23:00:00,-122.027360850222,36.9284945599788,0,"available_crw"
"254027_0_t1",46,"254027_0_t1_crw_046",19,"254027_0_t1_20240416T050000",2024-04-16 05:00:00,-122.050109517501,36.9231007253623,0,"available_crw"
"254027_0_t1",46,"254027_0_t1_crw_046",20,"254027_0_t1_20240416T110000",2024-04-16 11:00:00,-122.16726214712,36.8979515201484,0,"available_crw"
"254027_0_t1",46,"254027_0_t1_crw_046",21,"254027_0_t1_20240416T170000",2024-04-16 17:00:00,-122.125616331179,36.9037492910238,0,"available_crw"
"254027_0_t1",46,"254027_0_t1_crw_046",22,"254027_0_t1_20240416T230000",2024-04-16 23:00:00,-122.121117934444,36.8882972849869,0,"available_crw"
"254027_0_t1",46,"254027_0_t1_crw_046",23,"254027_0_t1_20240417T050000",2024-04-17 05:00:00,-122.102529245336,36.8355849455885,0,"available_crw"
"254027_0_t1",46,"254027_0_t1_crw_046",24,"254027_0_t1_20240417T110000",2024-04-17 11:00:00,-122.113422083161,36.8448339619413,0,"available_crw"
"254027_0_t1",46,"254027_0_t1_crw_046",25,"254027_0_t1_20240417T170000",2024-04-17 17:00:00,-122.009227514191,36.9242935764861,0,"available_crw"
"254027_0_t1",46,"254027_0_t1_crw_046",26,"254027_0_t1_20240417T230000",2024-04-17 23:00:00,-122.013664274776,36.9179118997469,0,"available_crw"
"254027_0_t1",46,"254027_0_t1_crw_046",27,"254027_0_t1_20240418T050000",2024-04-18 05:00:00,-122.039924897603,36.821837483942,0,"available_crw"
"254027_0_t1",46,"254027_0_t1_crw_046",28,"254027_0_t1_20240418T110000",2024-04-18 11:00:00,-122.126644498247,36.6658759057344,0,"available_crw"
"254027_0_t1",46,"254027_0_t1_crw_046",29,"254027_0_t1_20240418T170000",2024-04-18 17:00:00,-122.201680034237,36.5501481858623,0,"available_crw"
"254027_0_t1",46,"254027_0_t1_crw_046",30,"254027_0_t1_20240418T230000",2024-04-18 23:00:00,-122.224497342465,36.4535152143661,0,"available_crw"
"254027_0_t1",46,"254027_0_t1_crw_046",31,"254027_0_t1_20240419T050000",2024-04-19 05:00:00,-122.250175824488,36.3583633296816,0,"available_crw"
"254027_0_t1",46,"254027_0_t1_crw_046",32,"254027_0_t1_20240419T110000",2024-04-19 11:00:00,-122.586477931929,36.3524436591361,0,"available_crw"
"254027_0_t1",47,"254027_0_t1_crw_047",1,"254027_0_t1_20240411T170000",2024-04-11 17:00:00,-121.8431658,36.81026373,0,"available_crw"
"254027_0_t1",47,"254027_0_t1_crw_047",2,"254027_0_t1_20240411T230000",2024-04-11 23:00:00,-121.964185643552,36.8139417624546,0,"available_crw"
"254027_0_t1",47,"254027_0_t1_crw_047",3,"254027_0_t1_20240412T050000",2024-04-12 05:00:00,-122.229684271001,36.8741467477665,0,"available_crw"
"254027_0_t1",47,"254027_0_t1_crw_047",4,"254027_0_t1_20240412T110000",2024-04-12 11:00:00,-122.529881501464,36.9534908888896,0,"available_crw"
"254027_0_t1",47,"254027_0_t1_crw_047",5,"254027_0_t1_20240412T170000",2024-04-12 17:00:00,-122.825907933475,37.0430837622986,0,"available_crw"
"254027_0_t1",47,"254027_0_t1_crw_047",6,"254027_0_t1_20240412T230000",2024-04-12 23:00:00,-122.833504097098,37.0250385922165,0,"available_crw"
"254027_0_t1",47,"254027_0_t1_crw_047",7,"254027_0_t1_20240413T050000",2024-04-13 05:00:00,-122.825610475905,37.0630803399494,0,"available_crw"
"254027_0_t1",47,"254027_0_t1_crw_047",8,"254027_0_t1_20240413T110000",2024-04-13 11:00:00,-122.877448898443,37.0962529612205,0,"available_crw"
"254027_0_t1",47,"254027_0_t1_crw_047",9,"254027_0_t1_20240413T170000",2024-04-13 17:00:00,-122.726859554912,37.3771221184603,0,"available_crw"
"254027_0_t1",47,"254027_0_t1_crw_047",10,"254027_0_t1_20240413T230000",2024-04-13 23:00:00,-122.603806834268,37.5170032733971,0,"available_crw"
"254027_0_t1",47,"254027_0_t1_crw_047",11,"254027_0_t1_20240414T050000",2024-04-14 05:00:00,-122.574408789607,37.6253003686996,0,"available_crw"
"254027_0_t1",47,"254027_0_t1_crw_047",12,"254027_0_t1_20240414T110000",2024-04-14 11:00:00,-122.600304041158,37.7341661578311,0,"available_crw"
"254027_0_t1",47,"254027_0_t1_crw_047",13,"254027_0_t1_20240414T170000",2024-04-14 17:00:00,-122.511474294931,37.7149254142974,0,"available_crw"
"254027_0_t1",47,"254027_0_t1_crw_047",14,"254027_0_t1_20240414T230000",2024-04-14 23:00:00,-122.515605965901,37.6994012284148,0,"available_crw"
"254027_0_t1",47,"254027_0_t1_crw_047",15,"254027_0_t1_20240415T050000",2024-04-15 05:00:00,-122.534483615933,37.6192778234576,0,"available_crw"
"254027_0_t1",47,"254027_0_t1_crw_047",16,"254027_0_t1_20240415T110000",2024-04-15 11:00:00,-122.535562863871,37.6265355245052,0,"available_crw"
"254027_0_t1",47,"254027_0_t1_crw_047",17,"254027_0_t1_20240415T170000",2024-04-15 17:00:00,-122.458295919876,37.8850890201318,0,"available_crw"
"254027_0_t1",47,"254027_0_t1_crw_047",18,"254027_0_t1_20240415T230000",2024-04-15 23:00:00,-122.454344783817,37.8727459880818,0,"available_crw"
"254027_0_t1",47,"254027_0_t1_crw_047",19,"254027_0_t1_20240416T050000",2024-04-16 05:00:00,-122.608786965257,37.7834143124127,0,"available_crw"
"254027_0_t1",47,"254027_0_t1_crw_047",20,"254027_0_t1_20240416T110000",2024-04-16 11:00:00,-122.690248029872,37.7337943056873,0,"available_crw"
"254027_0_t1",47,"254027_0_t1_crw_047",21,"254027_0_t1_20240416T170000",2024-04-16 17:00:00,-122.683503937087,37.7453480289929,0,"available_crw"
"254027_0_t1",47,"254027_0_t1_crw_047",22,"254027_0_t1_20240416T230000",2024-04-16 23:00:00,-122.870516999078,37.8141984134273,0,"available_crw"
"254027_0_t1",47,"254027_0_t1_crw_047",23,"254027_0_t1_20240417T050000",2024-04-17 05:00:00,-122.863189312034,37.8289628716813,0,"available_crw"
"254027_0_t1",47,"254027_0_t1_crw_047",24,"254027_0_t1_20240417T110000",2024-04-17 11:00:00,-122.882374048748,37.7986238663697,0,"available_crw"
"254027_0_t1",47,"254027_0_t1_crw_047",25,"254027_0_t1_20240417T170000",2024-04-17 17:00:00,-122.940226897316,37.7127654523924,0,"available_crw"
"254027_0_t1",47,"254027_0_t1_crw_047",26,"254027_0_t1_20240417T230000",2024-04-17 23:00:00,-122.897816154843,37.713185206414,0,"available_crw"
"254027_0_t1",47,"254027_0_t1_crw_047",27,"254027_0_t1_20240418T050000",2024-04-18 05:00:00,-122.824860087816,37.5731024987795,0,"available_crw"
"254027_0_t1",47,"254027_0_t1_crw_047",28,"254027_0_t1_20240418T110000",2024-04-18 11:00:00,-122.916585652168,37.5774877577859,0,"available_crw"
"254027_0_t1",47,"254027_0_t1_crw_047",29,"254027_0_t1_20240418T170000",2024-04-18 17:00:00,-122.975384770719,37.5861315455693,0,"available_crw"
"254027_0_t1",47,"254027_0_t1_crw_047",30,"254027_0_t1_20240418T230000",2024-04-18 23:00:00,-123.013020696443,37.7347700156242,0,"available_crw"
"254027_0_t1",47,"254027_0_t1_crw_047",31,"254027_0_t1_20240419T050000",2024-04-19 05:00:00,-122.853114077058,37.8177039057529,0,"available_crw"
"254027_0_t1",47,"254027_0_t1_crw_047",32,"254027_0_t1_20240419T110000",2024-04-19 11:00:00,-122.666941156928,37.8771660088477,0,"available_crw"
"254027_0_t1",48,"254027_0_t1_crw_048",1,"254027_0_t1_20240411T170000",2024-04-11 17:00:00,-121.8431658,36.81026373,0,"available_crw"
"254027_0_t1",48,"254027_0_t1_crw_048",2,"254027_0_t1_20240411T230000",2024-04-11 23:00:00,-122.037018718084,36.8426236931558,0,"available_crw"
"254027_0_t1",48,"254027_0_t1_crw_048",3,"254027_0_t1_20240412T050000",2024-04-12 05:00:00,-122.021781730348,36.8461198064341,0,"available_crw"
"254027_0_t1",48,"254027_0_t1_crw_048",4,"254027_0_t1_20240412T110000",2024-04-12 11:00:00,-122.065210427085,36.8297331865173,0,"available_crw"
"254027_0_t1",48,"254027_0_t1_crw_048",5,"254027_0_t1_20240412T170000",2024-04-12 17:00:00,-122.074631392704,36.8436785873744,0,"available_crw"
"254027_0_t1",48,"254027_0_t1_crw_048",6,"254027_0_t1_20240412T230000",2024-04-12 23:00:00,-121.983719051782,36.8469183107679,0,"available_crw"
"254027_0_t1",48,"254027_0_t1_crw_048",7,"254027_0_t1_20240413T050000",2024-04-13 05:00:00,-121.954013686198,36.8944104792568,0,"available_crw"
"254027_0_t1",48,"254027_0_t1_crw_048",8,"254027_0_t1_20240413T110000",2024-04-13 11:00:00,-121.921068252211,36.9339656973663,0,"available_crw"
"254027_0_t1",48,"254027_0_t1_crw_048",9,"254027_0_t1_20240413T170000",2024-04-13 17:00:00,-121.801531897782,36.8699187330127,0,"available_crw"
"254027_0_t1",48,"254027_0_t1_crw_048",10,"254027_0_t1_20240413T230000",2024-04-13 23:00:00,-121.811525372729,36.8562326838001,0,"available_crw"
"254027_0_t1",48,"254027_0_t1_crw_048",11,"254027_0_t1_20240414T050000",2024-04-14 05:00:00,-122.179280019841,36.9345389869148,0,"available_crw"
"254027_0_t1",48,"254027_0_t1_crw_048",12,"254027_0_t1_20240414T110000",2024-04-14 11:00:00,-122.298274378277,36.9534280546011,0,"available_crw"
"254027_0_t1",48,"254027_0_t1_crw_048",13,"254027_0_t1_20240414T170000",2024-04-14 17:00:00,-122.418535015179,36.9663038223733,0,"available_crw"
"254027_0_t1",48,"254027_0_t1_crw_048",14,"254027_0_t1_20240414T230000",2024-04-14 23:00:00,-122.619630898114,37.0226655620538,0,"available_crw"
"254027_0_t1",48,"254027_0_t1_crw_048",15,"254027_0_t1_20240415T050000",2024-04-15 05:00:00,-122.685150394912,37.0382388542645,0,"available_crw"
"254027_0_t1",48,"254027_0_t1_crw_048",16,"254027_0_t1_20240415T110000",2024-04-15 11:00:00,-122.680644773323,37.0536918358967,0,"available_crw"
"254027_0_t1",48,"254027_0_t1_crw_048",17,"254027_0_t1_20240415T170000",2024-04-15 17:00:00,-122.299613644936,37.0652590686579,0,"available_crw"
"254027_0_t1",48,"254027_0_t1_crw_048",18,"254027_0_t1_20240415T230000",2024-04-15 23:00:00,-122.223179122911,36.9265776249347,0,"available_crw"
"254027_0_t1",48,"254027_0_t1_crw_048",19,"254027_0_t1_20240416T050000",2024-04-16 05:00:00,-122.201548033158,36.661382427938,0,"available_crw"
"254027_0_t1",48,"254027_0_t1_crw_048",20,"254027_0_t1_20240416T110000",2024-04-16 11:00:00,-122.204972479778,36.6138716977313,0,"available_crw"
"254027_0_t1",48,"254027_0_t1_crw_048",21,"254027_0_t1_20240416T170000",2024-04-16 17:00:00,-122.259998102917,36.4488678716726,0,"available_crw"
"254027_0_t1",48,"254027_0_t1_crw_048",22,"254027_0_t1_20240416T230000",2024-04-16 23:00:00,-122.282167374038,36.4047756573713,0,"available_crw"
"254027_0_t1",48,"254027_0_t1_crw_048",23,"254027_0_t1_20240417T050000",2024-04-17 05:00:00,-122.30270072026,36.2651318705233,0,"available_crw"
"254027_0_t1",48,"254027_0_t1_crw_048",24,"254027_0_t1_20240417T110000",2024-04-17 11:00:00,-122.32226374107,36.2660819264234,0,"available_crw"
"254027_0_t1",48,"254027_0_t1_crw_048",25,"254027_0_t1_20240417T170000",2024-04-17 17:00:00,-122.381453574387,36.409969735218,0,"available_crw"
"254027_0_t1",48,"254027_0_t1_crw_048",26,"254027_0_t1_20240417T230000",2024-04-17 23:00:00,-122.406556336557,36.5678595827421,0,"available_crw"
"254027_0_t1",48,"254027_0_t1_crw_048",27,"254027_0_t1_20240418T050000",2024-04-18 05:00:00,-122.39751593829,36.5574172491273,0,"available_crw"
"254027_0_t1",48,"254027_0_t1_crw_048",28,"254027_0_t1_20240418T110000",2024-04-18 11:00:00,-122.263669303002,36.4674073247101,0,"available_crw"
"254027_0_t1",48,"254027_0_t1_crw_048",29,"254027_0_t1_20240418T170000",2024-04-18 17:00:00,-122.41293246016,36.2235802341299,0,"available_crw"
"254027_0_t1",48,"254027_0_t1_crw_048",30,"254027_0_t1_20240418T230000",2024-04-18 23:00:00,-122.430969932133,36.2297702256599,0,"available_crw"
"254027_0_t1",48,"254027_0_t1_crw_048",31,"254027_0_t1_20240419T050000",2024-04-19 05:00:00,-122.509809109457,36.0791116990366,0,"available_crw"
"254027_0_t1",48,"254027_0_t1_crw_048",32,"254027_0_t1_20240419T110000",2024-04-19 11:00:00,-122.487910532759,36.0722716726792,0,"available_crw"
"254027_0_t1",49,"254027_0_t1_crw_049",1,"254027_0_t1_20240411T170000",2024-04-11 17:00:00,-121.8431658,36.81026373,0,"available_crw"
"254027_0_t1",49,"254027_0_t1_crw_049",2,"254027_0_t1_20240411T230000",2024-04-11 23:00:00,-121.944541246137,36.8092948300715,0,"available_crw"
"254027_0_t1",49,"254027_0_t1_crw_049",3,"254027_0_t1_20240412T050000",2024-04-12 05:00:00,-122.112529294779,36.7703559322092,0,"available_crw"
"254027_0_t1",49,"254027_0_t1_crw_049",4,"254027_0_t1_20240412T110000",2024-04-12 11:00:00,-122.176985980985,36.7526871626305,0,"available_crw"
"254027_0_t1",49,"254027_0_t1_crw_049",5,"254027_0_t1_20240412T170000",2024-04-12 17:00:00,-122.372949931142,36.731152487275,0,"available_crw"
"254027_0_t1",49,"254027_0_t1_crw_049",6,"254027_0_t1_20240412T230000",2024-04-12 23:00:00,-122.466308655075,36.8628970227148,0,"available_crw"
"254027_0_t1",49,"254027_0_t1_crw_049",7,"254027_0_t1_20240413T050000",2024-04-13 05:00:00,-122.532768420228,36.9443307880262,0,"available_crw"
"254027_0_t1",49,"254027_0_t1_crw_049",8,"254027_0_t1_20240413T110000",2024-04-13 11:00:00,-122.558948411868,36.9870332933665,0,"available_crw"
"254027_0_t1",49,"254027_0_t1_crw_049",9,"254027_0_t1_20240413T170000",2024-04-13 17:00:00,-122.619183741283,37.0715768101371,0,"available_crw"
"254027_0_t1",49,"254027_0_t1_crw_049",10,"254027_0_t1_20240413T230000",2024-04-13 23:00:00,-122.685515333444,37.0710286100011,0,"available_crw"
"254027_0_t1",49,"254027_0_t1_crw_049",11,"254027_0_t1_20240414T050000",2024-04-14 05:00:00,-122.683587849765,36.9073919076149,0,"available_crw"
"254027_0_t1",49,"254027_0_t1_crw_049",12,"254027_0_t1_20240414T110000",2024-04-14 11:00:00,-122.659893536607,36.9082117801061,0,"available_crw"
"254027_0_t1",49,"254027_0_t1_crw_049",13,"254027_0_t1_20240414T170000",2024-04-14 17:00:00,-122.535126980293,36.9556048937797,0,"available_crw"
"254027_0_t1",49,"254027_0_t1_crw_049",14,"254027_0_t1_20240414T230000",2024-04-14 23:00:00,-122.560220909121,37.0963542726948,0,"available_crw"
"254027_0_t1",49,"254027_0_t1_crw_049",15,"254027_0_t1_20240415T050000",2024-04-15 05:00:00,-122.546740594764,37.2668763681775,0,"available_crw"
"254027_0_t1",49,"254027_0_t1_crw_049",16,"254027_0_t1_20240415T110000",2024-04-15 11:00:00,-122.489911434423,37.4316002400926,0,"available_crw"
"254027_0_t1",49,"254027_0_t1_crw_049",17,"254027_0_t1_20240415T170000",2024-04-15 17:00:00,-122.295903200045,37.6478193786898,0,"available_crw"
"254027_0_t1",49,"254027_0_t1_crw_049",18,"254027_0_t1_20240415T230000",2024-04-15 23:00:00,-122.324392892928,37.6959012292845,0,"available_crw"
"254027_0_t1",49,"254027_0_t1_crw_049",19,"254027_0_t1_20240416T050000",2024-04-16 05:00:00,-122.501481668604,37.6758064899834,0,"available_crw"
"254027_0_t1",49,"254027_0_t1_crw_049",20,"254027_0_t1_20240416T110000",2024-04-16 11:00:00,-122.663590123032,37.6196410108805,0,"available_crw"
"254027_0_t1",49,"254027_0_t1_crw_049",21,"254027_0_t1_20240416T170000",2024-04-16 17:00:00,-122.659823981009,37.6927146844866,0,"available_crw"
"254027_0_t1",49,"254027_0_t1_crw_049",22,"254027_0_t1_20240416T230000",2024-04-16 23:00:00,-122.690701195744,37.7879667860342,0,"available_crw"
"254027_0_t1",49,"254027_0_t1_crw_049",23,"254027_0_t1_20240417T050000",2024-04-17 05:00:00,-122.683800065933,37.7544692012892,0,"available_crw"
"254027_0_t1",49,"254027_0_t1_crw_049",24,"254027_0_t1_20240417T110000",2024-04-17 11:00:00,-122.669520660472,37.7008726883485,0,"available_crw"
"254027_0_t1",49,"254027_0_t1_crw_049",25,"254027_0_t1_20240417T170000",2024-04-17 17:00:00,-122.688783794378,37.6966883309243,0,"available_crw"
"254027_0_t1",49,"254027_0_t1_crw_049",26,"254027_0_t1_20240417T230000",2024-04-17 23:00:00,-123.022154994064,37.7183297071706,0,"available_crw"
"254027_0_t1",49,"254027_0_t1_crw_049",27,"254027_0_t1_20240418T050000",2024-04-18 05:00:00,-123.287418724381,37.7875552243023,0,"available_crw"
"254027_0_t1",49,"254027_0_t1_crw_049",28,"254027_0_t1_20240418T110000",2024-04-18 11:00:00,-123.341691433831,37.8077934443747,0,"available_crw"
"254027_0_t1",49,"254027_0_t1_crw_049",29,"254027_0_t1_20240418T170000",2024-04-18 17:00:00,-123.325655404922,37.8083381767858,0,"available_crw"
"254027_0_t1",49,"254027_0_t1_crw_049",30,"254027_0_t1_20240418T230000",2024-04-18 23:00:00,-123.232103048137,37.5466596833576,0,"available_crw"
"254027_0_t1",49,"254027_0_t1_crw_049",31,"254027_0_t1_20240419T050000",2024-04-19 05:00:00,-123.215699694381,37.3880332395213,0,"available_crw"
"254027_0_t1",49,"254027_0_t1_crw_049",32,"254027_0_t1_20240419T110000",2024-04-19 11:00:00,-123.219139407543,37.3948070701697,0,"available_crw"
"254027_0_t1",50,"254027_0_t1_crw_050",1,"254027_0_t1_20240411T170000",2024-04-11 17:00:00,-121.8431658,36.81026373,0,"available_crw"
"254027_0_t1",50,"254027_0_t1_crw_050",2,"254027_0_t1_20240411T230000",2024-04-11 23:00:00,-122.110454562636,36.8650233612621,0,"available_crw"
"254027_0_t1",50,"254027_0_t1_crw_050",3,"254027_0_t1_20240412T050000",2024-04-12 05:00:00,-122.095034696593,36.8679719244146,0,"available_crw"
"254027_0_t1",50,"254027_0_t1_crw_050",4,"254027_0_t1_20240412T110000",2024-04-12 11:00:00,-122.106997523879,36.8596172211271,0,"available_crw"
"254027_0_t1",50,"254027_0_t1_crw_050",5,"254027_0_t1_20240412T170000",2024-04-12 17:00:00,-122.130668915376,36.9302425389413,0,"available_crw"
"254027_0_t1",50,"254027_0_t1_crw_050",6,"254027_0_t1_20240412T230000",2024-04-12 23:00:00,-122.119915269786,36.9208800900321,0,"available_crw"
"254027_0_t1",50,"254027_0_t1_crw_050",7,"254027_0_t1_20240413T050000",2024-04-13 05:00:00,-122.040184505872,36.8475272744472,0,"available_crw"
"254027_0_t1",50,"254027_0_t1_crw_050",8,"254027_0_t1_20240413T110000",2024-04-13 11:00:00,-122.14810297973,36.7714370790986,0,"available_crw"
"254027_0_t1",50,"254027_0_t1_crw_050",9,"254027_0_t1_20240413T170000",2024-04-13 17:00:00,-122.014308582169,36.6482562318443,0,"available_crw"
"254027_0_t1",50,"254027_0_t1_crw_050",10,"254027_0_t1_20240413T230000",2024-04-13 23:00:00,-121.999990196181,36.679917699944,0,"available_crw"
"254027_0_t1",50,"254027_0_t1_crw_050",11,"254027_0_t1_20240414T050000",2024-04-14 05:00:00,-121.846770693052,36.864208518527,0,"available_crw"
"254027_0_t1",50,"254027_0_t1_crw_050",12,"254027_0_t1_20240414T110000",2024-04-14 11:00:00,-121.858672188155,36.8242075245466,0,"available_crw"
"254027_0_t1",50,"254027_0_t1_crw_050",13,"254027_0_t1_20240414T170000",2024-04-14 17:00:00,-121.998404011841,36.8507414808301,0,"available_crw"
"254027_0_t1",50,"254027_0_t1_crw_050",14,"254027_0_t1_20240414T230000",2024-04-14 23:00:00,-122.191259633353,36.9228156720122,0,"available_crw"
"254027_0_t1",50,"254027_0_t1_crw_050",15,"254027_0_t1_20240415T050000",2024-04-15 05:00:00,-122.334396082663,36.9849022747444,0,"available_crw"
"254027_0_t1",50,"254027_0_t1_crw_050",16,"254027_0_t1_20240415T110000",2024-04-15 11:00:00,-122.283624671447,36.9791843308251,0,"available_crw"
"254027_0_t1",50,"254027_0_t1_crw_050",17,"254027_0_t1_20240415T170000",2024-04-15 17:00:00,-122.162654708614,36.9714999573233,0,"available_crw"
"254027_0_t1",50,"254027_0_t1_crw_050",18,"254027_0_t1_20240415T230000",2024-04-15 23:00:00,-122.106706161782,36.826682636763,0,"available_crw"
"254027_0_t1",50,"254027_0_t1_crw_050",19,"254027_0_t1_20240416T050000",2024-04-16 05:00:00,-122.083535991607,36.7751603279016,0,"available_crw"
"254027_0_t1",50,"254027_0_t1_crw_050",20,"254027_0_t1_20240416T110000",2024-04-16 11:00:00,-122.037951944375,36.6498429969587,0,"available_crw"
"254027_0_t1",50,"254027_0_t1_crw_050",21,"254027_0_t1_20240416T170000",2024-04-16 17:00:00,-122.028477692688,36.6028701914409,0,"available_crw"
"254027_0_t1",50,"254027_0_t1_crw_050",22,"254027_0_t1_20240416T230000",2024-04-16 23:00:00,-121.966523043515,36.5847161147053,0,"available_crw"
"254027_0_t1",50,"254027_0_t1_crw_050",23,"254027_0_t1_20240417T050000",2024-04-17 05:00:00,-122.004634072623,36.5991337324796,0,"available_crw"
"254027_0_t1",50,"254027_0_t1_crw_050",24,"254027_0_t1_20240417T110000",2024-04-17 11:00:00,-121.993770218506,36.7505112866677,0,"available_crw"
"254027_0_t1",50,"254027_0_t1_crw_050",25,"254027_0_t1_20240417T170000",2024-04-17 17:00:00,-122.196791309308,36.7599922314874,0,"available_crw"
"254027_0_t1",50,"254027_0_t1_crw_050",26,"254027_0_t1_20240417T230000",2024-04-17 23:00:00,-122.152405776787,36.8238305292979,0,"available_crw"
"254027_0_t1",50,"254027_0_t1_crw_050",27,"254027_0_t1_20240418T050000",2024-04-18 05:00:00,-122.16882154663,36.787596797002,0,"available_crw"
"254027_0_t1",50,"254027_0_t1_crw_050",28,"254027_0_t1_20240418T110000",2024-04-18 11:00:00,-122.233591586482,36.6678728570285,0,"available_crw"
"254027_0_t1",50,"254027_0_t1_crw_050",29,"254027_0_t1_20240418T170000",2024-04-18 17:00:00,-122.221755857606,36.7052407419643,0,"available_crw"
"254027_0_t1",50,"254027_0_t1_crw_050",30,"254027_0_t1_20240418T230000",2024-04-18 23:00:00,-122.218118635305,36.6928458058841,0,"available_crw"
"254027_0_t1",50,"254027_0_t1_crw_050",31,"254027_0_t1_20240419T050000",2024-04-19 05:00:00,-122.210620298671,36.5337822126449,0,"available_crw"
"254027_0_t1",50,"254027_0_t1_crw_050",32,"254027_0_t1_20240419T110000",2024-04-19 11:00:00,-122.230173602617,36.571770455825,0,"available_crw"
"254027_0_t1",51,"254027_0_t1_crw_051",1,"254027_0_t1_20240411T170000",2024-04-11 17:00:00,-121.8431658,36.81026373,0,"available_crw"
"254027_0_t1",51,"254027_0_t1_crw_051",2,"254027_0_t1_20240411T230000",2024-04-11 23:00:00,-121.876052153576,36.7641617808646,0,"available_crw"
"254027_0_t1",51,"254027_0_t1_crw_051",3,"254027_0_t1_20240412T050000",2024-04-12 05:00:00,-121.924372603388,36.6925172992993,0,"available_crw"
"254027_0_t1",51,"254027_0_t1_crw_051",4,"254027_0_t1_20240412T110000",2024-04-12 11:00:00,-122.111426391463,36.7099693754189,0,"available_crw"
"254027_0_t1",51,"254027_0_t1_crw_051",5,"254027_0_t1_20240412T170000",2024-04-12 17:00:00,-122.271150442348,36.7327473701393,0,"available_crw"
"254027_0_t1",51,"254027_0_t1_crw_051",6,"254027_0_t1_20240412T230000",2024-04-12 23:00:00,-122.230446368235,36.7238665004827,0,"available_crw"
"254027_0_t1",51,"254027_0_t1_crw_051",7,"254027_0_t1_20240413T050000",2024-04-13 05:00:00,-122.108291819105,36.7265448384087,0,"available_crw"
"254027_0_t1",51,"254027_0_t1_crw_051",8,"254027_0_t1_20240413T110000",2024-04-13 11:00:00,-122.109718693813,36.745554781401,0,"available_crw"
"254027_0_t1",51,"254027_0_t1_crw_051",9,"254027_0_t1_20240413T170000",2024-04-13 17:00:00,-122.089079882886,36.7079276394869,0,"available_crw"
"254027_0_t1",51,"254027_0_t1_crw_051",10,"254027_0_t1_20240413T230000",2024-04-13 23:00:00,-122.033618107138,36.6214213196691,0,"available_crw"
"254027_0_t1",51,"254027_0_t1_crw_051",11,"254027_0_t1_20240414T050000",2024-04-14 05:00:00,-122.071356154668,36.6491125307979,0,"available_crw"
"254027_0_t1",51,"254027_0_t1_crw_051",12,"254027_0_t1_20240414T110000",2024-04-14 11:00:00,-122.10982461888,36.6852289429442,0,"available_crw"
"254027_0_t1",51,"254027_0_t1_crw_051",13,"254027_0_t1_20240414T170000",2024-04-14 17:00:00,-122.021964059677,36.7037608101429,0,"available_crw"
"254027_0_t1",51,"254027_0_t1_crw_051",14,"254027_0_t1_20240414T230000",2024-04-14 23:00:00,-122.033668570282,36.6951952154258,0,"available_crw"
"254027_0_t1",51,"254027_0_t1_crw_051",15,"254027_0_t1_20240415T050000",2024-04-15 05:00:00,-122.117905816275,36.6253822539355,0,"available_crw"
"254027_0_t1",51,"254027_0_t1_crw_051",16,"254027_0_t1_20240415T110000",2024-04-15 11:00:00,-122.408603632707,36.7640155599823,0,"available_crw"
"254027_0_t1",51,"254027_0_t1_crw_051",17,"254027_0_t1_20240415T170000",2024-04-15 17:00:00,-122.33276622285,36.8043757894546,0,"available_crw"
"254027_0_t1",51,"254027_0_t1_crw_051",18,"254027_0_t1_20240415T230000",2024-04-15 23:00:00,-122.382511010023,36.9408241020376,0,"available_crw"
"254027_0_t1",51,"254027_0_t1_crw_051",19,"254027_0_t1_20240416T050000",2024-04-16 05:00:00,-122.469928317462,37.0266125486018,0,"available_crw"
"254027_0_t1",51,"254027_0_t1_crw_051",20,"254027_0_t1_20240416T110000",2024-04-16 11:00:00,-122.535186821579,37.0172660264172,0,"available_crw"
"254027_0_t1",51,"254027_0_t1_crw_051",21,"254027_0_t1_20240416T170000",2024-04-16 17:00:00,-122.634803333086,37.0010125429072,0,"available_crw"
"254027_0_t1",51,"254027_0_t1_crw_051",22,"254027_0_t1_20240416T230000",2024-04-16 23:00:00,-122.847842999432,37.0014991539429,0,"available_crw"
"254027_0_t1",51,"254027_0_t1_crw_051",23,"254027_0_t1_20240417T050000",2024-04-17 05:00:00,-122.807775818825,37.0672115569697,0,"available_crw"
"254027_0_t1",51,"254027_0_t1_crw_051",24,"254027_0_t1_20240417T110000",2024-04-17 11:00:00,-122.849776665575,37.0655625067725,0,"available_crw"
"254027_0_t1",51,"254027_0_t1_crw_051",25,"254027_0_t1_20240417T170000",2024-04-17 17:00:00,-122.802585696465,37.0817496030182,0,"available_crw"
"254027_0_t1",51,"254027_0_t1_crw_051",26,"254027_0_t1_20240417T230000",2024-04-17 23:00:00,-122.600675295022,36.8631717020365,0,"available_crw"
"254027_0_t1",51,"254027_0_t1_crw_051",27,"254027_0_t1_20240418T050000",2024-04-18 05:00:00,-122.557646506993,36.8206746112126,0,"available_crw"
"254027_0_t1",51,"254027_0_t1_crw_051",28,"254027_0_t1_20240418T110000",2024-04-18 11:00:00,-122.539781233782,36.8331830363972,0,"available_crw"
"254027_0_t1",51,"254027_0_t1_crw_051",29,"254027_0_t1_20240418T170000",2024-04-18 17:00:00,-122.573984907189,36.8132754799254,0,"available_crw"
"254027_0_t1",51,"254027_0_t1_crw_051",30,"254027_0_t1_20240418T230000",2024-04-18 23:00:00,-122.625818108169,36.7903078041598,0,"available_crw"
"254027_0_t1",51,"254027_0_t1_crw_051",31,"254027_0_t1_20240419T050000",2024-04-19 05:00:00,-122.892005564817,37.0086896786965,0,"available_crw"
"254027_0_t1",51,"254027_0_t1_crw_051",32,"254027_0_t1_20240419T110000",2024-04-19 11:00:00,-122.998820144858,37.1072991183343,0,"available_crw"
"254027_0_t1",52,"254027_0_t1_crw_052",1,"254027_0_t1_20240411T170000",2024-04-11 17:00:00,-121.8431658,36.81026373,0,"available_crw"
"254027_0_t1",52,"254027_0_t1_crw_052",2,"254027_0_t1_20240411T230000",2024-04-11 23:00:00,-121.901811714782,36.8166632319724,0,"available_crw"
"254027_0_t1",52,"254027_0_t1_crw_052",3,"254027_0_t1_20240412T050000",2024-04-12 05:00:00,-122.075116594509,36.7979310642297,0,"available_crw"
"254027_0_t1",52,"254027_0_t1_crw_052",4,"254027_0_t1_20240412T110000",2024-04-12 11:00:00,-122.398159731166,36.8543871354777,0,"available_crw"
"254027_0_t1",52,"254027_0_t1_crw_052",5,"254027_0_t1_20240412T170000",2024-04-12 17:00:00,-122.465412079978,36.8634124810016,0,"available_crw"
"254027_0_t1",52,"254027_0_t1_crw_052",6,"254027_0_t1_20240412T230000",2024-04-12 23:00:00,-122.442039692207,36.9772919904378,0,"available_crw"
"254027_0_t1",52,"254027_0_t1_crw_052",7,"254027_0_t1_20240413T050000",2024-04-13 05:00:00,-122.405628330162,37.104568673439,0,"available_crw"
"254027_0_t1",52,"254027_0_t1_crw_052",8,"254027_0_t1_20240413T110000",2024-04-13 11:00:00,-122.393434449223,37.1584792821294,0,"available_crw"
"254027_0_t1",52,"254027_0_t1_crw_052",9,"254027_0_t1_20240413T170000",2024-04-13 17:00:00,-122.404709542542,37.1257560579521,0,"available_crw"
"254027_0_t1",52,"254027_0_t1_crw_052",10,"254027_0_t1_20240413T230000",2024-04-13 23:00:00,-122.493342040469,36.983315872623,0,"available_crw"
"254027_0_t1",52,"254027_0_t1_crw_052",11,"254027_0_t1_20240414T050000",2024-04-14 05:00:00,-122.455989700478,36.9394182843451,0,"available_crw"
"254027_0_t1",52,"254027_0_t1_crw_052",12,"254027_0_t1_20240414T110000",2024-04-14 11:00:00,-122.287269610672,37.0313850654208,0,"available_crw"
"254027_0_t1",52,"254027_0_t1_crw_052",13,"254027_0_t1_20240414T170000",2024-04-14 17:00:00,-122.292945201705,37.0256656344359,0,"available_crw"
"254027_0_t1",52,"254027_0_t1_crw_052",14,"254027_0_t1_20240414T230000",2024-04-14 23:00:00,-122.330067460358,36.9189399623493,0,"available_crw"
"254027_0_t1",52,"254027_0_t1_crw_052",15,"254027_0_t1_20240415T050000",2024-04-15 05:00:00,-122.330880568043,36.77832426173,0,"available_crw"
"254027_0_t1",52,"254027_0_t1_crw_052",16,"254027_0_t1_20240415T110000",2024-04-15 11:00:00,-122.338154465147,36.7896371432212,0,"available_crw"
"254027_0_t1",52,"254027_0_t1_crw_052",17,"254027_0_t1_20240415T170000",2024-04-15 17:00:00,-122.331763005109,36.7844414111124,0,"available_crw"
"254027_0_t1",52,"254027_0_t1_crw_052",18,"254027_0_t1_20240415T230000",2024-04-15 23:00:00,-122.194513143177,36.5427620673688,0,"available_crw"
"254027_0_t1",52,"254027_0_t1_crw_052",19,"254027_0_t1_20240416T050000",2024-04-16 05:00:00,-122.221077208122,36.5748248709847,0,"available_crw"
"254027_0_t1",52,"254027_0_t1_crw_052",20,"254027_0_t1_20240416T110000",2024-04-16 11:00:00,-122.315618582992,36.7830688586813,0,"available_crw"
"254027_0_t1",52,"254027_0_t1_crw_052",21,"254027_0_t1_20240416T170000",2024-04-16 17:00:00,-122.354250162498,36.8753685416426,0,"available_crw"
"254027_0_t1",52,"254027_0_t1_crw_052",22,"254027_0_t1_20240416T230000",2024-04-16 23:00:00,-122.322058368095,36.8433888313028,0,"available_crw"
"254027_0_t1",52,"254027_0_t1_crw_052",23,"254027_0_t1_20240417T050000",2024-04-17 05:00:00,-122.290797809665,36.8029758779729,0,"available_crw"
"254027_0_t1",52,"254027_0_t1_crw_052",24,"254027_0_t1_20240417T110000",2024-04-17 11:00:00,-122.381258546942,36.7953874772434,0,"available_crw"
"254027_0_t1",52,"254027_0_t1_crw_052",25,"254027_0_t1_20240417T170000",2024-04-17 17:00:00,-122.654566360447,36.8248769021739,0,"available_crw"
"254027_0_t1",52,"254027_0_t1_crw_052",26,"254027_0_t1_20240417T230000",2024-04-17 23:00:00,-122.689379770995,37.0955084732209,0,"available_crw"
"254027_0_t1",52,"254027_0_t1_crw_052",27,"254027_0_t1_20240418T050000",2024-04-18 05:00:00,-122.750350721423,37.116500757178,0,"available_crw"
"254027_0_t1",52,"254027_0_t1_crw_052",28,"254027_0_t1_20240418T110000",2024-04-18 11:00:00,-122.745629599344,37.2680847634973,0,"available_crw"
"254027_0_t1",52,"254027_0_t1_crw_052",29,"254027_0_t1_20240418T170000",2024-04-18 17:00:00,-122.739104408573,37.2298762779823,0,"available_crw"
"254027_0_t1",52,"254027_0_t1_crw_052",30,"254027_0_t1_20240418T230000",2024-04-18 23:00:00,-122.688058901899,37.1403884613022,0,"available_crw"
"254027_0_t1",52,"254027_0_t1_crw_052",31,"254027_0_t1_20240419T050000",2024-04-19 05:00:00,-122.511884673269,37.1584711024355,0,"available_crw"
"254027_0_t1",52,"254027_0_t1_crw_052",32,"254027_0_t1_20240419T110000",2024-04-19 11:00:00,-122.557404339409,37.1393905475083,0,"available_crw"
"254027_0_t1",53,"254027_0_t1_crw_053",1,"254027_0_t1_20240411T170000",2024-04-11 17:00:00,-121.8431658,36.81026373,0,"available_crw"
"254027_0_t1",53,"254027_0_t1_crw_053",2,"254027_0_t1_20240411T230000",2024-04-11 23:00:00,-122.005137456745,36.819744049659,0,"available_crw"
"254027_0_t1",53,"254027_0_t1_crw_053",3,"254027_0_t1_20240412T050000",2024-04-12 05:00:00,-122.307107731995,36.9282371156085,0,"available_crw"
"254027_0_t1",53,"254027_0_t1_crw_053",4,"254027_0_t1_20240412T110000",2024-04-12 11:00:00,-122.400840104954,36.9596368685984,0,"available_crw"
"254027_0_t1",53,"254027_0_t1_crw_053",5,"254027_0_t1_20240412T170000",2024-04-12 17:00:00,-122.538914367363,36.9590264616503,0,"available_crw"
"254027_0_t1",53,"254027_0_t1_crw_053",6,"254027_0_t1_20240412T230000",2024-04-12 23:00:00,-122.537966159209,36.9399966678022,0,"available_crw"
"254027_0_t1",53,"254027_0_t1_crw_053",7,"254027_0_t1_20240413T050000",2024-04-13 05:00:00,-122.568329355883,36.7826992533911,0,"available_crw"
"254027_0_t1",53,"254027_0_t1_crw_053",8,"254027_0_t1_20240413T110000",2024-04-13 11:00:00,-122.569679055067,36.7899275286187,0,"available_crw"
"254027_0_t1",53,"254027_0_t1_crw_053",9,"254027_0_t1_20240413T170000",2024-04-13 17:00:00,-122.406834551161,36.8664559891785,0,"available_crw"
"254027_0_t1",53,"254027_0_t1_crw_053",10,"254027_0_t1_20240413T230000",2024-04-13 23:00:00,-122.408079330425,36.9196019340235,0,"available_crw"
"254027_0_t1",53,"254027_0_t1_crw_053",11,"254027_0_t1_20240414T050000",2024-04-14 05:00:00,-122.412538831282,36.9742741992946,0,"available_crw"
"254027_0_t1",53,"254027_0_t1_crw_053",12,"254027_0_t1_20240414T110000",2024-04-14 11:00:00,-122.409260432623,36.9674549689874,0,"available_crw"
"254027_0_t1",53,"254027_0_t1_crw_053",13,"254027_0_t1_20240414T170000",2024-04-14 17:00:00,-122.21875675778,37.0260075513978,0,"available_crw"
"254027_0_t1",53,"254027_0_t1_crw_053",14,"254027_0_t1_20240414T230000",2024-04-14 23:00:00,-122.09063327084,36.914553278347,0,"available_crw"
"254027_0_t1",53,"254027_0_t1_crw_053",15,"254027_0_t1_20240415T050000",2024-04-15 05:00:00,-122.116374032949,36.9414828545325,0,"available_crw"
"254027_0_t1",53,"254027_0_t1_crw_053",16,"254027_0_t1_20240415T110000",2024-04-15 11:00:00,-122.133197077942,36.9106115519486,0,"available_crw"
"254027_0_t1",53,"254027_0_t1_crw_053",17,"254027_0_t1_20240415T170000",2024-04-15 17:00:00,-121.999293881215,36.8176736065158,0,"available_crw"
"254027_0_t1",53,"254027_0_t1_crw_053",18,"254027_0_t1_20240415T230000",2024-04-15 23:00:00,-121.883394572609,36.7262591832155,0,"available_crw"
"254027_0_t1",53,"254027_0_t1_crw_053",19,"254027_0_t1_20240416T050000",2024-04-16 05:00:00,-121.983520277354,36.6436975550588,0,"available_crw"
"254027_0_t1",53,"254027_0_t1_crw_053",20,"254027_0_t1_20240416T110000",2024-04-16 11:00:00,-122.014239690533,36.7125255982793,0,"available_crw"
"254027_0_t1",53,"254027_0_t1_crw_053",21,"254027_0_t1_20240416T170000",2024-04-16 17:00:00,-122.114805985525,36.8275308692527,0,"available_crw"
"254027_0_t1",53,"254027_0_t1_crw_053",22,"254027_0_t1_20240416T230000",2024-04-16 23:00:00,-122.100720730333,36.821701893252,0,"available_crw"
"254027_0_t1",53,"254027_0_t1_crw_053",23,"254027_0_t1_20240417T050000",2024-04-17 05:00:00,-122.051848337136,36.7948636755198,0,"available_crw"
"254027_0_t1",53,"254027_0_t1_crw_053",24,"254027_0_t1_20240417T110000",2024-04-17 11:00:00,-122.084425940186,36.8164514842976,0,"available_crw"
"254027_0_t1",53,"254027_0_t1_crw_053",25,"254027_0_t1_20240417T170000",2024-04-17 17:00:00,-122.197343151582,36.854369066665,0,"available_crw"
"254027_0_t1",53,"254027_0_t1_crw_053",26,"254027_0_t1_20240417T230000",2024-04-17 23:00:00,-122.142239748333,36.9609599429211,0,"available_crw"
"254027_0_t1",53,"254027_0_t1_crw_053",27,"254027_0_t1_20240418T050000",2024-04-18 05:00:00,-122.164451352797,36.9676675468656,0,"available_crw"
"254027_0_t1",53,"254027_0_t1_crw_053",28,"254027_0_t1_20240418T110000",2024-04-18 11:00:00,-122.272821342721,36.8552329861113,0,"available_crw"
"254027_0_t1",53,"254027_0_t1_crw_053",29,"254027_0_t1_20240418T170000",2024-04-18 17:00:00,-122.454402963352,36.8966073686816,0,"available_crw"
"254027_0_t1",53,"254027_0_t1_crw_053",30,"254027_0_t1_20240418T230000",2024-04-18 23:00:00,-122.509932434063,36.7391692036664,0,"available_crw"
"254027_0_t1",53,"254027_0_t1_crw_053",31,"254027_0_t1_20240419T050000",2024-04-19 05:00:00,-122.609399135302,36.4983741495294,0,"available_crw"
"254027_0_t1",53,"254027_0_t1_crw_053",32,"254027_0_t1_20240419T110000",2024-04-19 11:00:00,-122.640313513734,36.4042567878706,0,"available_crw"
"254027_0_t1",54,"254027_0_t1_crw_054",1,"254027_0_t1_20240411T170000",2024-04-11 17:00:00,-121.8431658,36.81026373,0,"available_crw"
"254027_0_t1",54,"254027_0_t1_crw_054",2,"254027_0_t1_20240411T230000",2024-04-11 23:00:00,-121.960653455144,36.7829241368097,0,"available_crw"
"254027_0_t1",54,"254027_0_t1_crw_054",3,"254027_0_t1_20240412T050000",2024-04-12 05:00:00,-122.119000541694,36.754259382296,0,"available_crw"
"254027_0_t1",54,"254027_0_t1_crw_054",4,"254027_0_t1_20240412T110000",2024-04-12 11:00:00,-122.394521762851,36.7577256863674,0,"available_crw"
"254027_0_t1",54,"254027_0_t1_crw_054",5,"254027_0_t1_20240412T170000",2024-04-12 17:00:00,-122.588159524684,36.7904725284134,0,"available_crw"
"254027_0_t1",54,"254027_0_t1_crw_054",6,"254027_0_t1_20240412T230000",2024-04-12 23:00:00,-122.612283107049,37.0954583947304,0,"available_crw"
"254027_0_t1",54,"254027_0_t1_crw_054",7,"254027_0_t1_20240413T050000",2024-04-13 05:00:00,-122.586370440779,37.2532725281028,0,"available_crw"
"254027_0_t1",54,"254027_0_t1_crw_054",8,"254027_0_t1_20240413T110000",2024-04-13 11:00:00,-122.748150216214,37.3124593719879,0,"available_crw"
"254027_0_t1",54,"254027_0_t1_crw_054",9,"254027_0_t1_20240413T170000",2024-04-13 17:00:00,-122.740960416637,37.327252764108,0,"available_crw"
"254027_0_t1",54,"254027_0_t1_crw_054",10,"254027_0_t1_20240413T230000",2024-04-13 23:00:00,-122.731408151491,37.425320906737,0,"available_crw"
"254027_0_t1",54,"254027_0_t1_crw_054",11,"254027_0_t1_20240414T050000",2024-04-14 05:00:00,-122.719482271579,37.4719482647842,0,"available_crw"
"254027_0_t1",54,"254027_0_t1_crw_054",12,"254027_0_t1_20240414T110000",2024-04-14 11:00:00,-122.532236575991,37.4988791560638,0,"available_crw"
"254027_0_t1",54,"254027_0_t1_crw_054",13,"254027_0_t1_20240414T170000",2024-04-14 17:00:00,-122.506412891879,37.3853248548502,0,"available_crw"
"254027_0_t1",54,"254027_0_t1_crw_054",14,"254027_0_t1_20240414T230000",2024-04-14 23:00:00,-122.487889854055,37.2890770327318,0,"available_crw"
"254027_0_t1",54,"254027_0_t1_crw_054",15,"254027_0_t1_20240415T050000",2024-04-15 05:00:00,-122.434940595248,37.2002873819107,0,"available_crw"
"254027_0_t1",54,"254027_0_t1_crw_054",16,"254027_0_t1_20240415T110000",2024-04-15 11:00:00,-122.563317907093,37.088797860584,0,"available_crw"
"254027_0_t1",54,"254027_0_t1_crw_054",17,"254027_0_t1_20240415T170000",2024-04-15 17:00:00,-122.73648535231,36.9891740974101,0,"available_crw"
"254027_0_t1",54,"254027_0_t1_crw_054",18,"254027_0_t1_20240415T230000",2024-04-15 23:00:00,-122.811074422066,36.9111159518585,0,"available_crw"
"254027_0_t1",54,"254027_0_t1_crw_054",19,"254027_0_t1_20240416T050000",2024-04-16 05:00:00,-123.121002564654,37.0214529635533,0,"available_crw"
"254027_0_t1",54,"254027_0_t1_crw_054",20,"254027_0_t1_20240416T110000",2024-04-16 11:00:00,-123.36040492719,37.2054960512226,0,"available_crw"
"254027_0_t1",54,"254027_0_t1_crw_054",21,"254027_0_t1_20240416T170000",2024-04-16 17:00:00,-123.371233333106,37.1729315161927,0,"available_crw"
"254027_0_t1",54,"254027_0_t1_crw_054",22,"254027_0_t1_20240416T230000",2024-04-16 23:00:00,-123.351979073504,37.0632044918308,0,"available_crw"
"254027_0_t1",54,"254027_0_t1_crw_054",23,"254027_0_t1_20240417T050000",2024-04-17 05:00:00,-123.36278034353,36.9042643498492,0,"available_crw"
"254027_0_t1",54,"254027_0_t1_crw_054",24,"254027_0_t1_20240417T110000",2024-04-17 11:00:00,-123.394341667506,36.6517493783092,0,"available_crw"
"254027_0_t1",54,"254027_0_t1_crw_054",25,"254027_0_t1_20240417T170000",2024-04-17 17:00:00,-123.399010976354,36.5544501995247,0,"available_crw"
"254027_0_t1",54,"254027_0_t1_crw_054",26,"254027_0_t1_20240417T230000",2024-04-17 23:00:00,-123.478985266162,36.5889376627421,0,"available_crw"
"254027_0_t1",54,"254027_0_t1_crw_054",27,"254027_0_t1_20240418T050000",2024-04-18 05:00:00,-123.463191401365,36.5888264185616,0,"available_crw"
"254027_0_t1",54,"254027_0_t1_crw_054",28,"254027_0_t1_20240418T110000",2024-04-18 11:00:00,-123.149000704363,36.5745208387274,0,"available_crw"
"254027_0_t1",54,"254027_0_t1_crw_054",29,"254027_0_t1_20240418T170000",2024-04-18 17:00:00,-123.136962867005,36.7378876318943,0,"available_crw"
"254027_0_t1",54,"254027_0_t1_crw_054",30,"254027_0_t1_20240418T230000",2024-04-18 23:00:00,-123.087285172347,36.8919774234955,0,"available_crw"
"254027_0_t1",54,"254027_0_t1_crw_054",31,"254027_0_t1_20240419T050000",2024-04-19 05:00:00,-123.067904661346,36.8888915084155,0,"available_crw"
"254027_0_t1",54,"254027_0_t1_crw_054",32,"254027_0_t1_20240419T110000",2024-04-19 11:00:00,-123.040006338616,36.584102254666,0,"available_crw"
"254027_0_t1",55,"254027_0_t1_crw_055",1,"254027_0_t1_20240411T170000",2024-04-11 17:00:00,-121.8431658,36.81026373,0,"available_crw"
"254027_0_t1",55,"254027_0_t1_crw_055",2,"254027_0_t1_20240411T230000",2024-04-11 23:00:00,-121.795736900075,36.8159757322899,0,"available_crw"
"254027_0_t1",55,"254027_0_t1_crw_055",3,"254027_0_t1_20240412T050000",2024-04-12 05:00:00,-121.841416928091,36.8042371625698,0,"available_crw"
"254027_0_t1",55,"254027_0_t1_crw_055",4,"254027_0_t1_20240412T110000",2024-04-12 11:00:00,-121.800215583217,36.8116238522929,0,"available_crw"
"254027_0_t1",55,"254027_0_t1_crw_055",5,"254027_0_t1_20240412T170000",2024-04-12 17:00:00,-121.806142752998,36.8300611357373,0,"available_crw"
"254027_0_t1",55,"254027_0_t1_crw_055",6,"254027_0_t1_20240412T230000",2024-04-12 23:00:00,-121.833808267933,36.908490464796,0,"available_crw"
"254027_0_t1",55,"254027_0_t1_crw_055",7,"254027_0_t1_20240413T050000",2024-04-13 05:00:00,-121.825981259938,36.8751343603128,0,"available_crw"
"254027_0_t1",55,"254027_0_t1_crw_055",8,"254027_0_t1_20240413T110000",2024-04-13 11:00:00,-121.804915597008,36.7953936440692,0,"available_crw"
"254027_0_t1",55,"254027_0_t1_crw_055",9,"254027_0_t1_20240413T170000",2024-04-13 17:00:00,-121.823943641244,36.7911987700744,0,"available_crw"
"254027_0_t1",55,"254027_0_t1_crw_055",10,"254027_0_t1_20240413T230000",2024-04-13 23:00:00,-122.099475663783,36.784580331763,0,"available_crw"
"254027_0_t1",55,"254027_0_t1_crw_055",11,"254027_0_t1_20240414T050000",2024-04-14 05:00:00,-122.266468212734,36.7430970498087,0,"available_crw"
"254027_0_t1",55,"254027_0_t1_crw_055",12,"254027_0_t1_20240414T110000",2024-04-14 11:00:00,-122.324673194523,36.7347088276614,0,"available_crw"
"254027_0_t1",55,"254027_0_t1_crw_055",13,"254027_0_t1_20240414T170000",2024-04-14 17:00:00,-122.280646743736,36.7556022712676,0,"available_crw"
"254027_0_t1",55,"254027_0_t1_crw_055",14,"254027_0_t1_20240414T230000",2024-04-14 23:00:00,-121.955638679886,36.8033382682071,0,"available_crw"
"254027_0_t1",55,"254027_0_t1_crw_055",15,"254027_0_t1_20240415T050000",2024-04-15 05:00:00,-121.991676597287,36.9643887216924,0,"available_crw"
"254027_0_t1",55,"254027_0_t1_crw_055",16,"254027_0_t1_20240415T110000",2024-04-15 11:00:00,-121.987958614589,36.9305759190139,0,"available_crw"
"254027_0_t1",55,"254027_0_t1_crw_055",17,"254027_0_t1_20240415T170000",2024-04-15 17:00:00,-122.308985246287,36.8438704236296,0,"available_crw"
"254027_0_t1",55,"254027_0_t1_crw_055",18,"254027_0_t1_20240415T230000",2024-04-15 23:00:00,-122.424718502936,36.8150933404485,0,"available_crw"
"254027_0_t1",55,"254027_0_t1_crw_055",19,"254027_0_t1_20240416T050000",2024-04-16 05:00:00,-122.364812095237,36.6587110186244,0,"available_crw"
"254027_0_t1",55,"254027_0_t1_crw_055",20,"254027_0_t1_20240416T110000",2024-04-16 11:00:00,-122.369946698972,36.6647371378481,0,"available_crw"
"254027_0_t1",55,"254027_0_t1_crw_055",21,"254027_0_t1_20240416T170000",2024-04-16 17:00:00,-122.280145540442,36.6755529180492,0,"available_crw"
"254027_0_t1",55,"254027_0_t1_crw_055",22,"254027_0_t1_20240416T230000",2024-04-16 23:00:00,-121.966627268052,36.7009795160756,0,"available_crw"
"254027_0_t1",55,"254027_0_t1_crw_055",23,"254027_0_t1_20240417T050000",2024-04-17 05:00:00,-121.866124560478,36.710842734722,0,"available_crw"
"254027_0_t1",55,"254027_0_t1_crw_055",24,"254027_0_t1_20240417T110000",2024-04-17 11:00:00,-121.912129165635,36.7001244354694,0,"available_crw"
"254027_0_t1",55,"254027_0_t1_crw_055",25,"254027_0_t1_20240417T170000",2024-04-17 17:00:00,-122.218308915773,36.6404034306586,0,"available_crw"
"254027_0_t1",55,"254027_0_t1_crw_055",26,"254027_0_t1_20240417T230000",2024-04-17 23:00:00,-122.527173296039,36.5912703859115,0,"available_crw"
"254027_0_t1",55,"254027_0_t1_crw_055",27,"254027_0_t1_20240418T050000",2024-04-18 05:00:00,-122.487883437133,36.430718271363,0,"available_crw"
"254027_0_t1",55,"254027_0_t1_crw_055",28,"254027_0_t1_20240418T110000",2024-04-18 11:00:00,-122.312916707951,36.4157454466786,0,"available_crw"
"254027_0_t1",55,"254027_0_t1_crw_055",29,"254027_0_t1_20240418T170000",2024-04-18 17:00:00,-122.243346053453,36.5463639630137,0,"available_crw"
"254027_0_t1",55,"254027_0_t1_crw_055",30,"254027_0_t1_20240418T230000",2024-04-18 23:00:00,-122.242158435352,36.5336634016066,0,"available_crw"
"254027_0_t1",55,"254027_0_t1_crw_055",31,"254027_0_t1_20240419T050000",2024-04-19 05:00:00,-122.039901102292,36.5456064944462,0,"available_crw"
"254027_0_t1",55,"254027_0_t1_crw_055",32,"254027_0_t1_20240419T110000",2024-04-19 11:00:00,-121.920284419124,36.5584918856005,0,"available_crw"
"254027_0_t1",56,"254027_0_t1_crw_056",1,"254027_0_t1_20240411T170000",2024-04-11 17:00:00,-121.8431658,36.81026373,0,"available_crw"
"254027_0_t1",56,"254027_0_t1_crw_056",2,"254027_0_t1_20240411T230000",2024-04-11 23:00:00,-122.012275888198,36.774598486074,0,"available_crw"
"254027_0_t1",56,"254027_0_t1_crw_056",3,"254027_0_t1_20240412T050000",2024-04-12 05:00:00,-121.970666131118,36.7802457170812,0,"available_crw"
"254027_0_t1",56,"254027_0_t1_crw_056",4,"254027_0_t1_20240412T110000",2024-04-12 11:00:00,-122.00428859431,36.9416326324464,0,"available_crw"
"254027_0_t1",56,"254027_0_t1_crw_056",5,"254027_0_t1_20240412T170000",2024-04-12 17:00:00,-121.862502561746,36.9608403897603,0,"available_crw"
"254027_0_t1",56,"254027_0_t1_crw_056",6,"254027_0_t1_20240412T230000",2024-04-12 23:00:00,-121.907998169682,36.9484412373366,0,"available_crw"
"254027_0_t1",56,"254027_0_t1_crw_056",7,"254027_0_t1_20240413T050000",2024-04-13 05:00:00,-121.91995845676,36.8961651330689,0,"available_crw"
"254027_0_t1",56,"254027_0_t1_crw_056",8,"254027_0_t1_20240413T110000",2024-04-13 11:00:00,-121.896507838499,36.8933573479553,0,"available_crw"
"254027_0_t1",56,"254027_0_t1_crw_056",9,"254027_0_t1_20240413T170000",2024-04-13 17:00:00,-121.89380156623,36.9122761936451,0,"available_crw"
"254027_0_t1",56,"254027_0_t1_crw_056",10,"254027_0_t1_20240413T230000",2024-04-13 23:00:00,-121.902376874305,36.8790384229325,0,"available_crw"
"254027_0_t1",56,"254027_0_t1_crw_056",11,"254027_0_t1_20240414T050000",2024-04-14 05:00:00,-121.8901169227,36.911522626664,0,"available_crw"
"254027_0_t1",56,"254027_0_t1_crw_056",12,"254027_0_t1_20240414T110000",2024-04-14 11:00:00,-121.886988155214,36.8704706678347,0,"available_crw"
"254027_0_t1",56,"254027_0_t1_crw_056",13,"254027_0_t1_20240414T170000",2024-04-14 17:00:00,-121.827387109916,36.8474225580312,0,"available_crw"
"254027_0_t1",56,"254027_0_t1_crw_056",14,"254027_0_t1_20240414T230000",2024-04-14 23:00:00,-121.817829419285,36.8648481076208,0,"available_crw"
"254027_0_t1",56,"254027_0_t1_crw_056",15,"254027_0_t1_20240415T050000",2024-04-15 05:00:00,-122.004232838995,36.930887658236,0,"available_crw"
"254027_0_t1",56,"254027_0_t1_crw_056",16,"254027_0_t1_20240415T110000",2024-04-15 11:00:00,-122.01304560706,36.9132073071708,0,"available_crw"
"254027_0_t1",56,"254027_0_t1_crw_056",17,"254027_0_t1_20240415T170000",2024-04-15 17:00:00,-122.014649089955,36.9258774239672,0,"available_crw"
"254027_0_t1",56,"254027_0_t1_crw_056",18,"254027_0_t1_20240415T230000",2024-04-15 23:00:00,-122.075433391689,36.9469549019184,0,"available_crw"
"254027_0_t1",56,"254027_0_t1_crw_056",19,"254027_0_t1_20240416T050000",2024-04-16 05:00:00,-122.028850596793,36.9375257578687,0,"available_crw"
"254027_0_t1",56,"254027_0_t1_crw_056",20,"254027_0_t1_20240416T110000",2024-04-16 11:00:00,-122.020413943584,36.6320167830366,0,"available_crw"
"254027_0_t1",56,"254027_0_t1_crw_056",21,"254027_0_t1_20240416T170000",2024-04-16 17:00:00,-122.102915710223,36.6625142361472,0,"available_crw"
"254027_0_t1",56,"254027_0_t1_crw_056",22,"254027_0_t1_20240416T230000",2024-04-16 23:00:00,-122.245932471939,36.7240530281728,0,"available_crw"
"254027_0_t1",56,"254027_0_t1_crw_056",23,"254027_0_t1_20240417T050000",2024-04-17 05:00:00,-122.200607892044,36.7115727719957,0,"available_crw"
"254027_0_t1",56,"254027_0_t1_crw_056",24,"254027_0_t1_20240417T110000",2024-04-17 11:00:00,-121.968968796263,36.5918836288075,0,"available_crw"
"254027_0_t1",56,"254027_0_t1_crw_056",25,"254027_0_t1_20240417T170000",2024-04-17 17:00:00,-121.91019222407,36.5644152644206,0,"available_crw"
"254027_0_t1",56,"254027_0_t1_crw_056",26,"254027_0_t1_20240417T230000",2024-04-17 23:00:00,-121.80803685976,36.7058292104737,0,"available_crw"
"254027_0_t1",56,"254027_0_t1_crw_056",27,"254027_0_t1_20240418T050000",2024-04-18 05:00:00,-121.810061710766,36.6987048388284,0,"available_crw"
"254027_0_t1",56,"254027_0_t1_crw_056",28,"254027_0_t1_20240418T110000",2024-04-18 11:00:00,-121.898363360875,36.5433766145611,0,"available_crw"
"254027_0_t1",56,"254027_0_t1_crw_056",29,"254027_0_t1_20240418T170000",2024-04-18 17:00:00,-121.956023688768,36.5998257056701,0,"available_crw"
"254027_0_t1",56,"254027_0_t1_crw_056",30,"254027_0_t1_20240418T230000",2024-04-18 23:00:00,-122.054866811647,36.7510056470956,0,"available_crw"
"254027_0_t1",56,"254027_0_t1_crw_056",31,"254027_0_t1_20240419T050000",2024-04-19 05:00:00,-122.122150402989,36.9660297938151,0,"available_crw"
"254027_0_t1",56,"254027_0_t1_crw_056",32,"254027_0_t1_20240419T110000",2024-04-19 11:00:00,-122.152858799933,36.9430498941345,0,"available_crw"
"254027_0_t1",57,"254027_0_t1_crw_057",1,"254027_0_t1_20240411T170000",2024-04-11 17:00:00,-121.8431658,36.81026373,0,"available_crw"
"254027_0_t1",57,"254027_0_t1_crw_057",2,"254027_0_t1_20240411T230000",2024-04-11 23:00:00,-121.829045181328,36.8160322824237,0,"available_crw"
"254027_0_t1",57,"254027_0_t1_crw_057",3,"254027_0_t1_20240412T050000",2024-04-12 05:00:00,-121.868244316613,36.8034342143159,0,"available_crw"
"254027_0_t1",57,"254027_0_t1_crw_057",4,"254027_0_t1_20240412T110000",2024-04-12 11:00:00,-121.827796584224,36.8131488008792,0,"available_crw"
"254027_0_t1",57,"254027_0_t1_crw_057",5,"254027_0_t1_20240412T170000",2024-04-12 17:00:00,-121.870956461953,36.796343922485,0,"available_crw"
"254027_0_t1",57,"254027_0_t1_crw_057",6,"254027_0_t1_20240412T230000",2024-04-12 23:00:00,-122.062259892468,36.7557108301288,0,"available_crw"
"254027_0_t1",57,"254027_0_t1_crw_057",7,"254027_0_t1_20240413T050000",2024-04-13 05:00:00,-122.179992723181,36.733217485884,0,"available_crw"
"254027_0_t1",57,"254027_0_t1_crw_057",8,"254027_0_t1_20240413T110000",2024-04-13 11:00:00,-122.298368078723,36.7131414685942,0,"available_crw"
"254027_0_t1",57,"254027_0_t1_crw_057",9,"254027_0_t1_20240413T170000",2024-04-13 17:00:00,-122.573667816002,36.7196881356141,0,"available_crw"
"254027_0_t1",57,"254027_0_t1_crw_057",10,"254027_0_t1_20240413T230000",2024-04-13 23:00:00,-122.554511194517,36.6897257174928,0,"available_crw"
"254027_0_t1",57,"254027_0_t1_crw_057",11,"254027_0_t1_20240414T050000",2024-04-14 05:00:00,-122.677730589874,36.5751245951333,0,"available_crw"
"254027_0_t1",57,"254027_0_t1_crw_057",12,"254027_0_t1_20240414T110000",2024-04-14 11:00:00,-122.845883879663,36.4712890294105,0,"available_crw"
"254027_0_t1",57,"254027_0_t1_crw_057",13,"254027_0_t1_20240414T170000",2024-04-14 17:00:00,-123.096878030321,36.3816712382616,0,"available_crw"
"254027_0_t1",57,"254027_0_t1_crw_057",14,"254027_0_t1_20240414T230000",2024-04-14 23:00:00,-123.087075166158,36.3916425098603,0,"available_crw"
"254027_0_t1",57,"254027_0_t1_crw_057",15,"254027_0_t1_20240415T050000",2024-04-15 05:00:00,-123.090046646195,36.3791334489769,0,"available_crw"
"254027_0_t1",57,"254027_0_t1_crw_057",16,"254027_0_t1_20240415T110000",2024-04-15 11:00:00,-123.20381740649,36.1774152083173,0,"available_crw"
"254027_0_t1",57,"254027_0_t1_crw_057",17,"254027_0_t1_20240415T170000",2024-04-15 17:00:00,-123.390687316463,36.1843970613042,0,"available_crw"
"254027_0_t1",57,"254027_0_t1_crw_057",18,"254027_0_t1_20240415T230000",2024-04-15 23:00:00,-123.381967435401,36.1862597250112,0,"available_crw"
"254027_0_t1",57,"254027_0_t1_crw_057",19,"254027_0_t1_20240416T050000",2024-04-16 05:00:00,-123.270658628632,36.064417798756,0,"available_crw"
"254027_0_t1",57,"254027_0_t1_crw_057",20,"254027_0_t1_20240416T110000",2024-04-16 11:00:00,-123.205707748307,36.0711806917013,0,"available_crw"
"254027_0_t1",57,"254027_0_t1_crw_057",21,"254027_0_t1_20240416T170000",2024-04-16 17:00:00,-123.106386714207,36.0833495176348,0,"available_crw"
"254027_0_t1",57,"254027_0_t1_crw_057",22,"254027_0_t1_20240416T230000",2024-04-16 23:00:00,-123.083295921256,36.1331023196991,0,"available_crw"
"254027_0_t1",57,"254027_0_t1_crw_057",23,"254027_0_t1_20240417T050000",2024-04-17 05:00:00,-123.021356113761,36.0799487981943,0,"available_crw"
"254027_0_t1",57,"254027_0_t1_crw_057",24,"254027_0_t1_20240417T110000",2024-04-17 11:00:00,-123.066820520141,36.0981343765678,0,"available_crw"
"254027_0_t1",57,"254027_0_t1_crw_057",25,"254027_0_t1_20240417T170000",2024-04-17 17:00:00,-122.99610383926,36.3983593190055,0,"available_crw"
"254027_0_t1",57,"254027_0_t1_crw_057",26,"254027_0_t1_20240417T230000",2024-04-17 23:00:00,-122.826804309059,36.6263275442073,0,"available_crw"
"254027_0_t1",57,"254027_0_t1_crw_057",27,"254027_0_t1_20240418T050000",2024-04-18 05:00:00,-122.76177603561,36.708428621708,0,"available_crw"
"254027_0_t1",57,"254027_0_t1_crw_057",28,"254027_0_t1_20240418T110000",2024-04-18 11:00:00,-122.576806349146,36.6800183908042,0,"available_crw"
"254027_0_t1",57,"254027_0_t1_crw_057",29,"254027_0_t1_20240418T170000",2024-04-18 17:00:00,-122.4569282883,36.6675224511959,0,"available_crw"
"254027_0_t1",57,"254027_0_t1_crw_057",30,"254027_0_t1_20240418T230000",2024-04-18 23:00:00,-122.404125340738,36.3648922190168,0,"available_crw"
"254027_0_t1",57,"254027_0_t1_crw_057",31,"254027_0_t1_20240419T050000",2024-04-19 05:00:00,-122.391590875008,36.3110440144942,0,"available_crw"
"254027_0_t1",57,"254027_0_t1_crw_057",32,"254027_0_t1_20240419T110000",2024-04-19 11:00:00,-122.370692411151,36.2312849329638,0,"available_crw"
"254027_0_t1",58,"254027_0_t1_crw_058",1,"254027_0_t1_20240411T170000",2024-04-11 17:00:00,-121.8431658,36.81026373,0,"available_crw"
"254027_0_t1",58,"254027_0_t1_crw_058",2,"254027_0_t1_20240411T230000",2024-04-11 23:00:00,-122.037018718084,36.8426236931558,0,"available_crw"
"254027_0_t1",58,"254027_0_t1_crw_058",3,"254027_0_t1_20240412T050000",2024-04-12 05:00:00,-122.156950600392,36.8563776641282,0,"available_crw"
"254027_0_t1",58,"254027_0_t1_crw_058",4,"254027_0_t1_20240412T110000",2024-04-12 11:00:00,-122.290204520266,36.8279715565635,0,"available_crw"
"254027_0_t1",58,"254027_0_t1_crw_058",5,"254027_0_t1_20240412T170000",2024-04-12 17:00:00,-122.348848379488,36.8214815811102,0,"available_crw"
"254027_0_t1",58,"254027_0_t1_crw_058",6,"254027_0_t1_20240412T230000",2024-04-12 23:00:00,-122.323801322673,36.7944642042701,0,"available_crw"
"254027_0_t1",58,"254027_0_t1_crw_058",7,"254027_0_t1_20240413T050000",2024-04-13 05:00:00,-122.22559221763,36.7358705963098,0,"available_crw"
"254027_0_t1",58,"254027_0_t1_crw_058",8,"254027_0_t1_20240413T110000",2024-04-13 11:00:00,-122.049989887005,36.5651604604227,0,"available_crw"
"254027_0_t1",58,"254027_0_t1_crw_058",9,"254027_0_t1_20240413T170000",2024-04-13 17:00:00,-122.004328884359,36.5246080621412,0,"available_crw"
"254027_0_t1",58,"254027_0_t1_crw_058",10,"254027_0_t1_20240413T230000",2024-04-13 23:00:00,-122.029701316683,36.5516852987046,0,"available_crw"
"254027_0_t1",58,"254027_0_t1_crw_058",11,"254027_0_t1_20240414T050000",2024-04-14 05:00:00,-122.048033928702,36.5396893621073,0,"available_crw"
"254027_0_t1",58,"254027_0_t1_crw_058",12,"254027_0_t1_20240414T110000",2024-04-14 11:00:00,-122.296072901183,36.4445302137306,0,"available_crw"
"254027_0_t1",58,"254027_0_t1_crw_058",13,"254027_0_t1_20240414T170000",2024-04-14 17:00:00,-122.427670355331,36.352561408973,0,"available_crw"
"254027_0_t1",58,"254027_0_t1_crw_058",14,"254027_0_t1_20240414T230000",2024-04-14 23:00:00,-122.488117250171,36.2531287633764,0,"available_crw"
"254027_0_t1",58,"254027_0_t1_crw_058",15,"254027_0_t1_20240415T050000",2024-04-15 05:00:00,-122.360584804271,36.1554708237558,0,"available_crw"
"254027_0_t1",58,"254027_0_t1_crw_058",16,"254027_0_t1_20240415T110000",2024-04-15 11:00:00,-122.246858767075,36.0257686704495,0,"available_crw"
"254027_0_t1",58,"254027_0_t1_crw_058",17,"254027_0_t1_20240415T170000",2024-04-15 17:00:00,-122.112997875971,35.9366581317386,0,"available_crw"
"254027_0_t1",58,"254027_0_t1_crw_058",18,"254027_0_t1_20240415T230000",2024-04-15 23:00:00,-122.098761823823,35.9517836676405,0,"available_crw"
"254027_0_t1",58,"254027_0_t1_crw_058",19,"254027_0_t1_20240416T050000",2024-04-16 05:00:00,-122.033529858058,36.0820469854523,0,"available_crw"
"254027_0_t1",58,"254027_0_t1_crw_058",20,"254027_0_t1_20240416T110000",2024-04-16 11:00:00,-121.702390279139,36.0403742827848,0,"available_crw"
"254027_0_t1",58,"254027_0_t1_crw_058",21,"254027_0_t1_20240416T170000",2024-04-16 17:00:00,-121.584494473926,36.0226766137745,0,"available_crw"
"254027_0_t1",58,"254027_0_t1_crw_058",22,"254027_0_t1_20240416T230000",2024-04-16 23:00:00,-121.593427584931,36.0218054200204,0,"available_crw"
"254027_0_t1",58,"254027_0_t1_crw_058",23,"254027_0_t1_20240417T050000",2024-04-17 05:00:00,-121.864511110052,36.0479777064193,0,"available_crw"
"254027_0_t1",58,"254027_0_t1_crw_058",24,"254027_0_t1_20240417T110000",2024-04-17 11:00:00,-121.815287998685,36.0576902070231,0,"available_crw"
"254027_0_t1",58,"254027_0_t1_crw_058",25,"254027_0_t1_20240417T170000",2024-04-17 17:00:00,-121.757057628192,36.0631204727804,0,"available_crw"
"254027_0_t1",58,"254027_0_t1_crw_058",26,"254027_0_t1_20240417T230000",2024-04-17 23:00:00,-121.642919281183,35.8073713400163,0,"available_crw"
"254027_0_t1",58,"254027_0_t1_crw_058",27,"254027_0_t1_20240418T050000",2024-04-18 05:00:00,-121.597785051373,35.6820739157563,0,"available_crw"
"254027_0_t1",58,"254027_0_t1_crw_058",28,"254027_0_t1_20240418T110000",2024-04-18 11:00:00,-121.581031279322,35.5117454635817,0,"available_crw"
"254027_0_t1",58,"254027_0_t1_crw_058",29,"254027_0_t1_20240418T170000",2024-04-18 17:00:00,-121.557887303621,35.5139069645835,0,"available_crw"
"254027_0_t1",58,"254027_0_t1_crw_058",30,"254027_0_t1_20240418T230000",2024-04-18 23:00:00,-121.561308248698,35.532746464634,0,"available_crw"
"254027_0_t1",58,"254027_0_t1_crw_058",31,"254027_0_t1_20240419T050000",2024-04-19 05:00:00,-121.400924216636,35.6090564379989,0,"available_crw"
"254027_0_t1",58,"254027_0_t1_crw_058",32,"254027_0_t1_20240419T110000",2024-04-19 11:00:00,-121.347306140748,35.6277099836745,0,"available_crw"
"254027_0_t1",59,"254027_0_t1_crw_059",1,"254027_0_t1_20240411T170000",2024-04-11 17:00:00,-121.8431658,36.81026373,0,"available_crw"
"254027_0_t1",59,"254027_0_t1_crw_059",2,"254027_0_t1_20240411T230000",2024-04-11 23:00:00,-121.802387385465,36.8756446011203,0,"available_crw"
"254027_0_t1",59,"254027_0_t1_crw_059",3,"254027_0_t1_20240412T050000",2024-04-12 05:00:00,-121.844296114807,36.8743332141126,0,"available_crw"
"254027_0_t1",59,"254027_0_t1_crw_059",4,"254027_0_t1_20240412T110000",2024-04-12 11:00:00,-122.040099102444,36.8987231488583,0,"available_crw"
"254027_0_t1",59,"254027_0_t1_crw_059",5,"254027_0_t1_20240412T170000",2024-04-12 17:00:00,-122.140763991977,36.909227206757,0,"available_crw"
"254027_0_t1",59,"254027_0_t1_crw_059",6,"254027_0_t1_20240412T230000",2024-04-12 23:00:00,-122.260593216011,36.9242353861393,0,"available_crw"
"254027_0_t1",59,"254027_0_t1_crw_059",7,"254027_0_t1_20240413T050000",2024-04-13 05:00:00,-122.238769082251,37.038310748865,0,"available_crw"
"254027_0_t1",59,"254027_0_t1_crw_059",8,"254027_0_t1_20240413T110000",2024-04-13 11:00:00,-122.291098829016,37.0709624782125,0,"available_crw"
"254027_0_t1",59,"254027_0_t1_crw_059",9,"254027_0_t1_20240413T170000",2024-04-13 17:00:00,-122.372866639054,37.1194976695039,0,"available_crw"
"254027_0_t1",59,"254027_0_t1_crw_059",10,"254027_0_t1_20240413T230000",2024-04-13 23:00:00,-122.429711281876,37.1499994656913,0,"available_crw"
"254027_0_t1",59,"254027_0_t1_crw_059",11,"254027_0_t1_20240414T050000",2024-04-14 05:00:00,-122.442273598913,37.1338272281915,0,"available_crw"
"254027_0_t1",59,"254027_0_t1_crw_059",12,"254027_0_t1_20240414T110000",2024-04-14 11:00:00,-122.639653933498,36.9784700954587,0,"available_crw"
"254027_0_t1",59,"254027_0_t1_crw_059",13,"254027_0_t1_20240414T170000",2024-04-14 17:00:00,-122.496978923845,36.8616096289921,0,"available_crw"
"254027_0_t1",59,"254027_0_t1_crw_059",14,"254027_0_t1_20240414T230000",2024-04-14 23:00:00,-122.687471947465,36.597249424839,0,"available_crw"
"254027_0_t1",59,"254027_0_t1_crw_059",15,"254027_0_t1_20240415T050000",2024-04-15 05:00:00,-122.685477416045,36.6043799587016,0,"available_crw"
"254027_0_t1",59,"254027_0_t1_crw_059",16,"254027_0_t1_20240415T110000",2024-04-15 11:00:00,-122.506482803289,36.8277029025695,0,"available_crw"
"254027_0_t1",59,"254027_0_t1_crw_059",17,"254027_0_t1_20240415T170000",2024-04-15 17:00:00,-122.187722721118,36.7367159620566,0,"available_crw"
"254027_0_t1",59,"254027_0_t1_crw_059",18,"254027_0_t1_20240415T230000",2024-04-15 23:00:00,-122.065665357883,36.7317485964371,0,"available_crw"
"254027_0_t1",59,"254027_0_t1_crw_059",19,"254027_0_t1_20240416T050000",2024-04-16 05:00:00,-122.083974756973,36.7620537522026,0,"available_crw"
"254027_0_t1",59,"254027_0_t1_crw_059",20,"254027_0_t1_20240416T110000",2024-04-16 11:00:00,-122.187745379359,36.8349453542656,0,"available_crw"
"254027_0_t1",59,"254027_0_t1_crw_059",21,"254027_0_t1_20240416T170000",2024-04-16 17:00:00,-122.139898502039,36.8203744706371,0,"available_crw"
"254027_0_t1",59,"254027_0_t1_crw_059",22,"254027_0_t1_20240416T230000",2024-04-16 23:00:00,-122.191057581453,36.8206437880383,0,"available_crw"
"254027_0_t1",59,"254027_0_t1_crw_059",23,"254027_0_t1_20240417T050000",2024-04-17 05:00:00,-122.150715403476,36.8862069046111,0,"available_crw"
"254027_0_t1",59,"254027_0_t1_crw_059",24,"254027_0_t1_20240417T110000",2024-04-17 11:00:00,-122.192623178351,36.8847115418729,0,"available_crw"
"254027_0_t1",59,"254027_0_t1_crw_059",25,"254027_0_t1_20240417T170000",2024-04-17 17:00:00,-122.46358264202,36.9272823106288,0,"available_crw"
"254027_0_t1",59,"254027_0_t1_crw_059",26,"254027_0_t1_20240417T230000",2024-04-17 23:00:00,-122.502592514106,36.7666684294394,0,"available_crw"
"254027_0_t1",59,"254027_0_t1_crw_059",27,"254027_0_t1_20240418T050000",2024-04-18 05:00:00,-122.510892789616,36.8072565498684,0,"available_crw"
"254027_0_t1",59,"254027_0_t1_crw_059",28,"254027_0_t1_20240418T110000",2024-04-18 11:00:00,-122.527379404498,36.903736801959,0,"available_crw"
"254027_0_t1",59,"254027_0_t1_crw_059",29,"254027_0_t1_20240418T170000",2024-04-18 17:00:00,-122.512749116402,37.074201179687,0,"available_crw"
"254027_0_t1",59,"254027_0_t1_crw_059",30,"254027_0_t1_20240418T230000",2024-04-18 23:00:00,-122.519445702663,37.0406819281579,0,"available_crw"
"254027_0_t1",59,"254027_0_t1_crw_059",31,"254027_0_t1_20240419T050000",2024-04-19 05:00:00,-122.509017282636,37.0735831338605,0,"available_crw"
"254027_0_t1",59,"254027_0_t1_crw_059",32,"254027_0_t1_20240419T110000",2024-04-19 11:00:00,-122.321380045433,37.0933854162958,0,"available_crw"
"254027_0_t1",60,"254027_0_t1_crw_060",1,"254027_0_t1_20240411T170000",2024-04-11 17:00:00,-121.8431658,36.81026373,0,"available_crw"
"254027_0_t1",60,"254027_0_t1_crw_060",2,"254027_0_t1_20240411T230000",2024-04-11 23:00:00,-121.845789102579,36.6466460331804,0,"available_crw"
"254027_0_t1",60,"254027_0_t1_crw_060",3,"254027_0_t1_20240412T050000",2024-04-12 05:00:00,-121.914221725511,36.4319128139588,0,"available_crw"
"254027_0_t1",60,"254027_0_t1_crw_060",4,"254027_0_t1_20240412T110000",2024-04-12 11:00:00,-122.043161300547,36.2362563344278,0,"available_crw"
"254027_0_t1",60,"254027_0_t1_crw_060",5,"254027_0_t1_20240412T170000",2024-04-12 17:00:00,-122.202465411411,36.0178253743823,0,"available_crw"
"254027_0_t1",60,"254027_0_t1_crw_060",6,"254027_0_t1_20240412T230000",2024-04-12 23:00:00,-122.238224540051,35.980128866909,0,"available_crw"
"254027_0_t1",60,"254027_0_t1_crw_060",7,"254027_0_t1_20240413T050000",2024-04-13 05:00:00,-122.278338388767,36.0456198919324,0,"available_crw"
"254027_0_t1",60,"254027_0_t1_crw_060",8,"254027_0_t1_20240413T110000",2024-04-13 11:00:00,-122.263149874212,36.0139897604637,0,"available_crw"
"254027_0_t1",60,"254027_0_t1_crw_060",9,"254027_0_t1_20240413T170000",2024-04-13 17:00:00,-122.160042901678,35.9010688379546,0,"available_crw"
"254027_0_t1",60,"254027_0_t1_crw_060",10,"254027_0_t1_20240413T230000",2024-04-13 23:00:00,-121.986385893998,35.6903463130315,0,"available_crw"
"254027_0_t1",60,"254027_0_t1_crw_060",11,"254027_0_t1_20240414T050000",2024-04-14 05:00:00,-122.018660910828,35.7185346737967,0,"available_crw"
"254027_0_t1",60,"254027_0_t1_crw_060",12,"254027_0_t1_20240414T110000",2024-04-14 11:00:00,-122.0886351817,35.7767965503423,0,"available_crw"
"254027_0_t1",60,"254027_0_t1_crw_060",13,"254027_0_t1_20240414T170000",2024-04-14 17:00:00,-122.073767567889,35.7728646776724,0,"available_crw"
"254027_0_t1",60,"254027_0_t1_crw_060",14,"254027_0_t1_20240414T230000",2024-04-14 23:00:00,-122.08157060876,35.805962265293,0,"available_crw"
"254027_0_t1",60,"254027_0_t1_crw_060",15,"254027_0_t1_20240415T050000",2024-04-15 05:00:00,-122.06532148259,35.7697365149963,0,"available_crw"
"254027_0_t1",60,"254027_0_t1_crw_060",16,"254027_0_t1_20240415T110000",2024-04-15 11:00:00,-122.00091957519,35.7613003566474,0,"available_crw"
"254027_0_t1",60,"254027_0_t1_crw_060",17,"254027_0_t1_20240415T170000",2024-04-15 17:00:00,-122.050421547853,35.7532843488382,0,"available_crw"
"254027_0_t1",60,"254027_0_t1_crw_060",18,"254027_0_t1_20240415T230000",2024-04-15 23:00:00,-122.006081869003,35.7667555587918,0,"available_crw"
"254027_0_t1",60,"254027_0_t1_crw_060",19,"254027_0_t1_20240416T050000",2024-04-16 05:00:00,-122.076081561279,35.9201728580859,0,"available_crw"
"254027_0_t1",60,"254027_0_t1_crw_060",20,"254027_0_t1_20240416T110000",2024-04-16 11:00:00,-122.177150929225,36.0343168395743,0,"available_crw"
"254027_0_t1",60,"254027_0_t1_crw_060",21,"254027_0_t1_20240416T170000",2024-04-16 17:00:00,-122.266002061829,36.2901588719222,0,"available_crw"
"254027_0_t1",60,"254027_0_t1_crw_060",22,"254027_0_t1_20240416T230000",2024-04-16 23:00:00,-122.300181920353,36.4177920726256,0,"available_crw"
"254027_0_t1",60,"254027_0_t1_crw_060",23,"254027_0_t1_20240417T050000",2024-04-17 05:00:00,-122.31762437578,36.4707420250198,0,"available_crw"
"254027_0_t1",60,"254027_0_t1_crw_060",24,"254027_0_t1_20240417T110000",2024-04-17 11:00:00,-122.345868589455,36.5490198930711,0,"available_crw"
"254027_0_t1",60,"254027_0_t1_crw_060",25,"254027_0_t1_20240417T170000",2024-04-17 17:00:00,-122.410090645152,36.5609027379957,0,"available_crw"
"254027_0_t1",60,"254027_0_t1_crw_060",26,"254027_0_t1_20240417T230000",2024-04-17 23:00:00,-122.476940092659,36.5706162969348,0,"available_crw"
"254027_0_t1",60,"254027_0_t1_crw_060",27,"254027_0_t1_20240418T050000",2024-04-18 05:00:00,-122.783958505631,36.6265525765241,0,"available_crw"
"254027_0_t1",60,"254027_0_t1_crw_060",28,"254027_0_t1_20240418T110000",2024-04-18 11:00:00,-122.73619754673,36.6242315532161,0,"available_crw"
"254027_0_t1",60,"254027_0_t1_crw_060",29,"254027_0_t1_20240418T170000",2024-04-18 17:00:00,-122.736240257591,36.6083609776062,0,"available_crw"
"254027_0_t1",60,"254027_0_t1_crw_060",30,"254027_0_t1_20240418T230000",2024-04-18 23:00:00,-122.533253169281,36.6076351828798,0,"available_crw"
"254027_0_t1",60,"254027_0_t1_crw_060",31,"254027_0_t1_20240419T050000",2024-04-19 05:00:00,-122.406276980047,36.6501248243266,0,"available_crw"
"254027_0_t1",60,"254027_0_t1_crw_060",32,"254027_0_t1_20240419T110000",2024-04-19 11:00:00,-122.422766410122,36.7916893675344,0,"available_crw"
"254027_0_t1",61,"254027_0_t1_crw_061",1,"254027_0_t1_20240411T170000",2024-04-11 17:00:00,-121.8431658,36.81026373,0,"available_crw"
"254027_0_t1",61,"254027_0_t1_crw_061",2,"254027_0_t1_20240411T230000",2024-04-11 23:00:00,-122.158295718461,36.8244748904702,0,"available_crw"
"254027_0_t1",61,"254027_0_t1_crw_061",3,"254027_0_t1_20240412T050000",2024-04-12 05:00:00,-122.158784522634,36.8054344341594,0,"available_crw"
"254027_0_t1",61,"254027_0_t1_crw_061",4,"254027_0_t1_20240412T110000",2024-04-12 11:00:00,-122.33513097794,36.7518645198708,0,"available_crw"
"254027_0_t1",61,"254027_0_t1_crw_061",5,"254027_0_t1_20240412T170000",2024-04-12 17:00:00,-122.397597911404,36.7300808367542,0,"available_crw"
"254027_0_t1",61,"254027_0_t1_crw_061",6,"254027_0_t1_20240412T230000",2024-04-12 23:00:00,-122.357247092877,36.750880378333,0,"available_crw"
"254027_0_t1",61,"254027_0_t1_crw_061",7,"254027_0_t1_20240413T050000",2024-04-13 05:00:00,-122.394668676746,36.7352145633104,0,"available_crw"
"254027_0_t1",61,"254027_0_t1_crw_061",8,"254027_0_t1_20240413T110000",2024-04-13 11:00:00,-122.482110352925,36.6665164846407,0,"available_crw"
"254027_0_t1",61,"254027_0_t1_crw_061",9,"254027_0_t1_20240413T170000",2024-04-13 17:00:00,-122.528482691619,36.6264427829435,0,"available_crw"
"254027_0_t1",61,"254027_0_t1_crw_061",10,"254027_0_t1_20240413T230000",2024-04-13 23:00:00,-122.688269729361,36.5329944594663,0,"available_crw"
"254027_0_t1",61,"254027_0_t1_crw_061",11,"254027_0_t1_20240414T050000",2024-04-14 05:00:00,-122.867068268593,36.4658894208405,0,"available_crw"
"254027_0_t1",61,"254027_0_t1_crw_061",12,"254027_0_t1_20240414T110000",2024-04-14 11:00:00,-123.004121937073,36.5696170640695,0,"available_crw"
"254027_0_t1",61,"254027_0_t1_crw_061",13,"254027_0_t1_20240414T170000",2024-04-14 17:00:00,-123.153224784929,36.8067291406931,0,"available_crw"
"254027_0_t1",61,"254027_0_t1_crw_061",14,"254027_0_t1_20240414T230000",2024-04-14 23:00:00,-123.028630343836,36.9206239457992,0,"available_crw"
"254027_0_t1",61,"254027_0_t1_crw_061",15,"254027_0_t1_20240415T050000",2024-04-15 05:00:00,-123.121281490608,37.0418311726991,0,"available_crw"
"254027_0_t1",61,"254027_0_t1_crw_061",16,"254027_0_t1_20240415T110000",2024-04-15 11:00:00,-123.197892453307,37.1570970065863,0,"available_crw"
"254027_0_t1",61,"254027_0_t1_crw_061",17,"254027_0_t1_20240415T170000",2024-04-15 17:00:00,-123.180966327131,37.1653623121698,0,"available_crw"
"254027_0_t1",61,"254027_0_t1_crw_061",18,"254027_0_t1_20240415T230000",2024-04-15 23:00:00,-123.224708963053,37.3031707249245,0,"available_crw"
"254027_0_t1",61,"254027_0_t1_crw_061",19,"254027_0_t1_20240416T050000",2024-04-16 05:00:00,-122.891737654828,37.454081259833,0,"available_crw"
"254027_0_t1",61,"254027_0_t1_crw_061",20,"254027_0_t1_20240416T110000",2024-04-16 11:00:00,-122.820319759192,37.3537156984486,0,"available_crw"
"254027_0_t1",61,"254027_0_t1_crw_061",21,"254027_0_t1_20240416T170000",2024-04-16 17:00:00,-122.753737591547,37.3540466354758,0,"available_crw"
"254027_0_t1",61,"254027_0_t1_crw_061",22,"254027_0_t1_20240416T230000",2024-04-16 23:00:00,-122.651655901613,37.3563632116922,0,"available_crw"
"254027_0_t1",61,"254027_0_t1_crw_061",23,"254027_0_t1_20240417T050000",2024-04-17 05:00:00,-122.647351603073,37.2410044701604,0,"available_crw"
"254027_0_t1",61,"254027_0_t1_crw_061",24,"254027_0_t1_20240417T110000",2024-04-17 11:00:00,-122.641968613374,37.1595943359282,0,"available_crw"
"254027_0_t1",61,"254027_0_t1_crw_061",25,"254027_0_t1_20240417T170000",2024-04-17 17:00:00,-122.967608454207,37.0820069125338,0,"available_crw"
"254027_0_t1",61,"254027_0_t1_crw_061",26,"254027_0_t1_20240417T230000",2024-04-17 23:00:00,-123.074123720463,37.011376195454,0,"available_crw"
"254027_0_t1",61,"254027_0_t1_crw_061",27,"254027_0_t1_20240418T050000",2024-04-18 05:00:00,-123.387271525569,37.1859305592002,0,"available_crw"
"254027_0_t1",61,"254027_0_t1_crw_061",28,"254027_0_t1_20240418T110000",2024-04-18 11:00:00,-123.53452611988,37.3097678315706,0,"available_crw"
"254027_0_t1",61,"254027_0_t1_crw_061",29,"254027_0_t1_20240418T170000",2024-04-18 17:00:00,-123.569998159965,37.3480055185548,0,"available_crw"
"254027_0_t1",61,"254027_0_t1_crw_061",30,"254027_0_t1_20240418T230000",2024-04-18 23:00:00,-123.708671692236,37.4347654708225,0,"available_crw"
"254027_0_t1",61,"254027_0_t1_crw_061",31,"254027_0_t1_20240419T050000",2024-04-19 05:00:00,-123.566120954386,37.6819988013049,0,"available_crw"
"254027_0_t1",61,"254027_0_t1_crw_061",32,"254027_0_t1_20240419T110000",2024-04-19 11:00:00,-123.565306993232,37.6692806940188,0,"available_crw"
"254027_0_t1",62,"254027_0_t1_crw_062",1,"254027_0_t1_20240411T170000",2024-04-11 17:00:00,-121.8431658,36.81026373,0,"available_crw"
"254027_0_t1",62,"254027_0_t1_crw_062",2,"254027_0_t1_20240411T230000",2024-04-11 23:00:00,-121.844084534406,36.8261146303243,0,"available_crw"
"254027_0_t1",62,"254027_0_t1_crw_062",3,"254027_0_t1_20240412T050000",2024-04-12 05:00:00,-121.884859247994,36.9188596281281,0,"available_crw"
"254027_0_t1",62,"254027_0_t1_crw_062",4,"254027_0_t1_20240412T110000",2024-04-12 11:00:00,-121.873246419459,36.9101862103989,0,"available_crw"
"254027_0_t1",62,"254027_0_t1_crw_062",5,"254027_0_t1_20240412T170000",2024-04-12 17:00:00,-121.835177655193,36.8737251068627,0,"available_crw"
"254027_0_t1",62,"254027_0_t1_crw_062",6,"254027_0_t1_20240412T230000",2024-04-12 23:00:00,-121.739738234134,36.734291467903,0,"available_crw"
"254027_0_t1",62,"254027_0_t1_crw_062",7,"254027_0_t1_20240413T050000",2024-04-13 05:00:00,-122.010961648924,36.520771800873,0,"available_crw"
"254027_0_t1",62,"254027_0_t1_crw_062",8,"254027_0_t1_20240413T110000",2024-04-13 11:00:00,-122.111326242413,36.6030243856891,0,"available_crw"
"254027_0_t1",62,"254027_0_t1_crw_062",9,"254027_0_t1_20240413T170000",2024-04-13 17:00:00,-121.93208235474,36.8336600424866,0,"available_crw"
"254027_0_t1",62,"254027_0_t1_crw_062",10,"254027_0_t1_20240413T230000",2024-04-13 23:00:00,-121.942467278401,36.7933867834196,0,"available_crw"
"254027_0_t1",62,"254027_0_t1_crw_062",11,"254027_0_t1_20240414T050000",2024-04-14 05:00:00,-121.91576899716,36.6846892256501,0,"available_crw"
"254027_0_t1",62,"254027_0_t1_crw_062",12,"254027_0_t1_20240414T110000",2024-04-14 11:00:00,-121.88372459236,36.7063580690557,0,"available_crw"
"254027_0_t1",62,"254027_0_t1_crw_062",13,"254027_0_t1_20240414T170000",2024-04-14 17:00:00,-121.888620138985,36.7002035722548,0,"available_crw"
"254027_0_t1",62,"254027_0_t1_crw_062",14,"254027_0_t1_20240414T230000",2024-04-14 23:00:00,-121.922588200794,36.6527377613242,0,"available_crw"
"254027_0_t1",62,"254027_0_t1_crw_062",15,"254027_0_t1_20240415T050000",2024-04-15 05:00:00,-121.976319077375,36.5655423319222,0,"available_crw"
"254027_0_t1",62,"254027_0_t1_crw_062",16,"254027_0_t1_20240415T110000",2024-04-15 11:00:00,-122.031757286313,36.6234330301915,0,"available_crw"
"254027_0_t1",62,"254027_0_t1_crw_062",17,"254027_0_t1_20240415T170000",2024-04-15 17:00:00,-122.095478894499,36.6867606695856,0,"available_crw"
"254027_0_t1",62,"254027_0_t1_crw_062",18,"254027_0_t1_20240415T230000",2024-04-15 23:00:00,-122.213628816809,36.8870852848194,0,"available_crw"
"254027_0_t1",62,"254027_0_t1_crw_062",19,"254027_0_t1_20240416T050000",2024-04-16 05:00:00,-122.274286932821,37.008249481926,0,"available_crw"
"254027_0_t1",62,"254027_0_t1_crw_062",20,"254027_0_t1_20240416T110000",2024-04-16 11:00:00,-122.296004846535,37.000549519011,0,"available_crw"
"254027_0_t1",62,"254027_0_t1_crw_062",21,"254027_0_t1_20240416T170000",2024-04-16 17:00:00,-122.590593002394,36.9083171626705,0,"available_crw"
"254027_0_t1",62,"254027_0_t1_crw_062",22,"254027_0_t1_20240416T230000",2024-04-16 23:00:00,-122.819501115312,37.1526699442371,0,"available_crw"
"254027_0_t1",62,"254027_0_t1_crw_062",23,"254027_0_t1_20240417T050000",2024-04-17 05:00:00,-122.776247814885,37.1304705726326,0,"available_crw"
"254027_0_t1",62,"254027_0_t1_crw_062",24,"254027_0_t1_20240417T110000",2024-04-17 11:00:00,-122.792092488076,37.1315942712453,0,"available_crw"
"254027_0_t1",62,"254027_0_t1_crw_062",25,"254027_0_t1_20240417T170000",2024-04-17 17:00:00,-123.054546255801,37.2026246636069,0,"available_crw"
"254027_0_t1",62,"254027_0_t1_crw_062",26,"254027_0_t1_20240417T230000",2024-04-17 23:00:00,-123.192664029834,37.1942471857877,0,"available_crw"
"254027_0_t1",62,"254027_0_t1_crw_062",27,"254027_0_t1_20240418T050000",2024-04-18 05:00:00,-123.220522011985,37.1459937139032,0,"available_crw"
"254027_0_t1",62,"254027_0_t1_crw_062",28,"254027_0_t1_20240418T110000",2024-04-18 11:00:00,-123.246279215342,37.095235120814,0,"available_crw"
"254027_0_t1",62,"254027_0_t1_crw_062",29,"254027_0_t1_20240418T170000",2024-04-18 17:00:00,-123.307364782675,37.1496138168091,0,"available_crw"
"254027_0_t1",62,"254027_0_t1_crw_062",30,"254027_0_t1_20240418T230000",2024-04-18 23:00:00,-123.113972792809,37.3734938960903,0,"available_crw"
"254027_0_t1",62,"254027_0_t1_crw_062",31,"254027_0_t1_20240419T050000",2024-04-19 05:00:00,-123.282648500036,37.4666438324501,0,"available_crw"
"254027_0_t1",62,"254027_0_t1_crw_062",32,"254027_0_t1_20240419T110000",2024-04-19 11:00:00,-123.266791681356,37.4650826097271,0,"available_crw"
"254027_0_t1",63,"254027_0_t1_crw_063",1,"254027_0_t1_20240411T170000",2024-04-11 17:00:00,-121.8431658,36.81026373,0,"available_crw"
"254027_0_t1",63,"254027_0_t1_crw_063",2,"254027_0_t1_20240411T230000",2024-04-11 23:00:00,-122.005137456745,36.819744049659,0,"available_crw"
"254027_0_t1",63,"254027_0_t1_crw_063",3,"254027_0_t1_20240412T050000",2024-04-12 05:00:00,-121.959539029181,36.8830398523442,0,"available_crw"
"254027_0_t1",63,"254027_0_t1_crw_063",4,"254027_0_t1_20240412T110000",2024-04-12 11:00:00,-121.835181264262,36.8253216149888,0,"available_crw"
"254027_0_t1",63,"254027_0_t1_crw_063",5,"254027_0_t1_20240412T170000",2024-04-12 17:00:00,-121.851008267526,36.8258616211541,0,"available_crw"
"254027_0_t1",63,"254027_0_t1_crw_063",6,"254027_0_t1_20240412T230000",2024-04-12 23:00:00,-121.910172209524,36.6918965629081,0,"available_crw"
"254027_0_t1",63,"254027_0_t1_crw_063",7,"254027_0_t1_20240413T050000",2024-04-13 05:00:00,-121.91239158693,36.7045061037491,0,"available_crw"
"254027_0_t1",63,"254027_0_t1_crw_063",8,"254027_0_t1_20240413T110000",2024-04-13 11:00:00,-121.942330696858,36.9571230423852,0,"available_crw"
"254027_0_t1",63,"254027_0_t1_crw_063",9,"254027_0_t1_20240413T170000",2024-04-13 17:00:00,-121.977005428482,36.9381275460078,0,"available_crw"
"254027_0_t1",63,"254027_0_t1_crw_063",10,"254027_0_t1_20240413T230000",2024-04-13 23:00:00,-122.059478500005,36.8905873565994,0,"available_crw"
"254027_0_t1",63,"254027_0_t1_crw_063",11,"254027_0_t1_20240414T050000",2024-04-14 05:00:00,-122.074926744662,36.9626667013221,0,"available_crw"
"254027_0_t1",63,"254027_0_t1_crw_063",12,"254027_0_t1_20240414T110000",2024-04-14 11:00:00,-122.07152689071,36.9288317923727,0,"available_crw"
"254027_0_t1",63,"254027_0_t1_crw_063",13,"254027_0_t1_20240414T170000",2024-04-14 17:00:00,-122.115056802029,36.7098922041492,0,"available_crw"
"254027_0_t1",63,"254027_0_t1_crw_063",14,"254027_0_t1_20240414T230000",2024-04-14 23:00:00,-122.09608343337,36.5701087324141,0,"available_crw"
"254027_0_t1",63,"254027_0_t1_crw_063",15,"254027_0_t1_20240415T050000",2024-04-15 05:00:00,-122.447647262973,36.4566970561524,0,"available_crw"
"254027_0_t1",63,"254027_0_t1_crw_063",16,"254027_0_t1_20240415T110000",2024-04-15 11:00:00,-122.501244539996,36.5637046011229,0,"available_crw"
"254027_0_t1",63,"254027_0_t1_crw_063",17,"254027_0_t1_20240415T170000",2024-04-15 17:00:00,-122.41078531493,36.5586838873518,0,"available_crw"
"254027_0_t1",63,"254027_0_t1_crw_063",18,"254027_0_t1_20240415T230000",2024-04-15 23:00:00,-122.335685698994,36.2591529579718,0,"available_crw"
"254027_0_t1",63,"254027_0_t1_crw_063",19,"254027_0_t1_20240416T050000",2024-04-16 05:00:00,-122.346499637771,36.0375741038354,0,"available_crw"
"254027_0_t1",63,"254027_0_t1_crw_063",20,"254027_0_t1_20240416T110000",2024-04-16 11:00:00,-122.343879640333,35.9402180470633,0,"available_crw"
"254027_0_t1",63,"254027_0_t1_crw_063",21,"254027_0_t1_20240416T170000",2024-04-16 17:00:00,-122.402524646288,35.7236562292646,0,"available_crw"
"254027_0_t1",63,"254027_0_t1_crw_063",22,"254027_0_t1_20240416T230000",2024-04-16 23:00:00,-122.40950905758,35.7644005210409,0,"available_crw"
"254027_0_t1",63,"254027_0_t1_crw_063",23,"254027_0_t1_20240417T050000",2024-04-17 05:00:00,-122.438497329848,36.0171230473407,0,"available_crw"
"254027_0_t1",63,"254027_0_t1_crw_063",24,"254027_0_t1_20240417T110000",2024-04-17 11:00:00,-122.499660838446,36.1487057450031,0,"available_crw"
"254027_0_t1",63,"254027_0_t1_crw_063",25,"254027_0_t1_20240417T170000",2024-04-17 17:00:00,-122.194592358315,36.3285182569138,0,"available_crw"
"254027_0_t1",63,"254027_0_t1_crw_063",26,"254027_0_t1_20240417T230000",2024-04-17 23:00:00,-121.940675045659,36.4121753454837,0,"available_crw"
"254027_0_t1",63,"254027_0_t1_crw_063",27,"254027_0_t1_20240418T050000",2024-04-18 05:00:00,-121.950865332899,36.402461322195,0,"available_crw"
"254027_0_t1",63,"254027_0_t1_crw_063",28,"254027_0_t1_20240418T110000",2024-04-18 11:00:00,-121.966555071362,36.4120005585633,0,"available_crw"
"254027_0_t1",63,"254027_0_t1_crw_063",29,"254027_0_t1_20240418T170000",2024-04-18 17:00:00,-122.089568367374,36.4967193387496,0,"available_crw"
"254027_0_t1",63,"254027_0_t1_crw_063",30,"254027_0_t1_20240418T230000",2024-04-18 23:00:00,-122.143252284123,36.5302479532694,0,"available_crw"
"254027_0_t1",63,"254027_0_t1_crw_063",31,"254027_0_t1_20240419T050000",2024-04-19 05:00:00,-122.203820163916,36.5093747845708,0,"available_crw"
"254027_0_t1",63,"254027_0_t1_crw_063",32,"254027_0_t1_20240419T110000",2024-04-19 11:00:00,-122.21074909741,36.4565125487782,0,"available_crw"
"254027_0_t1",64,"254027_0_t1_crw_064",1,"254027_0_t1_20240411T170000",2024-04-11 17:00:00,-121.8431658,36.81026373,0,"available_crw"
"254027_0_t1",64,"254027_0_t1_crw_064",2,"254027_0_t1_20240411T230000",2024-04-11 23:00:00,-121.901811714782,36.8166632319724,0,"available_crw"
"254027_0_t1",64,"254027_0_t1_crw_064",3,"254027_0_t1_20240412T050000",2024-04-12 05:00:00,-122.022600257583,36.8011067595959,0,"available_crw"
"254027_0_t1",64,"254027_0_t1_crw_064",4,"254027_0_t1_20240412T110000",2024-04-12 11:00:00,-122.018054614229,36.782416862392,0,"available_crw"
"254027_0_t1",64,"254027_0_t1_crw_064",5,"254027_0_t1_20240412T170000",2024-04-12 17:00:00,-122.357425472464,36.6455381280486,0,"available_crw"
"254027_0_t1",64,"254027_0_t1_crw_064",6,"254027_0_t1_20240412T230000",2024-04-12 23:00:00,-122.367289651388,36.6592743791752,0,"available_crw"
"254027_0_t1",64,"254027_0_t1_crw_064",7,"254027_0_t1_20240413T050000",2024-04-13 05:00:00,-122.327948280803,36.6330642541834,0,"available_crw"
"254027_0_t1",64,"254027_0_t1_crw_064",8,"254027_0_t1_20240413T110000",2024-04-13 11:00:00,-122.198134351686,36.7589668874312,0,"available_crw"
"254027_0_t1",64,"254027_0_t1_crw_064",9,"254027_0_t1_20240413T170000",2024-04-13 17:00:00,-122.031713933888,36.8652147843306,0,"available_crw"
"254027_0_t1",64,"254027_0_t1_crw_064",10,"254027_0_t1_20240413T230000",2024-04-13 23:00:00,-121.980281285579,36.9011941819804,0,"available_crw"
"254027_0_t1",64,"254027_0_t1_crw_064",11,"254027_0_t1_20240414T050000",2024-04-14 05:00:00,-121.966465331965,36.8898509956647,0,"available_crw"
"254027_0_t1",64,"254027_0_t1_crw_064",12,"254027_0_t1_20240414T110000",2024-04-14 11:00:00,-121.974478179189,36.8933139880939,0,"available_crw"
"254027_0_t1",64,"254027_0_t1_crw_064",13,"254027_0_t1_20240414T170000",2024-04-14 17:00:00,-122.079740361942,36.94167562352,0,"available_crw"
"254027_0_t1",64,"254027_0_t1_crw_064",14,"254027_0_t1_20240414T230000",2024-04-14 23:00:00,-122.216817860734,36.9548066477357,0,"available_crw"
"254027_0_t1",64,"254027_0_t1_crw_064",15,"254027_0_t1_20240415T050000",2024-04-15 05:00:00,-122.528952200159,36.9958336802577,0,"available_crw"
"254027_0_t1",64,"254027_0_t1_crw_064",16,"254027_0_t1_20240415T110000",2024-04-15 11:00:00,-122.570293318615,37.1438028055933,0,"available_crw"
"254027_0_t1",64,"254027_0_t1_crw_064",17,"254027_0_t1_20240415T170000",2024-04-15 17:00:00,-122.601816750895,37.1214759738436,0,"available_crw"
"254027_0_t1",64,"254027_0_t1_crw_064",18,"254027_0_t1_20240415T230000",2024-04-15 23:00:00,-122.585467231744,37.1076464328129,0,"available_crw"
"254027_0_t1",64,"254027_0_t1_crw_064",19,"254027_0_t1_20240416T050000",2024-04-16 05:00:00,-122.631557451903,37.1257970673813,0,"available_crw"
"254027_0_t1",64,"254027_0_t1_crw_064",20,"254027_0_t1_20240416T110000",2024-04-16 11:00:00,-122.73930023759,37.1710163587037,0,"available_crw"
"254027_0_t1",64,"254027_0_t1_crw_064",21,"254027_0_t1_20240416T170000",2024-04-16 17:00:00,-122.877307834709,37.1800851055187,0,"available_crw"
"254027_0_t1",64,"254027_0_t1_crw_064",22,"254027_0_t1_20240416T230000",2024-04-16 23:00:00,-122.835506265385,37.1742948679377,0,"available_crw"
"254027_0_t1",64,"254027_0_t1_crw_064",23,"254027_0_t1_20240417T050000",2024-04-17 05:00:00,-122.700576971113,37.1992675013766,0,"available_crw"
"254027_0_t1",64,"254027_0_t1_crw_064",24,"254027_0_t1_20240417T110000",2024-04-17 11:00:00,-122.593757744934,37.2480428559138,0,"available_crw"
"254027_0_t1",64,"254027_0_t1_crw_064",25,"254027_0_t1_20240417T170000",2024-04-17 17:00:00,-122.445480964338,37.1535828772944,0,"available_crw"
"254027_0_t1",64,"254027_0_t1_crw_064",26,"254027_0_t1_20240417T230000",2024-04-17 23:00:00,-122.500002237589,37.008380612073,0,"available_crw"
"254027_0_t1",64,"254027_0_t1_crw_064",27,"254027_0_t1_20240418T050000",2024-04-18 05:00:00,-122.519253221306,37.0120530507423,0,"available_crw"
"254027_0_t1",64,"254027_0_t1_crw_064",28,"254027_0_t1_20240418T110000",2024-04-18 11:00:00,-122.79631827013,37.1581994203897,0,"available_crw"
"254027_0_t1",64,"254027_0_t1_crw_064",29,"254027_0_t1_20240418T170000",2024-04-18 17:00:00,-122.799563188494,37.124601922857,0,"available_crw"
"254027_0_t1",64,"254027_0_t1_crw_064",30,"254027_0_t1_20240418T230000",2024-04-18 23:00:00,-122.852700274207,36.9712302484327,0,"available_crw"
"254027_0_t1",64,"254027_0_t1_crw_064",31,"254027_0_t1_20240419T050000",2024-04-19 05:00:00,-122.656350010275,36.9271333136317,0,"available_crw"
"254027_0_t1",64,"254027_0_t1_crw_064",32,"254027_0_t1_20240419T110000",2024-04-19 11:00:00,-122.560139271041,37.0465433623521,0,"available_crw"
"254027_0_t1",65,"254027_0_t1_crw_065",1,"254027_0_t1_20240411T170000",2024-04-11 17:00:00,-121.8431658,36.81026373,0,"available_crw"
"254027_0_t1",65,"254027_0_t1_crw_065",2,"254027_0_t1_20240411T230000",2024-04-11 23:00:00,-121.901811714782,36.8166632319724,0,"available_crw"
"254027_0_t1",65,"254027_0_t1_crw_065",3,"254027_0_t1_20240412T050000",2024-04-12 05:00:00,-121.886700537159,36.7852350090883,0,"available_crw"
"254027_0_t1",65,"254027_0_t1_crw_065",4,"254027_0_t1_20240412T110000",2024-04-12 11:00:00,-121.920600981165,36.8160313081999,0,"available_crw"
"254027_0_t1",65,"254027_0_t1_crw_065",5,"254027_0_t1_20240412T170000",2024-04-12 17:00:00,-121.832959783394,36.8356510261004,0,"available_crw"
"254027_0_t1",65,"254027_0_t1_crw_065",6,"254027_0_t1_20240412T230000",2024-04-12 23:00:00,-121.840594899093,36.8316828885421,0,"available_crw"
"254027_0_t1",65,"254027_0_t1_crw_065",7,"254027_0_t1_20240413T050000",2024-04-13 05:00:00,-121.943968407361,36.7809632864967,0,"available_crw"
"254027_0_t1",65,"254027_0_t1_crw_065",8,"254027_0_t1_20240413T110000",2024-04-13 11:00:00,-122.024213338582,36.6909314387447,0,"available_crw"
"254027_0_t1",65,"254027_0_t1_crw_065",9,"254027_0_t1_20240413T170000",2024-04-13 17:00:00,-122.296295574871,36.5408445393542,0,"available_crw"
"254027_0_t1",65,"254027_0_t1_crw_065",10,"254027_0_t1_20240413T230000",2024-04-13 23:00:00,-122.452778301185,36.6249190611212,0,"available_crw"
"254027_0_t1",65,"254027_0_t1_crw_065",11,"254027_0_t1_20240414T050000",2024-04-14 05:00:00,-122.569627786262,36.6533784440275,0,"available_crw"
"254027_0_t1",65,"254027_0_t1_crw_065",12,"254027_0_t1_20240414T110000",2024-04-14 11:00:00,-122.667997656367,36.5353682278283,0,"available_crw"
"254027_0_t1",65,"254027_0_t1_crw_065",13,"254027_0_t1_20240414T170000",2024-04-14 17:00:00,-122.626398089227,36.5324103744111,0,"available_crw"
"254027_0_t1",65,"254027_0_t1_crw_065",14,"254027_0_t1_20240414T230000",2024-04-14 23:00:00,-122.506528679266,36.5211964029566,0,"available_crw"
"254027_0_t1",65,"254027_0_t1_crw_065",15,"254027_0_t1_20240415T050000",2024-04-15 05:00:00,-122.556032221185,36.5114270205652,0,"available_crw"
"254027_0_t1",65,"254027_0_t1_crw_065",16,"254027_0_t1_20240415T110000",2024-04-15 11:00:00,-122.864339681473,36.4620746357208,0,"available_crw"
"254027_0_t1",65,"254027_0_t1_crw_065",17,"254027_0_t1_20240415T170000",2024-04-15 17:00:00,-122.822549160819,36.4657038596626,0,"available_crw"
"254027_0_t1",65,"254027_0_t1_crw_065",18,"254027_0_t1_20240415T230000",2024-04-15 23:00:00,-122.503444414312,36.4012244611862,0,"available_crw"
"254027_0_t1",65,"254027_0_t1_crw_065",19,"254027_0_t1_20240416T050000",2024-04-16 05:00:00,-122.537992407588,36.289231942845,0,"available_crw"
"254027_0_t1",65,"254027_0_t1_crw_065",20,"254027_0_t1_20240416T110000",2024-04-16 11:00:00,-122.560075445939,36.2096817559586,0,"available_crw"
"254027_0_t1",65,"254027_0_t1_crw_065",21,"254027_0_t1_20240416T170000",2024-04-16 17:00:00,-122.579900310199,36.164880415928,0,"available_crw"
"254027_0_t1",65,"254027_0_t1_crw_065",22,"254027_0_t1_20240416T230000",2024-04-16 23:00:00,-122.586142417698,36.0666270441167,0,"available_crw"
"254027_0_t1",65,"254027_0_t1_crw_065",23,"254027_0_t1_20240417T050000",2024-04-17 05:00:00,-122.604290044674,35.9368565742025,0,"available_crw"
"254027_0_t1",65,"254027_0_t1_crw_065",24,"254027_0_t1_20240417T110000",2024-04-17 11:00:00,-122.698130716993,35.7286670002139,0,"available_crw"
"254027_0_t1",65,"254027_0_t1_crw_065",25,"254027_0_t1_20240417T170000",2024-04-17 17:00:00,-122.849222149512,35.5443500149958,0,"available_crw"
"254027_0_t1",65,"254027_0_t1_crw_065",26,"254027_0_t1_20240417T230000",2024-04-17 23:00:00,-122.89444111538,35.6074991594677,0,"available_crw"
"254027_0_t1",65,"254027_0_t1_crw_065",27,"254027_0_t1_20240418T050000",2024-04-18 05:00:00,-122.951987348797,35.6928342091302,0,"available_crw"
"254027_0_t1",65,"254027_0_t1_crw_065",28,"254027_0_t1_20240418T110000",2024-04-18 11:00:00,-122.945520075246,35.6877733451446,0,"available_crw"
"254027_0_t1",65,"254027_0_t1_crw_065",29,"254027_0_t1_20240418T170000",2024-04-18 17:00:00,-122.90872560178,35.6508352633938,0,"available_crw"
"254027_0_t1",65,"254027_0_t1_crw_065",30,"254027_0_t1_20240418T230000",2024-04-18 23:00:00,-122.817371598311,35.5101939437026,0,"available_crw"
"254027_0_t1",65,"254027_0_t1_crw_065",31,"254027_0_t1_20240419T050000",2024-04-19 05:00:00,-122.797163521501,35.519676522919,0,"available_crw"
"254027_0_t1",65,"254027_0_t1_crw_065",32,"254027_0_t1_20240419T110000",2024-04-19 11:00:00,-122.786537400649,35.5063916710749,0,"available_crw"
"254027_0_t1",66,"254027_0_t1_crw_066",1,"254027_0_t1_20240411T170000",2024-04-11 17:00:00,-121.8431658,36.81026373,0,"available_crw"
"254027_0_t1",66,"254027_0_t1_crw_066",2,"254027_0_t1_20240411T230000",2024-04-11 23:00:00,-121.841755589295,36.9256627818187,0,"available_crw"
"254027_0_t1",66,"254027_0_t1_crw_066",3,"254027_0_t1_20240412T050000",2024-04-12 05:00:00,-122.045556166459,36.9272963263922,0,"available_crw"
"254027_0_t1",66,"254027_0_t1_crw_066",4,"254027_0_t1_20240412T110000",2024-04-12 11:00:00,-122.313453867777,36.9814496192256,0,"available_crw"
"254027_0_t1",66,"254027_0_t1_crw_066",5,"254027_0_t1_20240412T170000",2024-04-12 17:00:00,-122.265560542931,36.9781782863961,0,"available_crw"
"254027_0_t1",66,"254027_0_t1_crw_066",6,"254027_0_t1_20240412T230000",2024-04-12 23:00:00,-122.264339630669,36.997197359683,0,"available_crw"
"254027_0_t1",66,"254027_0_t1_crw_066",7,"254027_0_t1_20240413T050000",2024-04-13 05:00:00,-122.288079076215,36.9975323948756,0,"available_crw"
"254027_0_t1",66,"254027_0_t1_crw_066",8,"254027_0_t1_20240413T110000",2024-04-13 11:00:00,-122.285839571617,37.1129288249731,0,"available_crw"
"254027_0_t1",66,"254027_0_t1_crw_066",9,"254027_0_t1_20240413T170000",2024-04-13 17:00:00,-122.283254624406,37.1059194591707,0,"available_crw"
"254027_0_t1",66,"254027_0_t1_crw_066",10,"254027_0_t1_20240413T230000",2024-04-13 23:00:00,-122.252209765735,37.0282856453362,0,"available_crw"
"254027_0_t1",66,"254027_0_t1_crw_066",11,"254027_0_t1_20240414T050000",2024-04-14 05:00:00,-122.229844430008,37.0347008255051,0,"available_crw"
"254027_0_t1",66,"254027_0_t1_crw_066",12,"254027_0_t1_20240414T110000",2024-04-14 11:00:00,-122.270828466369,37.0261810798517,0,"available_crw"
"254027_0_t1",66,"254027_0_t1_crw_066",13,"254027_0_t1_20240414T170000",2024-04-14 17:00:00,-122.287566875497,36.9747509476366,0,"available_crw"
"254027_0_t1",66,"254027_0_t1_crw_066",14,"254027_0_t1_20240414T230000",2024-04-14 23:00:00,-122.321291499753,36.8812084588662,0,"available_crw"
"254027_0_t1",66,"254027_0_t1_crw_066",15,"254027_0_t1_20240415T050000",2024-04-15 05:00:00,-122.659650248674,36.8934828073407,0,"available_crw"
"254027_0_t1",66,"254027_0_t1_crw_066",16,"254027_0_t1_20240415T110000",2024-04-15 11:00:00,-122.653690201524,37.008800444312,0,"available_crw"
"254027_0_t1",66,"254027_0_t1_crw_066",17,"254027_0_t1_20240415T170000",2024-04-15 17:00:00,-122.509897964788,37.0041492238763,0,"available_crw"
"254027_0_t1",66,"254027_0_t1_crw_066",18,"254027_0_t1_20240415T230000",2024-04-15 23:00:00,-122.316987369188,36.9669178673819,0,"available_crw"
"254027_0_t1",66,"254027_0_t1_crw_066",19,"254027_0_t1_20240416T050000",2024-04-16 05:00:00,-122.374953259055,36.9104854270647,0,"available_crw"
"254027_0_t1",66,"254027_0_t1_crw_066",20,"254027_0_t1_20240416T110000",2024-04-16 11:00:00,-122.586394635296,36.7220576710173,0,"available_crw"
"254027_0_t1",66,"254027_0_t1_crw_066",21,"254027_0_t1_20240416T170000",2024-04-16 17:00:00,-122.620561062575,36.7898402926886,0,"available_crw"
"254027_0_t1",66,"254027_0_t1_crw_066",22,"254027_0_t1_20240416T230000",2024-04-16 23:00:00,-122.642188031602,36.7820855271771,0,"available_crw"
"254027_0_t1",66,"254027_0_t1_crw_066",23,"254027_0_t1_20240417T050000",2024-04-17 05:00:00,-122.913243690426,36.7420268499711,0,"available_crw"
"254027_0_t1",66,"254027_0_t1_crw_066",24,"254027_0_t1_20240417T110000",2024-04-17 11:00:00,-123.225488933571,36.7069243206607,0,"available_crw"
"254027_0_t1",66,"254027_0_t1_crw_066",25,"254027_0_t1_20240417T170000",2024-04-17 17:00:00,-123.19735266769,36.5448484080254,0,"available_crw"
"254027_0_t1",66,"254027_0_t1_crw_066",26,"254027_0_t1_20240417T230000",2024-04-17 23:00:00,-123.216640063024,36.5417378344971,0,"available_crw"
"254027_0_t1",66,"254027_0_t1_crw_066",27,"254027_0_t1_20240418T050000",2024-04-18 05:00:00,-123.491235508579,36.550700134909,0,"available_crw"
"254027_0_t1",66,"254027_0_t1_crw_066",28,"254027_0_t1_20240418T110000",2024-04-18 11:00:00,-123.491615132113,36.5665676770497,0,"available_crw"
"254027_0_t1",66,"254027_0_t1_crw_066",29,"254027_0_t1_20240418T170000",2024-04-18 17:00:00,-123.472953719198,36.528287274595,0,"available_crw"
"254027_0_t1",66,"254027_0_t1_crw_066",30,"254027_0_t1_20240418T230000",2024-04-18 23:00:00,-123.437326143026,36.3598451998388,0,"available_crw"
"254027_0_t1",66,"254027_0_t1_crw_066",31,"254027_0_t1_20240419T050000",2024-04-19 05:00:00,-123.441434342139,36.3663562475776,0,"available_crw"
"254027_0_t1",66,"254027_0_t1_crw_066",32,"254027_0_t1_20240419T110000",2024-04-19 11:00:00,-123.497237762397,36.5311855123639,0,"available_crw"
"254027_0_t1",67,"254027_0_t1_crw_067",1,"254027_0_t1_20240411T170000",2024-04-11 17:00:00,-121.8431658,36.81026373,0,"available_crw"
"254027_0_t1",67,"254027_0_t1_crw_067",2,"254027_0_t1_20240411T230000",2024-04-11 23:00:00,-121.80117156733,36.8068097746084,0,"available_crw"
"254027_0_t1",67,"254027_0_t1_crw_067",3,"254027_0_t1_20240412T050000",2024-04-12 05:00:00,-121.84904220865,36.8045453181507,0,"available_crw"
"254027_0_t1",67,"254027_0_t1_crw_067",4,"254027_0_t1_20240412T110000",2024-04-12 11:00:00,-122.165917894272,36.8804395500528,0,"available_crw"
"254027_0_t1",67,"254027_0_t1_crw_067",5,"254027_0_t1_20240412T170000",2024-04-12 17:00:00,-122.220226703856,36.8994587822925,0,"available_crw"
"254027_0_t1",67,"254027_0_t1_crw_067",6,"254027_0_t1_20240412T230000",2024-04-12 23:00:00,-122.216342155065,36.8659062116483,0,"available_crw"
"254027_0_t1",67,"254027_0_t1_crw_067",7,"254027_0_t1_20240413T050000",2024-04-13 05:00:00,-122.216457806831,36.8998520296081,0,"available_crw"
"254027_0_t1",67,"254027_0_t1_crw_067",8,"254027_0_t1_20240413T110000",2024-04-13 11:00:00,-122.385845242739,36.9412995055317,0,"available_crw"
"254027_0_t1",67,"254027_0_t1_crw_067",9,"254027_0_t1_20240413T170000",2024-04-13 17:00:00,-122.572842068582,37.0230905381979,0,"available_crw"
"254027_0_t1",67,"254027_0_t1_crw_067",10,"254027_0_t1_20240413T230000",2024-04-13 23:00:00,-122.583478556542,37.0060625118759,0,"available_crw"
"254027_0_t1",67,"254027_0_t1_crw_067",11,"254027_0_t1_20240414T050000",2024-04-14 05:00:00,-122.582012637055,37.0132764253687,0,"available_crw"
"254027_0_t1",67,"254027_0_t1_crw_067",12,"254027_0_t1_20240414T110000",2024-04-14 11:00:00,-122.559259755543,37.1089367531867,0,"available_crw"
"254027_0_t1",67,"254027_0_t1_crw_067",13,"254027_0_t1_20240414T170000",2024-04-14 17:00:00,-122.373356460412,37.1377701866599,0,"available_crw"
"254027_0_t1",67,"254027_0_t1_crw_067",14,"254027_0_t1_20240414T230000",2024-04-14 23:00:00,-122.37864351571,37.1563379907099,0,"available_crw"
"254027_0_t1",67,"254027_0_t1_crw_067",15,"254027_0_t1_20240415T050000",2024-04-15 05:00:00,-122.403593300556,37.23537893967,0,"available_crw"
"254027_0_t1",67,"254027_0_t1_crw_067",16,"254027_0_t1_20240415T110000",2024-04-15 11:00:00,-122.581186801894,37.2426294072774,0,"available_crw"
"254027_0_t1",67,"254027_0_t1_crw_067",17,"254027_0_t1_20240415T170000",2024-04-15 17:00:00,-122.562727061984,37.2123377708305,0,"available_crw"
"254027_0_t1",67,"254027_0_t1_crw_067",18,"254027_0_t1_20240415T230000",2024-04-15 23:00:00,-122.511796850959,37.0584785831634,0,"available_crw"
"254027_0_t1",67,"254027_0_t1_crw_067",19,"254027_0_t1_20240416T050000",2024-04-16 05:00:00,-122.650882009084,37.0286430997087,0,"available_crw"
"254027_0_t1",67,"254027_0_t1_crw_067",20,"254027_0_t1_20240416T110000",2024-04-16 11:00:00,-122.643182083442,37.0325562040417,0,"available_crw"
"254027_0_t1",67,"254027_0_t1_crw_067",21,"254027_0_t1_20240416T170000",2024-04-16 17:00:00,-122.44353993861,37.0925332414839,0,"available_crw"
"254027_0_t1",67,"254027_0_t1_crw_067",22,"254027_0_t1_20240416T230000",2024-04-16 23:00:00,-122.485346624957,37.073422755617,0,"available_crw"
"254027_0_t1",67,"254027_0_t1_crw_067",23,"254027_0_t1_20240417T050000",2024-04-17 05:00:00,-122.673488259274,37.0224945587678,0,"available_crw"
"254027_0_t1",67,"254027_0_t1_crw_067",24,"254027_0_t1_20240417T110000",2024-04-17 11:00:00,-122.632327665428,37.0304475066608,0,"available_crw"
"254027_0_t1",67,"254027_0_t1_crw_067",25,"254027_0_t1_20240417T170000",2024-04-17 17:00:00,-122.433953651133,37.0370034626219,0,"available_crw"
"254027_0_t1",67,"254027_0_t1_crw_067",26,"254027_0_t1_20240417T230000",2024-04-17 23:00:00,-122.447723034229,37.0306517746031,0,"available_crw"
"254027_0_t1",67,"254027_0_t1_crw_067",27,"254027_0_t1_20240418T050000",2024-04-18 05:00:00,-122.635535237911,36.9791974736864,0,"available_crw"
"254027_0_t1",67,"254027_0_t1_crw_067",28,"254027_0_t1_20240418T110000",2024-04-18 11:00:00,-122.627088191832,36.9613992467663,0,"available_crw"
"254027_0_t1",67,"254027_0_t1_crw_067",29,"254027_0_t1_20240418T170000",2024-04-18 17:00:00,-122.531712322871,36.8813097681436,0,"available_crw"
"254027_0_t1",67,"254027_0_t1_crw_067",30,"254027_0_t1_20240418T230000",2024-04-18 23:00:00,-122.539673286436,36.8848490910533,0,"available_crw"
"254027_0_t1",67,"254027_0_t1_crw_067",31,"254027_0_t1_20240419T050000",2024-04-19 05:00:00,-122.450385336041,37.1819392979671,0,"available_crw"
"254027_0_t1",67,"254027_0_t1_crw_067",32,"254027_0_t1_20240419T110000",2024-04-19 11:00:00,-122.454055721908,37.1434887444791,0,"available_crw"
"254027_0_t1",68,"254027_0_t1_crw_068",1,"254027_0_t1_20240411T170000",2024-04-11 17:00:00,-121.8431658,36.81026373,0,"available_crw"
"254027_0_t1",68,"254027_0_t1_crw_068",2,"254027_0_t1_20240411T230000",2024-04-11 23:00:00,-121.901811714782,36.8166632319724,0,"available_crw"
"254027_0_t1",68,"254027_0_t1_crw_068",3,"254027_0_t1_20240412T050000",2024-04-12 05:00:00,-122.022600257583,36.8011067595959,0,"available_crw"
"254027_0_t1",68,"254027_0_t1_crw_068",4,"254027_0_t1_20240412T110000",2024-04-12 11:00:00,-122.297498036033,36.8184580294583,0,"available_crw"
"254027_0_t1",68,"254027_0_t1_crw_068",5,"254027_0_t1_20240412T170000",2024-04-12 17:00:00,-122.298519789293,36.7994308260937,0,"available_crw"
"254027_0_t1",68,"254027_0_t1_crw_068",6,"254027_0_t1_20240412T230000",2024-04-12 23:00:00,-122.242276884935,36.7715211258888,0,"available_crw"
"254027_0_t1",68,"254027_0_t1_crw_068",7,"254027_0_t1_20240413T050000",2024-04-13 05:00:00,-122.347790015873,36.5130751187494,0,"available_crw"
"254027_0_t1",68,"254027_0_t1_crw_068",8,"254027_0_t1_20240413T110000",2024-04-13 11:00:00,-122.377046883852,36.4350424917591,0,"available_crw"
"254027_0_t1",68,"254027_0_t1_crw_068",9,"254027_0_t1_20240413T170000",2024-04-13 17:00:00,-122.574033957698,36.2223436909872,0,"available_crw"
"254027_0_t1",68,"254027_0_t1_crw_068",10,"254027_0_t1_20240413T230000",2024-04-13 23:00:00,-122.719624967273,36.115533387693,0,"available_crw"
"254027_0_t1",68,"254027_0_t1_crw_068",11,"254027_0_t1_20240414T050000",2024-04-14 05:00:00,-122.901045027681,36.0288521341405,0,"available_crw"
"254027_0_t1",68,"254027_0_t1_crw_068",12,"254027_0_t1_20240414T110000",2024-04-14 11:00:00,-123.100104840599,35.9736832079793,0,"available_crw"
"254027_0_t1",68,"254027_0_t1_crw_068",13,"254027_0_t1_20240414T170000",2024-04-14 17:00:00,-123.194207121411,35.9454708007423,0,"available_crw"
"254027_0_t1",68,"254027_0_t1_crw_068",14,"254027_0_t1_20240414T230000",2024-04-14 23:00:00,-123.414297456606,36.1934472214467,0,"available_crw"
"254027_0_t1",68,"254027_0_t1_crw_068",15,"254027_0_t1_20240415T050000",2024-04-15 05:00:00,-123.500502487073,36.349428829077,0,"available_crw"
"254027_0_t1",68,"254027_0_t1_crw_068",16,"254027_0_t1_20240415T110000",2024-04-15 11:00:00,-123.685070650543,36.282548366586,0,"available_crw"
"254027_0_t1",68,"254027_0_t1_crw_068",17,"254027_0_t1_20240415T170000",2024-04-15 17:00:00,-123.835933050342,36.2364301844747,0,"available_crw"
"254027_0_t1",68,"254027_0_t1_crw_068",18,"254027_0_t1_20240415T230000",2024-04-15 23:00:00,-123.976152064197,36.153613647991,0,"available_crw"
"254027_0_t1",68,"254027_0_t1_crw_068",19,"254027_0_t1_20240416T050000",2024-04-16 05:00:00,-123.948138436915,36.1879090644401,0,"available_crw"
"254027_0_t1",68,"254027_0_t1_crw_068",20,"254027_0_t1_20240416T110000",2024-04-16 11:00:00,-123.590173876512,36.0925007569072,0,"available_crw"
"254027_0_t1",68,"254027_0_t1_crw_068",21,"254027_0_t1_20240416T170000",2024-04-16 17:00:00,-123.599179389036,36.0926213557698,0,"available_crw"
"254027_0_t1",68,"254027_0_t1_crw_068",22,"254027_0_t1_20240416T230000",2024-04-16 23:00:00,-123.599997617042,36.1084789841086,0,"available_crw"
"254027_0_t1",68,"254027_0_t1_crw_068",23,"254027_0_t1_20240417T050000",2024-04-17 05:00:00,-123.570203578887,36.2658302522678,0,"available_crw"
"254027_0_t1",68,"254027_0_t1_crw_068",24,"254027_0_t1_20240417T110000",2024-04-17 11:00:00,-123.548750083994,36.3616638365293,0,"available_crw"
"254027_0_t1",68,"254027_0_t1_crw_068",25,"254027_0_t1_20240417T170000",2024-04-17 17:00:00,-123.562536146867,36.4594083630504,0,"available_crw"
"254027_0_t1",68,"254027_0_t1_crw_068",26,"254027_0_t1_20240417T230000",2024-04-17 23:00:00,-123.623274184275,36.4798859494328,0,"available_crw"
"254027_0_t1",68,"254027_0_t1_crw_068",27,"254027_0_t1_20240418T050000",2024-04-18 05:00:00,-123.614261489247,36.4792116084365,0,"available_crw"
"254027_0_t1",68,"254027_0_t1_crw_068",28,"254027_0_t1_20240418T110000",2024-04-18 11:00:00,-123.442727070769,36.5035537473575,0,"available_crw"
"254027_0_t1",68,"254027_0_t1_crw_068",29,"254027_0_t1_20240418T170000",2024-04-18 17:00:00,-123.420493733001,36.6446096220323,0,"available_crw"
"254027_0_t1",68,"254027_0_t1_crw_068",30,"254027_0_t1_20240418T230000",2024-04-18 23:00:00,-123.445016914367,36.7838407160286,0,"available_crw"
"254027_0_t1",68,"254027_0_t1_crw_068",31,"254027_0_t1_20240419T050000",2024-04-19 05:00:00,-123.646420979131,36.7608685481772,0,"available_crw"
"254027_0_t1",68,"254027_0_t1_crw_068",32,"254027_0_t1_20240419T110000",2024-04-19 11:00:00,-123.63357147864,36.7683073507278,0,"available_crw"
"254027_0_t1",69,"254027_0_t1_crw_069",1,"254027_0_t1_20240411T170000",2024-04-11 17:00:00,-121.8431658,36.81026373,0,"available_crw"
"254027_0_t1",69,"254027_0_t1_crw_069",2,"254027_0_t1_20240411T230000",2024-04-11 23:00:00,-121.901811714782,36.8166632319724,0,"available_crw"
"254027_0_t1",69,"254027_0_t1_crw_069",3,"254027_0_t1_20240412T050000",2024-04-12 05:00:00,-121.851365102658,36.877533646514,0,"available_crw"
"254027_0_t1",69,"254027_0_t1_crw_069",4,"254027_0_t1_20240412T110000",2024-04-12 11:00:00,-121.87124277596,36.8424365755381,0,"available_crw"
"254027_0_t1",69,"254027_0_t1_crw_069",5,"254027_0_t1_20240412T170000",2024-04-12 17:00:00,-122.05970735082,36.8492892058148,0,"available_crw"
"254027_0_t1",69,"254027_0_t1_crw_069",6,"254027_0_t1_20240412T230000",2024-04-12 23:00:00,-122.050915192504,36.8511576375313,0,"available_crw"
"254027_0_t1",69,"254027_0_t1_crw_069",7,"254027_0_t1_20240413T050000",2024-04-13 05:00:00,-122.013992452246,36.7396326574919,0,"available_crw"
"254027_0_t1",69,"254027_0_t1_crw_069",8,"254027_0_t1_20240413T110000",2024-04-13 11:00:00,-122.164836456381,36.6488807091117,0,"available_crw"
"254027_0_t1",69,"254027_0_t1_crw_069",9,"254027_0_t1_20240413T170000",2024-04-13 17:00:00,-122.237235819844,36.5696975689829,0,"available_crw"
"254027_0_t1",69,"254027_0_t1_crw_069",10,"254027_0_t1_20240413T230000",2024-04-13 23:00:00,-122.209983446653,36.5213018302155,0,"available_crw"
"254027_0_t1",69,"254027_0_t1_crw_069",11,"254027_0_t1_20240414T050000",2024-04-14 05:00:00,-122.22242604356,36.5291359779324,0,"available_crw"
"254027_0_t1",69,"254027_0_t1_crw_069",12,"254027_0_t1_20240414T110000",2024-04-14 11:00:00,-122.315635430845,36.5910241565184,0,"available_crw"
"254027_0_t1",69,"254027_0_t1_crw_069",13,"254027_0_t1_20240414T170000",2024-04-14 17:00:00,-122.447426260171,36.6224775700122,0,"available_crw"
"254027_0_t1",69,"254027_0_t1_crw_069",14,"254027_0_t1_20240414T230000",2024-04-14 23:00:00,-122.544910896141,36.5040128275639,0,"available_crw"
"254027_0_t1",69,"254027_0_t1_crw_069",15,"254027_0_t1_20240415T050000",2024-04-15 05:00:00,-122.664319120651,36.5675542615908,0,"available_crw"
"254027_0_t1",69,"254027_0_t1_crw_069",16,"254027_0_t1_20240415T110000",2024-04-15 11:00:00,-122.549005169316,36.8232973423502,0,"available_crw"
"254027_0_t1",69,"254027_0_t1_crw_069",17,"254027_0_t1_20240415T170000",2024-04-15 17:00:00,-122.549424423388,36.8159958276594,0,"available_crw"
"254027_0_t1",69,"254027_0_t1_crw_069",18,"254027_0_t1_20240415T230000",2024-04-15 23:00:00,-122.57834700984,36.5632763201381,0,"available_crw"
"254027_0_t1",69,"254027_0_t1_crw_069",19,"254027_0_t1_20240416T050000",2024-04-16 05:00:00,-122.950975857196,36.5086575888401,0,"available_crw"
"254027_0_t1",69,"254027_0_t1_crw_069",20,"254027_0_t1_20240416T110000",2024-04-16 11:00:00,-123.262345960466,36.4739235059279,0,"available_crw"
"254027_0_t1",69,"254027_0_t1_crw_069",21,"254027_0_t1_20240416T170000",2024-04-16 17:00:00,-123.249516060502,36.4813319508215,0,"available_crw"
"254027_0_t1",69,"254027_0_t1_crw_069",22,"254027_0_t1_20240416T230000",2024-04-16 23:00:00,-123.234389900276,36.4092096894149,0,"available_crw"
"254027_0_t1",69,"254027_0_t1_crw_069",23,"254027_0_t1_20240417T050000",2024-04-17 05:00:00,-123.196355859229,36.157273022756,0,"available_crw"
"254027_0_t1",69,"254027_0_t1_crw_069",24,"254027_0_t1_20240417T110000",2024-04-17 11:00:00,-123.186772953033,36.0268995194921,0,"available_crw"
"254027_0_t1",69,"254027_0_t1_crw_069",25,"254027_0_t1_20240417T170000",2024-04-17 17:00:00,-123.131281859005,35.893687471442,0,"available_crw"
"254027_0_t1",69,"254027_0_t1_crw_069",26,"254027_0_t1_20240417T230000",2024-04-17 23:00:00,-123.119507030278,35.8470624422341,0,"available_crw"
"254027_0_t1",69,"254027_0_t1_crw_069",27,"254027_0_t1_20240418T050000",2024-04-18 05:00:00,-123.041400715776,35.7216368467231,0,"available_crw"
"254027_0_t1",69,"254027_0_t1_crw_069",28,"254027_0_t1_20240418T110000",2024-04-18 11:00:00,-122.869459966395,35.745536433202,0,"available_crw"
"254027_0_t1",69,"254027_0_t1_crw_069",29,"254027_0_t1_20240418T170000",2024-04-18 17:00:00,-122.910982441255,35.7428835695112,0,"available_crw"
"254027_0_t1",69,"254027_0_t1_crw_069",30,"254027_0_t1_20240418T230000",2024-04-18 23:00:00,-122.865185376999,35.7601738676082,0,"available_crw"
"254027_0_t1",69,"254027_0_t1_crw_069",31,"254027_0_t1_20240419T050000",2024-04-19 05:00:00,-122.900733728066,35.7309710589387,0,"available_crw"
"254027_0_t1",69,"254027_0_t1_crw_069",32,"254027_0_t1_20240419T110000",2024-04-19 11:00:00,-123.129408198432,35.5589434901888,0,"available_crw"
"254027_0_t1",70,"254027_0_t1_crw_070",1,"254027_0_t1_20240411T170000",2024-04-11 17:00:00,-121.8431658,36.81026373,0,"available_crw"
"254027_0_t1",70,"254027_0_t1_crw_070",2,"254027_0_t1_20240411T230000",2024-04-11 23:00:00,-122.152628406773,36.9039795381729,0,"available_crw"
"254027_0_t1",70,"254027_0_t1_crw_070",3,"254027_0_t1_20240412T050000",2024-04-12 05:00:00,-122.20311395652,36.8696178808324,0,"available_crw"
"254027_0_t1",70,"254027_0_t1_crw_070",4,"254027_0_t1_20240412T110000",2024-04-12 11:00:00,-122.252996353311,36.8322713168248,0,"available_crw"
"254027_0_t1",70,"254027_0_t1_crw_070",5,"254027_0_t1_20240412T170000",2024-04-12 17:00:00,-122.114589154503,36.7123533868427,0,"available_crw"
"254027_0_t1",70,"254027_0_t1_crw_070",6,"254027_0_t1_20240412T230000",2024-04-12 23:00:00,-122.195067559488,36.5752863110608,0,"available_crw"
"254027_0_t1",70,"254027_0_t1_crw_070",7,"254027_0_t1_20240413T050000",2024-04-13 05:00:00,-122.181808603338,36.6123395471567,0,"available_crw"
"254027_0_t1",70,"254027_0_t1_crw_070",8,"254027_0_t1_20240413T110000",2024-04-13 11:00:00,-122.222573953456,36.604892145818,0,"available_crw"
"254027_0_t1",70,"254027_0_t1_crw_070",9,"254027_0_t1_20240413T170000",2024-04-13 17:00:00,-122.228040115093,36.6201378530828,0,"available_crw"
"254027_0_t1",70,"254027_0_t1_crw_070",10,"254027_0_t1_20240413T230000",2024-04-13 23:00:00,-121.904346525327,36.7796533414491,0,"available_crw"
"254027_0_t1",70,"254027_0_t1_crw_070",11,"254027_0_t1_20240414T050000",2024-04-14 05:00:00,-121.910340775013,36.7741611172091,0,"available_crw"
"254027_0_t1",70,"254027_0_t1_crw_070",12,"254027_0_t1_20240414T110000",2024-04-14 11:00:00,-121.945573421979,36.84158913596,0,"available_crw"
"254027_0_t1",70,"254027_0_t1_crw_070",13,"254027_0_t1_20240414T170000",2024-04-14 17:00:00,-121.974901783236,36.8910483019683,0,"available_crw"
"254027_0_t1",70,"254027_0_t1_crw_070",14,"254027_0_t1_20240414T230000",2024-04-14 23:00:00,-121.883851247573,36.8904321986586,0,"available_crw"
"254027_0_t1",70,"254027_0_t1_crw_070",15,"254027_0_t1_20240415T050000",2024-04-15 05:00:00,-121.851052836515,36.9365985730658,0,"available_crw"
"254027_0_t1",70,"254027_0_t1_crw_070",16,"254027_0_t1_20240415T110000",2024-04-15 11:00:00,-121.875218132463,36.908746856894,0,"available_crw"
"254027_0_t1",70,"254027_0_t1_crw_070",17,"254027_0_t1_20240415T170000",2024-04-15 17:00:00,-122.145504543007,36.7557136429195,0,"available_crw"
"254027_0_t1",70,"254027_0_t1_crw_070",18,"254027_0_t1_20240415T230000",2024-04-15 23:00:00,-122.228594406592,36.8498182581876,0,"available_crw"
"254027_0_t1",70,"254027_0_t1_crw_070",19,"254027_0_t1_20240416T050000",2024-04-16 05:00:00,-122.330847482092,37.0557925022377,0,"available_crw"
"254027_0_t1",70,"254027_0_t1_crw_070",20,"254027_0_t1_20240416T110000",2024-04-16 11:00:00,-122.357520003907,37.0297474889495,0,"available_crw"
"254027_0_t1",70,"254027_0_t1_crw_070",21,"254027_0_t1_20240416T170000",2024-04-16 17:00:00,-122.327818181857,37.0539426655708,0,"available_crw"
"254027_0_t1",70,"254027_0_t1_crw_070",22,"254027_0_t1_20240416T230000",2024-04-16 23:00:00,-121.995358080423,36.9048249618564,0,"available_crw"
"254027_0_t1",70,"254027_0_t1_crw_070",23,"254027_0_t1_20240417T050000",2024-04-17 05:00:00,-121.844682320966,36.801524938418,0,"available_crw"
"254027_0_t1",70,"254027_0_t1_crw_070",24,"254027_0_t1_20240417T110000",2024-04-17 11:00:00,-121.928023738147,36.7722750294401,0,"available_crw"
"254027_0_t1",70,"254027_0_t1_crw_070",25,"254027_0_t1_20240417T170000",2024-04-17 17:00:00,-121.891214860071,36.8008249944931,0,"available_crw"
"254027_0_t1",70,"254027_0_t1_crw_070",26,"254027_0_t1_20240417T230000",2024-04-17 23:00:00,-121.809291097887,36.8725334421108,0,"available_crw"
"254027_0_t1",70,"254027_0_t1_crw_070",27,"254027_0_t1_20240418T050000",2024-04-18 05:00:00,-121.828636101393,36.834456344806,0,"available_crw"
"254027_0_t1",70,"254027_0_t1_crw_070",28,"254027_0_t1_20240418T110000",2024-04-18 11:00:00,-121.849573550056,36.6948623103159,0,"available_crw"
"254027_0_t1",70,"254027_0_t1_crw_070",29,"254027_0_t1_20240418T170000",2024-04-18 17:00:00,-121.901436378924,36.4445653033865,0,"available_crw"
"254027_0_t1",70,"254027_0_t1_crw_070",30,"254027_0_t1_20240418T230000",2024-04-18 23:00:00,-121.883744784258,36.3046774931733,0,"available_crw"
"254027_0_t1",70,"254027_0_t1_crw_070",31,"254027_0_t1_20240419T050000",2024-04-19 05:00:00,-121.837073606333,36.2138587379048,0,"available_crw"
"254027_0_t1",70,"254027_0_t1_crw_070",32,"254027_0_t1_20240419T110000",2024-04-19 11:00:00,-121.771917979787,36.2077317118407,0,"available_crw"
"254027_0_t1",71,"254027_0_t1_crw_071",1,"254027_0_t1_20240411T170000",2024-04-11 17:00:00,-121.8431658,36.81026373,0,"available_crw"
"254027_0_t1",71,"254027_0_t1_crw_071",2,"254027_0_t1_20240411T230000",2024-04-11 23:00:00,-122.037018718084,36.8426236931558,0,"available_crw"
"254027_0_t1",71,"254027_0_t1_crw_071",3,"254027_0_t1_20240412T050000",2024-04-12 05:00:00,-122.286563865309,36.9373948507937,0,"available_crw"
"254027_0_t1",71,"254027_0_t1_crw_071",4,"254027_0_t1_20240412T110000",2024-04-12 11:00:00,-122.270711803948,36.9379226421416,0,"available_crw"
"254027_0_t1",71,"254027_0_t1_crw_071",5,"254027_0_t1_20240412T170000",2024-04-12 17:00:00,-122.264495122984,36.8226172889475,0,"available_crw"
"254027_0_t1",71,"254027_0_t1_crw_071",6,"254027_0_t1_20240412T230000",2024-04-12 23:00:00,-122.28413218179,36.8210067566971,0,"available_crw"
"254027_0_t1",71,"254027_0_t1_crw_071",7,"254027_0_t1_20240413T050000",2024-04-13 05:00:00,-122.384734688888,36.8108117679649,0,"available_crw"
"254027_0_t1",71,"254027_0_t1_crw_071",8,"254027_0_t1_20240413T110000",2024-04-13 11:00:00,-122.546159600094,36.7568233803907,0,"available_crw"
"254027_0_t1",71,"254027_0_t1_crw_071",9,"254027_0_t1_20240413T170000",2024-04-13 17:00:00,-122.818275247716,36.7221335838775,0,"available_crw"
"254027_0_t1",71,"254027_0_t1_crw_071",10,"254027_0_t1_20240413T230000",2024-04-13 23:00:00,-122.843037730158,36.5813488391647,0,"available_crw"
"254027_0_t1",71,"254027_0_t1_crw_071",11,"254027_0_t1_20240414T050000",2024-04-14 05:00:00,-122.807892944037,36.4742231002657,0,"available_crw"
"254027_0_t1",71,"254027_0_t1_crw_071",12,"254027_0_t1_20240414T110000",2024-04-14 11:00:00,-122.6319876302,36.468296977898,0,"available_crw"
"254027_0_t1",71,"254027_0_t1_crw_071",13,"254027_0_t1_20240414T170000",2024-04-14 17:00:00,-122.637787788713,36.3529651166425,0,"available_crw"
"254027_0_t1",71,"254027_0_t1_crw_071",14,"254027_0_t1_20240414T230000",2024-04-14 23:00:00,-122.780387411537,36.3573408561571,0,"available_crw"
"254027_0_t1",71,"254027_0_t1_crw_071",15,"254027_0_t1_20240415T050000",2024-04-15 05:00:00,-122.941086115495,36.3701361750652,0,"available_crw"
"254027_0_t1",71,"254027_0_t1_crw_071",16,"254027_0_t1_20240415T110000",2024-04-15 11:00:00,-123.100578172499,36.3907182118877,0,"available_crw"
"254027_0_t1",71,"254027_0_t1_crw_071",17,"254027_0_t1_20240415T170000",2024-04-15 17:00:00,-123.048695094044,36.4506584034934,0,"available_crw"
"254027_0_t1",71,"254027_0_t1_crw_071",18,"254027_0_t1_20240415T230000",2024-04-15 23:00:00,-123.075780595217,36.42470333362,0,"available_crw"
"254027_0_t1",71,"254027_0_t1_crw_071",19,"254027_0_t1_20240416T050000",2024-04-16 05:00:00,-123.28850533627,36.2381725443506,0,"available_crw"
"254027_0_t1",71,"254027_0_t1_crw_071",20,"254027_0_t1_20240416T110000",2024-04-16 11:00:00,-123.393620889775,36.3161474226022,0,"available_crw"
"254027_0_t1",71,"254027_0_t1_crw_071",21,"254027_0_t1_20240416T170000",2024-04-16 17:00:00,-123.505850451114,36.4100426440453,0,"available_crw"
"254027_0_t1",71,"254027_0_t1_crw_071",22,"254027_0_t1_20240416T230000",2024-04-16 23:00:00,-123.492559240907,36.4217252330292,0,"available_crw"
"254027_0_t1",71,"254027_0_t1_crw_071",23,"254027_0_t1_20240417T050000",2024-04-17 05:00:00,-123.477356726781,36.4116798165416,0,"available_crw"
"254027_0_t1",71,"254027_0_t1_crw_071",24,"254027_0_t1_20240417T110000",2024-04-17 11:00:00,-123.533531057807,36.2670000763254,0,"available_crw"
"254027_0_t1",71,"254027_0_t1_crw_071",25,"254027_0_t1_20240417T170000",2024-04-17 17:00:00,-123.389103546281,36.1862087447035,0,"available_crw"
"254027_0_t1",71,"254027_0_t1_crw_071",26,"254027_0_t1_20240417T230000",2024-04-17 23:00:00,-123.421280222289,36.2079461549612,0,"available_crw"
"254027_0_t1",71,"254027_0_t1_crw_071",27,"254027_0_t1_20240418T050000",2024-04-18 05:00:00,-123.461445767683,36.2426780909991,0,"available_crw"
"254027_0_t1",71,"254027_0_t1_crw_071",28,"254027_0_t1_20240418T110000",2024-04-18 11:00:00,-123.619105188721,36.1802549770368,0,"available_crw"
"254027_0_t1",71,"254027_0_t1_crw_071",29,"254027_0_t1_20240418T170000",2024-04-18 17:00:00,-123.869767472481,36.408794041466,0,"available_crw"
"254027_0_t1",71,"254027_0_t1_crw_071",30,"254027_0_t1_20240418T230000",2024-04-18 23:00:00,-123.763194615644,36.4856600063636,0,"available_crw"
"254027_0_t1",71,"254027_0_t1_crw_071",31,"254027_0_t1_20240419T050000",2024-04-19 05:00:00,-123.79695013415,36.4654288902471,0,"available_crw"
"254027_0_t1",71,"254027_0_t1_crw_071",32,"254027_0_t1_20240419T110000",2024-04-19 11:00:00,-123.788472936412,36.4127141017334,0,"available_crw"
"254027_0_t1",72,"254027_0_t1_crw_072",1,"254027_0_t1_20240411T170000",2024-04-11 17:00:00,-121.8431658,36.81026373,0,"available_crw"
"254027_0_t1",72,"254027_0_t1_crw_072",2,"254027_0_t1_20240411T230000",2024-04-11 23:00:00,-121.901811714782,36.8166632319724,0,"available_crw"
"254027_0_t1",72,"254027_0_t1_crw_072",3,"254027_0_t1_20240412T050000",2024-04-12 05:00:00,-121.959047779869,36.8287934465976,0,"available_crw"
"254027_0_t1",72,"254027_0_t1_crw_072",4,"254027_0_t1_20240412T110000",2024-04-12 11:00:00,-122.13736843206,36.898103650576,0,"available_crw"
"254027_0_t1",72,"254027_0_t1_crw_072",5,"254027_0_t1_20240412T170000",2024-04-12 17:00:00,-122.245184352987,36.9427033706693,0,"available_crw"
"254027_0_t1",72,"254027_0_t1_crw_072",6,"254027_0_t1_20240412T230000",2024-04-12 23:00:00,-122.45426644033,37.087785068547,0,"available_crw"
"254027_0_t1",72,"254027_0_t1_crw_072",7,"254027_0_t1_20240413T050000",2024-04-13 05:00:00,-122.551026857096,37.1467356272953,0,"available_crw"
"254027_0_t1",72,"254027_0_t1_crw_072",8,"254027_0_t1_20240413T110000",2024-04-13 11:00:00,-122.501862337546,37.1347942657569,0,"available_crw"
"254027_0_t1",72,"254027_0_t1_crw_072",9,"254027_0_t1_20240413T170000",2024-04-13 17:00:00,-122.510990920395,37.1347357411381,0,"available_crw"
"254027_0_t1",72,"254027_0_t1_crw_072",10,"254027_0_t1_20240413T230000",2024-04-13 23:00:00,-122.628289797847,37.1055304973498,0,"available_crw"
"254027_0_t1",72,"254027_0_t1_crw_072",11,"254027_0_t1_20240414T050000",2024-04-14 05:00:00,-122.620456165253,37.0875493117767,0,"available_crw"
"254027_0_t1",72,"254027_0_t1_crw_072",12,"254027_0_t1_20240414T110000",2024-04-14 11:00:00,-122.607949349213,37.0410270394786,0,"available_crw"
"254027_0_t1",72,"254027_0_t1_crw_072",13,"254027_0_t1_20240414T170000",2024-04-14 17:00:00,-122.585576734163,36.9453108115664,0,"available_crw"
"254027_0_t1",72,"254027_0_t1_crw_072",14,"254027_0_t1_20240414T230000",2024-04-14 23:00:00,-122.894649678769,36.8339949595893,0,"available_crw"
"254027_0_t1",72,"254027_0_t1_crw_072",15,"254027_0_t1_20240415T050000",2024-04-15 05:00:00,-123.030677359218,36.9391389260512,0,"available_crw"
"254027_0_t1",72,"254027_0_t1_crw_072",16,"254027_0_t1_20240415T110000",2024-04-15 11:00:00,-123.02252935443,36.9358762049855,0,"available_crw"
"254027_0_t1",72,"254027_0_t1_crw_072",17,"254027_0_t1_20240415T170000",2024-04-15 17:00:00,-123.031518541085,36.9370401908965,0,"available_crw"
"254027_0_t1",72,"254027_0_t1_crw_072",18,"254027_0_t1_20240415T230000",2024-04-15 23:00:00,-123.132147396265,36.9481153934393,0,"available_crw"
"254027_0_t1",72,"254027_0_t1_crw_072",19,"254027_0_t1_20240416T050000",2024-04-16 05:00:00,-123.117053886272,36.9166700878994,0,"available_crw"
"254027_0_t1",72,"254027_0_t1_crw_072",20,"254027_0_t1_20240416T110000",2024-04-16 11:00:00,-122.926637459839,36.9751616812531,0,"available_crw"
"254027_0_t1",72,"254027_0_t1_crw_072",21,"254027_0_t1_20240416T170000",2024-04-16 17:00:00,-122.965164617944,36.9480309553261,0,"available_crw"
"254027_0_t1",72,"254027_0_t1_crw_072",22,"254027_0_t1_20240416T230000",2024-04-16 23:00:00,-123.029944548543,36.8645396035644,0,"available_crw"
"254027_0_t1",72,"254027_0_t1_crw_072",23,"254027_0_t1_20240417T050000",2024-04-17 05:00:00,-123.063233363197,36.8167245240192,0,"available_crw"
"254027_0_t1",72,"254027_0_t1_crw_072",24,"254027_0_t1_20240417T110000",2024-04-17 11:00:00,-123.125096288716,36.7330108808262,0,"available_crw"
"254027_0_t1",72,"254027_0_t1_crw_072",25,"254027_0_t1_20240417T170000",2024-04-17 17:00:00,-123.100374948985,36.7605194217771,0,"available_crw"
"254027_0_t1",72,"254027_0_t1_crw_072",26,"254027_0_t1_20240417T230000",2024-04-17 23:00:00,-123.128067730918,36.7349095364815,0,"available_crw"
"254027_0_t1",72,"254027_0_t1_crw_072",27,"254027_0_t1_20240418T050000",2024-04-18 05:00:00,-123.170832826098,36.6295843210911,0,"available_crw"
"254027_0_t1",72,"254027_0_t1_crw_072",28,"254027_0_t1_20240418T110000",2024-04-18 11:00:00,-123.199997276727,36.5515168822609,0,"available_crw"
"254027_0_t1",72,"254027_0_t1_crw_072",29,"254027_0_t1_20240418T170000",2024-04-18 17:00:00,-123.22686392052,36.4729201378135,0,"available_crw"
"254027_0_t1",72,"254027_0_t1_crw_072",30,"254027_0_t1_20240418T230000",2024-04-18 23:00:00,-123.279313938071,36.3493948210784,0,"available_crw"
"254027_0_t1",72,"254027_0_t1_crw_072",31,"254027_0_t1_20240419T050000",2024-04-19 05:00:00,-123.321343181334,36.2581332052678,0,"available_crw"
"254027_0_t1",72,"254027_0_t1_crw_072",32,"254027_0_t1_20240419T110000",2024-04-19 11:00:00,-123.443754165223,36.0245443325925,0,"available_crw"
"254027_0_t1",73,"254027_0_t1_crw_073",1,"254027_0_t1_20240411T170000",2024-04-11 17:00:00,-121.8431658,36.81026373,0,"available_crw"
"254027_0_t1",73,"254027_0_t1_crw_073",2,"254027_0_t1_20240411T230000",2024-04-11 23:00:00,-121.901811714782,36.8166632319724,0,"available_crw"
"254027_0_t1",73,"254027_0_t1_crw_073",3,"254027_0_t1_20240412T050000",2024-04-12 05:00:00,-121.959047779869,36.8287934465976,0,"available_crw"
"254027_0_t1",73,"254027_0_t1_crw_073",4,"254027_0_t1_20240412T110000",2024-04-12 11:00:00,-122.081327047525,36.8252572730376,0,"available_crw"
"254027_0_t1",73,"254027_0_t1_crw_073",5,"254027_0_t1_20240412T170000",2024-04-12 17:00:00,-122.072753909281,36.8276900906326,0,"available_crw"
"254027_0_t1",73,"254027_0_t1_crw_073",6,"254027_0_t1_20240412T230000",2024-04-12 23:00:00,-122.113670127244,36.819307440911,0,"available_crw"
"254027_0_t1",73,"254027_0_t1_crw_073",7,"254027_0_t1_20240413T050000",2024-04-13 05:00:00,-122.273176163315,36.794800515797,0,"available_crw"
"254027_0_t1",73,"254027_0_t1_crw_073",8,"254027_0_t1_20240413T110000",2024-04-13 11:00:00,-122.249501443904,36.8654232620626,0,"available_crw"
"254027_0_t1",73,"254027_0_t1_crw_073",9,"254027_0_t1_20240413T170000",2024-04-13 17:00:00,-122.253105219437,36.9637476227987,0,"available_crw"
"254027_0_t1",73,"254027_0_t1_crw_073",10,"254027_0_t1_20240413T230000",2024-04-13 23:00:00,-122.233405442094,36.9651363552632,0,"available_crw"
"254027_0_t1",73,"254027_0_t1_crw_073",11,"254027_0_t1_20240414T050000",2024-04-14 05:00:00,-122.220573891303,36.8501850432748,0,"available_crw"
"254027_0_t1",73,"254027_0_t1_crw_073",12,"254027_0_t1_20240414T110000",2024-04-14 11:00:00,-122.242610508075,36.8873107320772,0,"available_crw"
"254027_0_t1",73,"254027_0_t1_crw_073",13,"254027_0_t1_20240414T170000",2024-04-14 17:00:00,-122.345867354699,36.9608286146101,0,"available_crw"
"254027_0_t1",73,"254027_0_t1_crw_073",14,"254027_0_t1_20240414T230000",2024-04-14 23:00:00,-122.250602723283,37.0473281078889,0,"available_crw"
"254027_0_t1",73,"254027_0_t1_crw_073",15,"254027_0_t1_20240415T050000",2024-04-15 05:00:00,-122.254411563709,37.0349639082486,0,"available_crw"
"254027_0_t1",73,"254027_0_t1_crw_073",16,"254027_0_t1_20240415T110000",2024-04-15 11:00:00,-122.258185396868,37.0473350113722,0,"available_crw"
"254027_0_t1",73,"254027_0_t1_crw_073",17,"254027_0_t1_20240415T170000",2024-04-15 17:00:00,-122.456446260982,37.0084876319377,0,"available_crw"
"254027_0_t1",73,"254027_0_t1_crw_073",18,"254027_0_t1_20240415T230000",2024-04-15 23:00:00,-122.462276653631,37.0236524714084,0,"available_crw"
"254027_0_t1",73,"254027_0_t1_crw_073",19,"254027_0_t1_20240416T050000",2024-04-16 05:00:00,-122.639599164635,37.0235687935316,0,"available_crw"
"254027_0_t1",73,"254027_0_t1_crw_073",20,"254027_0_t1_20240416T110000",2024-04-16 11:00:00,-122.76674890059,36.9802284957112,0,"available_crw"
"254027_0_t1",73,"254027_0_t1_crw_073",21,"254027_0_t1_20240416T170000",2024-04-16 17:00:00,-122.748542606227,36.8387971508327,0,"available_crw"
"254027_0_t1",73,"254027_0_t1_crw_073",22,"254027_0_t1_20240416T230000",2024-04-16 23:00:00,-122.682218771276,36.7416700743205,0,"available_crw"
"254027_0_t1",73,"254027_0_t1_crw_073",23,"254027_0_t1_20240417T050000",2024-04-17 05:00:00,-122.646745358749,36.6949081969461,0,"available_crw"
"254027_0_t1",73,"254027_0_t1_crw_073",24,"254027_0_t1_20240417T110000",2024-04-17 11:00:00,-122.475532966264,36.7297761344905,0,"available_crw"
"254027_0_t1",73,"254027_0_t1_crw_073",25,"254027_0_t1_20240417T170000",2024-04-17 17:00:00,-122.200071532462,36.7311491919807,0,"available_crw"
"254027_0_t1",73,"254027_0_t1_crw_073",26,"254027_0_t1_20240417T230000",2024-04-17 23:00:00,-122.200790466112,36.8947883757174,0,"available_crw"
"254027_0_t1",73,"254027_0_t1_crw_073",27,"254027_0_t1_20240418T050000",2024-04-18 05:00:00,-122.236591666359,36.9888630647381,0,"available_crw"
"254027_0_t1",73,"254027_0_t1_crw_073",28,"254027_0_t1_20240418T110000",2024-04-18 11:00:00,-122.218041491611,36.9943766208052,0,"available_crw"
"254027_0_t1",73,"254027_0_t1_crw_073",29,"254027_0_t1_20240418T170000",2024-04-18 17:00:00,-122.167872505008,36.8862195056307,0,"available_crw"
"254027_0_t1",73,"254027_0_t1_crw_073",30,"254027_0_t1_20240418T230000",2024-04-18 23:00:00,-122.093941316277,36.8078268665547,0,"available_crw"
"254027_0_t1",73,"254027_0_t1_crw_073",31,"254027_0_t1_20240419T050000",2024-04-19 05:00:00,-122.101340345319,36.8120722732165,0,"available_crw"
"254027_0_t1",73,"254027_0_t1_crw_073",32,"254027_0_t1_20240419T110000",2024-04-19 11:00:00,-122.227597565992,36.8942687906618,0,"available_crw"
"254027_0_t1",74,"254027_0_t1_crw_074",1,"254027_0_t1_20240411T170000",2024-04-11 17:00:00,-121.8431658,36.81026373,0,"available_crw"
"254027_0_t1",74,"254027_0_t1_crw_074",2,"254027_0_t1_20240411T230000",2024-04-11 23:00:00,-121.876052153576,36.7641617808646,0,"available_crw"
"254027_0_t1",74,"254027_0_t1_crw_074",3,"254027_0_t1_20240412T050000",2024-04-12 05:00:00,-122.200771428807,36.8404893972293,0,"available_crw"
"254027_0_t1",74,"254027_0_t1_crw_074",4,"254027_0_t1_20240412T110000",2024-04-12 11:00:00,-122.153152687935,36.8357857235232,0,"available_crw"
"254027_0_t1",74,"254027_0_t1_crw_074",5,"254027_0_t1_20240412T170000",2024-04-12 17:00:00,-122.052243284294,36.8276497174378,0,"available_crw"
"254027_0_t1",74,"254027_0_t1_crw_074",6,"254027_0_t1_20240412T230000",2024-04-12 23:00:00,-121.862889772552,36.78129864744,0,"available_crw"
"254027_0_t1",74,"254027_0_t1_crw_074",7,"254027_0_t1_20240413T050000",2024-04-13 05:00:00,-121.871508333403,36.8142736973804,0,"available_crw"
"254027_0_t1",74,"254027_0_t1_crw_074",8,"254027_0_t1_20240413T110000",2024-04-13 11:00:00,-121.903257757085,36.7922840409421,0,"available_crw"
"254027_0_t1",74,"254027_0_t1_crw_074",9,"254027_0_t1_20240413T170000",2024-04-13 17:00:00,-122.075103020082,36.7134639517585,0,"available_crw"
"254027_0_t1",74,"254027_0_t1_crw_074",10,"254027_0_t1_20240413T230000",2024-04-13 23:00:00,-122.132538096017,36.6840911860644,0,"available_crw"
"254027_0_t1",74,"254027_0_t1_crw_074",11,"254027_0_t1_20240414T050000",2024-04-14 05:00:00,-122.188169159451,36.6525711899968,0,"available_crw"
"254027_0_t1",74,"254027_0_t1_crw_074",12,"254027_0_t1_20240414T110000",2024-04-14 11:00:00,-122.182644601224,36.658368625568,0,"available_crw"
"254027_0_t1",74,"254027_0_t1_crw_074",13,"254027_0_t1_20240414T170000",2024-04-14 17:00:00,-122.021686987529,36.7697347975927,0,"available_crw"
"254027_0_t1",74,"254027_0_t1_crw_074",14,"254027_0_t1_20240414T230000",2024-04-14 23:00:00,-122.034803350701,36.8218306743054,0,"available_crw"
"254027_0_t1",74,"254027_0_t1_crw_074",15,"254027_0_t1_20240415T050000",2024-04-15 05:00:00,-122.066114727726,36.9158847869559,0,"available_crw"
"254027_0_t1",74,"254027_0_t1_crw_074",16,"254027_0_t1_20240415T110000",2024-04-15 11:00:00,-122.061247082671,36.9097090992572,0,"available_crw"
"254027_0_t1",74,"254027_0_t1_crw_074",17,"254027_0_t1_20240415T170000",2024-04-15 17:00:00,-121.948000991309,36.8464656661683,0,"available_crw"
"254027_0_t1",74,"254027_0_t1_crw_074",18,"254027_0_t1_20240415T230000",2024-04-15 23:00:00,-122.071062369974,36.5930874492086,0,"available_crw"
"254027_0_t1",74,"254027_0_t1_crw_074",19,"254027_0_t1_20240416T050000",2024-04-16 05:00:00,-122.070220121051,36.6342140467302,0,"available_crw"
"254027_0_t1",74,"254027_0_t1_crw_074",20,"254027_0_t1_20240416T110000",2024-04-16 11:00:00,-122.028859648274,36.7898630238484,0,"available_crw"
"254027_0_t1",74,"254027_0_t1_crw_074",21,"254027_0_t1_20240416T170000",2024-04-16 17:00:00,-122.227839670946,36.8241630084384,0,"available_crw"
"254027_0_t1",74,"254027_0_t1_crw_074",22,"254027_0_t1_20240416T230000",2024-04-16 23:00:00,-122.363164754984,36.8032098010904,0,"available_crw"
"254027_0_t1",74,"254027_0_t1_crw_074",23,"254027_0_t1_20240417T050000",2024-04-17 05:00:00,-122.638613189122,36.8135906875262,0,"available_crw"
"254027_0_t1",74,"254027_0_t1_crw_074",24,"254027_0_t1_20240417T110000",2024-04-17 11:00:00,-122.589887831172,36.8261348568077,0,"available_crw"
"254027_0_t1",74,"254027_0_t1_crw_074",25,"254027_0_t1_20240417T170000",2024-04-17 17:00:00,-122.582788575288,36.8113268943649,0,"available_crw"
"254027_0_t1",74,"254027_0_t1_crw_074",26,"254027_0_t1_20240417T230000",2024-04-17 23:00:00,-122.560984754647,36.8187697299719,0,"available_crw"
"254027_0_t1",74,"254027_0_t1_crw_074",27,"254027_0_t1_20240418T050000",2024-04-18 05:00:00,-122.571036964956,36.8089262317734,0,"available_crw"
"254027_0_t1",74,"254027_0_t1_crw_074",28,"254027_0_t1_20240418T110000",2024-04-18 11:00:00,-122.567625871609,36.815701443934,0,"available_crw"
"254027_0_t1",74,"254027_0_t1_crw_074",29,"254027_0_t1_20240418T170000",2024-04-18 17:00:00,-122.434536523101,36.7725233373506,0,"available_crw"
"254027_0_t1",74,"254027_0_t1_crw_074",30,"254027_0_t1_20240418T230000",2024-04-18 23:00:00,-122.269016057252,36.6854238079456,0,"available_crw"
"254027_0_t1",74,"254027_0_t1_crw_074",31,"254027_0_t1_20240419T050000",2024-04-19 05:00:00,-122.183126456471,36.6423106718318,0,"available_crw"
"254027_0_t1",74,"254027_0_t1_crw_074",32,"254027_0_t1_20240419T110000",2024-04-19 11:00:00,-122.258586635444,36.544235558212,0,"available_crw"
"254027_0_t1",75,"254027_0_t1_crw_075",1,"254027_0_t1_20240411T170000",2024-04-11 17:00:00,-121.8431658,36.81026373,0,"available_crw"
"254027_0_t1",75,"254027_0_t1_crw_075",2,"254027_0_t1_20240411T230000",2024-04-11 23:00:00,-121.911257172552,36.8083374476338,0,"available_crw"
"254027_0_t1",75,"254027_0_t1_crw_075",3,"254027_0_t1_20240412T050000",2024-04-12 05:00:00,-121.970212130763,36.8125022893061,0,"available_crw"
"254027_0_t1",75,"254027_0_t1_crw_075",4,"254027_0_t1_20240412T110000",2024-04-12 11:00:00,-121.928660518163,36.8065079691507,0,"available_crw"
"254027_0_t1",75,"254027_0_t1_crw_075",5,"254027_0_t1_20240412T170000",2024-04-12 17:00:00,-121.886712097018,36.8475917562269,0,"available_crw"
"254027_0_t1",75,"254027_0_t1_crw_075",6,"254027_0_t1_20240412T230000",2024-04-12 23:00:00,-121.845925024892,36.8914949029871,0,"available_crw"
"254027_0_t1",75,"254027_0_t1_crw_075",7,"254027_0_t1_20240413T050000",2024-04-13 05:00:00,-121.865391685498,36.9023664355061,0,"available_crw"
"254027_0_t1",75,"254027_0_t1_crw_075",8,"254027_0_t1_20240413T110000",2024-04-13 11:00:00,-121.878259391316,36.8863718464908,0,"available_crw"
"254027_0_t1",75,"254027_0_t1_crw_075",9,"254027_0_t1_20240413T170000",2024-04-13 17:00:00,-121.857926701514,36.8765814837172,0,"available_crw"
"254027_0_t1",75,"254027_0_t1_crw_075",10,"254027_0_t1_20240413T230000",2024-04-13 23:00:00,-121.873751888899,36.8773209811521,0,"available_crw"
"254027_0_t1",75,"254027_0_t1_crw_075",11,"254027_0_t1_20240414T050000",2024-04-14 05:00:00,-121.994937553718,36.8769336868726,0,"available_crw"
"254027_0_t1",75,"254027_0_t1_crw_075",12,"254027_0_t1_20240414T110000",2024-04-14 11:00:00,-122.096370021118,36.8746324804088,0,"available_crw"
"254027_0_t1",75,"254027_0_t1_crw_075",13,"254027_0_t1_20240414T170000",2024-04-14 17:00:00,-122.058886116914,36.9412899652738,0,"available_crw"
"254027_0_t1",75,"254027_0_t1_crw_075",14,"254027_0_t1_20240414T230000",2024-04-14 23:00:00,-122.244723012783,37.0087024248809,0,"available_crw"
"254027_0_t1",75,"254027_0_t1_crw_075",15,"254027_0_t1_20240415T050000",2024-04-15 05:00:00,-122.366349156969,37.0214771903404,0,"available_crw"
"254027_0_t1",75,"254027_0_t1_crw_075",16,"254027_0_t1_20240415T110000",2024-04-15 11:00:00,-122.423817584566,37.0333782219929,0,"available_crw"
"254027_0_t1",75,"254027_0_t1_crw_075",17,"254027_0_t1_20240415T170000",2024-04-15 17:00:00,-122.54308039569,37.0518116111892,0,"available_crw"
"254027_0_t1",75,"254027_0_t1_crw_075",18,"254027_0_t1_20240415T230000",2024-04-15 23:00:00,-122.58176757632,36.8911396894819,0,"available_crw"
"254027_0_t1",75,"254027_0_t1_crw_075",19,"254027_0_t1_20240416T050000",2024-04-16 05:00:00,-122.558348755213,36.8881615390123,0,"available_crw"
"254027_0_t1",75,"254027_0_t1_crw_075",20,"254027_0_t1_20240416T110000",2024-04-16 11:00:00,-122.599331460198,36.8964584182036,0,"available_crw"
"254027_0_t1",75,"254027_0_t1_crw_075",21,"254027_0_t1_20240416T170000",2024-04-16 17:00:00,-122.654584769593,36.9136621345188,0,"available_crw"
"254027_0_t1",75,"254027_0_t1_crw_075",22,"254027_0_t1_20240416T230000",2024-04-16 23:00:00,-122.802419482632,36.9681693369104,0,"available_crw"
"254027_0_t1",75,"254027_0_t1_crw_075",23,"254027_0_t1_20240417T050000",2024-04-17 05:00:00,-122.940458557471,36.9714287010637,0,"available_crw"
"254027_0_t1",75,"254027_0_t1_crw_075",24,"254027_0_t1_20240417T110000",2024-04-17 11:00:00,-122.941044082083,36.9872914921855,0,"available_crw"
"254027_0_t1",75,"254027_0_t1_crw_075",25,"254027_0_t1_20240417T170000",2024-04-17 17:00:00,-123.144944145,36.982469740605,0,"available_crw"
"254027_0_t1",75,"254027_0_t1_crw_075",26,"254027_0_t1_20240417T230000",2024-04-17 23:00:00,-123.175452085243,36.935287107629,0,"available_crw"
"254027_0_t1",75,"254027_0_t1_crw_075",27,"254027_0_t1_20240418T050000",2024-04-18 05:00:00,-123.224534983828,36.846257398936,0,"available_crw"
"254027_0_t1",75,"254027_0_t1_crw_075",28,"254027_0_t1_20240418T110000",2024-04-18 11:00:00,-123.202555449065,36.8391400744478,0,"available_crw"
"254027_0_t1",75,"254027_0_t1_crw_075",29,"254027_0_t1_20240418T170000",2024-04-18 17:00:00,-123.211619993073,36.8397262217328,0,"available_crw"
"254027_0_t1",75,"254027_0_t1_crw_075",30,"254027_0_t1_20240418T230000",2024-04-18 23:00:00,-123.165344957759,36.9027178660155,0,"available_crw"
"254027_0_t1",75,"254027_0_t1_crw_075",31,"254027_0_t1_20240419T050000",2024-04-19 05:00:00,-122.798375500761,36.8224173699477,0,"available_crw"
"254027_0_t1",75,"254027_0_t1_crw_075",32,"254027_0_t1_20240419T110000",2024-04-19 11:00:00,-122.837934295328,36.8342992180016,0,"available_crw"
"254027_0_t1",76,"254027_0_t1_crw_076",1,"254027_0_t1_20240411T170000",2024-04-11 17:00:00,-121.8431658,36.81026373,0,"available_crw"
"254027_0_t1",76,"254027_0_t1_crw_076",2,"254027_0_t1_20240411T230000",2024-04-11 23:00:00,-121.844084534406,36.8261146303243,0,"available_crw"
"254027_0_t1",76,"254027_0_t1_crw_076",3,"254027_0_t1_20240412T050000",2024-04-12 05:00:00,-121.851148567189,36.9074357245944,0,"available_crw"
"254027_0_t1",76,"254027_0_t1_crw_076",4,"254027_0_t1_20240412T110000",2024-04-12 11:00:00,-122.054401088317,36.8960619670581,0,"available_crw"
"254027_0_t1",76,"254027_0_t1_crw_076",5,"254027_0_t1_20240412T170000",2024-04-12 17:00:00,-122.174547214712,36.8831874009444,0,"available_crw"
"254027_0_t1",76,"254027_0_t1_crw_076",6,"254027_0_t1_20240412T230000",2024-04-12 23:00:00,-122.178308829363,36.8987660412706,0,"available_crw"
"254027_0_t1",76,"254027_0_t1_crw_076",7,"254027_0_t1_20240413T050000",2024-04-13 05:00:00,-122.18234439027,36.946243991975,0,"available_crw"
"254027_0_t1",76,"254027_0_t1_crw_076",8,"254027_0_t1_20240413T110000",2024-04-13 11:00:00,-122.179064520514,36.993759174139,0,"available_crw"
"254027_0_t1",76,"254027_0_t1_crw_076",9,"254027_0_t1_20240413T170000",2024-04-13 17:00:00,-122.159281583784,36.9938042404911,0,"available_crw"
"254027_0_t1",76,"254027_0_t1_crw_076",10,"254027_0_t1_20240413T230000",2024-04-13 23:00:00,-121.890757926665,36.9415567890001,0,"available_crw"
"254027_0_t1",76,"254027_0_t1_crw_076",11,"254027_0_t1_20240414T050000",2024-04-14 05:00:00,-121.924512526016,36.8293813445136,0,"available_crw"
"254027_0_t1",76,"254027_0_t1_crw_076",12,"254027_0_t1_20240414T110000",2024-04-14 11:00:00,-121.956041560147,36.7353635437645,0,"available_crw"
"254027_0_t1",76,"254027_0_t1_crw_076",13,"254027_0_t1_20240414T170000",2024-04-14 17:00:00,-121.980112945356,36.6561783538154,0,"available_crw"
"254027_0_t1",76,"254027_0_t1_crw_076",14,"254027_0_t1_20240414T230000",2024-04-14 23:00:00,-122.001860112329,36.5765608204498,0,"available_crw"
"254027_0_t1",76,"254027_0_t1_crw_076",15,"254027_0_t1_20240415T050000",2024-04-15 05:00:00,-122.122562371783,36.3774070119094,0,"available_crw"
"254027_0_t1",76,"254027_0_t1_crw_076",16,"254027_0_t1_20240415T110000",2024-04-15 11:00:00,-122.121195779924,36.3846324165066,0,"available_crw"
"254027_0_t1",76,"254027_0_t1_crw_076",17,"254027_0_t1_20240415T170000",2024-04-15 17:00:00,-122.059336243178,36.6334532682553,0,"available_crw"
"254027_0_t1",76,"254027_0_t1_crw_076",18,"254027_0_t1_20240415T230000",2024-04-15 23:00:00,-122.051353720949,36.5928277039558,0,"available_crw"
"254027_0_t1",76,"254027_0_t1_crw_076",19,"254027_0_t1_20240416T050000",2024-04-16 05:00:00,-122.114414786412,36.3319805858398,0,"available_crw"
"254027_0_t1",76,"254027_0_t1_crw_076",20,"254027_0_t1_20240416T110000",2024-04-16 11:00:00,-122.122671492648,36.3725690792139,0,"available_crw"
"254027_0_t1",76,"254027_0_t1_crw_076",21,"254027_0_t1_20240416T170000",2024-04-16 17:00:00,-122.097467589886,36.3368423787237,0,"available_crw"
"254027_0_t1",76,"254027_0_t1_crw_076",22,"254027_0_t1_20240416T230000",2024-04-16 23:00:00,-122.110718326095,36.3437199674212,0,"available_crw"
"254027_0_t1",76,"254027_0_t1_crw_076",23,"254027_0_t1_20240417T050000",2024-04-17 05:00:00,-122.067000705315,36.3283504435341,0,"available_crw"
"254027_0_t1",76,"254027_0_t1_crw_076",24,"254027_0_t1_20240417T110000",2024-04-17 11:00:00,-122.119731189627,36.0257362325884,0,"available_crw"
"254027_0_t1",76,"254027_0_t1_crw_076",25,"254027_0_t1_20240417T170000",2024-04-17 17:00:00,-122.126024017527,35.9711796780993,0,"available_crw"
"254027_0_t1",76,"254027_0_t1_crw_076",26,"254027_0_t1_20240417T230000",2024-04-17 23:00:00,-122.102634666992,35.970041401114,0,"available_crw"
"254027_0_t1",76,"254027_0_t1_crw_076",27,"254027_0_t1_20240418T050000",2024-04-18 05:00:00,-121.803191928307,35.8636784669425,0,"available_crw"
"254027_0_t1",76,"254027_0_t1_crw_076",28,"254027_0_t1_20240418T110000",2024-04-18 11:00:00,-121.690948609352,35.8300678765912,0,"available_crw"
"254027_0_t1",76,"254027_0_t1_crw_076",29,"254027_0_t1_20240418T170000",2024-04-18 17:00:00,-121.555016888467,35.8351602672763,0,"available_crw"
"254027_0_t1",76,"254027_0_t1_crw_076",30,"254027_0_t1_20240418T230000",2024-04-18 23:00:00,-121.576615996619,35.8639064967206,0,"available_crw"
"254027_0_t1",76,"254027_0_t1_crw_076",31,"254027_0_t1_20240419T050000",2024-04-19 05:00:00,-121.597109321675,35.8346283593062,0,"available_crw"
"254027_0_t1",76,"254027_0_t1_crw_076",32,"254027_0_t1_20240419T110000",2024-04-19 11:00:00,-121.763207163516,35.619996480762,0,"available_crw"
"254027_0_t1",77,"254027_0_t1_crw_077",1,"254027_0_t1_20240411T170000",2024-04-11 17:00:00,-121.8431658,36.81026373,0,"available_crw"
"254027_0_t1",77,"254027_0_t1_crw_077",2,"254027_0_t1_20240411T230000",2024-04-11 23:00:00,-121.944541246137,36.8092948300715,0,"available_crw"
"254027_0_t1",77,"254027_0_t1_crw_077",3,"254027_0_t1_20240412T050000",2024-04-12 05:00:00,-122.112529294779,36.7703559322092,0,"available_crw"
"254027_0_t1",77,"254027_0_t1_crw_077",4,"254027_0_t1_20240412T110000",2024-04-12 11:00:00,-122.261508245355,36.696910746772,0,"available_crw"
"254027_0_t1",77,"254027_0_t1_crw_077",5,"254027_0_t1_20240412T170000",2024-04-12 17:00:00,-122.404585851338,36.6355327598603,0,"available_crw"
"254027_0_t1",77,"254027_0_t1_crw_077",6,"254027_0_t1_20240412T230000",2024-04-12 23:00:00,-122.730996156083,36.5980524923116,0,"available_crw"
"254027_0_t1",77,"254027_0_t1_crw_077",7,"254027_0_t1_20240413T050000",2024-04-13 05:00:00,-122.841531678834,36.5564582325579,0,"available_crw"
"254027_0_t1",77,"254027_0_t1_crw_077",8,"254027_0_t1_20240413T110000",2024-04-13 11:00:00,-122.89763719223,36.5417607070522,0,"available_crw"
"254027_0_t1",77,"254027_0_t1_crw_077",9,"254027_0_t1_20240413T170000",2024-04-13 17:00:00,-123.001339040377,36.4691534271827,0,"available_crw"
"254027_0_t1",77,"254027_0_t1_crw_077",10,"254027_0_t1_20240413T230000",2024-04-13 23:00:00,-122.987908695438,36.4171114598549,0,"available_crw"
"254027_0_t1",77,"254027_0_t1_crw_077",11,"254027_0_t1_20240414T050000",2024-04-14 05:00:00,-122.938177678678,36.1665123661481,0,"available_crw"
"254027_0_t1",77,"254027_0_t1_crw_077",12,"254027_0_t1_20240414T110000",2024-04-14 11:00:00,-122.960023733627,35.9454576433836,0,"available_crw"
"254027_0_t1",77,"254027_0_t1_crw_077",13,"254027_0_t1_20240414T170000",2024-04-14 17:00:00,-123.037561548691,35.9825854284572,0,"available_crw"
"254027_0_t1",77,"254027_0_t1_crw_077",14,"254027_0_t1_20240414T230000",2024-04-14 23:00:00,-123.245937581115,36.187642423386,0,"available_crw"
"254027_0_t1",77,"254027_0_t1_crw_077",15,"254027_0_t1_20240415T050000",2024-04-15 05:00:00,-123.23838120206,36.1836529679571,0,"available_crw"
"254027_0_t1",77,"254027_0_t1_crw_077",16,"254027_0_t1_20240415T110000",2024-04-15 11:00:00,-123.247061167932,36.1856343886271,0,"available_crw"
"254027_0_t1",77,"254027_0_t1_crw_077",17,"254027_0_t1_20240415T170000",2024-04-15 17:00:00,-123.231684209407,36.1882570730505,0,"available_crw"
"254027_0_t1",77,"254027_0_t1_crw_077",18,"254027_0_t1_20240415T230000",2024-04-15 23:00:00,-123.226545894697,36.1729416776864,0,"available_crw"
"254027_0_t1",77,"254027_0_t1_crw_077",19,"254027_0_t1_20240416T050000",2024-04-16 05:00:00,-123.197949247718,36.0947718429271,0,"available_crw"
"254027_0_t1",77,"254027_0_t1_crw_077",20,"254027_0_t1_20240416T110000",2024-04-16 11:00:00,-123.175773666792,36.0430146674129,0,"available_crw"
"254027_0_t1",77,"254027_0_t1_crw_077",21,"254027_0_t1_20240416T170000",2024-04-16 17:00:00,-123.185904619898,36.075955673446,0,"available_crw"
"254027_0_t1",77,"254027_0_t1_crw_077",22,"254027_0_t1_20240416T230000",2024-04-16 23:00:00,-123.097747898712,36.0608192066286,0,"available_crw"
"254027_0_t1",77,"254027_0_t1_crw_077",23,"254027_0_t1_20240417T050000",2024-04-17 05:00:00,-123.031151850639,36.0519444497738,0,"available_crw"
"254027_0_t1",77,"254027_0_t1_crw_077",24,"254027_0_t1_20240417T110000",2024-04-17 11:00:00,-123.083143862574,35.9922124898158,0,"available_crw"
"254027_0_t1",77,"254027_0_t1_crw_077",25,"254027_0_t1_20240417T170000",2024-04-17 17:00:00,-123.122562611837,35.957012919279,0,"available_crw"
"254027_0_t1",77,"254027_0_t1_crw_077",26,"254027_0_t1_20240417T230000",2024-04-17 23:00:00,-123.297426533225,36.0099540379951,0,"available_crw"
"254027_0_t1",77,"254027_0_t1_crw_077",27,"254027_0_t1_20240418T050000",2024-04-18 05:00:00,-123.302121872301,36.1615650009458,0,"available_crw"
"254027_0_t1",77,"254027_0_t1_crw_077",28,"254027_0_t1_20240418T110000",2024-04-18 11:00:00,-122.977535465301,36.2310317267561,0,"available_crw"
"254027_0_t1",77,"254027_0_t1_crw_077",29,"254027_0_t1_20240418T170000",2024-04-18 17:00:00,-122.819616239414,35.9909805938112,0,"available_crw"
"254027_0_t1",77,"254027_0_t1_crw_077",30,"254027_0_t1_20240418T230000",2024-04-18 23:00:00,-122.796960993781,36.0192138308655,0,"available_crw"
"254027_0_t1",77,"254027_0_t1_crw_077",31,"254027_0_t1_20240419T050000",2024-04-19 05:00:00,-122.762760949372,36.0664524997576,0,"available_crw"
"254027_0_t1",77,"254027_0_t1_crw_077",32,"254027_0_t1_20240419T110000",2024-04-19 11:00:00,-122.578141278563,36.0435083674135,0,"available_crw"
"254027_0_t1",78,"254027_0_t1_crw_078",1,"254027_0_t1_20240411T170000",2024-04-11 17:00:00,-121.8431658,36.81026373,0,"available_crw"
"254027_0_t1",78,"254027_0_t1_crw_078",2,"254027_0_t1_20240411T230000",2024-04-11 23:00:00,-122.050772744044,36.8468579507232,0,"available_crw"
"254027_0_t1",78,"254027_0_t1_crw_078",3,"254027_0_t1_20240412T050000",2024-04-12 05:00:00,-122.225472851714,36.839347327751,0,"available_crw"
"254027_0_t1",78,"254027_0_t1_crw_078",4,"254027_0_t1_20240412T110000",2024-04-12 11:00:00,-122.387932744246,36.8402063403217,0,"available_crw"
"254027_0_t1",78,"254027_0_t1_crw_078",5,"254027_0_t1_20240412T170000",2024-04-12 17:00:00,-122.595906518137,36.875799882292,0,"available_crw"
"254027_0_t1",78,"254027_0_t1_crw_078",6,"254027_0_t1_20240412T230000",2024-04-12 23:00:00,-122.586848596043,36.8764857915598,0,"available_crw"
"254027_0_t1",78,"254027_0_t1_crw_078",7,"254027_0_t1_20240413T050000",2024-04-13 05:00:00,-122.473389267032,36.913530535676,0,"available_crw"
"254027_0_t1",78,"254027_0_t1_crw_078",8,"254027_0_t1_20240413T110000",2024-04-13 11:00:00,-122.142587428503,36.9224331505871,0,"available_crw"
"254027_0_t1",78,"254027_0_t1_crw_078",9,"254027_0_t1_20240413T170000",2024-04-13 17:00:00,-121.872528916116,36.8764608170834,0,"available_crw"
"254027_0_t1",78,"254027_0_t1_crw_078",10,"254027_0_t1_20240413T230000",2024-04-13 23:00:00,-121.902194832123,36.7635456173632,0,"available_crw"
"254027_0_t1",78,"254027_0_t1_crw_078",11,"254027_0_t1_20240414T050000",2024-04-14 05:00:00,-121.90971394205,36.8042281980993,0,"available_crw"
"254027_0_t1",78,"254027_0_t1_crw_078",12,"254027_0_t1_20240414T110000",2024-04-14 11:00:00,-122.110962956226,36.7801853184993,0,"available_crw"
"254027_0_t1",78,"254027_0_t1_crw_078",13,"254027_0_t1_20240414T170000",2024-04-14 17:00:00,-122.098172267063,36.7876921344337,0,"available_crw"
"254027_0_t1",78,"254027_0_t1_crw_078",14,"254027_0_t1_20240414T230000",2024-04-14 23:00:00,-121.96123551163,36.8579108245542,0,"available_crw"
"254027_0_t1",78,"254027_0_t1_crw_078",15,"254027_0_t1_20240415T050000",2024-04-15 05:00:00,-121.905471449497,36.8894434955763,0,"available_crw"
"254027_0_t1",78,"254027_0_t1_crw_078",16,"254027_0_t1_20240415T110000",2024-04-15 11:00:00,-121.943175175706,36.9042207702676,0,"available_crw"
"254027_0_t1",78,"254027_0_t1_crw_078",17,"254027_0_t1_20240415T170000",2024-04-15 17:00:00,-121.952843224532,36.8868323394792,0,"available_crw"
"254027_0_t1",78,"254027_0_t1_crw_078",18,"254027_0_t1_20240415T230000",2024-04-15 23:00:00,-122.066801740841,36.7566773852696,0,"available_crw"
"254027_0_t1",78,"254027_0_t1_crw_078",19,"254027_0_t1_20240416T050000",2024-04-16 05:00:00,-122.123090878261,36.688905504576,0,"available_crw"
"254027_0_t1",78,"254027_0_t1_crw_078",20,"254027_0_t1_20240416T110000",2024-04-16 11:00:00,-122.140086329773,36.6969370791074,0,"available_crw"
"254027_0_t1",78,"254027_0_t1_crw_078",21,"254027_0_t1_20240416T170000",2024-04-16 17:00:00,-122.095445113767,36.6829864119646,0,"available_crw"
"254027_0_t1",78,"254027_0_t1_crw_078",22,"254027_0_t1_20240416T230000",2024-04-16 23:00:00,-121.94832902192,36.6282041733297,0,"available_crw"
"254027_0_t1",78,"254027_0_t1_crw_078",23,"254027_0_t1_20240417T050000",2024-04-17 05:00:00,-121.964111673712,36.6275893557097,0,"available_crw"
"254027_0_t1",78,"254027_0_t1_crw_078",24,"254027_0_t1_20240417T110000",2024-04-17 11:00:00,-122.064991802056,36.6217255144983,0,"available_crw"
"254027_0_t1",78,"254027_0_t1_crw_078",25,"254027_0_t1_20240417T170000",2024-04-17 17:00:00,-122.10460054605,36.4831806645542,0,"available_crw"
"254027_0_t1",78,"254027_0_t1_crw_078",26,"254027_0_t1_20240417T230000",2024-04-17 23:00:00,-122.105290646339,36.4904686582538,0,"available_crw"
"254027_0_t1",78,"254027_0_t1_crw_078",27,"254027_0_t1_20240418T050000",2024-04-18 05:00:00,-122.083978348744,36.4531100425074,0,"available_crw"
"254027_0_t1",78,"254027_0_t1_crw_078",28,"254027_0_t1_20240418T110000",2024-04-18 11:00:00,-121.966140214268,36.2179127890525,0,"available_crw"
"254027_0_t1",78,"254027_0_t1_crw_078",29,"254027_0_t1_20240418T170000",2024-04-18 17:00:00,-121.939895845544,36.2440575932146,0,"available_crw"
"254027_0_t1",78,"254027_0_t1_crw_078",30,"254027_0_t1_20240418T230000",2024-04-18 23:00:00,-121.637664223434,36.1257665543912,0,"available_crw"
"254027_0_t1",78,"254027_0_t1_crw_078",31,"254027_0_t1_20240419T050000",2024-04-19 05:00:00,-121.70950472065,35.8600354091612,0,"available_crw"
"254027_0_t1",78,"254027_0_t1_crw_078",32,"254027_0_t1_20240419T110000",2024-04-19 11:00:00,-121.738201273451,35.7654930606576,0,"available_crw"
"254027_0_t1",79,"254027_0_t1_crw_079",1,"254027_0_t1_20240411T170000",2024-04-11 17:00:00,-121.8431658,36.81026373,0,"available_crw"
"254027_0_t1",79,"254027_0_t1_crw_079",2,"254027_0_t1_20240411T230000",2024-04-11 23:00:00,-121.970652314777,36.7682814623435,0,"available_crw"
"254027_0_t1",79,"254027_0_t1_crw_079",3,"254027_0_t1_20240412T050000",2024-04-12 05:00:00,-122.10893541572,36.6823682998742,0,"available_crw"
"254027_0_t1",79,"254027_0_t1_crw_079",4,"254027_0_t1_20240412T110000",2024-04-12 11:00:00,-122.372575618613,36.8527510179902,0,"available_crw"
"254027_0_t1",79,"254027_0_t1_crw_079",5,"254027_0_t1_20240412T170000",2024-04-12 17:00:00,-122.453247804511,36.9022111391119,0,"available_crw"
"254027_0_t1",79,"254027_0_t1_crw_079",6,"254027_0_t1_20240412T230000",2024-04-12 23:00:00,-122.586919559538,36.9297416364734,0,"available_crw"
"254027_0_t1",79,"254027_0_t1_crw_079",7,"254027_0_t1_20240413T050000",2024-04-13 05:00:00,-122.583145012701,36.9453192954844,0,"available_crw"
"254027_0_t1",79,"254027_0_t1_crw_079",8,"254027_0_t1_20240413T110000",2024-04-13 11:00:00,-122.244444590604,36.9564034258012,0,"available_crw"
"254027_0_t1",79,"254027_0_t1_crw_079",9,"254027_0_t1_20240413T170000",2024-04-13 17:00:00,-122.123111160421,36.9575385677256,0,"available_crw"
"254027_0_t1",79,"254027_0_t1_crw_079",10,"254027_0_t1_20240413T230000",2024-04-13 23:00:00,-121.928166349648,36.9284148949631,0,"available_crw"
"254027_0_t1",79,"254027_0_t1_crw_079",11,"254027_0_t1_20240414T050000",2024-04-14 05:00:00,-121.911405295546,36.6566999290019,0,"available_crw"
"254027_0_t1",79,"254027_0_t1_crw_079",12,"254027_0_t1_20240414T110000",2024-04-14 11:00:00,-121.908646986523,36.5593448029346,0,"available_crw"
"254027_0_t1",79,"254027_0_t1_crw_079",13,"254027_0_t1_20240414T170000",2024-04-14 17:00:00,-122.014244636222,36.3076461229001,0,"available_crw"
"254027_0_t1",79,"254027_0_t1_crw_079",14,"254027_0_t1_20240414T230000",2024-04-14 23:00:00,-122.349105109367,36.3320702688955,0,"available_crw"
"254027_0_t1",79,"254027_0_t1_crw_079",15,"254027_0_t1_20240415T050000",2024-04-15 05:00:00,-122.302517912364,36.3947676796355,0,"available_crw"
"254027_0_t1",79,"254027_0_t1_crw_079",16,"254027_0_t1_20240415T110000",2024-04-15 11:00:00,-122.327294786727,36.3673603471986,0,"available_crw"
"254027_0_t1",79,"254027_0_t1_crw_079",17,"254027_0_t1_20240415T170000",2024-04-15 17:00:00,-122.536534610902,36.2242403566199,0,"available_crw"
"254027_0_t1",79,"254027_0_t1_crw_079",18,"254027_0_t1_20240415T230000",2024-04-15 23:00:00,-122.602536253442,36.141679921596,0,"available_crw"
"254027_0_t1",79,"254027_0_t1_crw_079",19,"254027_0_t1_20240416T050000",2024-04-16 05:00:00,-122.582408182954,36.131869741427,0,"available_crw"
"254027_0_t1",79,"254027_0_t1_crw_079",20,"254027_0_t1_20240416T110000",2024-04-16 11:00:00,-122.632254232778,36.1394509537756,0,"available_crw"
"254027_0_t1",79,"254027_0_t1_crw_079",21,"254027_0_t1_20240416T170000",2024-04-16 17:00:00,-122.765708865262,36.1157778611642,0,"available_crw"
"254027_0_t1",79,"254027_0_t1_crw_079",22,"254027_0_t1_20240416T230000",2024-04-16 23:00:00,-123.073854323401,36.0724365975979,0,"available_crw"
"254027_0_t1",79,"254027_0_t1_crw_079",23,"254027_0_t1_20240417T050000",2024-04-17 05:00:00,-123.095871358345,35.9313590327905,0,"available_crw"
"254027_0_t1",79,"254027_0_t1_crw_079",24,"254027_0_t1_20240417T110000",2024-04-17 11:00:00,-123.075817641648,35.8343326578092,0,"available_crw"
"254027_0_t1",79,"254027_0_t1_crw_079",25,"254027_0_t1_20240417T170000",2024-04-17 17:00:00,-123.079008012916,35.8681870059406,0,"available_crw"
"254027_0_t1",79,"254027_0_t1_crw_079",26,"254027_0_t1_20240417T230000",2024-04-17 23:00:00,-122.937603918682,35.8771594448493,0,"available_crw"
"254027_0_t1",79,"254027_0_t1_crw_079",27,"254027_0_t1_20240418T050000",2024-04-18 05:00:00,-122.816534122687,35.9279570880482,0,"available_crw"
"254027_0_t1",79,"254027_0_t1_crw_079",28,"254027_0_t1_20240418T110000",2024-04-18 11:00:00,-122.562467679999,35.7030017287118,0,"available_crw"
"254027_0_t1",79,"254027_0_t1_crw_079",29,"254027_0_t1_20240418T170000",2024-04-18 17:00:00,-122.416608865959,35.6280743654344,0,"available_crw"
"254027_0_t1",79,"254027_0_t1_crw_079",30,"254027_0_t1_20240418T230000",2024-04-18 23:00:00,-122.317490555405,35.5739032743862,0,"available_crw"
"254027_0_t1",79,"254027_0_t1_crw_079",31,"254027_0_t1_20240419T050000",2024-04-19 05:00:00,-122.394814033398,35.5370314143381,0,"available_crw"
"254027_0_t1",79,"254027_0_t1_crw_079",32,"254027_0_t1_20240419T110000",2024-04-19 11:00:00,-122.625529173427,35.7334450690718,0,"available_crw"
"254027_0_t1",80,"254027_0_t1_crw_080",1,"254027_0_t1_20240411T170000",2024-04-11 17:00:00,-121.8431658,36.81026373,0,"available_crw"
"254027_0_t1",80,"254027_0_t1_crw_080",2,"254027_0_t1_20240411T230000",2024-04-11 23:00:00,-122.050772744044,36.8468579507232,0,"available_crw"
"254027_0_t1",80,"254027_0_t1_crw_080",3,"254027_0_t1_20240412T050000",2024-04-12 05:00:00,-122.047695154434,36.8625327182672,0,"available_crw"
"254027_0_t1",80,"254027_0_t1_crw_080",4,"254027_0_t1_20240412T110000",2024-04-12 11:00:00,-122.03757917948,36.8222139306203,0,"available_crw"
"254027_0_t1",80,"254027_0_t1_crw_080",5,"254027_0_t1_20240412T170000",2024-04-12 17:00:00,-122.021028635388,36.7690679120438,0,"available_crw"
"254027_0_t1",80,"254027_0_t1_crw_080",6,"254027_0_t1_20240412T230000",2024-04-12 23:00:00,-121.984535911231,36.6762435887432,0,"available_crw"
"254027_0_t1",80,"254027_0_t1_crw_080",7,"254027_0_t1_20240413T050000",2024-04-13 05:00:00,-122.00294016763,36.6705833121493,0,"available_crw"
"254027_0_t1",80,"254027_0_t1_crw_080",8,"254027_0_t1_20240413T110000",2024-04-13 11:00:00,-122.197590471959,36.6433686237185,0,"available_crw"
"254027_0_t1",80,"254027_0_t1_crw_080",9,"254027_0_t1_20240413T170000",2024-04-13 17:00:00,-122.171420281673,36.6170876453103,0,"available_crw"
"254027_0_t1",80,"254027_0_t1_crw_080",10,"254027_0_t1_20240413T230000",2024-04-13 23:00:00,-122.215221832787,36.6381946202273,0,"available_crw"
"254027_0_t1",80,"254027_0_t1_crw_080",11,"254027_0_t1_20240414T050000",2024-04-14 05:00:00,-122.141903749484,36.7373611497689,0,"available_crw"
"254027_0_t1",80,"254027_0_t1_crw_080",12,"254027_0_t1_20240414T110000",2024-04-14 11:00:00,-122.142782409602,36.7246447448976,0,"available_crw"
"254027_0_t1",80,"254027_0_t1_crw_080",13,"254027_0_t1_20240414T170000",2024-04-14 17:00:00,-122.147810564393,36.762995532154,0,"available_crw"
"254027_0_t1",80,"254027_0_t1_crw_080",14,"254027_0_t1_20240414T230000",2024-04-14 23:00:00,-122.182160258551,36.7437202953506,0,"available_crw"
"254027_0_t1",80,"254027_0_t1_crw_080",15,"254027_0_t1_20240415T050000",2024-04-15 05:00:00,-122.448328951516,36.6079297089028,0,"available_crw"
"254027_0_t1",80,"254027_0_t1_crw_080",16,"254027_0_t1_20240415T110000",2024-04-15 11:00:00,-122.527977765655,36.5334299740577,0,"available_crw"
"254027_0_t1",80,"254027_0_t1_crw_080",17,"254027_0_t1_20240415T170000",2024-04-15 17:00:00,-122.870914428656,36.6635908220519,0,"available_crw"
"254027_0_t1",80,"254027_0_t1_crw_080",18,"254027_0_t1_20240415T230000",2024-04-15 23:00:00,-122.868179699695,36.629962281779,0,"available_crw"
"254027_0_t1",80,"254027_0_t1_crw_080",19,"254027_0_t1_20240416T050000",2024-04-16 05:00:00,-122.696642103958,36.5968676575656,0,"available_crw"
"254027_0_t1",80,"254027_0_t1_crw_080",20,"254027_0_t1_20240416T110000",2024-04-16 11:00:00,-122.707707000889,36.6293663141727,0,"available_crw"
"254027_0_t1",80,"254027_0_t1_crw_080",21,"254027_0_t1_20240416T170000",2024-04-16 17:00:00,-122.680490859138,36.894243057887,0,"available_crw"
"254027_0_t1",80,"254027_0_t1_crw_080",22,"254027_0_t1_20240416T230000",2024-04-16 23:00:00,-122.667245413687,36.9910463881718,0,"available_crw"
"254027_0_t1",80,"254027_0_t1_crw_080",23,"254027_0_t1_20240417T050000",2024-04-17 05:00:00,-122.618111649695,37.241751418069,0,"available_crw"
"254027_0_t1",80,"254027_0_t1_crw_080",24,"254027_0_t1_20240417T110000",2024-04-17 11:00:00,-122.604588940538,37.3225547543269,0,"available_crw"
"254027_0_t1",80,"254027_0_t1_crw_080",25,"254027_0_t1_20240417T170000",2024-04-17 17:00:00,-122.643911114276,37.3103440738854,0,"available_crw"
"254027_0_t1",80,"254027_0_t1_crw_080",26,"254027_0_t1_20240417T230000",2024-04-17 23:00:00,-122.633421791756,37.3199360474179,0,"available_crw"
"254027_0_t1",80,"254027_0_t1_crw_080",27,"254027_0_t1_20240418T050000",2024-04-18 05:00:00,-122.556601454929,37.4464784357665,0,"available_crw"
"254027_0_t1",80,"254027_0_t1_crw_080",28,"254027_0_t1_20240418T110000",2024-04-18 11:00:00,-122.537072159794,37.5436005504437,0,"available_crw"
"254027_0_t1",80,"254027_0_t1_crw_080",29,"254027_0_t1_20240418T170000",2024-04-18 17:00:00,-122.520406285408,37.5892992617194,0,"available_crw"
"254027_0_t1",80,"254027_0_t1_crw_080",30,"254027_0_t1_20240418T230000",2024-04-18 23:00:00,-122.517238798794,37.5768163775113,0,"available_crw"
"254027_0_t1",80,"254027_0_t1_crw_080",31,"254027_0_t1_20240419T050000",2024-04-19 05:00:00,-122.496257545216,37.4808862996868,0,"available_crw"
"254027_0_t1",80,"254027_0_t1_crw_080",32,"254027_0_t1_20240419T110000",2024-04-19 11:00:00,-122.433329271796,37.463295125581,0,"available_crw"
"254027_0_t1",81,"254027_0_t1_crw_081",1,"254027_0_t1_20240411T170000",2024-04-11 17:00:00,-121.8431658,36.81026373,0,"available_crw"
"254027_0_t1",81,"254027_0_t1_crw_081",2,"254027_0_t1_20240411T230000",2024-04-11 23:00:00,-122.012275888198,36.774598486074,0,"available_crw"
"254027_0_t1",81,"254027_0_t1_crw_081",3,"254027_0_t1_20240412T050000",2024-04-12 05:00:00,-122.005483557964,36.7563552497338,0,"available_crw"
"254027_0_t1",81,"254027_0_t1_crw_081",4,"254027_0_t1_20240412T110000",2024-04-12 11:00:00,-121.982948609983,36.7046573596122,0,"available_crw"
"254027_0_t1",81,"254027_0_t1_crw_081",5,"254027_0_t1_20240412T170000",2024-04-12 17:00:00,-121.988370640408,36.710519113658,0,"available_crw"
"254027_0_t1",81,"254027_0_t1_crw_081",6,"254027_0_t1_20240412T230000",2024-04-12 23:00:00,-122.006850228572,36.6986330835395,0,"available_crw"
"254027_0_t1",81,"254027_0_t1_crw_081",7,"254027_0_t1_20240413T050000",2024-04-13 05:00:00,-122.256262018618,36.6049550621745,0,"available_crw"
"254027_0_t1",81,"254027_0_t1_crw_081",8,"254027_0_t1_20240413T110000",2024-04-13 11:00:00,-122.316393394277,36.5794417046597,0,"available_crw"
"254027_0_t1",81,"254027_0_t1_crw_081",9,"254027_0_t1_20240413T170000",2024-04-13 17:00:00,-122.222245752166,36.434511321991,0,"available_crw"
"254027_0_t1",81,"254027_0_t1_crw_081",10,"254027_0_t1_20240413T230000",2024-04-13 23:00:00,-122.201561369034,36.3899518698111,0,"available_crw"
"254027_0_t1",81,"254027_0_t1_crw_081",11,"254027_0_t1_20240414T050000",2024-04-14 05:00:00,-122.291642183387,36.3967752067476,0,"available_crw"
"254027_0_t1",81,"254027_0_t1_crw_081",12,"254027_0_t1_20240414T110000",2024-04-14 11:00:00,-122.349147128005,36.4069811946909,0,"available_crw"
"254027_0_t1",81,"254027_0_t1_crw_081",13,"254027_0_t1_20240414T170000",2024-04-14 17:00:00,-122.529918542403,36.470275210628,0,"available_crw"
"254027_0_t1",81,"254027_0_t1_crw_081",14,"254027_0_t1_20240414T230000",2024-04-14 23:00:00,-122.580734679544,36.4943838399264,0,"available_crw"
"254027_0_t1",81,"254027_0_t1_crw_081",15,"254027_0_t1_20240415T050000",2024-04-15 05:00:00,-122.536213201112,36.4804198626,0,"available_crw"
"254027_0_t1",81,"254027_0_t1_crw_081",16,"254027_0_t1_20240415T110000",2024-04-15 11:00:00,-122.358956104635,36.3872258860248,0,"available_crw"
"254027_0_t1",81,"254027_0_t1_crw_081",17,"254027_0_t1_20240415T170000",2024-04-15 17:00:00,-122.402575528551,36.4028413485906,0,"available_crw"
"254027_0_t1",81,"254027_0_t1_crw_081",18,"254027_0_t1_20240415T230000",2024-04-15 23:00:00,-122.395688643634,36.4177037642224,0,"available_crw"
"254027_0_t1",81,"254027_0_t1_crw_081",19,"254027_0_t1_20240416T050000",2024-04-16 05:00:00,-122.32967157349,36.5369169935241,0,"available_crw"
"254027_0_t1",81,"254027_0_t1_crw_081",20,"254027_0_t1_20240416T110000",2024-04-16 11:00:00,-122.141924701038,36.5306886168025,0,"available_crw"
"254027_0_t1",81,"254027_0_t1_crw_081",21,"254027_0_t1_20240416T170000",2024-04-16 17:00:00,-122.156203461015,36.5252646826013,0,"available_crw"
"254027_0_t1",81,"254027_0_t1_crw_081",22,"254027_0_t1_20240416T230000",2024-04-16 23:00:00,-122.484084341746,36.5010008956083,0,"available_crw"
"254027_0_t1",81,"254027_0_t1_crw_081",23,"254027_0_t1_20240417T050000",2024-04-17 05:00:00,-122.798048096026,36.4886180423074,0,"available_crw"
"254027_0_t1",81,"254027_0_t1_crw_081",24,"254027_0_t1_20240417T110000",2024-04-17 11:00:00,-122.789554049361,36.4911463699645,0,"available_crw"
"254027_0_t1",81,"254027_0_t1_crw_081",25,"254027_0_t1_20240417T170000",2024-04-17 17:00:00,-122.647697725002,36.572821511848,0,"available_crw"
"254027_0_t1",81,"254027_0_t1_crw_081",26,"254027_0_t1_20240417T230000",2024-04-17 23:00:00,-122.676325540119,36.5387816484119,0,"available_crw"
"254027_0_t1",81,"254027_0_t1_crw_081",27,"254027_0_t1_20240418T050000",2024-04-18 05:00:00,-122.649667041216,36.5650486997918,0,"available_crw"
"254027_0_t1",81,"254027_0_t1_crw_081",28,"254027_0_t1_20240418T110000",2024-04-18 11:00:00,-122.539411161037,36.660724306585,0,"available_crw"
"254027_0_t1",81,"254027_0_t1_crw_081",29,"254027_0_t1_20240418T170000",2024-04-18 17:00:00,-122.245033293142,36.7810388950817,0,"available_crw"
"254027_0_t1",81,"254027_0_t1_crw_081",30,"254027_0_t1_20240418T230000",2024-04-18 23:00:00,-121.916811519394,36.8118634235323,0,"available_crw"
"254027_0_t1",81,"254027_0_t1_crw_081",31,"254027_0_t1_20240419T050000",2024-04-19 05:00:00,-121.941106176582,36.8393216866346,0,"available_crw"
"254027_0_t1",81,"254027_0_t1_crw_081",32,"254027_0_t1_20240419T110000",2024-04-19 11:00:00,-121.969241443828,36.8811951335004,0,"available_crw"
"254027_0_t1",82,"254027_0_t1_crw_082",1,"254027_0_t1_20240411T170000",2024-04-11 17:00:00,-121.8431658,36.81026373,0,"available_crw"
"254027_0_t1",82,"254027_0_t1_crw_082",2,"254027_0_t1_20240411T230000",2024-04-11 23:00:00,-121.944541246137,36.8092948300715,0,"available_crw"
"254027_0_t1",82,"254027_0_t1_crw_082",3,"254027_0_t1_20240412T050000",2024-04-12 05:00:00,-122.045857593905,36.8063579351248,0,"available_crw"
"254027_0_t1",82,"254027_0_t1_crw_082",4,"254027_0_t1_20240412T110000",2024-04-12 11:00:00,-122.161562758905,36.7744882930407,0,"available_crw"
"254027_0_t1",82,"254027_0_t1_crw_082",5,"254027_0_t1_20240412T170000",2024-04-12 17:00:00,-122.153130003955,36.7566931201875,0,"available_crw"
"254027_0_t1",82,"254027_0_t1_crw_082",6,"254027_0_t1_20240412T230000",2024-04-12 23:00:00,-121.976785154404,36.7657656087919,0,"available_crw"
"254027_0_t1",82,"254027_0_t1_crw_082",7,"254027_0_t1_20240413T050000",2024-04-13 05:00:00,-121.875825317737,36.7727265054896,0,"available_crw"
"254027_0_t1",82,"254027_0_t1_crw_082",8,"254027_0_t1_20240413T110000",2024-04-13 11:00:00,-121.816718718823,36.7708801390065,0,"available_crw"
"254027_0_t1",82,"254027_0_t1_crw_082",9,"254027_0_t1_20240413T170000",2024-04-13 17:00:00,-121.831021070575,36.7654228962062,0,"available_crw"
"254027_0_t1",82,"254027_0_t1_crw_082",10,"254027_0_t1_20240413T230000",2024-04-13 23:00:00,-121.969470878839,36.8683724677414,0,"available_crw"
"254027_0_t1",82,"254027_0_t1_crw_082",11,"254027_0_t1_20240414T050000",2024-04-14 05:00:00,-122.0216861053,36.9036185925595,0,"available_crw"
"254027_0_t1",82,"254027_0_t1_crw_082",12,"254027_0_t1_20240414T110000",2024-04-14 11:00:00,-122.119199689097,36.9615046601389,0,"available_crw"
"254027_0_t1",82,"254027_0_t1_crw_082",13,"254027_0_t1_20240414T170000",2024-04-14 17:00:00,-122.175965194592,36.9919574402014,0,"available_crw"
"254027_0_t1",82,"254027_0_t1_crw_082",14,"254027_0_t1_20240414T230000",2024-04-14 23:00:00,-122.188479512494,36.9757745957467,0,"available_crw"
"254027_0_t1",82,"254027_0_t1_crw_082",15,"254027_0_t1_20240415T050000",2024-04-15 05:00:00,-122.245935047543,36.8900310133277,0,"available_crw"
"254027_0_t1",82,"254027_0_t1_crw_082",16,"254027_0_t1_20240415T110000",2024-04-15 11:00:00,-122.573683813673,36.9591455120612,0,"available_crw"
"254027_0_t1",82,"254027_0_t1_crw_082",17,"254027_0_t1_20240415T170000",2024-04-15 17:00:00,-122.666831304262,36.8382338248223,0,"available_crw"
"254027_0_t1",82,"254027_0_t1_crw_082",18,"254027_0_t1_20240415T230000",2024-04-15 23:00:00,-122.733186018041,36.7567676594324,0,"available_crw"
"254027_0_t1",82,"254027_0_t1_crw_082",19,"254027_0_t1_20240416T050000",2024-04-16 05:00:00,-122.997388734741,36.5975413920965,0,"available_crw"
"254027_0_t1",82,"254027_0_t1_crw_082",20,"254027_0_t1_20240416T110000",2024-04-16 11:00:00,-123.066471878798,36.5017623410355,0,"available_crw"
"254027_0_t1",82,"254027_0_t1_crw_082",21,"254027_0_t1_20240416T170000",2024-04-16 17:00:00,-123.097802408165,36.4531585019003,0,"available_crw"
"254027_0_t1",82,"254027_0_t1_crw_082",22,"254027_0_t1_20240416T230000",2024-04-16 23:00:00,-123.424819792223,36.5187498804782,0,"available_crw"
"254027_0_t1",82,"254027_0_t1_crw_082",23,"254027_0_t1_20240417T050000",2024-04-17 05:00:00,-123.615910602596,36.5924550627787,0,"available_crw"
"254027_0_t1",82,"254027_0_t1_crw_082",24,"254027_0_t1_20240417T110000",2024-04-17 11:00:00,-123.703319790305,36.4447931065371,0,"available_crw"
"254027_0_t1",82,"254027_0_t1_crw_082",25,"254027_0_t1_20240417T170000",2024-04-17 17:00:00,-123.820681918162,36.3169889548354,0,"available_crw"
"254027_0_t1",82,"254027_0_t1_crw_082",26,"254027_0_t1_20240417T230000",2024-04-17 23:00:00,-123.852980707758,36.2093055381962,0,"available_crw"
"254027_0_t1",82,"254027_0_t1_crw_082",27,"254027_0_t1_20240418T050000",2024-04-18 05:00:00,-123.847933182437,36.0687351411426,0,"available_crw"
"254027_0_t1",82,"254027_0_t1_crw_082",28,"254027_0_t1_20240418T110000",2024-04-18 11:00:00,-123.646414127995,36.0731259896627,0,"available_crw"
"254027_0_t1",82,"254027_0_t1_crw_082",29,"254027_0_t1_20240418T170000",2024-04-18 17:00:00,-123.379610592784,36.025856900612,0,"available_crw"
"254027_0_t1",82,"254027_0_t1_crw_082",30,"254027_0_t1_20240418T230000",2024-04-18 23:00:00,-123.263259202341,36.0023779135036,0,"available_crw"
"254027_0_t1",82,"254027_0_t1_crw_082",31,"254027_0_t1_20240419T050000",2024-04-19 05:00:00,-123.258364169323,36.02100638203,0,"available_crw"
"254027_0_t1",82,"254027_0_t1_crw_082",32,"254027_0_t1_20240419T110000",2024-04-19 11:00:00,-123.178911444333,36.2665066789907,0,"available_crw"
"254027_0_t1",83,"254027_0_t1_crw_083",1,"254027_0_t1_20240411T170000",2024-04-11 17:00:00,-121.8431658,36.81026373,0,"available_crw"
"254027_0_t1",83,"254027_0_t1_crw_083",2,"254027_0_t1_20240411T230000",2024-04-11 23:00:00,-122.110454562636,36.8650233612621,0,"available_crw"
"254027_0_t1",83,"254027_0_t1_crw_083",3,"254027_0_t1_20240412T050000",2024-04-12 05:00:00,-122.38426117277,37.0144291501954,0,"available_crw"
"254027_0_t1",83,"254027_0_t1_crw_083",4,"254027_0_t1_20240412T110000",2024-04-12 11:00:00,-122.488824707102,37.0639593294126,0,"available_crw"
"254027_0_t1",83,"254027_0_t1_crw_083",5,"254027_0_t1_20240412T170000",2024-04-12 17:00:00,-122.388642454363,37.323939697532,0,"available_crw"
"254027_0_t1",83,"254027_0_t1_crw_083",6,"254027_0_t1_20240412T230000",2024-04-12 23:00:00,-122.429956500842,37.3171049300113,0,"available_crw"
"254027_0_t1",83,"254027_0_t1_crw_083",7,"254027_0_t1_20240413T050000",2024-04-13 05:00:00,-122.446800804578,37.1755707051728,0,"available_crw"
"254027_0_t1",83,"254027_0_t1_crw_083",8,"254027_0_t1_20240413T110000",2024-04-13 11:00:00,-122.422648757945,37.0791247223184,0,"available_crw"
"254027_0_t1",83,"254027_0_t1_crw_083",9,"254027_0_t1_20240413T170000",2024-04-13 17:00:00,-122.762554625805,36.9409834388193,0,"available_crw"
"254027_0_t1",83,"254027_0_t1_crw_083",10,"254027_0_t1_20240413T230000",2024-04-13 23:00:00,-122.727827408406,36.9220524366599,0,"available_crw"
"254027_0_t1",83,"254027_0_t1_crw_083",11,"254027_0_t1_20240414T050000",2024-04-14 05:00:00,-122.737960835003,36.9084273531986,0,"available_crw"
"254027_0_t1",83,"254027_0_t1_crw_083",12,"254027_0_t1_20240414T110000",2024-04-14 11:00:00,-122.757001250889,36.7986781352011,0,"available_crw"
"254027_0_t1",83,"254027_0_t1_crw_083",13,"254027_0_t1_20240414T170000",2024-04-14 17:00:00,-122.832560625338,36.8394197681684,0,"available_crw"
"254027_0_t1",83,"254027_0_t1_crw_083",14,"254027_0_t1_20240414T230000",2024-04-14 23:00:00,-122.714281702785,37.0943998075609,0,"available_crw"
"254027_0_t1",83,"254027_0_t1_crw_083",15,"254027_0_t1_20240415T050000",2024-04-15 05:00:00,-122.498147469962,37.296221943125,0,"available_crw"
"254027_0_t1",83,"254027_0_t1_crw_083",16,"254027_0_t1_20240415T110000",2024-04-15 11:00:00,-122.52331937145,37.263321443253,0,"available_crw"
"254027_0_t1",83,"254027_0_t1_crw_083",17,"254027_0_t1_20240415T170000",2024-04-15 17:00:00,-122.719542557202,37.1067592927355,0,"available_crw"
"254027_0_t1",83,"254027_0_t1_crw_083",18,"254027_0_t1_20240415T230000",2024-04-15 23:00:00,-122.897788139454,37.0130059399725,0,"available_crw"
"254027_0_t1",83,"254027_0_t1_crw_083",19,"254027_0_t1_20240416T050000",2024-04-16 05:00:00,-123.013485625311,36.907394582199,0,"available_crw"
"254027_0_t1",83,"254027_0_t1_crw_083",20,"254027_0_t1_20240416T110000",2024-04-16 11:00:00,-123.090040357323,36.7809463186751,0,"available_crw"
"254027_0_t1",83,"254027_0_t1_crw_083",21,"254027_0_t1_20240416T170000",2024-04-16 17:00:00,-123.146237099036,36.838465735758,0,"available_crw"
"254027_0_t1",83,"254027_0_t1_crw_083",22,"254027_0_t1_20240416T230000",2024-04-16 23:00:00,-123.21862070098,36.9165858382158,0,"available_crw"
"254027_0_t1",83,"254027_0_t1_crw_083",23,"254027_0_t1_20240417T050000",2024-04-17 05:00:00,-123.385406854457,36.8689390917286,0,"available_crw"
"254027_0_t1",83,"254027_0_t1_crw_083",24,"254027_0_t1_20240417T110000",2024-04-17 11:00:00,-123.443215395894,36.8585799795084,0,"available_crw"
"254027_0_t1",83,"254027_0_t1_crw_083",25,"254027_0_t1_20240417T170000",2024-04-17 17:00:00,-123.422178898339,36.9297455733113,0,"available_crw"
"254027_0_t1",83,"254027_0_t1_crw_083",26,"254027_0_t1_20240417T230000",2024-04-17 23:00:00,-123.620538203325,36.9675908439901,0,"available_crw"
"254027_0_t1",83,"254027_0_t1_crw_083",27,"254027_0_t1_20240418T050000",2024-04-18 05:00:00,-123.648544651893,37.1175495046187,0,"available_crw"
"254027_0_t1",83,"254027_0_t1_crw_083",28,"254027_0_t1_20240418T110000",2024-04-18 11:00:00,-123.633888499931,37.0808173389762,0,"available_crw"
"254027_0_t1",83,"254027_0_t1_crw_083",29,"254027_0_t1_20240418T170000",2024-04-18 17:00:00,-123.770950997991,37.0453995052454,0,"available_crw"
"254027_0_t1",83,"254027_0_t1_crw_083",30,"254027_0_t1_20240418T230000",2024-04-18 23:00:00,-123.730660850446,37.0708755522323,0,"available_crw"
"254027_0_t1",83,"254027_0_t1_crw_083",31,"254027_0_t1_20240419T050000",2024-04-19 05:00:00,-123.415239269862,37.1534246284865,0,"available_crw"
"254027_0_t1",83,"254027_0_t1_crw_083",32,"254027_0_t1_20240419T110000",2024-04-19 11:00:00,-123.294117664028,37.0368974040991,0,"available_crw"
"254027_0_t1",84,"254027_0_t1_crw_084",1,"254027_0_t1_20240411T170000",2024-04-11 17:00:00,-121.8431658,36.81026373,0,"available_crw"
"254027_0_t1",84,"254027_0_t1_crw_084",2,"254027_0_t1_20240411T230000",2024-04-11 23:00:00,-121.897200898258,36.6749059665268,0,"available_crw"
"254027_0_t1",84,"254027_0_t1_crw_084",3,"254027_0_t1_20240412T050000",2024-04-12 05:00:00,-121.852201913764,36.6360386439893,0,"available_crw"
"254027_0_t1",84,"254027_0_t1_crw_084",4,"254027_0_t1_20240412T110000",2024-04-12 11:00:00,-121.897833130409,36.6544671126517,0,"available_crw"
"254027_0_t1",84,"254027_0_t1_crw_084",5,"254027_0_t1_20240412T170000",2024-04-12 17:00:00,-122.038097224107,36.7199610603754,0,"available_crw"
"254027_0_t1",84,"254027_0_t1_crw_084",6,"254027_0_t1_20240412T230000",2024-04-12 23:00:00,-122.141205045863,36.7709302873947,0,"available_crw"
"254027_0_t1",84,"254027_0_t1_crw_084",7,"254027_0_t1_20240413T050000",2024-04-13 05:00:00,-122.091049949473,36.76295988365,0,"available_crw"
"254027_0_t1",84,"254027_0_t1_crw_084",8,"254027_0_t1_20240413T110000",2024-04-13 11:00:00,-121.969358753775,36.7724726677401,0,"available_crw"
"254027_0_t1",84,"254027_0_t1_crw_084",9,"254027_0_t1_20240413T170000",2024-04-13 17:00:00,-121.955318368977,36.6576170580559,0,"available_crw"
"254027_0_t1",84,"254027_0_t1_crw_084",10,"254027_0_t1_20240413T230000",2024-04-13 23:00:00,-121.94552705156,36.6034002439334,0,"available_crw"
"254027_0_t1",84,"254027_0_t1_crw_084",11,"254027_0_t1_20240414T050000",2024-04-14 05:00:00,-122.012640432909,36.3432179859749,0,"available_crw"
"254027_0_t1",84,"254027_0_t1_crw_084",12,"254027_0_t1_20240414T110000",2024-04-14 11:00:00,-122.088940549835,36.196514994602,0,"available_crw"
"254027_0_t1",84,"254027_0_t1_crw_084",13,"254027_0_t1_20240414T170000",2024-04-14 17:00:00,-122.276012758889,36.1990101501638,0,"available_crw"
"254027_0_t1",84,"254027_0_t1_crw_084",14,"254027_0_t1_20240414T230000",2024-04-14 23:00:00,-122.582629110479,36.2936841384589,0,"available_crw"
"254027_0_t1",84,"254027_0_t1_crw_084",15,"254027_0_t1_20240415T050000",2024-04-15 05:00:00,-122.703873528309,36.300487968547,0,"available_crw"
"254027_0_t1",84,"254027_0_t1_crw_084",16,"254027_0_t1_20240415T110000",2024-04-15 11:00:00,-123.004274664559,36.4082166913165,0,"available_crw"
"254027_0_t1",84,"254027_0_t1_crw_084",17,"254027_0_t1_20240415T170000",2024-04-15 17:00:00,-123.113221708104,36.4498655498198,0,"available_crw"
"254027_0_t1",84,"254027_0_t1_crw_084",18,"254027_0_t1_20240415T230000",2024-04-15 23:00:00,-123.104260316,36.4488558824732,0,"available_crw"
"254027_0_t1",84,"254027_0_t1_crw_084",19,"254027_0_t1_20240416T050000",2024-04-16 05:00:00,-123.113186581664,36.4476608681503,0,"available_crw"
"254027_0_t1",84,"254027_0_t1_crw_084",20,"254027_0_t1_20240416T110000",2024-04-16 11:00:00,-123.080370990396,36.2861644816443,0,"available_crw"
"254027_0_t1",84,"254027_0_t1_crw_084",21,"254027_0_t1_20240416T170000",2024-04-16 17:00:00,-123.053677244776,36.1912164503791,0,"available_crw"
"254027_0_t1",84,"254027_0_t1_crw_084",22,"254027_0_t1_20240416T230000",2024-04-16 23:00:00,-123.385175273007,36.0460300679912,0,"available_crw"
"254027_0_t1",84,"254027_0_t1_crw_084",23,"254027_0_t1_20240417T050000",2024-04-17 05:00:00,-123.395475357027,36.0595194146732,0,"available_crw"
"254027_0_t1",84,"254027_0_t1_crw_084",24,"254027_0_t1_20240417T110000",2024-04-17 11:00:00,-123.467770946605,36.2200361644076,0,"available_crw"
"254027_0_t1",84,"254027_0_t1_crw_084",25,"254027_0_t1_20240417T170000",2024-04-17 17:00:00,-123.540684836391,36.2987233179178,0,"available_crw"
"254027_0_t1",84,"254027_0_t1_crw_084",26,"254027_0_t1_20240417T230000",2024-04-17 23:00:00,-123.52648078881,36.2932426557785,0,"available_crw"
"254027_0_t1",84,"254027_0_t1_crw_084",27,"254027_0_t1_20240418T050000",2024-04-18 05:00:00,-123.535419722648,36.2942774843554,0,"available_crw"
"254027_0_t1",84,"254027_0_t1_crw_084",28,"254027_0_t1_20240418T110000",2024-04-18 11:00:00,-123.564215642342,36.1322875778733,0,"available_crw"
"254027_0_t1",84,"254027_0_t1_crw_084",29,"254027_0_t1_20240418T170000",2024-04-18 17:00:00,-123.529573945282,36.0250922070274,0,"available_crw"
"254027_0_t1",84,"254027_0_t1_crw_084",30,"254027_0_t1_20240418T230000",2024-04-18 23:00:00,-123.498537440466,35.8969476029065,0,"available_crw"
"254027_0_t1",84,"254027_0_t1_crw_084",31,"254027_0_t1_20240419T050000",2024-04-19 05:00:00,-123.524968329073,35.9320213537035,0,"available_crw"
"254027_0_t1",84,"254027_0_t1_crw_084",32,"254027_0_t1_20240419T110000",2024-04-19 11:00:00,-123.600413978161,36.0473380867295,0,"available_crw"
"254027_0_t1",85,"254027_0_t1_crw_085",1,"254027_0_t1_20240411T170000",2024-04-11 17:00:00,-121.8431658,36.81026373,0,"available_crw"
"254027_0_t1",85,"254027_0_t1_crw_085",2,"254027_0_t1_20240411T230000",2024-04-11 23:00:00,-121.960653455144,36.7829241368097,0,"available_crw"
"254027_0_t1",85,"254027_0_t1_crw_085",3,"254027_0_t1_20240412T050000",2024-04-12 05:00:00,-121.953078051844,36.786960098856,0,"available_crw"
"254027_0_t1",85,"254027_0_t1_crw_085",4,"254027_0_t1_20240412T110000",2024-04-12 11:00:00,-121.990202421383,36.8025804919425,0,"available_crw"
"254027_0_t1",85,"254027_0_t1_crw_085",5,"254027_0_t1_20240412T170000",2024-04-12 17:00:00,-122.154703275799,36.9108348062401,0,"available_crw"
"254027_0_t1",85,"254027_0_t1_crw_085",6,"254027_0_t1_20240412T230000",2024-04-12 23:00:00,-122.281298691324,37.033379215802,0,"available_crw"
"254027_0_t1",85,"254027_0_t1_crw_085",7,"254027_0_t1_20240413T050000",2024-04-13 05:00:00,-122.313311954152,37.0734574976465,0,"available_crw"
"254027_0_t1",85,"254027_0_t1_crw_085",8,"254027_0_t1_20240413T110000",2024-04-13 11:00:00,-122.370195881589,37.1410612492499,0,"available_crw"
"254027_0_t1",85,"254027_0_t1_crw_085",9,"254027_0_t1_20240413T170000",2024-04-13 17:00:00,-122.451129979396,37.2991866012415,0,"available_crw"
"254027_0_t1",85,"254027_0_t1_crw_085",10,"254027_0_t1_20240413T230000",2024-04-13 23:00:00,-122.503739314027,37.4228241214854,0,"available_crw"
"254027_0_t1",85,"254027_0_t1_crw_085",11,"254027_0_t1_20240414T050000",2024-04-14 05:00:00,-122.550097862978,37.5128966566926,0,"available_crw"
"254027_0_t1",85,"254027_0_t1_crw_085",12,"254027_0_t1_20240414T110000",2024-04-14 11:00:00,-122.576608750689,37.4866432786519,0,"available_crw"
"254027_0_t1",85,"254027_0_t1_crw_085",13,"254027_0_t1_20240414T170000",2024-04-14 17:00:00,-122.622862372932,37.3954570666039,0,"available_crw"
"254027_0_t1",85,"254027_0_t1_crw_085",14,"254027_0_t1_20240414T230000",2024-04-14 23:00:00,-122.624421339121,37.4081315527765,0,"available_crw"
"254027_0_t1",85,"254027_0_t1_crw_085",15,"254027_0_t1_20240415T050000",2024-04-15 05:00:00,-122.640968695778,37.6615450581498,0,"available_crw"
"254027_0_t1",85,"254027_0_t1_crw_085",16,"254027_0_t1_20240415T110000",2024-04-15 11:00:00,-122.636693630197,37.709008381101,0,"available_crw"
"254027_0_t1",85,"254027_0_t1_crw_085",17,"254027_0_t1_20240415T170000",2024-04-15 17:00:00,-122.634972532924,37.763774472658,0,"available_crw"
"254027_0_t1",85,"254027_0_t1_crw_085",18,"254027_0_t1_20240415T230000",2024-04-15 23:00:00,-122.636462457925,37.8185443474348,0,"available_crw"
"254027_0_t1",85,"254027_0_t1_crw_085",19,"254027_0_t1_20240416T050000",2024-04-16 05:00:00,-122.673203381373,37.8016448784621,0,"available_crw"
"254027_0_t1",85,"254027_0_t1_crw_085",20,"254027_0_t1_20240416T110000",2024-04-16 11:00:00,-122.760807228393,37.7590959236907,0,"available_crw"
"254027_0_t1",85,"254027_0_t1_crw_085",21,"254027_0_t1_20240416T170000",2024-04-16 17:00:00,-122.837077685373,37.8573590373271,0,"available_crw"
"254027_0_t1",85,"254027_0_t1_crw_085",22,"254027_0_t1_20240416T230000",2024-04-16 23:00:00,-122.893082288453,37.9257321894213,0,"available_crw"
"254027_0_t1",85,"254027_0_t1_crw_085",23,"254027_0_t1_20240417T050000",2024-04-17 05:00:00,-122.913134731169,37.8960193842632,0,"available_crw"
"254027_0_t1",85,"254027_0_t1_crw_085",24,"254027_0_t1_20240417T110000",2024-04-17 11:00:00,-122.937534208582,37.7995844120646,0,"available_crw"
"254027_0_t1",85,"254027_0_t1_crw_085",25,"254027_0_t1_20240417T170000",2024-04-17 17:00:00,-122.735487684846,37.7670517457497,0,"available_crw"
"254027_0_t1",85,"254027_0_t1_crw_085",26,"254027_0_t1_20240417T230000",2024-04-17 23:00:00,-122.59861953579,37.7888128194551,0,"available_crw"
"254027_0_t1",85,"254027_0_t1_crw_085",27,"254027_0_t1_20240418T050000",2024-04-18 05:00:00,-122.625999232982,37.8145673938147,0,"available_crw"
"254027_0_t1",85,"254027_0_t1_crw_085",28,"254027_0_t1_20240418T110000",2024-04-18 11:00:00,-122.611141501102,37.8097481594325,0,"available_crw"
"254027_0_t1",85,"254027_0_t1_crw_085",29,"254027_0_t1_20240418T170000",2024-04-18 17:00:00,-122.558862493596,37.7864386910735,0,"available_crw"
"254027_0_t1",85,"254027_0_t1_crw_085",30,"254027_0_t1_20240418T230000",2024-04-18 23:00:00,-122.629785437029,37.685716899296,0,"available_crw"
"254027_0_t1",85,"254027_0_t1_crw_085",31,"254027_0_t1_20240419T050000",2024-04-19 05:00:00,-122.506474811407,37.5827883388174,0,"available_crw"
"254027_0_t1",85,"254027_0_t1_crw_085",32,"254027_0_t1_20240419T110000",2024-04-19 11:00:00,-122.52009201864,37.5711983079185,0,"available_crw"
"254027_0_t1",86,"254027_0_t1_crw_086",1,"254027_0_t1_20240411T170000",2024-04-11 17:00:00,-121.8431658,36.81026373,0,"available_crw"
"254027_0_t1",86,"254027_0_t1_crw_086",2,"254027_0_t1_20240411T230000",2024-04-11 23:00:00,-121.802387385465,36.8756446011203,0,"available_crw"
"254027_0_t1",86,"254027_0_t1_crw_086",3,"254027_0_t1_20240412T050000",2024-04-12 05:00:00,-121.816758959333,36.8388542856509,0,"available_crw"
"254027_0_t1",86,"254027_0_t1_crw_086",4,"254027_0_t1_20240412T110000",2024-04-12 11:00:00,-121.920191019721,36.6896338259279,0,"available_crw"
"254027_0_t1",86,"254027_0_t1_crw_086",5,"254027_0_t1_20240412T170000",2024-04-12 17:00:00,-121.946262135825,36.5935379206838,0,"available_crw"
"254027_0_t1",86,"254027_0_t1_crw_086",6,"254027_0_t1_20240412T230000",2024-04-12 23:00:00,-122.066616532336,36.3942397363093,0,"available_crw"
"254027_0_t1",86,"254027_0_t1_crw_086",7,"254027_0_t1_20240413T050000",2024-04-13 05:00:00,-122.067071310004,36.406971015449,0,"available_crw"
"254027_0_t1",86,"254027_0_t1_crw_086",8,"254027_0_t1_20240413T110000",2024-04-13 11:00:00,-122.047512697086,36.4083509801647,0,"available_crw"
"254027_0_t1",86,"254027_0_t1_crw_086",9,"254027_0_t1_20240413T170000",2024-04-13 17:00:00,-122.06078688659,36.4014894367431,0,"available_crw"
"254027_0_t1",86,"254027_0_t1_crw_086",10,"254027_0_t1_20240413T230000",2024-04-13 23:00:00,-122.138334528682,36.3101401318817,0,"available_crw"
"254027_0_t1",86,"254027_0_t1_crw_086",11,"254027_0_t1_20240414T050000",2024-04-14 05:00:00,-122.290514897316,36.1917870589915,0,"available_crw"
"254027_0_t1",86,"254027_0_t1_crw_086",12,"254027_0_t1_20240414T110000",2024-04-14 11:00:00,-122.257830993045,36.2130217598971,0,"available_crw"
"254027_0_t1",86,"254027_0_t1_crw_086",13,"254027_0_t1_20240414T170000",2024-04-14 17:00:00,-121.993263012603,36.0457858686756,0,"available_crw"
"254027_0_t1",86,"254027_0_t1_crw_086",14,"254027_0_t1_20240414T230000",2024-04-14 23:00:00,-121.756598038748,35.8802770276455,0,"available_crw"
"254027_0_t1",86,"254027_0_t1_crw_086",15,"254027_0_t1_20240415T050000",2024-04-15 05:00:00,-121.717367456527,35.8449890338681,0,"available_crw"
"254027_0_t1",86,"254027_0_t1_crw_086",16,"254027_0_t1_20240415T110000",2024-04-15 11:00:00,-121.803620595607,35.8245588854145,0,"available_crw"
"254027_0_t1",86,"254027_0_t1_crw_086",17,"254027_0_t1_20240415T170000",2024-04-15 17:00:00,-121.899035728164,35.799912547829,0,"available_crw"
"254027_0_t1",86,"254027_0_t1_crw_086",18,"254027_0_t1_20240415T230000",2024-04-15 23:00:00,-121.8567801325,35.8173111985498,0,"available_crw"
"254027_0_t1",86,"254027_0_t1_crw_086",19,"254027_0_t1_20240416T050000",2024-04-16 05:00:00,-121.868025422271,35.8340114670083,0,"available_crw"
"254027_0_t1",86,"254027_0_t1_crw_086",20,"254027_0_t1_20240416T110000",2024-04-16 11:00:00,-121.851349272222,35.8028971695446,0,"available_crw"
"254027_0_t1",86,"254027_0_t1_crw_086",21,"254027_0_t1_20240416T170000",2024-04-16 17:00:00,-121.809246512722,35.7289362522874,0,"available_crw"
"254027_0_t1",86,"254027_0_t1_crw_086",22,"254027_0_t1_20240416T230000",2024-04-16 23:00:00,-121.698092264663,35.6214619780174,0,"available_crw"
"254027_0_t1",86,"254027_0_t1_crw_086",23,"254027_0_t1_20240417T050000",2024-04-17 05:00:00,-121.705641105523,35.6253916582094,0,"available_crw"
"254027_0_t1",86,"254027_0_t1_crw_086",24,"254027_0_t1_20240417T110000",2024-04-17 11:00:00,-121.662269336273,35.6101207218465,0,"available_crw"
"254027_0_t1",86,"254027_0_t1_crw_086",25,"254027_0_t1_20240417T170000",2024-04-17 17:00:00,-121.582501807808,35.7602746213447,0,"available_crw"
"254027_0_t1",86,"254027_0_t1_crw_086",26,"254027_0_t1_20240417T230000",2024-04-17 23:00:00,-121.558019806904,35.8994726280718,0,"available_crw"
"254027_0_t1",86,"254027_0_t1_crw_086",27,"254027_0_t1_20240418T050000",2024-04-18 05:00:00,-121.757138121224,35.9227300984053,0,"available_crw"
"254027_0_t1",86,"254027_0_t1_crw_086",28,"254027_0_t1_20240418T110000",2024-04-18 11:00:00,-121.785707749135,35.7607395409645,0,"available_crw"
"254027_0_t1",86,"254027_0_t1_crw_086",29,"254027_0_t1_20240418T170000",2024-04-18 17:00:00,-121.792140843579,35.7061969507428,0,"available_crw"
"254027_0_t1",86,"254027_0_t1_crw_086",30,"254027_0_t1_20240418T230000",2024-04-18 23:00:00,-121.804827291283,35.6597415898952,0,"available_crw"
"254027_0_t1",86,"254027_0_t1_crw_086",31,"254027_0_t1_20240419T050000",2024-04-19 05:00:00,-121.824024033388,35.6622820187564,0,"available_crw"
"254027_0_t1",86,"254027_0_t1_crw_086",32,"254027_0_t1_20240419T110000",2024-04-19 11:00:00,-121.942772469277,35.6718772441071,0,"available_crw"
"254027_0_t1",87,"254027_0_t1_crw_087",1,"254027_0_t1_20240411T170000",2024-04-11 17:00:00,-121.8431658,36.81026373,0,"available_crw"
"254027_0_t1",87,"254027_0_t1_crw_087",2,"254027_0_t1_20240411T230000",2024-04-11 23:00:00,-121.834458612754,36.8123606452942,0,"available_crw"
"254027_0_t1",87,"254027_0_t1_crw_087",3,"254027_0_t1_20240412T050000",2024-04-12 05:00:00,-121.845796413356,36.8034686631726,0,"available_crw"
"254027_0_t1",87,"254027_0_t1_crw_087",4,"254027_0_t1_20240412T110000",2024-04-12 11:00:00,-121.892274444766,36.7634209728533,0,"available_crw"
"254027_0_t1",87,"254027_0_t1_crw_087",5,"254027_0_t1_20240412T170000",2024-04-12 17:00:00,-121.977096779856,36.6939883763798,0,"available_crw"
"254027_0_t1",87,"254027_0_t1_crw_087",6,"254027_0_t1_20240412T230000",2024-04-12 23:00:00,-122.007540577043,36.7629008383473,0,"available_crw"
"254027_0_t1",87,"254027_0_t1_crw_087",7,"254027_0_t1_20240413T050000",2024-04-13 05:00:00,-122.033342210183,36.8136058162028,0,"available_crw"
"254027_0_t1",87,"254027_0_t1_crw_087",8,"254027_0_t1_20240413T110000",2024-04-13 11:00:00,-122.098973648631,36.8199896408288,0,"available_crw"
"254027_0_t1",87,"254027_0_t1_crw_087",9,"254027_0_t1_20240413T170000",2024-04-13 17:00:00,-122.082030849898,36.9345944023607,0,"available_crw"
"254027_0_t1",87,"254027_0_t1_crw_087",10,"254027_0_t1_20240413T230000",2024-04-13 23:00:00,-122.244029624713,36.9921652301219,0,"available_crw"
"254027_0_t1",87,"254027_0_t1_crw_087",11,"254027_0_t1_20240414T050000",2024-04-14 05:00:00,-122.360135208027,36.8847951086421,0,"available_crw"
"254027_0_t1",87,"254027_0_t1_crw_087",12,"254027_0_t1_20240414T110000",2024-04-14 11:00:00,-122.356483659857,36.8971889043772,0,"available_crw"
"254027_0_t1",87,"254027_0_t1_crw_087",13,"254027_0_t1_20240414T170000",2024-04-14 17:00:00,-122.35584370984,36.8898979514282,0,"available_crw"
"254027_0_t1",87,"254027_0_t1_crw_087",14,"254027_0_t1_20240414T230000",2024-04-14 23:00:00,-122.380229166916,36.7319336643727,0,"available_crw"
"254027_0_t1",87,"254027_0_t1_crw_087",15,"254027_0_t1_20240415T050000",2024-04-15 05:00:00,-122.385448804636,36.677303739668,0,"available_crw"
"254027_0_t1",87,"254027_0_t1_crw_087",16,"254027_0_t1_20240415T110000",2024-04-15 11:00:00,-122.423878982728,36.4254124202539,0,"available_crw"
"254027_0_t1",87,"254027_0_t1_crw_087",17,"254027_0_t1_20240415T170000",2024-04-15 17:00:00,-122.797755150563,36.3799923719696,0,"available_crw"
"254027_0_t1",87,"254027_0_t1_crw_087",18,"254027_0_t1_20240415T230000",2024-04-15 23:00:00,-122.753261378709,36.3999458531912,0,"available_crw"
"254027_0_t1",87,"254027_0_t1_crw_087",19,"254027_0_t1_20240416T050000",2024-04-16 05:00:00,-122.76193081275,36.3893099718554,0,"available_crw"
"254027_0_t1",87,"254027_0_t1_crw_087",20,"254027_0_t1_20240416T110000",2024-04-16 11:00:00,-122.75943341195,36.3963355063234,0,"available_crw"
"254027_0_t1",87,"254027_0_t1_crw_087",21,"254027_0_t1_20240416T170000",2024-04-16 17:00:00,-122.774607209023,36.3646795118894,0,"available_crw"
"254027_0_t1",87,"254027_0_t1_crw_087",22,"254027_0_t1_20240416T230000",2024-04-16 23:00:00,-122.733307599106,36.369172527692,0,"available_crw"
"254027_0_t1",87,"254027_0_t1_crw_087",23,"254027_0_t1_20240417T050000",2024-04-17 05:00:00,-122.572218415926,36.3784220450049,0,"available_crw"
"254027_0_t1",87,"254027_0_t1_crw_087",24,"254027_0_t1_20240417T110000",2024-04-17 11:00:00,-122.258423789913,36.3841269496632,0,"available_crw"
"254027_0_t1",87,"254027_0_t1_crw_087",25,"254027_0_t1_20240417T170000",2024-04-17 17:00:00,-122.262404994889,36.5477465142407,0,"available_crw"
"254027_0_t1",87,"254027_0_t1_crw_087",26,"254027_0_t1_20240417T230000",2024-04-17 23:00:00,-122.242795420229,36.5489807651198,0,"available_crw"
"254027_0_t1",87,"254027_0_t1_crw_087",27,"254027_0_t1_20240418T050000",2024-04-18 05:00:00,-122.251206312583,36.546265662964,0,"available_crw"
"254027_0_t1",87,"254027_0_t1_crw_087",28,"254027_0_t1_20240418T110000",2024-04-18 11:00:00,-122.259657503502,36.4935475474181,0,"available_crw"
"254027_0_t1",87,"254027_0_t1_crw_087",29,"254027_0_t1_20240418T170000",2024-04-18 17:00:00,-122.265217441954,36.4389392378685,0,"available_crw"
"254027_0_t1",87,"254027_0_t1_crw_087",30,"254027_0_t1_20240418T230000",2024-04-18 23:00:00,-122.40762679907,36.4480877406922,0,"available_crw"
"254027_0_t1",87,"254027_0_t1_crw_087",31,"254027_0_t1_20240419T050000",2024-04-19 05:00:00,-122.465345507592,36.4576257945005,0,"available_crw"
"254027_0_t1",87,"254027_0_t1_crw_087",32,"254027_0_t1_20240419T110000",2024-04-19 11:00:00,-122.586608535393,36.4485950198672,0,"available_crw"
"254027_0_t1",88,"254027_0_t1_crw_088",1,"254027_0_t1_20240411T170000",2024-04-11 17:00:00,-121.8431658,36.81026373,0,"available_crw"
"254027_0_t1",88,"254027_0_t1_crw_088",2,"254027_0_t1_20240411T230000",2024-04-11 23:00:00,-121.845789102579,36.6466460331804,0,"available_crw"
"254027_0_t1",88,"254027_0_t1_crw_088",3,"254027_0_t1_20240412T050000",2024-04-12 05:00:00,-121.862948095919,36.685383509571,0,"available_crw"
"254027_0_t1",88,"254027_0_t1_crw_088",4,"254027_0_t1_20240412T110000",2024-04-12 11:00:00,-121.88493428121,36.6783780716143,0,"available_crw"
"254027_0_t1",88,"254027_0_t1_crw_088",5,"254027_0_t1_20240412T170000",2024-04-12 17:00:00,-121.87460179701,36.6880184290409,0,"available_crw"
"254027_0_t1",88,"254027_0_t1_crw_088",6,"254027_0_t1_20240412T230000",2024-04-12 23:00:00,-121.899680293501,36.655171428342,0,"available_crw"
"254027_0_t1",88,"254027_0_t1_crw_088",7,"254027_0_t1_20240413T050000",2024-04-13 05:00:00,-122.033449571622,36.5381196377478,0,"available_crw"
"254027_0_t1",88,"254027_0_t1_crw_088",8,"254027_0_t1_20240413T110000",2024-04-13 11:00:00,-122.012892323911,36.4876206836852,0,"available_crw"
"254027_0_t1",88,"254027_0_t1_crw_088",9,"254027_0_t1_20240413T170000",2024-04-13 17:00:00,-121.979209368176,36.4107690788591,0,"available_crw"
"254027_0_t1",88,"254027_0_t1_crw_088",10,"254027_0_t1_20240413T230000",2024-04-13 23:00:00,-121.914393245089,36.4018004198728,0,"available_crw"
"254027_0_t1",88,"254027_0_t1_crw_088",11,"254027_0_t1_20240414T050000",2024-04-14 05:00:00,-121.964395919626,36.3941963124504,0,"available_crw"
"254027_0_t1",88,"254027_0_t1_crw_088",12,"254027_0_t1_20240414T110000",2024-04-14 11:00:00,-121.991132769161,36.5075730037651,0,"available_crw"
"254027_0_t1",88,"254027_0_t1_crw_088",13,"254027_0_t1_20240414T170000",2024-04-14 17:00:00,-122.020977164121,36.6019136487186,0,"available_crw"
"254027_0_t1",88,"254027_0_t1_crw_088",14,"254027_0_t1_20240414T230000",2024-04-14 23:00:00,-121.991950524494,36.5680927054242,0,"available_crw"
"254027_0_t1",88,"254027_0_t1_crw_088",15,"254027_0_t1_20240415T050000",2024-04-15 05:00:00,-122.012697183609,36.5976291268873,0,"available_crw"
"254027_0_t1",88,"254027_0_t1_crw_088",16,"254027_0_t1_20240415T110000",2024-04-15 11:00:00,-122.077537230843,36.7603169623125,0,"available_crw"
"254027_0_t1",88,"254027_0_t1_crw_088",17,"254027_0_t1_20240415T170000",2024-04-15 17:00:00,-122.142312127677,36.7707758913118,0,"available_crw"
"254027_0_t1",88,"254027_0_t1_crw_088",18,"254027_0_t1_20240415T230000",2024-04-15 23:00:00,-122.139570222128,36.7864910028003,0,"available_crw"
"254027_0_t1",88,"254027_0_t1_crw_088",19,"254027_0_t1_20240416T050000",2024-04-16 05:00:00,-122.067641928091,36.9472819314978,0,"available_crw"
"254027_0_t1",88,"254027_0_t1_crw_088",20,"254027_0_t1_20240416T110000",2024-04-16 11:00:00,-122.004079805204,36.8948921922797,0,"available_crw"
"254027_0_t1",88,"254027_0_t1_crw_088",21,"254027_0_t1_20240416T170000",2024-04-16 17:00:00,-121.864223182848,36.7038251214802,0,"available_crw"
"254027_0_t1",88,"254027_0_t1_crw_088",22,"254027_0_t1_20240416T230000",2024-04-16 23:00:00,-121.903828619085,36.7298060077707,0,"available_crw"
"254027_0_t1",88,"254027_0_t1_crw_088",23,"254027_0_t1_20240417T050000",2024-04-17 05:00:00,-121.821378480551,36.7605687026053,0,"available_crw"
"254027_0_t1",88,"254027_0_t1_crw_088",24,"254027_0_t1_20240417T110000",2024-04-17 11:00:00,-121.857371018797,36.7313689703708,0,"available_crw"
"254027_0_t1",88,"254027_0_t1_crw_088",25,"254027_0_t1_20240417T170000",2024-04-17 17:00:00,-121.853190659914,36.7378569918659,0,"available_crw"
"254027_0_t1",88,"254027_0_t1_crw_088",26,"254027_0_t1_20240417T230000",2024-04-17 23:00:00,-121.82467816753,36.7876082348359,0,"available_crw"
"254027_0_t1",88,"254027_0_t1_crw_088",27,"254027_0_t1_20240418T050000",2024-04-18 05:00:00,-121.837531092599,36.7504594090464,0,"available_crw"
"254027_0_t1",88,"254027_0_t1_crw_088",28,"254027_0_t1_20240418T110000",2024-04-18 11:00:00,-121.971841396606,36.5569468891235,0,"available_crw"
"254027_0_t1",88,"254027_0_t1_crw_088",29,"254027_0_t1_20240418T170000",2024-04-18 17:00:00,-122.096978530231,36.6129468316802,0,"available_crw"
"254027_0_t1",88,"254027_0_t1_crw_088",30,"254027_0_t1_20240418T230000",2024-04-18 23:00:00,-122.201110257844,36.6623541266916,0,"available_crw"
"254027_0_t1",88,"254027_0_t1_crw_088",31,"254027_0_t1_20240419T050000",2024-04-19 05:00:00,-122.247973380189,36.6913362397773,0,"available_crw"
"254027_0_t1",88,"254027_0_t1_crw_088",32,"254027_0_t1_20240419T110000",2024-04-19 11:00:00,-122.381169639505,36.7191993381357,0,"available_crw"
"254027_0_t1",89,"254027_0_t1_crw_089",1,"254027_0_t1_20240411T170000",2024-04-11 17:00:00,-121.8431658,36.81026373,0,"available_crw"
"254027_0_t1",89,"254027_0_t1_crw_089",2,"254027_0_t1_20240411T230000",2024-04-11 23:00:00,-121.841755589295,36.9256627818187,0,"available_crw"
"254027_0_t1",89,"254027_0_t1_crw_089",3,"254027_0_t1_20240412T050000",2024-04-12 05:00:00,-121.834542867436,36.8875399976969,0,"available_crw"
"254027_0_t1",89,"254027_0_t1_crw_089",4,"254027_0_t1_20240412T110000",2024-04-12 11:00:00,-121.81955836912,36.7909127251172,0,"available_crw"
"254027_0_t1",89,"254027_0_t1_crw_089",5,"254027_0_t1_20240412T170000",2024-04-12 17:00:00,-121.838960343866,36.7880353407537,0,"available_crw"
"254027_0_t1",89,"254027_0_t1_crw_089",6,"254027_0_t1_20240412T230000",2024-04-12 23:00:00,-121.905286198637,36.7755809648798,0,"available_crw"
"254027_0_t1",89,"254027_0_t1_crw_089",7,"254027_0_t1_20240413T050000",2024-04-13 05:00:00,-122.011181604589,36.7264487470931,0,"available_crw"
"254027_0_t1",89,"254027_0_t1_crw_089",8,"254027_0_t1_20240413T110000",2024-04-13 11:00:00,-122.244180056776,36.9237545080859,0,"available_crw"
"254027_0_t1",89,"254027_0_t1_crw_089",9,"254027_0_t1_20240413T170000",2024-04-13 17:00:00,-122.348948013325,37.0236796032554,0,"available_crw"
"254027_0_t1",89,"254027_0_t1_crw_089",10,"254027_0_t1_20240413T230000",2024-04-13 23:00:00,-122.4162741821,37.0847887256218,0,"available_crw"
"254027_0_t1",89,"254027_0_t1_crw_089",11,"254027_0_t1_20240414T050000",2024-04-14 05:00:00,-122.391193323619,37.0574318237845,0,"available_crw"
"254027_0_t1",89,"254027_0_t1_crw_089",12,"254027_0_t1_20240414T110000",2024-04-14 11:00:00,-122.425524489069,37.084455976523,0,"available_crw"
"254027_0_t1",89,"254027_0_t1_crw_089",13,"254027_0_t1_20240414T170000",2024-04-14 17:00:00,-122.386240064068,37.0621797365148,0,"available_crw"
"254027_0_t1",89,"254027_0_t1_crw_089",14,"254027_0_t1_20240414T230000",2024-04-14 23:00:00,-122.515273041472,36.7746810220939,0,"available_crw"
"254027_0_t1",89,"254027_0_t1_crw_089",15,"254027_0_t1_20240415T050000",2024-04-15 05:00:00,-122.535298730297,36.7223127679945,0,"available_crw"
"254027_0_t1",89,"254027_0_t1_crw_089",16,"254027_0_t1_20240415T110000",2024-04-15 11:00:00,-122.628615043652,36.5820055710323,0,"available_crw"
"254027_0_t1",89,"254027_0_t1_crw_089",17,"254027_0_t1_20240415T170000",2024-04-15 17:00:00,-122.605486976711,36.6103737062143,0,"available_crw"
"254027_0_t1",89,"254027_0_t1_crw_089",18,"254027_0_t1_20240415T230000",2024-04-15 23:00:00,-122.775160154185,36.7003347277813,0,"available_crw"
"254027_0_t1",89,"254027_0_t1_crw_089",19,"254027_0_t1_20240416T050000",2024-04-16 05:00:00,-122.880177831551,36.7486508064534,0,"available_crw"
"254027_0_t1",89,"254027_0_t1_crw_089",20,"254027_0_t1_20240416T110000",2024-04-16 11:00:00,-123.093977116945,36.9514205720831,0,"available_crw"
"254027_0_t1",89,"254027_0_t1_crw_089",21,"254027_0_t1_20240416T170000",2024-04-16 17:00:00,-122.879138675973,37.2039255292363,0,"available_crw"
"254027_0_t1",89,"254027_0_t1_crw_089",22,"254027_0_t1_20240416T230000",2024-04-16 23:00:00,-122.899612823009,37.169014078183,0,"available_crw"
"254027_0_t1",89,"254027_0_t1_crw_089",23,"254027_0_t1_20240417T050000",2024-04-17 05:00:00,-123.072966401261,36.9961766085769,0,"available_crw"
"254027_0_t1",89,"254027_0_t1_crw_089",24,"254027_0_t1_20240417T110000",2024-04-17 11:00:00,-123.423464720249,37.116497670659,0,"available_crw"
"254027_0_t1",89,"254027_0_t1_crw_089",25,"254027_0_t1_20240417T170000",2024-04-17 17:00:00,-123.414383704676,37.115767296333,0,"available_crw"
"254027_0_t1",89,"254027_0_t1_crw_089",26,"254027_0_t1_20240417T230000",2024-04-17 23:00:00,-123.116076423057,36.9996920596728,0,"available_crw"
"254027_0_t1",89,"254027_0_t1_crw_089",27,"254027_0_t1_20240418T050000",2024-04-18 05:00:00,-123.152309580816,37.017242934287,0,"available_crw"
"254027_0_t1",89,"254027_0_t1_crw_089",28,"254027_0_t1_20240418T110000",2024-04-18 11:00:00,-123.212403230714,37.0433325884261,0,"available_crw"
"254027_0_t1",89,"254027_0_t1_crw_089",29,"254027_0_t1_20240418T170000",2024-04-18 17:00:00,-123.417958921209,37.1918729003327,0,"available_crw"
"254027_0_t1",89,"254027_0_t1_crw_089",30,"254027_0_t1_20240418T230000",2024-04-18 23:00:00,-123.537573917871,37.3191220048678,0,"available_crw"
"254027_0_t1",89,"254027_0_t1_crw_089",31,"254027_0_t1_20240419T050000",2024-04-19 05:00:00,-123.628850417937,37.4736793795412,0,"available_crw"
"254027_0_t1",89,"254027_0_t1_crw_089",32,"254027_0_t1_20240419T110000",2024-04-19 11:00:00,-123.361868462833,37.6434772719008,0,"available_crw"
"254027_0_t1",90,"254027_0_t1_crw_090",1,"254027_0_t1_20240411T170000",2024-04-11 17:00:00,-121.8431658,36.81026373,0,"available_crw"
"254027_0_t1",90,"254027_0_t1_crw_090",2,"254027_0_t1_20240411T230000",2024-04-11 23:00:00,-122.012275888198,36.774598486074,0,"available_crw"
"254027_0_t1",90,"254027_0_t1_crw_090",3,"254027_0_t1_20240412T050000",2024-04-12 05:00:00,-122.203919185996,37.0385971638998,0,"available_crw"
"254027_0_t1",90,"254027_0_t1_crw_090",4,"254027_0_t1_20240412T110000",2024-04-12 11:00:00,-122.376553986109,37.0061488846249,0,"available_crw"
"254027_0_t1",90,"254027_0_t1_crw_090",5,"254027_0_t1_20240412T170000",2024-04-12 17:00:00,-122.36870879915,37.0098683960354,0,"available_crw"
"254027_0_t1",90,"254027_0_t1_crw_090",6,"254027_0_t1_20240412T230000",2024-04-12 23:00:00,-122.282367631992,37.0529302813356,0,"available_crw"
"254027_0_t1",90,"254027_0_t1_crw_090",7,"254027_0_t1_20240413T050000",2024-04-13 05:00:00,-122.390114310586,37.1919705905876,0,"available_crw"
"254027_0_t1",90,"254027_0_t1_crw_090",8,"254027_0_t1_20240413T110000",2024-04-13 11:00:00,-122.482460226945,37.2569488641632,0,"available_crw"
"254027_0_t1",90,"254027_0_t1_crw_090",9,"254027_0_t1_20240413T170000",2024-04-13 17:00:00,-122.545128367216,37.2391899452954,0,"available_crw"
"254027_0_t1",90,"254027_0_t1_crw_090",10,"254027_0_t1_20240413T230000",2024-04-13 23:00:00,-122.848519301923,37.1650071527887,0,"available_crw"
"254027_0_t1",90,"254027_0_t1_crw_090",11,"254027_0_t1_20240414T050000",2024-04-14 05:00:00,-122.848727080009,37.022826173907,0,"available_crw"
"254027_0_t1",90,"254027_0_t1_crw_090",12,"254027_0_t1_20240414T110000",2024-04-14 11:00:00,-122.9307462841,37.0548690040219,0,"available_crw"
"254027_0_t1",90,"254027_0_t1_crw_090",13,"254027_0_t1_20240414T170000",2024-04-14 17:00:00,-122.91706192276,37.2061061165975,0,"available_crw"
"254027_0_t1",90,"254027_0_t1_crw_090",14,"254027_0_t1_20240414T230000",2024-04-14 23:00:00,-122.905476270183,37.2527846892477,0,"available_crw"
"254027_0_t1",90,"254027_0_t1_crw_090",15,"254027_0_t1_20240415T050000",2024-04-15 05:00:00,-122.900983557313,37.240565761816,0,"available_crw"
"254027_0_t1",90,"254027_0_t1_crw_090",16,"254027_0_t1_20240415T110000",2024-04-15 11:00:00,-122.808727389025,37.1208847554131,0,"available_crw"
"254027_0_t1",90,"254027_0_t1_crw_090",17,"254027_0_t1_20240415T170000",2024-04-15 17:00:00,-122.931189868292,37.0600897788905,0,"available_crw"
"254027_0_t1",90,"254027_0_t1_crw_090",18,"254027_0_t1_20240415T230000",2024-04-15 23:00:00,-123.074560617584,36.9981278413052,0,"available_crw"
"254027_0_t1",90,"254027_0_t1_crw_090",19,"254027_0_t1_20240416T050000",2024-04-16 05:00:00,-123.040151368942,36.8586518978566,0,"available_crw"
"254027_0_t1",90,"254027_0_t1_crw_090",20,"254027_0_t1_20240416T110000",2024-04-16 11:00:00,-123.347457288485,36.7448314732388,0,"available_crw"
"254027_0_t1",90,"254027_0_t1_crw_090",21,"254027_0_t1_20240416T170000",2024-04-16 17:00:00,-123.557420312581,36.9582595242753,0,"available_crw"
"254027_0_t1",90,"254027_0_t1_crw_090",22,"254027_0_t1_20240416T230000",2024-04-16 23:00:00,-123.468404697847,36.9740000092455,0,"available_crw"
"254027_0_t1",90,"254027_0_t1_crw_090",23,"254027_0_t1_20240417T050000",2024-04-17 05:00:00,-123.513083564284,36.9597916377435,0,"available_crw"
"254027_0_t1",90,"254027_0_t1_crw_090",24,"254027_0_t1_20240417T110000",2024-04-17 11:00:00,-123.652966068074,36.8751876937344,0,"available_crw"
"254027_0_t1",90,"254027_0_t1_crw_090",25,"254027_0_t1_20240417T170000",2024-04-17 17:00:00,-123.739810151943,36.9671565513571,0,"available_crw"
"254027_0_t1",90,"254027_0_t1_crw_090",26,"254027_0_t1_20240417T230000",2024-04-17 23:00:00,-123.831459159973,37.1214157878104,0,"available_crw"
"254027_0_t1",90,"254027_0_t1_crw_090",27,"254027_0_t1_20240418T050000",2024-04-18 05:00:00,-123.890488201682,37.2065428546663,0,"available_crw"
"254027_0_t1",90,"254027_0_t1_crw_090",28,"254027_0_t1_20240418T110000",2024-04-18 11:00:00,-123.942524387121,37.4690099709767,0,"available_crw"
"254027_0_t1",90,"254027_0_t1_crw_090",29,"254027_0_t1_20240418T170000",2024-04-18 17:00:00,-123.960893531178,37.5491993025026,0,"available_crw"
"254027_0_t1",90,"254027_0_t1_crw_090",30,"254027_0_t1_20240418T230000",2024-04-18 23:00:00,-123.944693845802,37.5128637122794,0,"available_crw"
"254027_0_t1",90,"254027_0_t1_crw_090",31,"254027_0_t1_20240419T050000",2024-04-19 05:00:00,-123.915710501195,37.343589706771,0,"available_crw"
"254027_0_t1",90,"254027_0_t1_crw_090",32,"254027_0_t1_20240419T110000",2024-04-19 11:00:00,-123.86460617084,37.2541045101187,0,"available_crw"
"254027_0_t1",91,"254027_0_t1_crw_091",1,"254027_0_t1_20240411T170000",2024-04-11 17:00:00,-121.8431658,36.81026373,0,"available_crw"
"254027_0_t1",91,"254027_0_t1_crw_091",2,"254027_0_t1_20240411T230000",2024-04-11 23:00:00,-121.845789102579,36.6466460331804,0,"available_crw"
"254027_0_t1",91,"254027_0_t1_crw_091",3,"254027_0_t1_20240412T050000",2024-04-12 05:00:00,-121.865461261073,36.6459237761234,0,"available_crw"
"254027_0_t1",91,"254027_0_t1_crw_091",4,"254027_0_t1_20240412T110000",2024-04-12 11:00:00,-121.989478081629,36.5981321408319,0,"available_crw"
"254027_0_t1",91,"254027_0_t1_crw_091",5,"254027_0_t1_20240412T170000",2024-04-12 17:00:00,-121.993608049076,36.5450819111573,0,"available_crw"
"254027_0_t1",91,"254027_0_t1_crw_091",6,"254027_0_t1_20240412T230000",2024-04-12 23:00:00,-122.072516844508,36.5811075640394,0,"available_crw"
"254027_0_t1",91,"254027_0_t1_crw_091",7,"254027_0_t1_20240413T050000",2024-04-13 05:00:00,-122.191532782578,36.6026913346824,0,"available_crw"
"254027_0_t1",91,"254027_0_t1_crw_091",8,"254027_0_t1_20240413T110000",2024-04-13 11:00:00,-122.438290754906,36.7008401545811,0,"available_crw"
"254027_0_t1",91,"254027_0_t1_crw_091",9,"254027_0_t1_20240413T170000",2024-04-13 17:00:00,-122.649912693497,36.8429029724905,0,"available_crw"
"254027_0_t1",91,"254027_0_t1_crw_091",10,"254027_0_t1_20240413T230000",2024-04-13 23:00:00,-122.492625230274,37.1212318602926,0,"available_crw"
"254027_0_t1",91,"254027_0_t1_crw_091",11,"254027_0_t1_20240414T050000",2024-04-14 05:00:00,-122.452621136097,37.196204352415,0,"available_crw"
"254027_0_t1",91,"254027_0_t1_crw_091",12,"254027_0_t1_20240414T110000",2024-04-14 11:00:00,-122.42864986379,37.3355022372031,0,"available_crw"
"254027_0_t1",91,"254027_0_t1_crw_091",13,"254027_0_t1_20240414T170000",2024-04-14 17:00:00,-122.41944582654,37.4325823498479,0,"available_crw"
"254027_0_t1",91,"254027_0_t1_crw_091",14,"254027_0_t1_20240414T230000",2024-04-14 23:00:00,-122.333119105836,37.6433573225916,0,"available_crw"
"254027_0_t1",91,"254027_0_t1_crw_091",15,"254027_0_t1_20240415T050000",2024-04-15 05:00:00,-122.313823303447,37.6393157783518,0,"available_crw"
"254027_0_t1",91,"254027_0_t1_crw_091",16,"254027_0_t1_20240415T110000",2024-04-15 11:00:00,-122.175875852706,37.6549166209963,0,"available_crw"
"254027_0_t1",91,"254027_0_t1_crw_091",17,"254027_0_t1_20240415T170000",2024-04-15 17:00:00,-122.204100257635,37.5853162116753,0,"available_crw"
"254027_0_t1",91,"254027_0_t1_crw_091",18,"254027_0_t1_20240415T230000",2024-04-15 23:00:00,-122.204016821793,37.5926239505127,0,"available_crw"
"254027_0_t1",91,"254027_0_t1_crw_091",19,"254027_0_t1_20240416T050000",2024-04-16 05:00:00,-122.238655924508,37.6870425016366,0,"available_crw"
"254027_0_t1",91,"254027_0_t1_crw_091",20,"254027_0_t1_20240416T110000",2024-04-16 11:00:00,-122.269696786256,37.7647376993329,0,"available_crw"
"254027_0_t1",91,"254027_0_t1_crw_091",21,"254027_0_t1_20240416T170000",2024-04-16 17:00:00,-122.303054523575,37.8418336124638,0,"available_crw"
"254027_0_t1",91,"254027_0_t1_crw_091",22,"254027_0_t1_20240416T230000",2024-04-16 23:00:00,-122.29759874465,37.8359443296883,0,"available_crw"
"254027_0_t1",91,"254027_0_t1_crw_091",23,"254027_0_t1_20240417T050000",2024-04-17 05:00:00,-122.38828805978,37.8227543031454,0,"available_crw"
"254027_0_t1",91,"254027_0_t1_crw_091",24,"254027_0_t1_20240417T110000",2024-04-17 11:00:00,-122.50953833373,37.8076444309306,0,"available_crw"
"254027_0_t1",91,"254027_0_t1_crw_091",25,"254027_0_t1_20240417T170000",2024-04-17 17:00:00,-122.628043153908,37.7490969421919,0,"available_crw"
"254027_0_t1",91,"254027_0_t1_crw_091",26,"254027_0_t1_20240417T230000",2024-04-17 23:00:00,-122.619913514247,37.7600745026194,0,"available_crw"
"254027_0_t1",91,"254027_0_t1_crw_091",27,"254027_0_t1_20240418T050000",2024-04-18 05:00:00,-122.564288561349,37.8468473734519,0,"available_crw"
"254027_0_t1",91,"254027_0_t1_crw_091",28,"254027_0_t1_20240418T110000",2024-04-18 11:00:00,-122.564110883431,37.8341137986894,0,"available_crw"
"254027_0_t1",91,"254027_0_t1_crw_091",29,"254027_0_t1_20240418T170000",2024-04-18 17:00:00,-122.540125199742,37.8349642758021,0,"available_crw"
"254027_0_t1",91,"254027_0_t1_crw_091",30,"254027_0_t1_20240418T230000",2024-04-18 23:00:00,-122.418049197447,37.8451921019425,0,"available_crw"
"254027_0_t1",91,"254027_0_t1_crw_091",31,"254027_0_t1_20240419T050000",2024-04-19 05:00:00,-122.421361421623,37.8640519983989,0,"available_crw"
"254027_0_t1",91,"254027_0_t1_crw_091",32,"254027_0_t1_20240419T110000",2024-04-19 11:00:00,-122.43506821153,37.9608119237324,0,"available_crw"
"254027_0_t1",92,"254027_0_t1_crw_092",1,"254027_0_t1_20240411T170000",2024-04-11 17:00:00,-121.8431658,36.81026373,0,"available_crw"
"254027_0_t1",92,"254027_0_t1_crw_092",2,"254027_0_t1_20240411T230000",2024-04-11 23:00:00,-121.795736900075,36.8159757322899,0,"available_crw"
"254027_0_t1",92,"254027_0_t1_crw_092",3,"254027_0_t1_20240412T050000",2024-04-12 05:00:00,-121.803916656179,36.8127885714578,0,"available_crw"
"254027_0_t1",92,"254027_0_t1_crw_092",4,"254027_0_t1_20240412T110000",2024-04-12 11:00:00,-121.859935978076,36.7974528917233,0,"available_crw"
"254027_0_t1",92,"254027_0_t1_crw_092",5,"254027_0_t1_20240412T170000",2024-04-12 17:00:00,-121.982899492528,36.9124542827775,0,"available_crw"
"254027_0_t1",92,"254027_0_t1_crw_092",6,"254027_0_t1_20240412T230000",2024-04-12 23:00:00,-121.968693582311,36.9234857977352,0,"available_crw"
"254027_0_t1",92,"254027_0_t1_crw_092",7,"254027_0_t1_20240413T050000",2024-04-13 05:00:00,-121.973686768215,36.9113980898633,0,"available_crw"
"254027_0_t1",92,"254027_0_t1_crw_092",8,"254027_0_t1_20240413T110000",2024-04-13 11:00:00,-122.311342000486,36.9341721020044,0,"available_crw"
"254027_0_t1",92,"254027_0_t1_crw_092",9,"254027_0_t1_20240413T170000",2024-04-13 17:00:00,-122.37955079124,36.9360969942803,0,"available_crw"
"254027_0_t1",92,"254027_0_t1_crw_092",10,"254027_0_t1_20240413T230000",2024-04-13 23:00:00,-122.468418704159,37.2332747065333,0,"available_crw"
"254027_0_t1",92,"254027_0_t1_crw_092",11,"254027_0_t1_20240414T050000",2024-04-14 05:00:00,-122.645890061098,37.2422112958092,0,"available_crw"
"254027_0_t1",92,"254027_0_t1_crw_092",12,"254027_0_t1_20240414T110000",2024-04-14 11:00:00,-122.708657178673,37.1092002604424,0,"available_crw"
"254027_0_t1",92,"254027_0_t1_crw_092",13,"254027_0_t1_20240414T170000",2024-04-14 17:00:00,-122.665887234834,37.0685625069548,0,"available_crw"
"254027_0_t1",92,"254027_0_t1_crw_092",14,"254027_0_t1_20240414T230000",2024-04-14 23:00:00,-122.866934239232,36.8494920804651,0,"available_crw"
"254027_0_t1",92,"254027_0_t1_crw_092",15,"254027_0_t1_20240415T050000",2024-04-15 05:00:00,-123.077950133255,36.7068236544415,0,"available_crw"
"254027_0_t1",92,"254027_0_t1_crw_092",16,"254027_0_t1_20240415T110000",2024-04-15 11:00:00,-123.327594546686,36.552141005889,0,"available_crw"
"254027_0_t1",92,"254027_0_t1_crw_092",17,"254027_0_t1_20240415T170000",2024-04-15 17:00:00,-123.631098732089,36.7353940917567,0,"available_crw"
"254027_0_t1",92,"254027_0_t1_crw_092",18,"254027_0_t1_20240415T230000",2024-04-15 23:00:00,-123.87531215451,36.8961658044098,0,"available_crw"
"254027_0_t1",92,"254027_0_t1_crw_092",19,"254027_0_t1_20240416T050000",2024-04-16 05:00:00,-123.826860869956,36.8828568595347,0,"available_crw"
"254027_0_t1",92,"254027_0_t1_crw_092",20,"254027_0_t1_20240416T110000",2024-04-16 11:00:00,-123.832156833905,36.8675689216096,0,"available_crw"
"254027_0_t1",92,"254027_0_t1_crw_092",21,"254027_0_t1_20240416T170000",2024-04-16 17:00:00,-123.86771082654,36.7744770220811,0,"available_crw"
"254027_0_t1",92,"254027_0_t1_crw_092",22,"254027_0_t1_20240416T230000",2024-04-16 23:00:00,-123.973685330211,36.5354972641737,0,"available_crw"
"254027_0_t1",92,"254027_0_t1_crw_092",23,"254027_0_t1_20240417T050000",2024-04-17 05:00:00,-123.992561911748,36.5399474844008,0,"available_crw"
"254027_0_t1",92,"254027_0_t1_crw_092",24,"254027_0_t1_20240417T110000",2024-04-17 11:00:00,-123.987003829505,36.8455028508075,0,"available_crw"
"254027_0_t1",92,"254027_0_t1_crw_092",25,"254027_0_t1_20240417T170000",2024-04-17 17:00:00,-123.974581200737,36.9756967734079,0,"available_crw"
"254027_0_t1",92,"254027_0_t1_crw_092",26,"254027_0_t1_20240417T230000",2024-04-17 23:00:00,-123.962063515377,37.0725543231809,0,"available_crw"
"254027_0_t1",92,"254027_0_t1_crw_092",27,"254027_0_t1_20240418T050000",2024-04-18 05:00:00,-123.948703497345,37.11892115927,0,"available_crw"
"254027_0_t1",92,"254027_0_t1_crw_092",28,"254027_0_t1_20240418T110000",2024-04-18 11:00:00,-123.997907325267,37.1546018696305,0,"available_crw"
"254027_0_t1",92,"254027_0_t1_crw_092",29,"254027_0_t1_20240418T170000",2024-04-18 17:00:00,-123.98250757537,37.1514029734868,0,"available_crw"
"254027_0_t1",92,"254027_0_t1_crw_092",30,"254027_0_t1_20240418T230000",2024-04-18 23:00:00,-123.992911118922,37.18405271656,0,"available_crw"
"254027_0_t1",92,"254027_0_t1_crw_092",31,"254027_0_t1_20240419T050000",2024-04-19 05:00:00,-123.974011393948,37.1888621121667,0,"available_crw"
"254027_0_t1",92,"254027_0_t1_crw_092",32,"254027_0_t1_20240419T110000",2024-04-19 11:00:00,-123.987198040616,37.1164925932581,0,"available_crw"
"254027_0_t1",93,"254027_0_t1_crw_093",1,"254027_0_t1_20240411T170000",2024-04-11 17:00:00,-121.8431658,36.81026373,0,"available_crw"
"254027_0_t1",93,"254027_0_t1_crw_093",2,"254027_0_t1_20240411T230000",2024-04-11 23:00:00,-122.110454562636,36.8650233612621,0,"available_crw"
"254027_0_t1",93,"254027_0_t1_crw_093",3,"254027_0_t1_20240412T050000",2024-04-12 05:00:00,-122.17726920304,36.8759768595813,0,"available_crw"
"254027_0_t1",93,"254027_0_t1_crw_093",4,"254027_0_t1_20240412T110000",2024-04-12 11:00:00,-122.37282246123,36.9433190857034,0,"available_crw"
"254027_0_t1",93,"254027_0_t1_crw_093",5,"254027_0_t1_20240412T170000",2024-04-12 17:00:00,-122.381408205456,36.925565288026,0,"available_crw"
"254027_0_t1",93,"254027_0_t1_crw_093",6,"254027_0_t1_20240412T230000",2024-04-12 23:00:00,-122.449406723144,36.8069600876484,0,"available_crw"
"254027_0_t1",93,"254027_0_t1_crw_093",7,"254027_0_t1_20240413T050000",2024-04-13 05:00:00,-122.489616596608,36.7321240616344,0,"available_crw"
"254027_0_t1",93,"254027_0_t1_crw_093",8,"254027_0_t1_20240413T110000",2024-04-13 11:00:00,-122.530642099207,36.6405318567151,0,"available_crw"
"254027_0_t1",93,"254027_0_t1_crw_093",9,"254027_0_t1_20240413T170000",2024-04-13 17:00:00,-122.741609248683,36.4364187146646,0,"available_crw"
"254027_0_t1",93,"254027_0_t1_crw_093",10,"254027_0_t1_20240413T230000",2024-04-13 23:00:00,-123.086826346572,36.5618179011236,0,"available_crw"
"254027_0_t1",93,"254027_0_t1_crw_093",11,"254027_0_t1_20240414T050000",2024-04-14 05:00:00,-123.095740623243,36.5441812974542,0,"available_crw"
"254027_0_t1",93,"254027_0_t1_crw_093",12,"254027_0_t1_20240414T110000",2024-04-14 11:00:00,-123.094977093484,36.551465055451,0,"available_crw"
"254027_0_t1",93,"254027_0_t1_crw_093",13,"254027_0_t1_20240414T170000",2024-04-14 17:00:00,-123.071363093219,36.6806644183475,0,"available_crw"
"254027_0_t1",93,"254027_0_t1_crw_093",14,"254027_0_t1_20240414T230000",2024-04-14 23:00:00,-122.913645917953,36.9142271360892,0,"available_crw"
"254027_0_t1",93,"254027_0_t1_crw_093",15,"254027_0_t1_20240415T050000",2024-04-15 05:00:00,-122.920931240575,36.8735117392809,0,"available_crw"
"254027_0_t1",93,"254027_0_t1_crw_093",16,"254027_0_t1_20240415T110000",2024-04-15 11:00:00,-122.93302787301,36.7925637273283,0,"available_crw"
"254027_0_t1",93,"254027_0_t1_crw_093",17,"254027_0_t1_20240415T170000",2024-04-15 17:00:00,-123.082159463838,36.5554737814941,0,"available_crw"
"254027_0_t1",93,"254027_0_t1_crw_093",18,"254027_0_t1_20240415T230000",2024-04-15 23:00:00,-123.116883848297,36.4176656731854,0,"available_crw"
"254027_0_t1",93,"254027_0_t1_crw_093",19,"254027_0_t1_20240416T050000",2024-04-16 05:00:00,-123.093645283021,36.414500862335,0,"available_crw"
"254027_0_t1",93,"254027_0_t1_crw_093",20,"254027_0_t1_20240416T110000",2024-04-16 11:00:00,-123.141362672626,36.4147379234878,0,"available_crw"
"254027_0_t1",93,"254027_0_t1_crw_093",21,"254027_0_t1_20240416T170000",2024-04-16 17:00:00,-123.261803738455,36.4178497130207,0,"available_crw"
"254027_0_t1",93,"254027_0_t1_crw_093",22,"254027_0_t1_20240416T230000",2024-04-16 23:00:00,-123.389655702012,36.3778793916101,0,"available_crw"
"254027_0_t1",93,"254027_0_t1_crw_093",23,"254027_0_t1_20240417T050000",2024-04-17 05:00:00,-123.503034741247,36.3450727319925,0,"available_crw"
"254027_0_t1",93,"254027_0_t1_crw_093",24,"254027_0_t1_20240417T110000",2024-04-17 11:00:00,-123.600726359737,36.2865248974573,0,"available_crw"
"254027_0_t1",93,"254027_0_t1_crw_093",25,"254027_0_t1_20240417T170000",2024-04-17 17:00:00,-123.852863298987,36.2001748499351,0,"available_crw"
"254027_0_t1",93,"254027_0_t1_crw_093",26,"254027_0_t1_20240417T230000",2024-04-17 23:00:00,-123.960313061336,36.1566683066991,0,"available_crw"
"254027_0_t1",93,"254027_0_t1_crw_093",27,"254027_0_t1_20240418T050000",2024-04-18 05:00:00,-123.926104215873,36.1375389953969,0,"available_crw"
"254027_0_t1",93,"254027_0_t1_crw_093",28,"254027_0_t1_20240418T110000",2024-04-18 11:00:00,-123.737114223158,35.9205556731312,0,"available_crw"
"254027_0_t1",93,"254027_0_t1_crw_093",29,"254027_0_t1_20240418T170000",2024-04-18 17:00:00,-123.651974488885,35.6639531077622,0,"available_crw"
"254027_0_t1",93,"254027_0_t1_crw_093",30,"254027_0_t1_20240418T230000",2024-04-18 23:00:00,-123.662564039142,35.6733127560317,0,"available_crw"
"254027_0_t1",93,"254027_0_t1_crw_093",31,"254027_0_t1_20240419T050000",2024-04-19 05:00:00,-123.625364238303,35.6495188028629,0,"available_crw"
"254027_0_t1",93,"254027_0_t1_crw_093",32,"254027_0_t1_20240419T110000",2024-04-19 11:00:00,-123.611589247453,35.6648963338625,0,"available_crw"
"254027_0_t1",94,"254027_0_t1_crw_094",1,"254027_0_t1_20240411T170000",2024-04-11 17:00:00,-121.8431658,36.81026373,0,"available_crw"
"254027_0_t1",94,"254027_0_t1_crw_094",2,"254027_0_t1_20240411T230000",2024-04-11 23:00:00,-122.012275888198,36.774598486074,0,"available_crw"
"254027_0_t1",94,"254027_0_t1_crw_094",3,"254027_0_t1_20240412T050000",2024-04-12 05:00:00,-122.019696006196,36.6325468613869,0,"available_crw"
"254027_0_t1",94,"254027_0_t1_crw_094",4,"254027_0_t1_20240412T110000",2024-04-12 11:00:00,-122.029414211573,36.5856066830837,0,"available_crw"
"254027_0_t1",94,"254027_0_t1_crw_094",5,"254027_0_t1_20240412T170000",2024-04-12 17:00:00,-121.989991611115,36.5967833548502,0,"available_crw"
"254027_0_t1",94,"254027_0_t1_crw_094",6,"254027_0_t1_20240412T230000",2024-04-12 23:00:00,-121.982398589698,36.5821430583558,0,"available_crw"
"254027_0_t1",94,"254027_0_t1_crw_094",7,"254027_0_t1_20240413T050000",2024-04-13 05:00:00,-121.93885040965,36.4913222330042,0,"available_crw"
"254027_0_t1",94,"254027_0_t1_crw_094",8,"254027_0_t1_20240413T110000",2024-04-13 11:00:00,-121.904599909418,36.334572972719,0,"available_crw"
"254027_0_t1",94,"254027_0_t1_crw_094",9,"254027_0_t1_20240413T170000",2024-04-13 17:00:00,-121.911031489033,36.1637796688704,0,"available_crw"
"254027_0_t1",94,"254027_0_t1_crw_094",10,"254027_0_t1_20240413T230000",2024-04-13 23:00:00,-122.086564975048,36.1116019172151,0,"available_crw"
"254027_0_t1",94,"254027_0_t1_crw_094",11,"254027_0_t1_20240414T050000",2024-04-14 05:00:00,-122.38451269695,36.0347165689928,0,"available_crw"
"254027_0_t1",94,"254027_0_t1_crw_094",12,"254027_0_t1_20240414T110000",2024-04-14 11:00:00,-122.377146136648,36.0389165496035,0,"available_crw"
"254027_0_t1",94,"254027_0_t1_crw_094",13,"254027_0_t1_20240414T170000",2024-04-14 17:00:00,-122.413373557617,36.0219814489092,0,"available_crw"
"254027_0_t1",94,"254027_0_t1_crw_094",14,"254027_0_t1_20240414T230000",2024-04-14 23:00:00,-122.313236260701,35.8800038049092,0,"available_crw"
"254027_0_t1",94,"254027_0_t1_crw_094",15,"254027_0_t1_20240415T050000",2024-04-15 05:00:00,-122.250672668851,35.7291805651326,0,"available_crw"
"254027_0_t1",94,"254027_0_t1_crw_094",16,"254027_0_t1_20240415T110000",2024-04-15 11:00:00,-122.215539764572,35.6360925598432,0,"available_crw"
"254027_0_t1",94,"254027_0_t1_crw_094",17,"254027_0_t1_20240415T170000",2024-04-15 17:00:00,-122.30410303211,35.6472953159322,0,"available_crw"
"254027_0_t1",94,"254027_0_t1_crw_094",18,"254027_0_t1_20240415T230000",2024-04-15 23:00:00,-122.403171339061,35.6578417033493,0,"available_crw"
"254027_0_t1",94,"254027_0_t1_crw_094",19,"254027_0_t1_20240416T050000",2024-04-16 05:00:00,-122.709603631673,35.7016822055587,0,"available_crw"
"254027_0_t1",94,"254027_0_t1_crw_094",20,"254027_0_t1_20240416T110000",2024-04-16 11:00:00,-122.694728923595,35.7055658447678,0,"available_crw"
"254027_0_t1",94,"254027_0_t1_crw_094",21,"254027_0_t1_20240416T170000",2024-04-16 17:00:00,-122.681793706451,35.7576762315043,0,"available_crw"
"254027_0_t1",94,"254027_0_t1_crw_094",22,"254027_0_t1_20240416T230000",2024-04-16 23:00:00,-122.663233983669,35.8028098777096,0,"available_crw"
"254027_0_t1",94,"254027_0_t1_crw_094",23,"254027_0_t1_20240417T050000",2024-04-17 05:00:00,-122.599189051956,35.7515429894457,0,"available_crw"
"254027_0_t1",94,"254027_0_t1_crw_094",24,"254027_0_t1_20240417T110000",2024-04-17 11:00:00,-122.583376587407,35.7655695812467,0,"available_crw"
"254027_0_t1",94,"254027_0_t1_crw_094",25,"254027_0_t1_20240417T170000",2024-04-17 17:00:00,-122.609403710616,35.7333567968769,0,"available_crw"
"254027_0_t1",94,"254027_0_t1_crw_094",26,"254027_0_t1_20240417T230000",2024-04-17 23:00:00,-122.442063642137,35.6430624824122,0,"available_crw"
"254027_0_t1",94,"254027_0_t1_crw_094",27,"254027_0_t1_20240418T050000",2024-04-18 05:00:00,-122.384454838749,35.6149366686185,0,"available_crw"
"254027_0_t1",94,"254027_0_t1_crw_094",28,"254027_0_t1_20240418T110000",2024-04-18 11:00:00,-122.418081088221,35.6349143111064,0,"available_crw"
"254027_0_t1",94,"254027_0_t1_crw_094",29,"254027_0_t1_20240418T170000",2024-04-18 17:00:00,-122.46066808209,35.6674344659913,0,"available_crw"
"254027_0_t1",94,"254027_0_t1_crw_094",30,"254027_0_t1_20240418T230000",2024-04-18 23:00:00,-122.609871486163,35.8528887146695,0,"available_crw"
"254027_0_t1",94,"254027_0_t1_crw_094",31,"254027_0_t1_20240419T050000",2024-04-19 05:00:00,-122.59619926359,35.8466943089365,0,"available_crw"
"254027_0_t1",94,"254027_0_t1_crw_094",32,"254027_0_t1_20240419T110000",2024-04-19 11:00:00,-122.596022429008,35.8803985945454,0,"available_crw"
"254027_0_t1",95,"254027_0_t1_crw_095",1,"254027_0_t1_20240411T170000",2024-04-11 17:00:00,-121.8431658,36.81026373,0,"available_crw"
"254027_0_t1",95,"254027_0_t1_crw_095",2,"254027_0_t1_20240411T230000",2024-04-11 23:00:00,-121.911310012985,36.9516577363603,0,"available_crw"
"254027_0_t1",95,"254027_0_t1_crw_095",3,"254027_0_t1_20240412T050000",2024-04-12 05:00:00,-121.88701570666,36.9183924938073,0,"available_crw"
"254027_0_t1",95,"254027_0_t1_crw_095",4,"254027_0_t1_20240412T110000",2024-04-12 11:00:00,-121.797285280443,36.851465697025,0,"available_crw"
"254027_0_t1",95,"254027_0_t1_crw_095",5,"254027_0_t1_20240412T170000",2024-04-12 17:00:00,-121.812571274287,36.8548236097233,0,"available_crw"
"254027_0_t1",95,"254027_0_t1_crw_095",6,"254027_0_t1_20240412T230000",2024-04-12 23:00:00,-121.879108755444,36.8667719527124,0,"available_crw"
"254027_0_t1",95,"254027_0_t1_crw_095",7,"254027_0_t1_20240413T050000",2024-04-13 05:00:00,-121.923598788429,36.7071009586708,0,"available_crw"
"254027_0_t1",95,"254027_0_t1_crw_095",8,"254027_0_t1_20240413T110000",2024-04-13 11:00:00,-122.063579852091,36.7320114690224,0,"available_crw"
"254027_0_t1",95,"254027_0_t1_crw_095",9,"254027_0_t1_20240413T170000",2024-04-13 17:00:00,-122.24502589958,36.7954448449789,0,"available_crw"
"254027_0_t1",95,"254027_0_t1_crw_095",10,"254027_0_t1_20240413T230000",2024-04-13 23:00:00,-122.175960466737,36.8430513112433,0,"available_crw"
"254027_0_t1",95,"254027_0_t1_crw_095",11,"254027_0_t1_20240414T050000",2024-04-14 05:00:00,-121.865911009532,36.9357912125938,0,"available_crw"
"254027_0_t1",95,"254027_0_t1_crw_095",12,"254027_0_t1_20240414T110000",2024-04-14 11:00:00,-121.874805961445,36.8630049146737,0,"available_crw"
"254027_0_t1",95,"254027_0_t1_crw_095",13,"254027_0_t1_20240414T170000",2024-04-14 17:00:00,-121.851155217595,36.8617839150173,0,"available_crw"
"254027_0_t1",95,"254027_0_t1_crw_095",14,"254027_0_t1_20240414T230000",2024-04-14 23:00:00,-121.898919197387,36.8580638039196,0,"available_crw"
"254027_0_t1",95,"254027_0_t1_crw_095",15,"254027_0_t1_20240415T050000",2024-04-15 05:00:00,-122.012095017754,36.8206453086269,0,"available_crw"
"254027_0_t1",95,"254027_0_t1_crw_095",16,"254027_0_t1_20240415T110000",2024-04-15 11:00:00,-122.284593610139,36.7868448805639,0,"available_crw"
"254027_0_t1",95,"254027_0_t1_crw_095",17,"254027_0_t1_20240415T170000",2024-04-15 17:00:00,-122.307541962251,36.7369990027523,0,"available_crw"
"254027_0_t1",95,"254027_0_t1_crw_095",18,"254027_0_t1_20240415T230000",2024-04-15 23:00:00,-122.420069441666,36.592155151048,0,"available_crw"
"254027_0_t1",95,"254027_0_t1_crw_095",19,"254027_0_t1_20240416T050000",2024-04-16 05:00:00,-122.566410305267,36.4686562911184,0,"available_crw"
"254027_0_t1",95,"254027_0_t1_crw_095",20,"254027_0_t1_20240416T110000",2024-04-16 11:00:00,-122.857984365094,36.6052979845723,0,"available_crw"
"254027_0_t1",95,"254027_0_t1_crw_095",21,"254027_0_t1_20240416T170000",2024-04-16 17:00:00,-122.807695337241,36.5983655008364,0,"available_crw"
"254027_0_t1",95,"254027_0_t1_crw_095",22,"254027_0_t1_20240416T230000",2024-04-16 23:00:00,-122.78583065547,36.3268449945112,0,"available_crw"
"254027_0_t1",95,"254027_0_t1_crw_095",23,"254027_0_t1_20240417T050000",2024-04-17 05:00:00,-122.789274366934,36.279330431903,0,"available_crw"
"254027_0_t1",95,"254027_0_t1_crw_095",24,"254027_0_t1_20240417T110000",2024-04-17 11:00:00,-123.15809126644,36.2147766881244,0,"available_crw"
"254027_0_t1",95,"254027_0_t1_crw_095",25,"254027_0_t1_20240417T170000",2024-04-17 17:00:00,-123.304416341875,36.4597723602233,0,"available_crw"
"254027_0_t1",95,"254027_0_t1_crw_095",26,"254027_0_t1_20240417T230000",2024-04-17 23:00:00,-123.28725952501,36.4675078249834,0,"available_crw"
"254027_0_t1",95,"254027_0_t1_crw_095",27,"254027_0_t1_20240418T050000",2024-04-18 05:00:00,-123.022287750544,36.2496111671161,0,"available_crw"
"254027_0_t1",95,"254027_0_t1_crw_095",28,"254027_0_t1_20240418T110000",2024-04-18 11:00:00,-122.872416727458,36.1786929820354,0,"available_crw"
"254027_0_t1",95,"254027_0_t1_crw_095",29,"254027_0_t1_20240418T170000",2024-04-18 17:00:00,-122.947417697663,36.1380439482201,0,"available_crw"
"254027_0_t1",95,"254027_0_t1_crw_095",30,"254027_0_t1_20240418T230000",2024-04-18 23:00:00,-122.999823977521,36.1166425072622,0,"available_crw"
"254027_0_t1",95,"254027_0_t1_crw_095",31,"254027_0_t1_20240419T050000",2024-04-19 05:00:00,-122.988563725255,36.0999290111781,0,"available_crw"
"254027_0_t1",95,"254027_0_t1_crw_095",32,"254027_0_t1_20240419T110000",2024-04-19 11:00:00,-122.927456166585,35.9363986249986,0,"available_crw"
"254027_0_t1",96,"254027_0_t1_crw_096",1,"254027_0_t1_20240411T170000",2024-04-11 17:00:00,-121.8431658,36.81026373,0,"available_crw"
"254027_0_t1",96,"254027_0_t1_crw_096",2,"254027_0_t1_20240411T230000",2024-04-11 23:00:00,-121.911257172552,36.8083374476338,0,"available_crw"
"254027_0_t1",96,"254027_0_t1_crw_096",3,"254027_0_t1_20240412T050000",2024-04-12 05:00:00,-121.8743686594,36.8751952483008,0,"available_crw"
"254027_0_t1",96,"254027_0_t1_crw_096",4,"254027_0_t1_20240412T110000",2024-04-12 11:00:00,-121.896349205384,36.8823251264083,0,"available_crw"
"254027_0_t1",96,"254027_0_t1_crw_096",5,"254027_0_t1_20240412T170000",2024-04-12 17:00:00,-121.845171691315,36.881158901272,0,"available_crw"
"254027_0_t1",96,"254027_0_t1_crw_096",6,"254027_0_t1_20240412T230000",2024-04-12 23:00:00,-121.85392934056,36.879179936935,0,"available_crw"
"254027_0_t1",96,"254027_0_t1_crw_096",7,"254027_0_t1_20240413T050000",2024-04-13 05:00:00,-121.810388954067,36.8954183430068,0,"available_crw"
"254027_0_t1",96,"254027_0_t1_crw_096",8,"254027_0_t1_20240413T110000",2024-04-13 11:00:00,-121.820039397032,36.8853143498948,0,"available_crw"
"254027_0_t1",96,"254027_0_t1_crw_096",9,"254027_0_t1_20240413T170000",2024-04-13 17:00:00,-121.836388554861,36.8942211891793,0,"available_crw"
"254027_0_t1",96,"254027_0_t1_crw_096",10,"254027_0_t1_20240413T230000",2024-04-13 23:00:00,-121.950725670612,36.7588467633796,0,"available_crw"
"254027_0_t1",96,"254027_0_t1_crw_096",11,"254027_0_t1_20240414T050000",2024-04-14 05:00:00,-121.930511055778,36.7938123374411,0,"available_crw"
"254027_0_t1",96,"254027_0_t1_crw_096",12,"254027_0_t1_20240414T110000",2024-04-14 11:00:00,-121.912168448519,36.7879673189245,0,"available_crw"
"254027_0_t1",96,"254027_0_t1_crw_096",13,"254027_0_t1_20240414T170000",2024-04-14 17:00:00,-121.95288275347,36.4841478532811,0,"available_crw"
"254027_0_t1",96,"254027_0_t1_crw_096",14,"254027_0_t1_20240414T230000",2024-04-14 23:00:00,-122.286928332645,36.4491305496006,0,"available_crw"
"254027_0_t1",96,"254027_0_t1_crw_096",15,"254027_0_t1_20240415T050000",2024-04-15 05:00:00,-122.241198139309,36.4602036962965,0,"available_crw"
"254027_0_t1",96,"254027_0_t1_crw_096",16,"254027_0_t1_20240415T110000",2024-04-15 11:00:00,-122.124783558832,36.4855876658423,0,"available_crw"
"254027_0_t1",96,"254027_0_t1_crw_096",17,"254027_0_t1_20240415T170000",2024-04-15 17:00:00,-121.964404398668,36.2464213849248,0,"available_crw"
"254027_0_t1",96,"254027_0_t1_crw_096",18,"254027_0_t1_20240415T230000",2024-04-15 23:00:00,-121.94411367743,36.2560458781515,0,"available_crw"
"254027_0_t1",96,"254027_0_t1_crw_096",19,"254027_0_t1_20240416T050000",2024-04-16 05:00:00,-121.890121486893,36.2748381646934,0,"available_crw"
"254027_0_t1",96,"254027_0_t1_crw_096",20,"254027_0_t1_20240416T110000",2024-04-16 11:00:00,-121.757745307953,36.1676543695248,0,"available_crw"
"254027_0_t1",96,"254027_0_t1_crw_096",21,"254027_0_t1_20240416T170000",2024-04-16 17:00:00,-121.707830748223,36.1307342078631,0,"available_crw"
"254027_0_t1",96,"254027_0_t1_crw_096",22,"254027_0_t1_20240416T230000",2024-04-16 23:00:00,-121.556737720509,35.8950164776377,0,"available_crw"
"254027_0_t1",96,"254027_0_t1_crw_096",23,"254027_0_t1_20240417T050000",2024-04-17 05:00:00,-121.536343937241,35.9043639839959,0,"available_crw"
"254027_0_t1",96,"254027_0_t1_crw_096",24,"254027_0_t1_20240417T110000",2024-04-17 11:00:00,-121.635009065607,36.0470048693789,0,"available_crw"
"254027_0_t1",96,"254027_0_t1_crw_096",25,"254027_0_t1_20240417T170000",2024-04-17 17:00:00,-121.74302157883,36.1147589998148,0,"available_crw"
"254027_0_t1",96,"254027_0_t1_crw_096",26,"254027_0_t1_20240417T230000",2024-04-17 23:00:00,-121.798359875582,36.1461708476064,0,"available_crw"
"254027_0_t1",96,"254027_0_t1_crw_096",27,"254027_0_t1_20240418T050000",2024-04-18 05:00:00,-121.932004228152,36.1692599130737,0,"available_crw"
"254027_0_t1",96,"254027_0_t1_crw_096",28,"254027_0_t1_20240418T110000",2024-04-18 11:00:00,-121.987493223975,36.1847898466393,0,"available_crw"
"254027_0_t1",96,"254027_0_t1_crw_096",29,"254027_0_t1_20240418T170000",2024-04-18 17:00:00,-121.978480452635,36.1845751376745,0,"available_crw"
"254027_0_t1",96,"254027_0_t1_crw_096",30,"254027_0_t1_20240418T230000",2024-04-18 23:00:00,-121.85854471195,36.1790540346091,0,"available_crw"
"254027_0_t1",96,"254027_0_t1_crw_096",31,"254027_0_t1_20240419T050000",2024-04-19 05:00:00,-121.668471817753,36.1393141659478,0,"available_crw"
"254027_0_t1",96,"254027_0_t1_crw_096",32,"254027_0_t1_20240419T110000",2024-04-19 11:00:00,-121.715813057803,36.1428724083522,0,"available_crw"
"254027_0_t1",97,"254027_0_t1_crw_097",1,"254027_0_t1_20240411T170000",2024-04-11 17:00:00,-121.8431658,36.81026373,0,"available_crw"
"254027_0_t1",97,"254027_0_t1_crw_097",2,"254027_0_t1_20240411T230000",2024-04-11 23:00:00,-121.834458612754,36.8123606452942,0,"available_crw"
"254027_0_t1",97,"254027_0_t1_crw_097",3,"254027_0_t1_20240412T050000",2024-04-12 05:00:00,-121.892716984713,36.9691542984259,0,"available_crw"
"254027_0_t1",97,"254027_0_t1_crw_097",4,"254027_0_t1_20240412T110000",2024-04-12 11:00:00,-121.884302306079,36.935889420363,0,"available_crw"
"254027_0_t1",97,"254027_0_t1_crw_097",5,"254027_0_t1_20240412T170000",2024-04-12 17:00:00,-121.885347248206,36.7650365530879,0,"available_crw"
"254027_0_t1",97,"254027_0_t1_crw_097",6,"254027_0_t1_20240412T230000",2024-04-12 23:00:00,-121.85067682344,36.6707166121504,0,"available_crw"
"254027_0_t1",97,"254027_0_t1_crw_097",7,"254027_0_t1_20240413T050000",2024-04-13 05:00:00,-121.998227061488,36.5766621873672,0,"available_crw"
"254027_0_t1",97,"254027_0_t1_crw_097",8,"254027_0_t1_20240413T110000",2024-04-13 11:00:00,-121.959707604276,36.5636178042859,0,"available_crw"
"254027_0_t1",97,"254027_0_t1_crw_097",9,"254027_0_t1_20240413T170000",2024-04-13 17:00:00,-121.968727391949,36.5643100455687,0,"available_crw"
"254027_0_t1",97,"254027_0_t1_crw_097",10,"254027_0_t1_20240413T230000",2024-04-13 23:00:00,-122.069538576058,36.5701094308354,0,"available_crw"
"254027_0_t1",97,"254027_0_t1_crw_097",11,"254027_0_t1_20240414T050000",2024-04-14 05:00:00,-122.240451299883,36.5425153261901,0,"available_crw"
"254027_0_t1",97,"254027_0_t1_crw_097",12,"254027_0_t1_20240414T110000",2024-04-14 11:00:00,-122.357035059291,36.5174483201302,0,"available_crw"
"254027_0_t1",97,"254027_0_t1_crw_097",13,"254027_0_t1_20240414T170000",2024-04-14 17:00:00,-122.373213213976,36.465919681291,0,"available_crw"
"254027_0_t1",97,"254027_0_t1_crw_097",14,"254027_0_t1_20240414T230000",2024-04-14 23:00:00,-122.442466600839,36.5130741933187,0,"available_crw"
"254027_0_t1",97,"254027_0_t1_crw_097",15,"254027_0_t1_20240415T050000",2024-04-15 05:00:00,-122.50405586649,36.494269806289,0,"available_crw"
"254027_0_t1",97,"254027_0_t1_crw_097",16,"254027_0_t1_20240415T110000",2024-04-15 11:00:00,-122.554996077056,36.6021274422616,0,"available_crw"
"254027_0_t1",97,"254027_0_t1_crw_097",17,"254027_0_t1_20240415T170000",2024-04-15 17:00:00,-122.582004321574,36.5764106445437,0,"available_crw"
"254027_0_t1",97,"254027_0_t1_crw_097",18,"254027_0_t1_20240415T230000",2024-04-15 23:00:00,-122.795636692352,36.3902550320833,0,"available_crw"
"254027_0_t1",97,"254027_0_t1_crw_097",19,"254027_0_t1_20240416T050000",2024-04-16 05:00:00,-122.777812753509,36.3778016286994,0,"available_crw"
"254027_0_t1",97,"254027_0_t1_crw_097",20,"254027_0_t1_20240416T110000",2024-04-16 11:00:00,-122.93933227818,36.1015849990571,0,"available_crw"
"254027_0_t1",97,"254027_0_t1_crw_097",21,"254027_0_t1_20240416T170000",2024-04-16 17:00:00,-123.171875097106,35.9146103347732,0,"available_crw"
"254027_0_t1",97,"254027_0_t1_crw_097",22,"254027_0_t1_20240416T230000",2024-04-16 23:00:00,-123.218159150417,35.8854967087092,0,"available_crw"
"254027_0_t1",97,"254027_0_t1_crw_097",23,"254027_0_t1_20240417T050000",2024-04-17 05:00:00,-123.203223951537,35.8708300740783,0,"available_crw"
"254027_0_t1",97,"254027_0_t1_crw_097",24,"254027_0_t1_20240417T110000",2024-04-17 11:00:00,-123.217487608154,35.8600069325768,0,"available_crw"
"254027_0_t1",97,"254027_0_t1_crw_097",25,"254027_0_t1_20240417T170000",2024-04-17 17:00:00,-123.517847865725,35.7560861646905,0,"available_crw"
"254027_0_t1",97,"254027_0_t1_crw_097",26,"254027_0_t1_20240417T230000",2024-04-17 23:00:00,-123.478214128653,35.7665409371649,0,"available_crw"
"254027_0_t1",97,"254027_0_t1_crw_097",27,"254027_0_t1_20240418T050000",2024-04-18 05:00:00,-123.177539005805,35.8331004493,0,"available_crw"
"254027_0_t1",97,"254027_0_t1_crw_097",28,"254027_0_t1_20240418T110000",2024-04-18 11:00:00,-123.171305407722,35.9752193673331,0,"available_crw"
"254027_0_t1",97,"254027_0_t1_crw_097",29,"254027_0_t1_20240418T170000",2024-04-18 17:00:00,-123.151783307492,35.9755764246493,0,"available_crw"
"254027_0_t1",97,"254027_0_t1_crw_097",30,"254027_0_t1_20240418T230000",2024-04-18 23:00:00,-123.198438890167,35.9685460366376,0,"available_crw"
"254027_0_t1",97,"254027_0_t1_crw_097",31,"254027_0_t1_20240419T050000",2024-04-19 05:00:00,-123.156852659405,35.9717106152038,0,"available_crw"
"254027_0_t1",97,"254027_0_t1_crw_097",32,"254027_0_t1_20240419T110000",2024-04-19 11:00:00,-123.198621274349,35.9715965145425,0,"available_crw"
"254027_0_t1",98,"254027_0_t1_crw_098",1,"254027_0_t1_20240411T170000",2024-04-11 17:00:00,-121.8431658,36.81026373,0,"available_crw"
"254027_0_t1",98,"254027_0_t1_crw_098",2,"254027_0_t1_20240411T230000",2024-04-11 23:00:00,-121.911257172552,36.8083374476338,0,"available_crw"
"254027_0_t1",98,"254027_0_t1_crw_098",3,"254027_0_t1_20240412T050000",2024-04-12 05:00:00,-121.916638373512,36.923662887474,0,"available_crw"
"254027_0_t1",98,"254027_0_t1_crw_098",4,"254027_0_t1_20240412T110000",2024-04-12 11:00:00,-121.918855475364,36.8897656552045,0,"available_crw"
"254027_0_t1",98,"254027_0_t1_crw_098",5,"254027_0_t1_20240412T170000",2024-04-12 17:00:00,-121.889745461375,36.7942269067973,0,"available_crw"
"254027_0_t1",98,"254027_0_t1_crw_098",6,"254027_0_t1_20240412T230000",2024-04-12 23:00:00,-121.826051659826,36.7800678004248,0,"available_crw"
"254027_0_t1",98,"254027_0_t1_crw_098",7,"254027_0_t1_20240413T050000",2024-04-13 05:00:00,-121.863991358897,36.6687748893126,0,"available_crw"
"254027_0_t1",98,"254027_0_t1_crw_098",8,"254027_0_t1_20240413T110000",2024-04-13 11:00:00,-122.201566344984,36.6772612273019,0,"available_crw"
"254027_0_t1",98,"254027_0_t1_crw_098",9,"254027_0_t1_20240413T170000",2024-04-13 17:00:00,-122.258475633164,36.5426822898163,0,"available_crw"
"254027_0_t1",98,"254027_0_t1_crw_098",10,"254027_0_t1_20240413T230000",2024-04-13 23:00:00,-122.248688780772,36.4321522878227,0,"available_crw"
"254027_0_t1",98,"254027_0_t1_crw_098",11,"254027_0_t1_20240414T050000",2024-04-14 05:00:00,-122.294409027012,36.21351676011,0,"available_crw"
"254027_0_t1",98,"254027_0_t1_crw_098",12,"254027_0_t1_20240414T110000",2024-04-14 11:00:00,-122.308860884373,36.1328280269014,0,"available_crw"
"254027_0_t1",98,"254027_0_t1_crw_098",13,"254027_0_t1_20240414T170000",2024-04-14 17:00:00,-122.320984010398,36.0518875832675,0,"available_crw"
"254027_0_t1",98,"254027_0_t1_crw_098",14,"254027_0_t1_20240414T230000",2024-04-14 23:00:00,-122.295763609331,35.9127523550516,0,"available_crw"
"254027_0_t1",98,"254027_0_t1_crw_098",15,"254027_0_t1_20240415T050000",2024-04-15 05:00:00,-122.096626603242,35.9362265971369,0,"available_crw"
"254027_0_t1",98,"254027_0_t1_crw_098",16,"254027_0_t1_20240415T110000",2024-04-15 11:00:00,-121.97765857796,35.9474614318434,0,"available_crw"
"254027_0_t1",98,"254027_0_t1_crw_098",17,"254027_0_t1_20240415T170000",2024-04-15 17:00:00,-122.007439642166,35.8784399136862,0,"available_crw"
"254027_0_t1",98,"254027_0_t1_crw_098",18,"254027_0_t1_20240415T230000",2024-04-15 23:00:00,-121.990141888658,35.9093350862762,0,"available_crw"
"254027_0_t1",98,"254027_0_t1_crw_098",19,"254027_0_t1_20240416T050000",2024-04-16 05:00:00,-121.959495143251,35.9498807166288,0,"available_crw"
"254027_0_t1",98,"254027_0_t1_crw_098",20,"254027_0_t1_20240416T110000",2024-04-16 11:00:00,-121.765278072473,36.105697365882,0,"available_crw"
"254027_0_t1",98,"254027_0_t1_crw_098",21,"254027_0_t1_20240416T170000",2024-04-16 17:00:00,-121.481378379735,35.9613195766651,0,"available_crw"
"254027_0_t1",98,"254027_0_t1_crw_098",22,"254027_0_t1_20240416T230000",2024-04-16 23:00:00,-121.490070986651,35.9631844234045,0,"available_crw"
"254027_0_t1",98,"254027_0_t1_crw_098",23,"254027_0_t1_20240417T050000",2024-04-17 05:00:00,-121.541547360184,35.8049974303708,0,"available_crw"
"254027_0_t1",98,"254027_0_t1_crw_098",24,"254027_0_t1_20240417T110000",2024-04-17 11:00:00,-121.634665611485,35.5628481656171,0,"available_crw"
"254027_0_t1",98,"254027_0_t1_crw_098",25,"254027_0_t1_20240417T170000",2024-04-17 17:00:00,-121.634659220433,35.5701577545545,0,"available_crw"
"254027_0_t1",98,"254027_0_t1_crw_098",26,"254027_0_t1_20240417T230000",2024-04-17 23:00:00,-121.801002561901,35.6120847987022,0,"available_crw"
"254027_0_t1",98,"254027_0_t1_crw_098",27,"254027_0_t1_20240418T050000",2024-04-18 05:00:00,-121.950752671236,35.6580299157053,0,"available_crw"
"254027_0_t1",98,"254027_0_t1_crw_098",28,"254027_0_t1_20240418T110000",2024-04-18 11:00:00,-122.002436964617,35.6800910384126,0,"available_crw"
"254027_0_t1",98,"254027_0_t1_crw_098",29,"254027_0_t1_20240418T170000",2024-04-18 17:00:00,-122.12090240153,35.698508716899,0,"available_crw"
"254027_0_t1",98,"254027_0_t1_crw_098",30,"254027_0_t1_20240418T230000",2024-04-18 23:00:00,-122.118390745605,35.71424785565,0,"available_crw"
"254027_0_t1",98,"254027_0_t1_crw_098",31,"254027_0_t1_20240419T050000",2024-04-19 05:00:00,-122.099797113929,35.81045955376,0,"available_crw"
"254027_0_t1",98,"254027_0_t1_crw_098",32,"254027_0_t1_20240419T110000",2024-04-19 11:00:00,-122.094796250103,35.7983906368076,0,"available_crw"
"254027_0_t1",99,"254027_0_t1_crw_099",1,"254027_0_t1_20240411T170000",2024-04-11 17:00:00,-121.8431658,36.81026373,0,"available_crw"
"254027_0_t1",99,"254027_0_t1_crw_099",2,"254027_0_t1_20240411T230000",2024-04-11 23:00:00,-121.795736900075,36.8159757322899,0,"available_crw"
"254027_0_t1",99,"254027_0_t1_crw_099",3,"254027_0_t1_20240412T050000",2024-04-12 05:00:00,-121.808531072607,36.8084689472367,0,"available_crw"
"254027_0_t1",99,"254027_0_t1_crw_099",4,"254027_0_t1_20240412T110000",2024-04-12 11:00:00,-121.893465058719,36.9015268277862,0,"available_crw"
"254027_0_t1",99,"254027_0_t1_crw_099",5,"254027_0_t1_20240412T170000",2024-04-12 17:00:00,-121.991427241007,36.9606033885291,0,"available_crw"
"254027_0_t1",99,"254027_0_t1_crw_099",6,"254027_0_t1_20240412T230000",2024-04-12 23:00:00,-121.942296714579,36.9489030193622,0,"available_crw"
"254027_0_t1",99,"254027_0_t1_crw_099",7,"254027_0_t1_20240413T050000",2024-04-13 05:00:00,-121.876041834994,36.9357463348485,0,"available_crw"
"254027_0_t1",99,"254027_0_t1_crw_099",8,"254027_0_t1_20240413T110000",2024-04-13 11:00:00,-121.871115692623,36.9543743777956,0,"available_crw"
"254027_0_t1",99,"254027_0_t1_crw_099",9,"254027_0_t1_20240413T170000",2024-04-13 17:00:00,-121.866842424577,36.9421100140681,0,"available_crw"
"254027_0_t1",99,"254027_0_t1_crw_099",10,"254027_0_t1_20240413T230000",2024-04-13 23:00:00,-121.837271396925,36.8641274465598,0,"available_crw"
"254027_0_t1",99,"254027_0_t1_crw_099",11,"254027_0_t1_20240414T050000",2024-04-14 05:00:00,-121.868302979991,36.896839984794,0,"available_crw"
"254027_0_t1",99,"254027_0_t1_crw_099",12,"254027_0_t1_20240414T110000",2024-04-14 11:00:00,-122.034361963758,36.8477189149123,0,"available_crw"
"254027_0_t1",99,"254027_0_t1_crw_099",13,"254027_0_t1_20240414T170000",2024-04-14 17:00:00,-122.024789160924,36.7057517523996,0,"available_crw"
"254027_0_t1",99,"254027_0_t1_crw_099",14,"254027_0_t1_20240414T230000",2024-04-14 23:00:00,-122.056645806267,36.5368255310856,0,"available_crw"
"254027_0_t1",99,"254027_0_t1_crw_099",15,"254027_0_t1_20240415T050000",2024-04-15 05:00:00,-122.392514262232,36.513528338582,0,"available_crw"
"254027_0_t1",99,"254027_0_t1_crw_099",16,"254027_0_t1_20240415T110000",2024-04-15 11:00:00,-122.554235756492,36.5100632320897,0,"available_crw"
"254027_0_t1",99,"254027_0_t1_crw_099",17,"254027_0_t1_20240415T170000",2024-04-15 17:00:00,-122.674371298462,36.5013733244043,0,"available_crw"
"254027_0_t1",99,"254027_0_t1_crw_099",18,"254027_0_t1_20240415T230000",2024-04-15 23:00:00,-122.794753982421,36.4951511761019,0,"available_crw"
"254027_0_t1",99,"254027_0_t1_crw_099",19,"254027_0_t1_20240416T050000",2024-04-16 05:00:00,-122.804266447661,36.6103211693672,0,"available_crw"
"254027_0_t1",99,"254027_0_t1_crw_099",20,"254027_0_t1_20240416T110000",2024-04-16 11:00:00,-122.861528470478,36.7431689343624,0,"available_crw"
"254027_0_t1",99,"254027_0_t1_crw_099",21,"254027_0_t1_20240416T170000",2024-04-16 17:00:00,-122.856291571317,37.0089128167939,0,"available_crw"
"254027_0_t1",99,"254027_0_t1_crw_099",22,"254027_0_t1_20240416T230000",2024-04-16 23:00:00,-122.853712545954,37.0019023967297,0,"available_crw"
"254027_0_t1",99,"254027_0_t1_crw_099",23,"254027_0_t1_20240417T050000",2024-04-17 05:00:00,-122.831369213013,36.9501272494493,0,"available_crw"
"254027_0_t1",99,"254027_0_t1_crw_099",24,"254027_0_t1_20240417T110000",2024-04-17 11:00:00,-122.863955958162,36.9818792429269,0,"available_crw"
"254027_0_t1",99,"254027_0_t1_crw_099",25,"254027_0_t1_20240417T170000",2024-04-17 17:00:00,-122.856330147956,36.9778799700354,0,"available_crw"
"254027_0_t1",99,"254027_0_t1_crw_099",26,"254027_0_t1_20240417T230000",2024-04-17 23:00:00,-122.714519321558,36.8666411462691,0,"available_crw"
"254027_0_t1",99,"254027_0_t1_crw_099",27,"254027_0_t1_20240418T050000",2024-04-18 05:00:00,-122.698520080665,36.8806948363813,0,"available_crw"
"254027_0_t1",99,"254027_0_t1_crw_099",28,"254027_0_t1_20240418T110000",2024-04-18 11:00:00,-122.65343643833,36.9115779454767,0,"available_crw"
"254027_0_t1",99,"254027_0_t1_crw_099",29,"254027_0_t1_20240418T170000",2024-04-18 17:00:00,-122.603926144778,36.9377466848749,0,"available_crw"
"254027_0_t1",99,"254027_0_t1_crw_099",30,"254027_0_t1_20240418T230000",2024-04-18 23:00:00,-122.641067806959,36.9534584274183,0,"available_crw"
"254027_0_t1",99,"254027_0_t1_crw_099",31,"254027_0_t1_20240419T050000",2024-04-19 05:00:00,-122.574198754774,37.0556567421707,0,"available_crw"
"254027_0_t1",99,"254027_0_t1_crw_099",32,"254027_0_t1_20240419T110000",2024-04-19 11:00:00,-122.562588368541,37.1660705043227,0,"available_crw"
"254027_0_t1",100,"254027_0_t1_crw_100",1,"254027_0_t1_20240411T170000",2024-04-11 17:00:00,-121.8431658,36.81026373,0,"available_crw"
"254027_0_t1",100,"254027_0_t1_crw_100",2,"254027_0_t1_20240411T230000",2024-04-11 23:00:00,-121.964185643552,36.8139417624546,0,"available_crw"
"254027_0_t1",100,"254027_0_t1_crw_100",3,"254027_0_t1_20240412T050000",2024-04-12 05:00:00,-121.955414355918,36.8158601276071,0,"available_crw"
"254027_0_t1",100,"254027_0_t1_crw_100",4,"254027_0_t1_20240412T110000",2024-04-12 11:00:00,-121.846893538025,36.8841975788559,0,"available_crw"
"254027_0_t1",100,"254027_0_t1_crw_100",5,"254027_0_t1_20240412T170000",2024-04-12 17:00:00,-121.882366497901,36.8657586811019,0,"available_crw"
"254027_0_t1",100,"254027_0_t1_crw_100",6,"254027_0_t1_20240412T230000",2024-04-12 23:00:00,-121.844975134117,36.8815618136174,0,"available_crw"
"254027_0_t1",100,"254027_0_t1_crw_100",7,"254027_0_t1_20240413T050000",2024-04-13 05:00:00,-121.843301829255,36.934694918782,0,"available_crw"
"254027_0_t1",100,"254027_0_t1_crw_100",8,"254027_0_t1_20240413T110000",2024-04-13 11:00:00,-122.047074078444,36.9388576088729,0,"available_crw"
"254027_0_t1",100,"254027_0_t1_crw_100",9,"254027_0_t1_20240413T170000",2024-04-13 17:00:00,-122.046851861966,36.9198146686384,0,"available_crw"
"254027_0_t1",100,"254027_0_t1_crw_100",10,"254027_0_t1_20240413T230000",2024-04-13 23:00:00,-122.053594875826,36.8725363308553,0,"available_crw"
"254027_0_t1",100,"254027_0_t1_crw_100",11,"254027_0_t1_20240414T050000",2024-04-14 05:00:00,-122.031851872908,36.7757369409187,0,"available_crw"
"254027_0_t1",100,"254027_0_t1_crw_100",12,"254027_0_t1_20240414T110000",2024-04-14 11:00:00,-122.003127208891,36.6811601047482,0,"available_crw"
"254027_0_t1",100,"254027_0_t1_crw_100",13,"254027_0_t1_20240414T170000",2024-04-14 17:00:00,-122.01357293835,36.6907216767473,0,"available_crw"
"254027_0_t1",100,"254027_0_t1_crw_100",14,"254027_0_t1_20240414T230000",2024-04-14 23:00:00,-122.0277392101,36.6590152185466,0,"available_crw"
"254027_0_t1",100,"254027_0_t1_crw_100",15,"254027_0_t1_20240415T050000",2024-04-15 05:00:00,-122.179250381094,36.4740110427681,0,"available_crw"
"254027_0_t1",100,"254027_0_t1_crw_100",16,"254027_0_t1_20240415T110000",2024-04-15 11:00:00,-122.159139475209,36.4640665142748,0,"available_crw"
"254027_0_t1",100,"254027_0_t1_crw_100",17,"254027_0_t1_20240415T170000",2024-04-15 17:00:00,-121.899488564933,36.3214530475963,0,"available_crw"
"254027_0_t1",100,"254027_0_t1_crw_100",18,"254027_0_t1_20240415T230000",2024-04-15 23:00:00,-121.708527625934,36.1053820688713,0,"available_crw"
"254027_0_t1",100,"254027_0_t1_crw_100",19,"254027_0_t1_20240416T050000",2024-04-16 05:00:00,-121.690584361594,36.1357732333888,0,"available_crw"
"254027_0_t1",100,"254027_0_t1_crw_100",20,"254027_0_t1_20240416T110000",2024-04-16 11:00:00,-121.711977222007,36.106599221441,0,"available_crw"
"254027_0_t1",100,"254027_0_t1_crw_100",21,"254027_0_t1_20240416T170000",2024-04-16 17:00:00,-121.741202381719,36.0111338159059,0,"available_crw"
"254027_0_t1",100,"254027_0_t1_crw_100",22,"254027_0_t1_20240416T230000",2024-04-16 23:00:00,-121.744905236576,36.0235099528362,0,"available_crw"
"254027_0_t1",100,"254027_0_t1_crw_100",23,"254027_0_t1_20240417T050000",2024-04-17 05:00:00,-121.807967048994,36.0377175752607,0,"available_crw"
"254027_0_t1",100,"254027_0_t1_crw_100",24,"254027_0_t1_20240417T110000",2024-04-17 11:00:00,-122.105252833542,36.1162680789461,0,"available_crw"
"254027_0_t1",100,"254027_0_t1_crw_100",25,"254027_0_t1_20240417T170000",2024-04-17 17:00:00,-122.363888495073,36.2796720696818,0,"available_crw"
"254027_0_t1",100,"254027_0_t1_crw_100",26,"254027_0_t1_20240417T230000",2024-04-17 23:00:00,-122.355433036706,36.2771103725732,0,"available_crw"
"254027_0_t1",100,"254027_0_t1_crw_100",27,"254027_0_t1_20240418T050000",2024-04-18 05:00:00,-122.303351671855,36.2550552480398,0,"available_crw"
"254027_0_t1",100,"254027_0_t1_crw_100",28,"254027_0_t1_20240418T110000",2024-04-18 11:00:00,-122.13377496592,36.2249604981423,0,"available_crw"
"254027_0_t1",100,"254027_0_t1_crw_100",29,"254027_0_t1_20240418T170000",2024-04-18 17:00:00,-122.017148872218,36.201449443083,0,"available_crw"
"254027_0_t1",100,"254027_0_t1_crw_100",30,"254027_0_t1_20240418T230000",2024-04-18 23:00:00,-122.020403164959,35.9293749466586,0,"available_crw"
"254027_0_t1",100,"254027_0_t1_crw_100",31,"254027_0_t1_20240419T050000",2024-04-19 05:00:00,-122.100932163295,35.9619797038164,0,"available_crw"
"254027_0_t1",100,"254027_0_t1_crw_100",32,"254027_0_t1_20240419T110000",2024-04-19 11:00:00,-122.050619240663,35.9576158535821,0,"available_crw"
"254027_0_t1",101,"254027_0_t1_crw_101",1,"254027_0_t1_20240411T170000",2024-04-11 17:00:00,-121.8431658,36.81026373,0,"available_crw"
"254027_0_t1",101,"254027_0_t1_crw_101",2,"254027_0_t1_20240411T230000",2024-04-11 23:00:00,-121.944541246137,36.8092948300715,0,"available_crw"
"254027_0_t1",101,"254027_0_t1_crw_101",3,"254027_0_t1_20240412T050000",2024-04-12 05:00:00,-122.153183116953,36.8418482673046,0,"available_crw"
"254027_0_t1",101,"254027_0_t1_crw_101",4,"254027_0_t1_20240412T110000",2024-04-12 11:00:00,-122.274915104285,36.8317539997486,0,"available_crw"
"254027_0_t1",101,"254027_0_t1_crw_101",5,"254027_0_t1_20240412T170000",2024-04-12 17:00:00,-122.375510127535,36.8214238241537,0,"available_crw"
"254027_0_t1",101,"254027_0_t1_crw_101",6,"254027_0_t1_20240412T230000",2024-04-12 23:00:00,-122.40569637996,36.6813297270722,0,"available_crw"
"254027_0_t1",101,"254027_0_t1_crw_101",7,"254027_0_t1_20240413T050000",2024-04-13 05:00:00,-122.546976083174,36.70072519577,0,"available_crw"
"254027_0_t1",101,"254027_0_t1_crw_101",8,"254027_0_t1_20240413T110000",2024-04-13 11:00:00,-122.494093608673,36.7602093789478,0,"available_crw"
"254027_0_t1",101,"254027_0_t1_crw_101",9,"254027_0_t1_20240413T170000",2024-04-13 17:00:00,-122.496294303721,36.747596476295,0,"available_crw"
"254027_0_t1",101,"254027_0_t1_crw_101",10,"254027_0_t1_20240413T230000",2024-04-13 23:00:00,-122.560916375886,36.5971656216727,0,"available_crw"
"254027_0_t1",101,"254027_0_t1_crw_101",11,"254027_0_t1_20240414T050000",2024-04-14 05:00:00,-122.563263136824,36.6097613084335,0,"available_crw"
"254027_0_t1",101,"254027_0_t1_crw_101",12,"254027_0_t1_20240414T110000",2024-04-14 11:00:00,-122.578034436837,36.7064207445795,0,"available_crw"
"254027_0_t1",101,"254027_0_t1_crw_101",13,"254027_0_t1_20240414T170000",2024-04-14 17:00:00,-122.492122817612,36.6826770529699,0,"available_crw"
"254027_0_t1",101,"254027_0_t1_crw_101",14,"254027_0_t1_20240414T230000",2024-04-14 23:00:00,-122.51536647201,36.3776347657446,0,"available_crw"
"254027_0_t1",101,"254027_0_t1_crw_101",15,"254027_0_t1_20240415T050000",2024-04-15 05:00:00,-122.313403606273,36.3672441292056,0,"available_crw"
"254027_0_t1",101,"254027_0_t1_crw_101",16,"254027_0_t1_20240415T110000",2024-04-15 11:00:00,-122.313526812562,36.3513737773047,0,"available_crw"
"254027_0_t1",101,"254027_0_t1_crw_101",17,"254027_0_t1_20240415T170000",2024-04-15 17:00:00,-122.111224933813,36.3499772675213,0,"available_crw"
"254027_0_t1",101,"254027_0_t1_crw_101",18,"254027_0_t1_20240415T230000",2024-04-15 23:00:00,-122.125245273136,36.3441818401727,0,"available_crw"
"254027_0_t1",101,"254027_0_t1_crw_101",19,"254027_0_t1_20240416T050000",2024-04-16 05:00:00,-122.451200756384,36.3113401305123,0,"available_crw"
"254027_0_t1",101,"254027_0_t1_crw_101",20,"254027_0_t1_20240416T110000",2024-04-16 11:00:00,-122.570087032068,36.5659091982165,0,"available_crw"
"254027_0_t1",101,"254027_0_t1_crw_101",21,"254027_0_t1_20240416T170000",2024-04-16 17:00:00,-122.431359539797,36.6683264470919,0,"available_crw"
"254027_0_t1",101,"254027_0_t1_crw_101",22,"254027_0_t1_20240416T230000",2024-04-16 23:00:00,-122.373895322185,36.7690177057195,0,"available_crw"
"254027_0_t1",101,"254027_0_t1_crw_101",23,"254027_0_t1_20240417T050000",2024-04-17 05:00:00,-122.375056755433,36.7617684603902,0,"available_crw"
"254027_0_t1",101,"254027_0_t1_crw_101",24,"254027_0_t1_20240417T110000",2024-04-17 11:00:00,-122.711166466329,36.7323799486048,0,"available_crw"
"254027_0_t1",101,"254027_0_t1_crw_101",25,"254027_0_t1_20240417T170000",2024-04-17 17:00:00,-122.680597923885,36.8012675947226,0,"available_crw"
"254027_0_t1",101,"254027_0_t1_crw_101",26,"254027_0_t1_20240417T230000",2024-04-17 23:00:00,-122.698305824214,36.7704518029892,0,"available_crw"
"254027_0_t1",101,"254027_0_t1_crw_101",27,"254027_0_t1_20240418T050000",2024-04-18 05:00:00,-122.51391917475,36.7014831228244,0,"available_crw"
"254027_0_t1",101,"254027_0_t1_crw_101",28,"254027_0_t1_20240418T110000",2024-04-18 11:00:00,-122.354380124156,36.607594841233,0,"available_crw"
"254027_0_t1",101,"254027_0_t1_crw_101",29,"254027_0_t1_20240418T170000",2024-04-18 17:00:00,-122.370001667634,36.60949417726,0,"available_crw"
"254027_0_t1",101,"254027_0_t1_crw_101",30,"254027_0_t1_20240418T230000",2024-04-18 23:00:00,-122.398766477993,36.8805799238997,0,"available_crw"
"254027_0_t1",101,"254027_0_t1_crw_101",31,"254027_0_t1_20240419T050000",2024-04-19 05:00:00,-122.422305277184,36.8783154714791,0,"available_crw"
"254027_0_t1",101,"254027_0_t1_crw_101",32,"254027_0_t1_20240419T110000",2024-04-19 11:00:00,-122.453953037382,36.7384275055818,0,"available_crw"
"254027_0_t1",102,"254027_0_t1_crw_102",1,"254027_0_t1_20240411T170000",2024-04-11 17:00:00,-121.8431658,36.81026373,0,"available_crw"
"254027_0_t1",102,"254027_0_t1_crw_102",2,"254027_0_t1_20240411T230000",2024-04-11 23:00:00,-121.964185643552,36.8139417624546,0,"available_crw"
"254027_0_t1",102,"254027_0_t1_crw_102",3,"254027_0_t1_20240412T050000",2024-04-12 05:00:00,-122.134383924816,36.781743033307,0,"available_crw"
"254027_0_t1",102,"254027_0_t1_crw_102",4,"254027_0_t1_20240412T110000",2024-04-12 11:00:00,-122.240154463452,36.7324172511851,0,"available_crw"
"254027_0_t1",102,"254027_0_t1_crw_102",5,"254027_0_t1_20240412T170000",2024-04-12 17:00:00,-122.340789001863,36.6784315855688,0,"available_crw"
"254027_0_t1",102,"254027_0_t1_crw_102",6,"254027_0_t1_20240412T230000",2024-04-12 23:00:00,-122.303759473308,36.694649185389,0,"available_crw"
"254027_0_t1",102,"254027_0_t1_crw_102",7,"254027_0_t1_20240413T050000",2024-04-13 05:00:00,-122.30300101045,36.7478018571168,0,"available_crw"
"254027_0_t1",102,"254027_0_t1_crw_102",8,"254027_0_t1_20240413T110000",2024-04-13 11:00:00,-122.304175896551,36.8293231027928,0,"available_crw"
"254027_0_t1",102,"254027_0_t1_crw_102",9,"254027_0_t1_20240413T170000",2024-04-13 17:00:00,-122.36229484787,36.854688293969,0,"available_crw"
"254027_0_t1",102,"254027_0_t1_crw_102",10,"254027_0_t1_20240413T230000",2024-04-13 23:00:00,-122.293952029288,36.9562170604956,0,"available_crw"
"254027_0_t1",102,"254027_0_t1_crw_102",11,"254027_0_t1_20240414T050000",2024-04-14 05:00:00,-121.966767668159,36.8854889994256,0,"available_crw"
"254027_0_t1",102,"254027_0_t1_crw_102",12,"254027_0_t1_20240414T110000",2024-04-14 11:00:00,-122.014515514115,36.8894844502959,0,"available_crw"
"254027_0_t1",102,"254027_0_t1_crw_102",13,"254027_0_t1_20240414T170000",2024-04-14 17:00:00,-122.134759825255,36.8709215570039,0,"available_crw"
"254027_0_t1",102,"254027_0_t1_crw_102",14,"254027_0_t1_20240414T230000",2024-04-14 23:00:00,-122.24310688143,36.82516407858,0,"available_crw"
"254027_0_t1",102,"254027_0_t1_crw_102",15,"254027_0_t1_20240415T050000",2024-04-15 05:00:00,-122.204764697715,36.8483439382467,0,"available_crw"
"254027_0_t1",102,"254027_0_t1_crw_102",16,"254027_0_t1_20240415T110000",2024-04-15 11:00:00,-121.94459344582,36.6745754825981,0,"available_crw"
"254027_0_t1",102,"254027_0_t1_crw_102",17,"254027_0_t1_20240415T170000",2024-04-15 17:00:00,-121.890373068529,36.6415104328821,0,"available_crw"
"254027_0_t1",102,"254027_0_t1_crw_102",18,"254027_0_t1_20240415T230000",2024-04-15 23:00:00,-121.89890716934,36.6439846580902,0,"available_crw"
"254027_0_t1",102,"254027_0_t1_crw_102",19,"254027_0_t1_20240416T050000",2024-04-16 05:00:00,-121.994898508082,36.6697625921135,0,"available_crw"
"254027_0_t1",102,"254027_0_t1_crw_102",20,"254027_0_t1_20240416T110000",2024-04-16 11:00:00,-122.10859102535,36.7029092530783,0,"available_crw"
"254027_0_t1",102,"254027_0_t1_crw_102",21,"254027_0_t1_20240416T170000",2024-04-16 17:00:00,-122.061530033907,36.6957657464569,0,"available_crw"
"254027_0_t1",102,"254027_0_t1_crw_102",22,"254027_0_t1_20240416T230000",2024-04-16 23:00:00,-122.02351517841,36.8565196016604,0,"available_crw"
"254027_0_t1",102,"254027_0_t1_crw_102",23,"254027_0_t1_20240417T050000",2024-04-17 05:00:00,-122.179953695115,36.923032084972,0,"available_crw"
"254027_0_t1",102,"254027_0_t1_crw_102",24,"254027_0_t1_20240417T110000",2024-04-17 11:00:00,-122.452810395935,37.0514390746567,0,"available_crw"
"254027_0_t1",102,"254027_0_t1_crw_102",25,"254027_0_t1_20240417T170000",2024-04-17 17:00:00,-122.556089322356,37.1027746792913,0,"available_crw"
"254027_0_t1",102,"254027_0_t1_crw_102",26,"254027_0_t1_20240417T230000",2024-04-17 23:00:00,-122.663215403567,37.1488358483242,0,"available_crw"
"254027_0_t1",102,"254027_0_t1_crw_102",27,"254027_0_t1_20240418T050000",2024-04-18 05:00:00,-122.627803601727,37.1301646868762,0,"available_crw"
"254027_0_t1",102,"254027_0_t1_crw_102",28,"254027_0_t1_20240418T110000",2024-04-18 11:00:00,-122.643629704418,37.131443773303,0,"available_crw"
"254027_0_t1",102,"254027_0_t1_crw_102",29,"254027_0_t1_20240418T170000",2024-04-18 17:00:00,-122.595589977495,37.1936639264803,0,"available_crw"
"254027_0_t1",102,"254027_0_t1_crw_102",30,"254027_0_t1_20240418T230000",2024-04-18 23:00:00,-122.627911092099,37.2401087696032,0,"available_crw"
"254027_0_t1",102,"254027_0_t1_crw_102",31,"254027_0_t1_20240419T050000",2024-04-19 05:00:00,-122.679604756402,37.3103901722173,0,"available_crw"
"254027_0_t1",102,"254027_0_t1_crw_102",32,"254027_0_t1_20240419T110000",2024-04-19 11:00:00,-122.745746002738,37.4605513866437,0,"available_crw"
"254027_0_t1",103,"254027_0_t1_crw_103",1,"254027_0_t1_20240411T170000",2024-04-11 17:00:00,-121.8431658,36.81026373,0,"available_crw"
"254027_0_t1",103,"254027_0_t1_crw_103",2,"254027_0_t1_20240411T230000",2024-04-11 23:00:00,-121.944541246137,36.8092948300715,0,"available_crw"
"254027_0_t1",103,"254027_0_t1_crw_103",3,"254027_0_t1_20240412T050000",2024-04-12 05:00:00,-122.061173217041,36.779681570017,0,"available_crw"
"254027_0_t1",103,"254027_0_t1_crw_103",4,"254027_0_t1_20240412T110000",2024-04-12 11:00:00,-122.047903745413,36.8520390287895,0,"available_crw"
"254027_0_t1",103,"254027_0_t1_crw_103",5,"254027_0_t1_20240412T170000",2024-04-12 17:00:00,-122.057794069305,36.8190378295247,0,"available_crw"
"254027_0_t1",103,"254027_0_t1_crw_103",6,"254027_0_t1_20240412T230000",2024-04-12 23:00:00,-122.396185170524,36.819014022635,0,"available_crw"
"254027_0_t1",103,"254027_0_t1_crw_103",7,"254027_0_t1_20240413T050000",2024-04-13 05:00:00,-122.604429966883,36.8533387993212,0,"available_crw"
"254027_0_t1",103,"254027_0_t1_crw_103",8,"254027_0_t1_20240413T110000",2024-04-13 11:00:00,-122.726312857661,36.8442778012022,0,"available_crw"
"254027_0_t1",103,"254027_0_t1_crw_103",9,"254027_0_t1_20240413T170000",2024-04-13 17:00:00,-122.717920789785,36.8470946623531,0,"available_crw"
"254027_0_t1",103,"254027_0_t1_crw_103",10,"254027_0_t1_20240413T230000",2024-04-13 23:00:00,-122.623313722226,36.9095484273402,0,"available_crw"
"254027_0_t1",103,"254027_0_t1_crw_103",11,"254027_0_t1_20240414T050000",2024-04-14 05:00:00,-122.448557005702,36.9847990691191,0,"available_crw"
"254027_0_t1",103,"254027_0_t1_crw_103",12,"254027_0_t1_20240414T110000",2024-04-14 11:00:00,-122.389888445668,37.0128609115149,0,"available_crw"
"254027_0_t1",103,"254027_0_t1_crw_103",13,"254027_0_t1_20240414T170000",2024-04-14 17:00:00,-122.332866787382,37.0430534194151,0,"available_crw"
"254027_0_t1",103,"254027_0_t1_crw_103",14,"254027_0_t1_20240414T230000",2024-04-14 23:00:00,-122.337772566764,37.0960611528492,0,"available_crw"
"254027_0_t1",103,"254027_0_t1_crw_103",15,"254027_0_t1_20240415T050000",2024-04-15 05:00:00,-122.326582609759,37.0585553225418,0,"available_crw"
"254027_0_t1",103,"254027_0_t1_crw_103",16,"254027_0_t1_20240415T110000",2024-04-15 11:00:00,-122.345117967094,37.0941433518046,0,"available_crw"
"254027_0_t1",103,"254027_0_t1_crw_103",17,"254027_0_t1_20240415T170000",2024-04-15 17:00:00,-122.453930718207,37.3325179022472,0,"available_crw"
"254027_0_t1",103,"254027_0_t1_crw_103",18,"254027_0_t1_20240415T230000",2024-04-15 23:00:00,-122.476037407335,37.325375257146,0,"available_crw"
"254027_0_t1",103,"254027_0_t1_crw_103",19,"254027_0_t1_20240416T050000",2024-04-16 05:00:00,-122.585966906415,37.2833313918473,0,"available_crw"
"254027_0_t1",103,"254027_0_t1_crw_103",20,"254027_0_t1_20240416T110000",2024-04-16 11:00:00,-122.595584018228,37.2972156924217,0,"available_crw"
"254027_0_t1",103,"254027_0_t1_crw_103",21,"254027_0_t1_20240416T170000",2024-04-16 17:00:00,-122.565766459031,37.2668945153803,0,"available_crw"
"254027_0_t1",103,"254027_0_t1_crw_103",22,"254027_0_t1_20240416T230000",2024-04-16 23:00:00,-122.520982562755,37.2254233906641,0,"available_crw"
"254027_0_t1",103,"254027_0_t1_crw_103",23,"254027_0_t1_20240417T050000",2024-04-17 05:00:00,-122.506319609552,37.257015019331,0,"available_crw"
"254027_0_t1",103,"254027_0_t1_crw_103",24,"254027_0_t1_20240417T110000",2024-04-17 11:00:00,-122.515650917556,37.2191812680496,0,"available_crw"
"254027_0_t1",103,"254027_0_t1_crw_103",25,"254027_0_t1_20240417T170000",2024-04-17 17:00:00,-122.591011044181,36.9726926627547,0,"available_crw"
"254027_0_t1",103,"254027_0_t1_crw_103",26,"254027_0_t1_20240417T230000",2024-04-17 23:00:00,-122.930099311583,36.9735995457954,0,"available_crw"
"254027_0_t1",103,"254027_0_t1_crw_103",27,"254027_0_t1_20240418T050000",2024-04-18 05:00:00,-123.031324455716,37.2682485942294,0,"available_crw"
"254027_0_t1",103,"254027_0_t1_crw_103",28,"254027_0_t1_20240418T110000",2024-04-18 11:00:00,-123.039964998157,37.3153337459194,0,"available_crw"
"254027_0_t1",103,"254027_0_t1_crw_103",29,"254027_0_t1_20240418T170000",2024-04-18 17:00:00,-123.030304682807,37.4743140936215,0,"available_crw"
"254027_0_t1",103,"254027_0_t1_crw_103",30,"254027_0_t1_20240418T230000",2024-04-18 23:00:00,-122.982248354227,37.628809838457,0,"available_crw"
"254027_0_t1",103,"254027_0_t1_crw_103",31,"254027_0_t1_20240419T050000",2024-04-19 05:00:00,-122.949585667442,37.7226596256336,0,"available_crw"
"254027_0_t1",103,"254027_0_t1_crw_103",32,"254027_0_t1_20240419T110000",2024-04-19 11:00:00,-122.946215193902,37.7102094178059,0,"available_crw"
"254027_0_t1",104,"254027_0_t1_crw_104",1,"254027_0_t1_20240411T170000",2024-04-11 17:00:00,-121.8431658,36.81026373,0,"available_crw"
"254027_0_t1",104,"254027_0_t1_crw_104",2,"254027_0_t1_20240411T230000",2024-04-11 23:00:00,-121.829045181328,36.8160322824237,0,"available_crw"
"254027_0_t1",104,"254027_0_t1_crw_104",3,"254027_0_t1_20240412T050000",2024-04-12 05:00:00,-121.773367374512,36.8321817739727,0,"available_crw"
"254027_0_t1",104,"254027_0_t1_crw_104",4,"254027_0_t1_20240412T110000",2024-04-12 11:00:00,-121.812436444535,36.8056321386558,0,"available_crw"
"254027_0_t1",104,"254027_0_t1_crw_104",5,"254027_0_t1_20240412T170000",2024-04-12 17:00:00,-121.77330438994,36.7935903046524,0,"available_crw"
"254027_0_t1",104,"254027_0_t1_crw_104",6,"254027_0_t1_20240412T230000",2024-04-12 23:00:00,-121.811210773594,36.8085208091146,0,"available_crw"
"254027_0_t1",104,"254027_0_t1_crw_104",7,"254027_0_t1_20240413T050000",2024-04-13 05:00:00,-122.023464504671,36.9502246589044,0,"available_crw"
"254027_0_t1",104,"254027_0_t1_crw_104",8,"254027_0_t1_20240413T110000",2024-04-13 11:00:00,-122.037982104795,36.9351624476171,0,"available_crw"
"254027_0_t1",104,"254027_0_t1_crw_104",9,"254027_0_t1_20240413T170000",2024-04-13 17:00:00,-122.09819309676,36.8695303730886,0,"available_crw"
"254027_0_t1",104,"254027_0_t1_crw_104",10,"254027_0_t1_20240413T230000",2024-04-13 23:00:00,-122.296431726941,36.6721287093157,0,"available_crw"
"254027_0_t1",104,"254027_0_t1_crw_104",11,"254027_0_t1_20240414T050000",2024-04-14 05:00:00,-122.267131890889,36.6965323071265,0,"available_crw"
"254027_0_t1",104,"254027_0_t1_crw_104",12,"254027_0_t1_20240414T110000",2024-04-14 11:00:00,-122.037333671666,36.8704129611959,0,"available_crw"
"254027_0_t1",104,"254027_0_t1_crw_104",13,"254027_0_t1_20240414T170000",2024-04-14 17:00:00,-121.989809386269,36.9097113251092,0,"available_crw"
"254027_0_t1",104,"254027_0_t1_crw_104",14,"254027_0_t1_20240414T230000",2024-04-14 23:00:00,-121.902929023548,36.977674153301,0,"available_crw"
"254027_0_t1",104,"254027_0_t1_crw_104",15,"254027_0_t1_20240415T050000",2024-04-15 05:00:00,-121.907263486871,36.9712462395901,0,"available_crw"
"254027_0_t1",104,"254027_0_t1_crw_104",16,"254027_0_t1_20240415T110000",2024-04-15 11:00:00,-121.925177705355,36.9779693928413,0,"available_crw"
"254027_0_t1",104,"254027_0_t1_crw_104",17,"254027_0_t1_20240415T170000",2024-04-15 17:00:00,-121.934499123249,36.9604565014623,0,"available_crw"
"254027_0_t1",104,"254027_0_t1_crw_104",18,"254027_0_t1_20240415T230000",2024-04-15 23:00:00,-121.948034799699,36.8626972959449,0,"available_crw"
"254027_0_t1",104,"254027_0_t1_crw_104",19,"254027_0_t1_20240416T050000",2024-04-16 05:00:00,-121.908786102059,36.7564871661395,0,"available_crw"
"254027_0_t1",104,"254027_0_t1_crw_104",20,"254027_0_t1_20240416T110000",2024-04-16 11:00:00,-121.899067411237,36.7095471081543,0,"available_crw"
"254027_0_t1",104,"254027_0_t1_crw_104",21,"254027_0_t1_20240416T170000",2024-04-16 17:00:00,-121.91440144673,36.7460803118082,0,"available_crw"
"254027_0_t1",104,"254027_0_t1_crw_104",22,"254027_0_t1_20240416T230000",2024-04-16 23:00:00,-121.960141955753,36.8362219206631,0,"available_crw"
"254027_0_t1",104,"254027_0_t1_crw_104",23,"254027_0_t1_20240417T050000",2024-04-17 05:00:00,-122.025784657443,36.8426530661798,0,"available_crw"
"254027_0_t1",104,"254027_0_t1_crw_104",24,"254027_0_t1_20240417T110000",2024-04-17 11:00:00,-122.00870858422,36.9572435373878,0,"available_crw"
"254027_0_t1",104,"254027_0_t1_crw_104",25,"254027_0_t1_20240417T170000",2024-04-17 17:00:00,-121.99671514807,36.9172567539374,0,"available_crw"
"254027_0_t1",104,"254027_0_t1_crw_104",26,"254027_0_t1_20240417T230000",2024-04-17 23:00:00,-122.007152179724,36.9268466692768,0,"available_crw"
"254027_0_t1",104,"254027_0_t1_crw_104",27,"254027_0_t1_20240418T050000",2024-04-18 05:00:00,-121.993050421684,36.9379662604563,0,"available_crw"
"254027_0_t1",104,"254027_0_t1_crw_104",28,"254027_0_t1_20240418T110000",2024-04-18 11:00:00,-122.010237696804,36.9510941406413,0,"available_crw"
"254027_0_t1",104,"254027_0_t1_crw_104",29,"254027_0_t1_20240418T170000",2024-04-18 17:00:00,-122.073474064508,36.935322409438,0,"available_crw"
"254027_0_t1",104,"254027_0_t1_crw_104",30,"254027_0_t1_20240418T230000",2024-04-18 23:00:00,-122.186804274376,36.9007005967123,0,"available_crw"
"254027_0_t1",104,"254027_0_t1_crw_104",31,"254027_0_t1_20240419T050000",2024-04-19 05:00:00,-122.314983474394,37.0120997277821,0,"available_crw"
"254027_0_t1",104,"254027_0_t1_crw_104",32,"254027_0_t1_20240419T110000",2024-04-19 11:00:00,-122.443219940189,37.2572224125349,0,"available_crw"
"254027_0_t1",105,"254027_0_t1_crw_105",1,"254027_0_t1_20240411T170000",2024-04-11 17:00:00,-121.8431658,36.81026373,0,"available_crw"
"254027_0_t1",105,"254027_0_t1_crw_105",2,"254027_0_t1_20240411T230000",2024-04-11 23:00:00,-121.829045181328,36.8160322824237,0,"available_crw"
"254027_0_t1",105,"254027_0_t1_crw_105",3,"254027_0_t1_20240412T050000",2024-04-12 05:00:00,-121.838232752449,36.8056588714905,0,"available_crw"
"254027_0_t1",105,"254027_0_t1_crw_105",4,"254027_0_t1_20240412T110000",2024-04-12 11:00:00,-122.152309953308,36.9071996667074,0,"available_crw"
"254027_0_t1",105,"254027_0_t1_crw_105",5,"254027_0_t1_20240412T170000",2024-04-12 17:00:00,-122.263514104278,36.7966192241368,0,"available_crw"
"254027_0_t1",105,"254027_0_t1_crw_105",6,"254027_0_t1_20240412T230000",2024-04-12 23:00:00,-122.260410533704,36.8091084385322,0,"available_crw"
"254027_0_t1",105,"254027_0_t1_crw_105",7,"254027_0_t1_20240413T050000",2024-04-13 05:00:00,-122.28378039986,36.8122063569323,0,"available_crw"
"254027_0_t1",105,"254027_0_t1_crw_105",8,"254027_0_t1_20240413T110000",2024-04-13 11:00:00,-122.417711906697,36.7861788593341,0,"available_crw"
"254027_0_t1",105,"254027_0_t1_crw_105",9,"254027_0_t1_20240413T170000",2024-04-13 17:00:00,-122.423470183095,36.8013578165689,0,"available_crw"
"254027_0_t1",105,"254027_0_t1_crw_105",10,"254027_0_t1_20240413T230000",2024-04-13 23:00:00,-122.404961542449,36.8068644354134,0,"available_crw"
"254027_0_t1",105,"254027_0_t1_crw_105",11,"254027_0_t1_20240414T050000",2024-04-14 05:00:00,-122.436671873679,36.828900651695,0,"available_crw"
"254027_0_t1",105,"254027_0_t1_crw_105",12,"254027_0_t1_20240414T110000",2024-04-14 11:00:00,-122.514974278593,36.8807390842163,0,"available_crw"
"254027_0_t1",105,"254027_0_t1_crw_105",13,"254027_0_t1_20240414T170000",2024-04-14 17:00:00,-122.74992495974,37.0506214937866,0,"available_crw"
"254027_0_t1",105,"254027_0_t1_crw_105",14,"254027_0_t1_20240414T230000",2024-04-14 23:00:00,-122.68468394499,37.1929700492737,0,"available_crw"
"254027_0_t1",105,"254027_0_t1_crw_105",15,"254027_0_t1_20240415T050000",2024-04-15 05:00:00,-122.618937468388,37.3125053426374,0,"available_crw"
"254027_0_t1",105,"254027_0_t1_crw_105",16,"254027_0_t1_20240415T110000",2024-04-15 11:00:00,-122.753625453556,37.4055345387559,0,"available_crw"
"254027_0_t1",105,"254027_0_t1_crw_105",17,"254027_0_t1_20240415T170000",2024-04-15 17:00:00,-122.832526827834,37.4573685932504,0,"available_crw"
"254027_0_t1",105,"254027_0_t1_crw_105",18,"254027_0_t1_20240415T230000",2024-04-15 23:00:00,-122.847074732582,37.4422642776287,0,"available_crw"
"254027_0_t1",105,"254027_0_t1_crw_105",19,"254027_0_t1_20240416T050000",2024-04-16 05:00:00,-123.202768744467,37.5565733437731,0,"available_crw"
"254027_0_t1",105,"254027_0_t1_crw_105",20,"254027_0_t1_20240416T110000",2024-04-16 11:00:00,-123.148979976318,37.6637519438189,0,"available_crw"
"254027_0_t1",105,"254027_0_t1_crw_105",21,"254027_0_t1_20240416T170000",2024-04-16 17:00:00,-123.129025892333,37.8034580486596,0,"available_crw"
"254027_0_t1",105,"254027_0_t1_crw_105",22,"254027_0_t1_20240416T230000",2024-04-16 23:00:00,-123.151213179541,37.900228400319,0,"available_crw"
"254027_0_t1",105,"254027_0_t1_crw_105",23,"254027_0_t1_20240417T050000",2024-04-17 05:00:00,-123.166749903032,37.9536100973021,0,"available_crw"
"254027_0_t1",105,"254027_0_t1_crw_105",24,"254027_0_t1_20240417T110000",2024-04-17 11:00:00,-123.156285739625,37.9439404757517,0,"available_crw"
"254027_0_t1",105,"254027_0_t1_crw_105",25,"254027_0_t1_20240417T170000",2024-04-17 17:00:00,-122.959734573739,37.7437087760317,0,"available_crw"
"254027_0_t1",105,"254027_0_t1_crw_105",26,"254027_0_t1_20240417T230000",2024-04-17 23:00:00,-123.173398825832,37.5312568201623,0,"available_crw"
"254027_0_t1",105,"254027_0_t1_crw_105",27,"254027_0_t1_20240418T050000",2024-04-18 05:00:00,-123.149631737123,37.5648554009449,0,"available_crw"
"254027_0_t1",105,"254027_0_t1_crw_105",28,"254027_0_t1_20240418T110000",2024-04-18 11:00:00,-123.191959847352,37.5651661084467,0,"available_crw"
"254027_0_t1",105,"254027_0_t1_crw_105",29,"254027_0_t1_20240418T170000",2024-04-18 17:00:00,-123.144069755772,37.5709822440749,0,"available_crw"
"254027_0_t1",105,"254027_0_t1_crw_105",30,"254027_0_t1_20240418T230000",2024-04-18 23:00:00,-123.139925510805,37.5554608080751,0,"available_crw"
"254027_0_t1",105,"254027_0_t1_crw_105",31,"254027_0_t1_20240419T050000",2024-04-19 05:00:00,-123.117728677657,37.4597028223125,0,"available_crw"
"254027_0_t1",105,"254027_0_t1_crw_105",32,"254027_0_t1_20240419T110000",2024-04-19 11:00:00,-122.915741704517,37.4890305297105,0,"available_crw"
"254027_0_t1",106,"254027_0_t1_crw_106",1,"254027_0_t1_20240411T170000",2024-04-11 17:00:00,-121.8431658,36.81026373,0,"available_crw"
"254027_0_t1",106,"254027_0_t1_crw_106",2,"254027_0_t1_20240411T230000",2024-04-11 23:00:00,-121.802387385465,36.8756446011203,0,"available_crw"
"254027_0_t1",106,"254027_0_t1_crw_106",3,"254027_0_t1_20240412T050000",2024-04-12 05:00:00,-121.80385559771,36.868432079023,0,"available_crw"
"254027_0_t1",106,"254027_0_t1_crw_106",4,"254027_0_t1_20240412T110000",2024-04-12 11:00:00,-121.872780841875,36.7192351549468,0,"available_crw"
"254027_0_t1",106,"254027_0_t1_crw_106",5,"254027_0_t1_20240412T170000",2024-04-12 17:00:00,-121.905778050388,36.6421670501919,0,"available_crw"
"254027_0_t1",106,"254027_0_t1_crw_106",6,"254027_0_t1_20240412T230000",2024-04-12 23:00:00,-121.883190373376,36.636570401351,0,"available_crw"
"254027_0_t1",106,"254027_0_t1_crw_106",7,"254027_0_t1_20240413T050000",2024-04-13 05:00:00,-121.783743761249,36.754041137855,0,"available_crw"
"254027_0_t1",106,"254027_0_t1_crw_106",8,"254027_0_t1_20240413T110000",2024-04-13 11:00:00,-121.804069462445,36.719122376089,0,"available_crw"
"254027_0_t1",106,"254027_0_t1_crw_106",9,"254027_0_t1_20240413T170000",2024-04-13 17:00:00,-122.17852480918,36.769793420581,0,"available_crw"
"254027_0_t1",106,"254027_0_t1_crw_106",10,"254027_0_t1_20240413T230000",2024-04-13 23:00:00,-122.219737551325,36.7282538264491,0,"available_crw"
"254027_0_t1",106,"254027_0_t1_crw_106",11,"254027_0_t1_20240414T050000",2024-04-14 05:00:00,-122.194775267495,36.6790449809505,0,"available_crw"
"254027_0_t1",106,"254027_0_t1_crw_106",12,"254027_0_t1_20240414T110000",2024-04-14 11:00:00,-122.166177573499,36.6293354970588,0,"available_crw"
"254027_0_t1",106,"254027_0_t1_crw_106",13,"254027_0_t1_20240414T170000",2024-04-14 17:00:00,-122.145083014761,36.6379189420582,0,"available_crw"
"254027_0_t1",106,"254027_0_t1_crw_106",14,"254027_0_t1_20240414T230000",2024-04-14 23:00:00,-122.055805369237,36.6762904956843,0,"available_crw"
"254027_0_t1",106,"254027_0_t1_crw_106",15,"254027_0_t1_20240415T050000",2024-04-15 05:00:00,-121.997309115219,36.7042621442925,0,"available_crw"
"254027_0_t1",106,"254027_0_t1_crw_106",16,"254027_0_t1_20240415T110000",2024-04-15 11:00:00,-121.79644099056,36.759506010847,0,"available_crw"
"254027_0_t1",106,"254027_0_t1_crw_106",17,"254027_0_t1_20240415T170000",2024-04-15 17:00:00,-121.807720122363,36.6869347858372,0,"available_crw"
"254027_0_t1",106,"254027_0_t1_crw_106",18,"254027_0_t1_20240415T230000",2024-04-15 23:00:00,-122.182945663134,36.6421603121928,0,"available_crw"
"254027_0_t1",106,"254027_0_t1_crw_106",19,"254027_0_t1_20240416T050000",2024-04-16 05:00:00,-122.394675172193,36.6515689961245,0,"available_crw"
"254027_0_t1",106,"254027_0_t1_crw_106",20,"254027_0_t1_20240416T110000",2024-04-16 11:00:00,-122.658338795546,36.7153668074246,0,"available_crw"
"254027_0_t1",106,"254027_0_t1_crw_106",21,"254027_0_t1_20240416T170000",2024-04-16 17:00:00,-122.776156611865,36.7374226032417,0,"available_crw"
"254027_0_t1",106,"254027_0_t1_crw_106",22,"254027_0_t1_20240416T230000",2024-04-16 23:00:00,-122.822235928111,36.5780352445537,0,"available_crw"
"254027_0_t1",106,"254027_0_t1_crw_106",23,"254027_0_t1_20240417T050000",2024-04-17 05:00:00,-122.815503384509,36.4375093027366,0,"available_crw"
"254027_0_t1",106,"254027_0_t1_crw_106",24,"254027_0_t1_20240417T110000",2024-04-17 11:00:00,-122.645552586712,36.4007218790088,0,"available_crw"
"254027_0_t1",106,"254027_0_t1_crw_106",25,"254027_0_t1_20240417T170000",2024-04-17 17:00:00,-122.640206878222,36.4192721730041,0,"available_crw"
"254027_0_t1",106,"254027_0_t1_crw_106",26,"254027_0_t1_20240417T230000",2024-04-17 23:00:00,-122.62009267801,36.5152817169924,0,"available_crw"
"254027_0_t1",106,"254027_0_t1_crw_106",27,"254027_0_t1_20240418T050000",2024-04-18 05:00:00,-122.546403213498,36.4727293606141,0,"available_crw"
"254027_0_t1",106,"254027_0_t1_crw_106",28,"254027_0_t1_20240418T110000",2024-04-18 11:00:00,-122.676296131333,36.1857378109261,0,"available_crw"
"254027_0_t1",106,"254027_0_t1_crw_106",29,"254027_0_t1_20240418T170000",2024-04-18 17:00:00,-122.653969098347,36.1798049768708,0,"available_crw"
"254027_0_t1",106,"254027_0_t1_crw_106",30,"254027_0_t1_20240418T230000",2024-04-18 23:00:00,-122.588843963617,36.1651544565897,0,"available_crw"
"254027_0_t1",106,"254027_0_t1_crw_106",31,"254027_0_t1_20240419T050000",2024-04-19 05:00:00,-122.600985022208,35.8932225328088,0,"available_crw"
"254027_0_t1",106,"254027_0_t1_crw_106",32,"254027_0_t1_20240419T110000",2024-04-19 11:00:00,-122.577575257013,35.8931738974679,0,"available_crw"
"254027_0_t1",107,"254027_0_t1_crw_107",1,"254027_0_t1_20240411T170000",2024-04-11 17:00:00,-121.8431658,36.81026373,0,"available_crw"
"254027_0_t1",107,"254027_0_t1_crw_107",2,"254027_0_t1_20240411T230000",2024-04-11 23:00:00,-121.795736900075,36.8159757322899,0,"available_crw"
"254027_0_t1",107,"254027_0_t1_crw_107",3,"254027_0_t1_20240412T050000",2024-04-12 05:00:00,-121.822966037559,36.7461960499205,0,"available_crw"
"254027_0_t1",107,"254027_0_t1_crw_107",4,"254027_0_t1_20240412T110000",2024-04-12 11:00:00,-122.160291733341,36.7645669410312,0,"available_crw"
"254027_0_t1",107,"254027_0_t1_crw_107",5,"254027_0_t1_20240412T170000",2024-04-12 17:00:00,-122.223300798322,36.6317468246505,0,"available_crw"
"254027_0_t1",107,"254027_0_t1_crw_107",6,"254027_0_t1_20240412T230000",2024-04-12 23:00:00,-122.411414974213,36.6291386259035,0,"available_crw"
"254027_0_t1",107,"254027_0_t1_crw_107",7,"254027_0_t1_20240413T050000",2024-04-13 05:00:00,-122.41291962901,36.6449623566117,0,"available_crw"
"254027_0_t1",107,"254027_0_t1_crw_107",8,"254027_0_t1_20240413T110000",2024-04-13 11:00:00,-122.270113245098,36.6539194522051,0,"available_crw"
"254027_0_t1",107,"254027_0_t1_crw_107",9,"254027_0_t1_20240413T170000",2024-04-13 17:00:00,-122.202624280839,36.660648759494,0,"available_crw"
"254027_0_t1",107,"254027_0_t1_crw_107",10,"254027_0_t1_20240413T230000",2024-04-13 23:00:00,-122.040827672095,36.6684987206828,0,"available_crw"
"254027_0_t1",107,"254027_0_t1_crw_107",11,"254027_0_t1_20240414T050000",2024-04-14 05:00:00,-121.920828573611,36.6801581172773,0,"available_crw"
"254027_0_t1",107,"254027_0_t1_crw_107",12,"254027_0_t1_20240414T110000",2024-04-14 11:00:00,-121.800436115267,36.6891143802428,0,"available_crw"
"254027_0_t1",107,"254027_0_t1_crw_107",13,"254027_0_t1_20240414T170000",2024-04-14 17:00:00,-121.823898834272,36.7170155023743,0,"available_crw"
"254027_0_t1",107,"254027_0_t1_crw_107",14,"254027_0_t1_20240414T230000",2024-04-14 23:00:00,-121.988943784653,36.9333234773263,0,"available_crw"
"254027_0_t1",107,"254027_0_t1_crw_107",15,"254027_0_t1_20240415T050000",2024-04-15 05:00:00,-122.008721191956,36.9228092343911,0,"available_crw"
"254027_0_t1",107,"254027_0_t1_crw_107",16,"254027_0_t1_20240415T110000",2024-04-15 11:00:00,-121.994966695971,36.9072953492465,0,"available_crw"
"254027_0_t1",107,"254027_0_t1_crw_107",17,"254027_0_t1_20240415T170000",2024-04-15 17:00:00,-121.909666307554,36.7508012918771,0,"available_crw"
"254027_0_t1",107,"254027_0_t1_crw_107",18,"254027_0_t1_20240415T230000",2024-04-15 23:00:00,-121.853995540345,36.628163304361,0,"available_crw"
"254027_0_t1",107,"254027_0_t1_crw_107",19,"254027_0_t1_20240416T050000",2024-04-16 05:00:00,-121.865679257087,36.6367377657234,0,"available_crw"
"254027_0_t1",107,"254027_0_t1_crw_107",20,"254027_0_t1_20240416T110000",2024-04-16 11:00:00,-121.799669034727,36.7787413460302,0,"available_crw"
"254027_0_t1",107,"254027_0_t1_crw_107",21,"254027_0_t1_20240416T170000",2024-04-16 17:00:00,-121.799819875062,36.7376126402382,0,"available_crw"
"254027_0_t1",107,"254027_0_t1_crw_107",22,"254027_0_t1_20240416T230000",2024-04-16 23:00:00,-121.807268824375,36.690405568436,0,"available_crw"
"254027_0_t1",107,"254027_0_t1_crw_107",23,"254027_0_t1_20240417T050000",2024-04-17 05:00:00,-121.80886210076,36.6976006283769,0,"available_crw"
"254027_0_t1",107,"254027_0_t1_crw_107",24,"254027_0_t1_20240417T110000",2024-04-17 11:00:00,-121.871257738445,36.714951923554,0,"available_crw"
"254027_0_t1",107,"254027_0_t1_crw_107",25,"254027_0_t1_20240417T170000",2024-04-17 17:00:00,-121.920465515912,36.6795262653977,0,"available_crw"
"254027_0_t1",107,"254027_0_t1_crw_107",26,"254027_0_t1_20240417T230000",2024-04-17 23:00:00,-121.896625103361,36.7159012110488,0,"available_crw"
"254027_0_t1",107,"254027_0_t1_crw_107",27,"254027_0_t1_20240418T050000",2024-04-18 05:00:00,-121.858702378546,36.8531601837013,0,"available_crw"
"254027_0_t1",107,"254027_0_t1_crw_107",28,"254027_0_t1_20240418T110000",2024-04-18 11:00:00,-121.854583151844,36.8408629204492,0,"available_crw"
"254027_0_t1",107,"254027_0_t1_crw_107",29,"254027_0_t1_20240418T170000",2024-04-18 17:00:00,-121.861854896488,36.8742999587575,0,"available_crw"
"254027_0_t1",107,"254027_0_t1_crw_107",30,"254027_0_t1_20240418T230000",2024-04-18 23:00:00,-121.92432032163,36.8918233406701,0,"available_crw"
"254027_0_t1",107,"254027_0_t1_crw_107",31,"254027_0_t1_20240419T050000",2024-04-19 05:00:00,-122.037733825018,36.926285483377,0,"available_crw"
"254027_0_t1",107,"254027_0_t1_crw_107",32,"254027_0_t1_20240419T110000",2024-04-19 11:00:00,-122.031837751291,36.9414315656405,0,"available_crw"
"254027_0_t1",108,"254027_0_t1_crw_108",1,"254027_0_t1_20240411T170000",2024-04-11 17:00:00,-121.8431658,36.81026373,0,"available_crw"
"254027_0_t1",108,"254027_0_t1_crw_108",2,"254027_0_t1_20240411T230000",2024-04-11 23:00:00,-121.795736900075,36.8159757322899,0,"available_crw"
"254027_0_t1",108,"254027_0_t1_crw_108",3,"254027_0_t1_20240412T050000",2024-04-12 05:00:00,-121.837881094356,36.8139854443464,0,"available_crw"
"254027_0_t1",108,"254027_0_t1_crw_108",4,"254027_0_t1_20240412T110000",2024-04-12 11:00:00,-121.958922358248,36.8107879228829,0,"available_crw"
"254027_0_t1",108,"254027_0_t1_crw_108",5,"254027_0_t1_20240412T170000",2024-04-12 17:00:00,-121.957331919555,36.7917870700241,0,"available_crw"
"254027_0_t1",108,"254027_0_t1_crw_108",6,"254027_0_t1_20240412T230000",2024-04-12 23:00:00,-121.900033249995,36.6589569312967,0,"available_crw"
"254027_0_t1",108,"254027_0_t1_crw_108",7,"254027_0_t1_20240413T050000",2024-04-13 05:00:00,-122.1840394222,36.5121213025492,0,"available_crw"
"254027_0_t1",108,"254027_0_t1_crw_108",8,"254027_0_t1_20240413T110000",2024-04-13 11:00:00,-122.179946235606,36.4590668591523,0,"available_crw"
"254027_0_t1",108,"254027_0_t1_crw_108",9,"254027_0_t1_20240413T170000",2024-04-13 17:00:00,-122.13766841674,36.3668190026673,0,"available_crw"
"254027_0_t1",108,"254027_0_t1_crw_108",10,"254027_0_t1_20240413T230000",2024-04-13 23:00:00,-122.276538510495,36.2650076975988,0,"available_crw"
"254027_0_t1",108,"254027_0_t1_crw_108",11,"254027_0_t1_20240414T050000",2024-04-14 05:00:00,-122.554512141862,36.4181743488179,0,"available_crw"
"254027_0_t1",108,"254027_0_t1_crw_108",12,"254027_0_t1_20240414T110000",2024-04-14 11:00:00,-122.514274068071,36.5662996888199,0,"available_crw"
"254027_0_t1",108,"254027_0_t1_crw_108",13,"254027_0_t1_20240414T170000",2024-04-14 17:00:00,-122.393067322543,36.7653784079449,0,"available_crw"
"254027_0_t1",108,"254027_0_t1_crw_108",14,"254027_0_t1_20240414T230000",2024-04-14 23:00:00,-122.216002791187,36.9354168344172,0,"available_crw"
"254027_0_t1",108,"254027_0_t1_crw_108",15,"254027_0_t1_20240415T050000",2024-04-15 05:00:00,-122.105763028155,36.8613856361561,0,"available_crw"
"254027_0_t1",108,"254027_0_t1_crw_108",16,"254027_0_t1_20240415T110000",2024-04-15 11:00:00,-121.940895596894,36.6311161875204,0,"available_crw"
"254027_0_t1",108,"254027_0_t1_crw_108",17,"254027_0_t1_20240415T170000",2024-04-15 17:00:00,-121.874951323303,36.6317649025921,0,"available_crw"
"254027_0_t1",108,"254027_0_t1_crw_108",18,"254027_0_t1_20240415T230000",2024-04-15 23:00:00,-121.913641578076,36.5656117781396,0,"available_crw"
"254027_0_t1",108,"254027_0_t1_crw_108",19,"254027_0_t1_20240416T050000",2024-04-16 05:00:00,-121.939691385529,36.5150159212242,0,"available_crw"
"254027_0_t1",108,"254027_0_t1_crw_108",20,"254027_0_t1_20240416T110000",2024-04-16 11:00:00,-122.272680621538,36.5576192040548,0,"available_crw"
"254027_0_t1",108,"254027_0_t1_crw_108",21,"254027_0_t1_20240416T170000",2024-04-16 17:00:00,-122.314745149903,36.7054195737812,0,"available_crw"
"254027_0_t1",108,"254027_0_t1_crw_108",22,"254027_0_t1_20240416T230000",2024-04-16 23:00:00,-122.175055247392,36.7313827818643,0,"available_crw"
"254027_0_t1",108,"254027_0_t1_crw_108",23,"254027_0_t1_20240417T050000",2024-04-17 05:00:00,-122.067779852083,36.6067847103627,0,"available_crw"
"254027_0_t1",108,"254027_0_t1_crw_108",24,"254027_0_t1_20240417T110000",2024-04-17 11:00:00,-121.984708379385,36.3496207831293,0,"available_crw"
"254027_0_t1",108,"254027_0_t1_crw_108",25,"254027_0_t1_20240417T170000",2024-04-17 17:00:00,-122.311119691766,36.1961835452465,0,"available_crw"
"254027_0_t1",108,"254027_0_t1_crw_108",26,"254027_0_t1_20240417T230000",2024-04-17 23:00:00,-122.588201949423,36.0782666943254,0,"available_crw"
"254027_0_t1",108,"254027_0_t1_crw_108",27,"254027_0_t1_20240418T050000",2024-04-18 05:00:00,-122.554368828672,36.1088994024012,0,"available_crw"
"254027_0_t1",108,"254027_0_t1_crw_108",28,"254027_0_t1_20240418T110000",2024-04-18 11:00:00,-122.259988507887,35.978959548189,0,"available_crw"
"254027_0_t1",108,"254027_0_t1_crw_108",29,"254027_0_t1_20240418T170000",2024-04-18 17:00:00,-122.109545783398,35.8771198794338,0,"available_crw"
"254027_0_t1",108,"254027_0_t1_crw_108",30,"254027_0_t1_20240418T230000",2024-04-18 23:00:00,-121.947911731352,35.6987077636504,0,"available_crw"
"254027_0_t1",108,"254027_0_t1_crw_108",31,"254027_0_t1_20240419T050000",2024-04-19 05:00:00,-121.831193171063,35.6420516458145,0,"available_crw"
"254027_0_t1",108,"254027_0_t1_crw_108",32,"254027_0_t1_20240419T110000",2024-04-19 11:00:00,-121.906072589511,35.6018874584189,0,"available_crw"
"254027_0_t1",109,"254027_0_t1_crw_109",1,"254027_0_t1_20240411T170000",2024-04-11 17:00:00,-121.8431658,36.81026373,0,"available_crw"
"254027_0_t1",109,"254027_0_t1_crw_109",2,"254027_0_t1_20240411T230000",2024-04-11 23:00:00,-121.802387385465,36.8756446011203,0,"available_crw"
"254027_0_t1",109,"254027_0_t1_crw_109",3,"254027_0_t1_20240412T050000",2024-04-12 05:00:00,-121.93028778111,36.9739654221299,0,"available_crw"
"254027_0_t1",109,"254027_0_t1_crw_109",4,"254027_0_t1_20240412T110000",2024-04-12 11:00:00,-122.084934828747,36.9046643062374,0,"available_crw"
"254027_0_t1",109,"254027_0_t1_crw_109",5,"254027_0_t1_20240412T170000",2024-04-12 17:00:00,-122.047998589459,36.7656234362632,0,"available_crw"
"254027_0_t1",109,"254027_0_t1_crw_109",6,"254027_0_t1_20240412T230000",2024-04-12 23:00:00,-122.044800316117,36.6064723707086,0,"available_crw"
"254027_0_t1",109,"254027_0_t1_crw_109",7,"254027_0_t1_20240413T050000",2024-04-13 05:00:00,-122.371411554173,36.5384884139613,0,"available_crw"
"254027_0_t1",109,"254027_0_t1_crw_109",8,"254027_0_t1_20240413T110000",2024-04-13 11:00:00,-122.36470932407,36.5202266373993,0,"available_crw"
"254027_0_t1",109,"254027_0_t1_crw_109",9,"254027_0_t1_20240413T170000",2024-04-13 17:00:00,-122.369753477413,36.5262974106123,0,"available_crw"
"254027_0_t1",109,"254027_0_t1_crw_109",10,"254027_0_t1_20240413T230000",2024-04-13 23:00:00,-122.50173494821,36.6181814844936,0,"available_crw"
"254027_0_t1",109,"254027_0_t1_crw_109",11,"254027_0_t1_20240414T050000",2024-04-14 05:00:00,-122.659386516871,36.6784951826854,0,"available_crw"
"254027_0_t1",109,"254027_0_t1_crw_109",12,"254027_0_t1_20240414T110000",2024-04-14 11:00:00,-122.767294743443,36.7224774240399,0,"available_crw"
"254027_0_t1",109,"254027_0_t1_crw_109",13,"254027_0_t1_20240414T170000",2024-04-14 17:00:00,-122.859047129981,36.5764748379745,0,"available_crw"
"254027_0_t1",109,"254027_0_t1_crw_109",14,"254027_0_t1_20240414T230000",2024-04-14 23:00:00,-122.84456246595,36.6132310717394,0,"available_crw"
"254027_0_t1",109,"254027_0_t1_crw_109",15,"254027_0_t1_20240415T050000",2024-04-15 05:00:00,-122.735180599606,36.8512629979078,0,"available_crw"
"254027_0_t1",109,"254027_0_t1_crw_109",16,"254027_0_t1_20240415T110000",2024-04-15 11:00:00,-122.735653888892,36.8439635499197,0,"available_crw"
"254027_0_t1",109,"254027_0_t1_crw_109",17,"254027_0_t1_20240415T170000",2024-04-15 17:00:00,-122.569667565881,36.7948934663413,0,"available_crw"
"254027_0_t1",109,"254027_0_t1_crw_109",18,"254027_0_t1_20240415T230000",2024-04-15 23:00:00,-122.620813165115,36.7947868462528,0,"available_crw"
"254027_0_t1",109,"254027_0_t1_crw_109",19,"254027_0_t1_20240416T050000",2024-04-16 05:00:00,-122.829038323997,36.8289445795214,0,"available_crw"
"254027_0_t1",109,"254027_0_t1_crw_109",20,"254027_0_t1_20240416T110000",2024-04-16 11:00:00,-122.826246373144,36.8446551911905,0,"available_crw"
"254027_0_t1",109,"254027_0_t1_crw_109",21,"254027_0_t1_20240416T170000",2024-04-16 17:00:00,-122.767085209136,37.09395837508,0,"available_crw"
"254027_0_t1",109,"254027_0_t1_crw_109",22,"254027_0_t1_20240416T230000",2024-04-16 23:00:00,-122.758551077426,37.0533985025873,0,"available_crw"
"254027_0_t1",109,"254027_0_t1_crw_109",23,"254027_0_t1_20240417T050000",2024-04-17 05:00:00,-122.777849588823,37.0498520402298,0,"available_crw"
"254027_0_t1",109,"254027_0_t1_crw_109",24,"254027_0_t1_20240417T110000",2024-04-17 11:00:00,-122.81036237922,37.1622905488807,0,"available_crw"
"254027_0_t1",109,"254027_0_t1_crw_109",25,"254027_0_t1_20240417T170000",2024-04-17 17:00:00,-122.804539666345,37.128665729375,0,"available_crw"
"254027_0_t1",109,"254027_0_t1_crw_109",26,"254027_0_t1_20240417T230000",2024-04-17 23:00:00,-122.602009625364,37.1507611310732,0,"available_crw"
"254027_0_t1",109,"254027_0_t1_crw_109",27,"254027_0_t1_20240418T050000",2024-04-18 05:00:00,-122.644375003796,37.1492472031498,0,"available_crw"
"254027_0_t1",109,"254027_0_t1_crw_109",28,"254027_0_t1_20240418T110000",2024-04-18 11:00:00,-122.635477103134,36.985761255757,0,"available_crw"
"254027_0_t1",109,"254027_0_t1_crw_109",29,"254027_0_t1_20240418T170000",2024-04-18 17:00:00,-122.581956927402,36.8518687674219,0,"available_crw"
"254027_0_t1",109,"254027_0_t1_crw_109",30,"254027_0_t1_20240418T230000",2024-04-18 23:00:00,-122.538009046108,36.761139998745,0,"available_crw"
"254027_0_t1",109,"254027_0_t1_crw_109",31,"254027_0_t1_20240419T050000",2024-04-19 05:00:00,-122.462740132098,36.683642739683,0,"available_crw"
"254027_0_t1",109,"254027_0_t1_crw_109",32,"254027_0_t1_20240419T110000",2024-04-19 11:00:00,-122.34261191319,36.6296873618251,0,"available_crw"
"254027_0_t1",110,"254027_0_t1_crw_110",1,"254027_0_t1_20240411T170000",2024-04-11 17:00:00,-121.8431658,36.81026373,0,"available_crw"
"254027_0_t1",110,"254027_0_t1_crw_110",2,"254027_0_t1_20240411T230000",2024-04-11 23:00:00,-122.012275888198,36.774598486074,0,"available_crw"
"254027_0_t1",110,"254027_0_t1_crw_110",3,"254027_0_t1_20240412T050000",2024-04-12 05:00:00,-122.018400406897,36.7896831795748,0,"available_crw"
"254027_0_t1",110,"254027_0_t1_crw_110",4,"254027_0_t1_20240412T110000",2024-04-12 11:00:00,-122.029710807809,36.8363940829175,0,"available_crw"
"254027_0_t1",110,"254027_0_t1_crw_110",5,"254027_0_t1_20240412T170000",2024-04-12 17:00:00,-122.107439418015,36.9623867180158,0,"available_crw"
"254027_0_t1",110,"254027_0_t1_crw_110",6,"254027_0_t1_20240412T230000",2024-04-12 23:00:00,-122.090264200617,36.9702525102259,0,"available_crw"
"254027_0_t1",110,"254027_0_t1_crw_110",7,"254027_0_t1_20240413T050000",2024-04-13 05:00:00,-122.12873632157,36.9561402834754,0,"available_crw"
"254027_0_t1",110,"254027_0_t1_crw_110",8,"254027_0_t1_20240413T110000",2024-04-13 11:00:00,-122.220071960968,36.9204950022566,0,"available_crw"
"254027_0_t1",110,"254027_0_t1_crw_110",9,"254027_0_t1_20240413T170000",2024-04-13 17:00:00,-122.185781757585,36.9010711271276,0,"available_crw"
"254027_0_t1",110,"254027_0_t1_crw_110",10,"254027_0_t1_20240413T230000",2024-04-13 23:00:00,-122.217995804209,36.9230519902111,0,"available_crw"
"254027_0_t1",110,"254027_0_t1_crw_110",11,"254027_0_t1_20240414T050000",2024-04-14 05:00:00,-122.206097387627,36.9357238757001,0,"available_crw"
"254027_0_t1",110,"254027_0_t1_crw_110",12,"254027_0_t1_20240414T110000",2024-04-14 11:00:00,-122.091234872443,36.8663703108703,0,"available_crw"
"254027_0_t1",110,"254027_0_t1_crw_110",13,"254027_0_t1_20240414T170000",2024-04-14 17:00:00,-122.122577992038,36.8891354924618,0,"available_crw"
"254027_0_t1",110,"254027_0_t1_crw_110",14,"254027_0_t1_20240414T230000",2024-04-14 23:00:00,-122.252905153991,36.9255184513117,0,"available_crw"
"254027_0_t1",110,"254027_0_t1_crw_110",15,"254027_0_t1_20240415T050000",2024-04-15 05:00:00,-122.318362361853,36.9410276896227,0,"available_crw"
"254027_0_t1",110,"254027_0_t1_crw_110",16,"254027_0_t1_20240415T110000",2024-04-15 11:00:00,-122.416446554158,36.9622268894583,0,"available_crw"
"254027_0_t1",110,"254027_0_t1_crw_110",17,"254027_0_t1_20240415T170000",2024-04-15 17:00:00,-122.407345748804,36.9625205775542,0,"available_crw"
"254027_0_t1",110,"254027_0_t1_crw_110",18,"254027_0_t1_20240415T230000",2024-04-15 23:00:00,-122.240241186078,37.0049548291946,0,"available_crw"
"254027_0_t1",110,"254027_0_t1_crw_110",19,"254027_0_t1_20240416T050000",2024-04-16 05:00:00,-122.233198877714,36.9901253938494,0,"available_crw"
"254027_0_t1",110,"254027_0_t1_crw_110",20,"254027_0_t1_20240416T110000",2024-04-16 11:00:00,-122.219080482662,36.9439051661636,0,"available_crw"
"254027_0_t1",110,"254027_0_t1_crw_110",21,"254027_0_t1_20240416T170000",2024-04-16 17:00:00,-122.3081724667,36.9592925438237,0,"available_crw"
"254027_0_t1",110,"254027_0_t1_crw_110",22,"254027_0_t1_20240416T230000",2024-04-16 23:00:00,-122.430331465285,36.9512439008269,0,"available_crw"
"254027_0_t1",110,"254027_0_t1_crw_110",23,"254027_0_t1_20240417T050000",2024-04-17 05:00:00,-122.749969295446,37.0211180986486,0,"available_crw"
"254027_0_t1",110,"254027_0_t1_crw_110",24,"254027_0_t1_20240417T110000",2024-04-17 11:00:00,-122.796270665666,36.9830854471529,0,"available_crw"
"254027_0_t1",110,"254027_0_t1_crw_110",25,"254027_0_t1_20240417T170000",2024-04-17 17:00:00,-122.768620018229,37.0146348319271,0,"available_crw"
"254027_0_t1",110,"254027_0_t1_crw_110",26,"254027_0_t1_20240417T230000",2024-04-17 23:00:00,-122.495989490193,37.1660602146612,0,"available_crw"
"254027_0_t1",110,"254027_0_t1_crw_110",27,"254027_0_t1_20240418T050000",2024-04-18 05:00:00,-122.243583791264,36.9840933158222,0,"available_crw"
"254027_0_t1",110,"254027_0_t1_crw_110",28,"254027_0_t1_20240418T110000",2024-04-18 11:00:00,-122.251860747128,36.987147822685,0,"available_crw"
"254027_0_t1",110,"254027_0_t1_crw_110",29,"254027_0_t1_20240418T170000",2024-04-18 17:00:00,-122.424850100668,37.0099542649429,0,"available_crw"
"254027_0_t1",110,"254027_0_t1_crw_110",30,"254027_0_t1_20240418T230000",2024-04-18 23:00:00,-122.466056978485,36.9683278550065,0,"available_crw"
"254027_0_t1",110,"254027_0_t1_crw_110",31,"254027_0_t1_20240419T050000",2024-04-19 05:00:00,-122.463074122412,36.9808370716554,0,"available_crw"
"254027_0_t1",110,"254027_0_t1_crw_110",32,"254027_0_t1_20240419T110000",2024-04-19 11:00:00,-122.388771944013,37.128448012701,0,"available_crw"
"254027_0_t1",111,"254027_0_t1_crw_111",1,"254027_0_t1_20240411T170000",2024-04-11 17:00:00,-121.8431658,36.81026373,0,"available_crw"
"254027_0_t1",111,"254027_0_t1_crw_111",2,"254027_0_t1_20240411T230000",2024-04-11 23:00:00,-122.005137456745,36.819744049659,0,"available_crw"
"254027_0_t1",111,"254027_0_t1_crw_111",3,"254027_0_t1_20240412T050000",2024-04-12 05:00:00,-122.10642130591,36.8236723926992,0,"available_crw"
"254027_0_t1",111,"254027_0_t1_crw_111",4,"254027_0_t1_20240412T110000",2024-04-12 11:00:00,-122.10675126787,36.8046298944776,0,"available_crw"
"254027_0_t1",111,"254027_0_t1_crw_111",5,"254027_0_t1_20240412T170000",2024-04-12 17:00:00,-122.083073009673,36.8050048499971,0,"available_crw"
"254027_0_t1",111,"254027_0_t1_crw_111",6,"254027_0_t1_20240412T230000",2024-04-12 23:00:00,-122.009713477625,36.6653433334155,0,"available_crw"
"254027_0_t1",111,"254027_0_t1_crw_111",7,"254027_0_t1_20240413T050000",2024-04-13 05:00:00,-121.968239414042,36.5909874278195,0,"available_crw"
"254027_0_t1",111,"254027_0_t1_crw_111",8,"254027_0_t1_20240413T110000",2024-04-13 11:00:00,-121.911205799085,36.4687869872025,0,"available_crw"
"254027_0_t1",111,"254027_0_t1_crw_111",9,"254027_0_t1_20240413T170000",2024-04-13 17:00:00,-121.878716137486,36.3117946436697,0,"available_crw"
"254027_0_t1",111,"254027_0_t1_crw_111",10,"254027_0_t1_20240413T230000",2024-04-13 23:00:00,-121.90403275113,36.3474634838964,0,"available_crw"
"254027_0_t1",111,"254027_0_t1_crw_111",11,"254027_0_t1_20240414T050000",2024-04-14 05:00:00,-121.924036907734,36.337423178067,0,"available_crw"
"254027_0_t1",111,"254027_0_t1_crw_111",12,"254027_0_t1_20240414T110000",2024-04-14 11:00:00,-121.921014542454,36.2843232415789,0,"available_crw"
"254027_0_t1",111,"254027_0_t1_crw_111",13,"254027_0_t1_20240414T170000",2024-04-14 17:00:00,-121.954390949946,36.1156029169329,0,"available_crw"
"254027_0_t1",111,"254027_0_t1_crw_111",14,"254027_0_t1_20240414T230000",2024-04-14 23:00:00,-122.094931858091,36.1335507015182,0,"available_crw"
"254027_0_t1",111,"254027_0_t1_crw_111",15,"254027_0_t1_20240415T050000",2024-04-15 05:00:00,-122.267175865612,36.117724832787,0,"available_crw"
"254027_0_t1",111,"254027_0_t1_crw_111",16,"254027_0_t1_20240415T110000",2024-04-15 11:00:00,-122.356022242317,36.2511802731733,0,"available_crw"
"254027_0_t1",111,"254027_0_t1_crw_111",17,"254027_0_t1_20240415T170000",2024-04-15 17:00:00,-122.416504342413,36.4149075495529,0,"available_crw"
"254027_0_t1",111,"254027_0_t1_crw_111",18,"254027_0_t1_20240415T230000",2024-04-15 23:00:00,-122.395698238816,36.3802014120847,0,"available_crw"
"254027_0_t1",111,"254027_0_t1_crw_111",19,"254027_0_t1_20240416T050000",2024-04-16 05:00:00,-122.34434340045,36.2144500699058,0,"available_crw"
"254027_0_t1",111,"254027_0_t1_crw_111",20,"254027_0_t1_20240416T110000",2024-04-16 11:00:00,-122.335866679716,36.0436994619839,0,"available_crw"
"254027_0_t1",111,"254027_0_t1_crw_111",21,"254027_0_t1_20240416T170000",2024-04-16 17:00:00,-122.477865792661,36.0387502737149,0,"available_crw"
"254027_0_t1",111,"254027_0_t1_crw_111",22,"254027_0_t1_20240416T230000",2024-04-16 23:00:00,-122.469337931614,35.8752277768577,0,"available_crw"
"254027_0_t1",111,"254027_0_t1_crw_111",23,"254027_0_t1_20240417T050000",2024-04-17 05:00:00,-122.826357224305,35.7809204544016,0,"available_crw"
"254027_0_t1",111,"254027_0_t1_crw_111",24,"254027_0_t1_20240417T110000",2024-04-17 11:00:00,-122.92071600555,35.7537993491036,0,"available_crw"
"254027_0_t1",111,"254027_0_t1_crw_111",25,"254027_0_t1_20240417T170000",2024-04-17 17:00:00,-123.074740320459,35.7178873003985,0,"available_crw"
"254027_0_t1",111,"254027_0_t1_crw_111",26,"254027_0_t1_20240417T230000",2024-04-17 23:00:00,-123.346440033054,35.7086906792627,0,"available_crw"
"254027_0_t1",111,"254027_0_t1_crw_111",27,"254027_0_t1_20240418T050000",2024-04-18 05:00:00,-123.352788889064,35.8240143068193,0,"available_crw"
"254027_0_t1",111,"254027_0_t1_crw_111",28,"254027_0_t1_20240418T110000",2024-04-18 11:00:00,-123.411385962768,35.9240560403432,0,"available_crw"
"254027_0_t1",111,"254027_0_t1_crw_111",29,"254027_0_t1_20240418T170000",2024-04-18 17:00:00,-123.469532200397,36.0091965007575,0,"available_crw"
"254027_0_t1",111,"254027_0_t1_crw_111",30,"254027_0_t1_20240418T230000",2024-04-18 23:00:00,-123.577044802553,36.07744587982,0,"available_crw"
"254027_0_t1",111,"254027_0_t1_crw_111",31,"254027_0_t1_20240419T050000",2024-04-19 05:00:00,-123.720628680645,35.9960765305676,0,"available_crw"
"254027_0_t1",111,"254027_0_t1_crw_111",32,"254027_0_t1_20240419T110000",2024-04-19 11:00:00,-123.686562860189,36.0229375990857,0,"available_crw"
"254027_0_t1",112,"254027_0_t1_crw_112",1,"254027_0_t1_20240411T170000",2024-04-11 17:00:00,-121.8431658,36.81026373,0,"available_crw"
"254027_0_t1",112,"254027_0_t1_crw_112",2,"254027_0_t1_20240411T230000",2024-04-11 23:00:00,-121.844084534406,36.8261146303243,0,"available_crw"
"254027_0_t1",112,"254027_0_t1_crw_112",3,"254027_0_t1_20240412T050000",2024-04-12 05:00:00,-121.824071553216,36.7882648169034,0,"available_crw"
"254027_0_t1",112,"254027_0_t1_crw_112",4,"254027_0_t1_20240412T110000",2024-04-12 11:00:00,-121.794557267258,36.7388935163093,0,"available_crw"
"254027_0_t1",112,"254027_0_t1_crw_112",5,"254027_0_t1_20240412T170000",2024-04-12 17:00:00,-122.079839610076,36.5375858728326,0,"available_crw"
"254027_0_t1",112,"254027_0_t1_crw_112",6,"254027_0_t1_20240412T230000",2024-04-12 23:00:00,-122.250190151209,36.4574511501731,0,"available_crw"
"254027_0_t1",112,"254027_0_t1_crw_112",7,"254027_0_t1_20240413T050000",2024-04-13 05:00:00,-122.355826313401,36.4105619384006,0,"available_crw"
"254027_0_t1",112,"254027_0_t1_crw_112",8,"254027_0_t1_20240413T110000",2024-04-13 11:00:00,-122.343782550417,36.3941920109147,0,"available_crw"
"254027_0_t1",112,"254027_0_t1_crw_112",9,"254027_0_t1_20240413T170000",2024-04-13 17:00:00,-122.323948883406,36.4044720247769,0,"available_crw"
"254027_0_t1",112,"254027_0_t1_crw_112",10,"254027_0_t1_20240413T230000",2024-04-13 23:00:00,-122.244729962766,36.4791771122057,0,"available_crw"
"254027_0_t1",112,"254027_0_t1_crw_112",11,"254027_0_t1_20240414T050000",2024-04-14 05:00:00,-122.285587511846,36.4860377044008,0,"available_crw"
"254027_0_t1",112,"254027_0_t1_crw_112",12,"254027_0_t1_20240414T110000",2024-04-14 11:00:00,-122.237875539271,36.4843263063089,0,"available_crw"
"254027_0_t1",112,"254027_0_t1_crw_112",13,"254027_0_t1_20240414T170000",2024-04-14 17:00:00,-122.176045244745,36.3411555930772,0,"available_crw"
"254027_0_t1",112,"254027_0_t1_crw_112",14,"254027_0_t1_20240414T230000",2024-04-14 23:00:00,-121.984833565034,36.3947001904085,0,"available_crw"
"254027_0_t1",112,"254027_0_t1_crw_112",15,"254027_0_t1_20240415T050000",2024-04-15 05:00:00,-121.977360611859,36.3800257460122,0,"available_crw"
"254027_0_t1",112,"254027_0_t1_crw_112",16,"254027_0_t1_20240415T110000",2024-04-15 11:00:00,-121.871648009609,36.1411179012764,0,"available_crw"
"254027_0_t1",112,"254027_0_t1_crw_112",17,"254027_0_t1_20240415T170000",2024-04-15 17:00:00,-121.961299757644,36.1490520697299,0,"available_crw"
"254027_0_t1",112,"254027_0_t1_crw_112",18,"254027_0_t1_20240415T230000",2024-04-15 23:00:00,-121.963046777063,36.1300589115531,0,"available_crw"
"254027_0_t1",112,"254027_0_t1_crw_112",19,"254027_0_t1_20240416T050000",2024-04-16 05:00:00,-121.974575616596,36.0833944839093,0,"available_crw"
"254027_0_t1",112,"254027_0_t1_crw_112",20,"254027_0_t1_20240416T110000",2024-04-16 11:00:00,-122.144688082835,35.856404855966,0,"available_crw"
"254027_0_t1",112,"254027_0_t1_crw_112",21,"254027_0_t1_20240416T170000",2024-04-16 17:00:00,-122.287779108294,35.7314469058487,0,"available_crw"
"254027_0_t1",112,"254027_0_t1_crw_112",22,"254027_0_t1_20240416T230000",2024-04-16 23:00:00,-122.445733166612,35.6379589826316,0,"available_crw"
"254027_0_t1",112,"254027_0_t1_crw_112",23,"254027_0_t1_20240417T050000",2024-04-17 05:00:00,-122.458062625932,35.6502333107921,0,"available_crw"
"254027_0_t1",112,"254027_0_t1_crw_112",24,"254027_0_t1_20240417T110000",2024-04-17 11:00:00,-122.550509362139,35.7904606754118,0,"available_crw"
"254027_0_t1",112,"254027_0_t1_crw_112",25,"254027_0_t1_20240417T170000",2024-04-17 17:00:00,-122.721708506264,35.7628778181343,0,"available_crw"
"254027_0_t1",112,"254027_0_t1_crw_112",26,"254027_0_t1_20240417T230000",2024-04-17 23:00:00,-122.837221731843,35.7380279590878,0,"available_crw"
"254027_0_t1",112,"254027_0_t1_crw_112",27,"254027_0_t1_20240418T050000",2024-04-18 05:00:00,-122.995741843806,35.9776071824507,0,"available_crw"
"254027_0_t1",112,"254027_0_t1_crw_112",28,"254027_0_t1_20240418T110000",2024-04-18 11:00:00,-122.723580055632,36.1888313982825,0,"available_crw"
"254027_0_t1",112,"254027_0_t1_crw_112",29,"254027_0_t1_20240418T170000",2024-04-18 17:00:00,-122.633953857237,36.3092818299305,0,"available_crw"
"254027_0_t1",112,"254027_0_t1_crw_112",30,"254027_0_t1_20240418T230000",2024-04-18 23:00:00,-122.603831347374,36.4045971176644,0,"available_crw"
"254027_0_t1",112,"254027_0_t1_crw_112",31,"254027_0_t1_20240419T050000",2024-04-19 05:00:00,-122.581163710634,36.5002340800157,0,"available_crw"
"254027_0_t1",112,"254027_0_t1_crw_112",32,"254027_0_t1_20240419T110000",2024-04-19 11:00:00,-122.580138624263,36.4929713798256,0,"available_crw"
"254027_0_t1",113,"254027_0_t1_crw_113",1,"254027_0_t1_20240411T170000",2024-04-11 17:00:00,-121.8431658,36.81026373,0,"available_crw"
"254027_0_t1",113,"254027_0_t1_crw_113",2,"254027_0_t1_20240411T230000",2024-04-11 23:00:00,-121.911257172552,36.8083374476338,0,"available_crw"
"254027_0_t1",113,"254027_0_t1_crw_113",3,"254027_0_t1_20240412T050000",2024-04-12 05:00:00,-122.120769937294,36.8370056121552,0,"available_crw"
"254027_0_t1",113,"254027_0_t1_crw_113",4,"254027_0_t1_20240412T110000",2024-04-12 11:00:00,-122.10694830991,36.8051933906709,0,"available_crw"
"254027_0_t1",113,"254027_0_t1_crw_113",5,"254027_0_t1_20240412T170000",2024-04-12 17:00:00,-122.242288156895,36.7668530058045,0,"available_crw"
"254027_0_t1",113,"254027_0_t1_crw_113",6,"254027_0_t1_20240412T230000",2024-04-12 23:00:00,-122.340856792285,36.7086892907261,0,"available_crw"
"254027_0_t1",113,"254027_0_t1_crw_113",7,"254027_0_t1_20240413T050000",2024-04-13 05:00:00,-122.433700109266,36.6463354357691,0,"available_crw"
"254027_0_t1",113,"254027_0_t1_crw_113",8,"254027_0_t1_20240413T110000",2024-04-13 11:00:00,-122.408335109987,36.6820345533417,0,"available_crw"
"254027_0_t1",113,"254027_0_t1_crw_113",9,"254027_0_t1_20240413T170000",2024-04-13 17:00:00,-122.372865330601,36.720102776178,0,"available_crw"
"254027_0_t1",113,"254027_0_t1_crw_113",10,"254027_0_t1_20240413T230000",2024-04-13 23:00:00,-122.392257482754,36.7310136309065,0,"available_crw"
"254027_0_t1",113,"254027_0_t1_crw_113",11,"254027_0_t1_20240414T050000",2024-04-14 05:00:00,-122.519383753501,36.8122134590589,0,"available_crw"
"254027_0_t1",113,"254027_0_t1_crw_113",12,"254027_0_t1_20240414T110000",2024-04-14 11:00:00,-122.430314271834,36.9027569146126,0,"available_crw"
"254027_0_t1",113,"254027_0_t1_crw_113",13,"254027_0_t1_20240414T170000",2024-04-14 17:00:00,-122.433576296812,36.8959334693258,0,"available_crw"
"254027_0_t1",113,"254027_0_t1_crw_113",14,"254027_0_t1_20240414T230000",2024-04-14 23:00:00,-122.469959788288,36.8030611754377,0,"available_crw"
"254027_0_t1",113,"254027_0_t1_crw_113",15,"254027_0_t1_20240415T050000",2024-04-15 05:00:00,-122.489098752267,36.8069324373547,0,"available_crw"
"254027_0_t1",113,"254027_0_t1_crw_113",16,"254027_0_t1_20240415T110000",2024-04-15 11:00:00,-122.555891192308,36.8177873611243,0,"available_crw"
"254027_0_t1",113,"254027_0_t1_crw_113",17,"254027_0_t1_20240415T170000",2024-04-15 17:00:00,-122.862362011445,36.8789580793793,0,"available_crw"
"254027_0_t1",113,"254027_0_t1_crw_113",18,"254027_0_t1_20240415T230000",2024-04-15 23:00:00,-123.165564560918,36.9505999676,0,"available_crw"
"254027_0_t1",113,"254027_0_t1_crw_113",19,"254027_0_t1_20240416T050000",2024-04-16 05:00:00,-123.150002786035,36.953095602505,0,"available_crw"
"254027_0_t1",113,"254027_0_t1_crw_113",20,"254027_0_t1_20240416T110000",2024-04-16 11:00:00,-123.121604502023,36.8399527219275,0,"available_crw"
"254027_0_t1",113,"254027_0_t1_crw_113",21,"254027_0_t1_20240416T170000",2024-04-16 17:00:00,-123.140699289191,36.8359162367724,0,"available_crw"
"254027_0_t1",113,"254027_0_t1_crw_113",22,"254027_0_t1_20240416T230000",2024-04-16 23:00:00,-123.205728935059,36.8195067840535,0,"available_crw"
"254027_0_t1",113,"254027_0_t1_crw_113",23,"254027_0_t1_20240417T050000",2024-04-17 05:00:00,-123.164467880353,36.8267262396694,0,"available_crw"
"254027_0_t1",113,"254027_0_t1_crw_113",24,"254027_0_t1_20240417T110000",2024-04-17 11:00:00,-123.172372141504,36.823113982419,0,"available_crw"
"254027_0_t1",113,"254027_0_t1_crw_113",25,"254027_0_t1_20240417T170000",2024-04-17 17:00:00,-123.243662007855,36.9233193495541,0,"available_crw"
"254027_0_t1",113,"254027_0_t1_crw_113",26,"254027_0_t1_20240417T230000",2024-04-17 23:00:00,-123.28029044637,36.9695547167653,0,"available_crw"
"254027_0_t1",113,"254027_0_t1_crw_113",27,"254027_0_t1_20240418T050000",2024-04-18 05:00:00,-123.394004021475,37.0324829975615,0,"available_crw"
"254027_0_t1",113,"254027_0_t1_crw_113",28,"254027_0_t1_20240418T110000",2024-04-18 11:00:00,-123.533068529765,36.9443320422434,0,"available_crw"
"254027_0_t1",113,"254027_0_t1_crw_113",29,"254027_0_t1_20240418T170000",2024-04-18 17:00:00,-123.40695754126,36.815817716328,0,"available_crw"
"254027_0_t1",113,"254027_0_t1_crw_113",30,"254027_0_t1_20240418T230000",2024-04-18 23:00:00,-123.429996461274,36.844268420557,0,"available_crw"
"254027_0_t1",113,"254027_0_t1_crw_113",31,"254027_0_t1_20240419T050000",2024-04-19 05:00:00,-123.504182622462,36.9918792092325,0,"available_crw"
"254027_0_t1",113,"254027_0_t1_crw_113",32,"254027_0_t1_20240419T110000",2024-04-19 11:00:00,-123.367595819346,37.0967841475874,0,"available_crw"
"254027_0_t1",114,"254027_0_t1_crw_114",1,"254027_0_t1_20240411T170000",2024-04-11 17:00:00,-121.8431658,36.81026373,0,"available_crw"
"254027_0_t1",114,"254027_0_t1_crw_114",2,"254027_0_t1_20240411T230000",2024-04-11 23:00:00,-122.110454562636,36.8650233612621,0,"available_crw"
"254027_0_t1",114,"254027_0_t1_crw_114",3,"254027_0_t1_20240412T050000",2024-04-12 05:00:00,-122.099862459931,36.8324193924209,0,"available_crw"
"254027_0_t1",114,"254027_0_t1_crw_114",4,"254027_0_t1_20240412T110000",2024-04-12 11:00:00,-122.095424521195,36.6107252928393,0,"available_crw"
"254027_0_t1",114,"254027_0_t1_crw_114",5,"254027_0_t1_20240412T170000",2024-04-12 17:00:00,-122.45873640134,36.5240688546619,0,"available_crw"
"254027_0_t1",114,"254027_0_t1_crw_114",6,"254027_0_t1_20240412T230000",2024-04-12 23:00:00,-122.606524236379,36.4496717733329,0,"available_crw"
"254027_0_t1",114,"254027_0_t1_crw_114",7,"254027_0_t1_20240413T050000",2024-04-13 05:00:00,-122.804850833065,36.390424086503,0,"available_crw"
"254027_0_t1",114,"254027_0_t1_crw_114",8,"254027_0_t1_20240413T110000",2024-04-13 11:00:00,-122.930935893142,36.5027681116451,0,"available_crw"
"254027_0_t1",114,"254027_0_t1_crw_114",9,"254027_0_t1_20240413T170000",2024-04-13 17:00:00,-123.000584397704,36.5618317960973,0,"available_crw"
"254027_0_t1",114,"254027_0_t1_crw_114",10,"254027_0_t1_20240413T230000",2024-04-13 23:00:00,-123.017120050849,36.5482375437736,0,"available_crw"
"254027_0_t1",114,"254027_0_t1_crw_114",11,"254027_0_t1_20240414T050000",2024-04-14 05:00:00,-123.096125751816,36.4746545126476,0,"available_crw"
"254027_0_t1",114,"254027_0_t1_crw_114",12,"254027_0_t1_20240414T110000",2024-04-14 11:00:00,-123.251275399287,36.3765651592893,0,"available_crw"
"254027_0_t1",114,"254027_0_t1_crw_114",13,"254027_0_t1_20240414T170000",2024-04-14 17:00:00,-123.246145919991,36.3825843597322,0,"available_crw"
"254027_0_t1",114,"254027_0_t1_crw_114",14,"254027_0_t1_20240414T230000",2024-04-14 23:00:00,-123.20701246409,36.4181443391243,0,"available_crw"
"254027_0_t1",114,"254027_0_t1_crw_114",15,"254027_0_t1_20240415T050000",2024-04-15 05:00:00,-123.191609721818,36.4083003890571,0,"available_crw"
"254027_0_t1",114,"254027_0_t1_crw_114",16,"254027_0_t1_20240415T110000",2024-04-15 11:00:00,-123.207092904391,36.4106703890664,0,"available_crw"
"254027_0_t1",114,"254027_0_t1_crw_114",17,"254027_0_t1_20240415T170000",2024-04-15 17:00:00,-123.192013509742,36.4143705865053,0,"available_crw"
"254027_0_t1",114,"254027_0_t1_crw_114",18,"254027_0_t1_20240415T230000",2024-04-15 23:00:00,-123.233137611963,36.4074627859175,0,"available_crw"
"254027_0_t1",114,"254027_0_t1_crw_114",19,"254027_0_t1_20240416T050000",2024-04-16 05:00:00,-123.43005994977,36.4055343817429,0,"available_crw"
"254027_0_t1",114,"254027_0_t1_crw_114",20,"254027_0_t1_20240416T110000",2024-04-16 11:00:00,-123.697566922335,36.4549426788499,0,"available_crw"
"254027_0_t1",114,"254027_0_t1_crw_114",21,"254027_0_t1_20240416T170000",2024-04-16 17:00:00,-123.694339147264,36.4705974227799,0,"available_crw"
"254027_0_t1",114,"254027_0_t1_crw_114",22,"254027_0_t1_20240416T230000",2024-04-16 23:00:00,-123.674801768883,36.4689048720146,0,"available_crw"
"254027_0_t1",114,"254027_0_t1_crw_114",23,"254027_0_t1_20240417T050000",2024-04-17 05:00:00,-123.67575729215,36.453053231979,0,"available_crw"
"254027_0_t1",114,"254027_0_t1_crw_114",24,"254027_0_t1_20240417T110000",2024-04-17 11:00:00,-123.755194183178,36.4881834259592,0,"available_crw"
"254027_0_t1",114,"254027_0_t1_crw_114",25,"254027_0_t1_20240417T170000",2024-04-17 17:00:00,-123.816194673014,36.5121976890125,0,"available_crw"
"254027_0_t1",114,"254027_0_t1_crw_114",26,"254027_0_t1_20240417T230000",2024-04-17 23:00:00,-123.865628398398,36.5381422349381,0,"available_crw"
"254027_0_t1",114,"254027_0_t1_crw_114",27,"254027_0_t1_20240418T050000",2024-04-18 05:00:00,-123.995741861018,36.6158546883641,0,"available_crw"
"254027_0_t1",114,"254027_0_t1_crw_114",28,"254027_0_t1_20240418T110000",2024-04-18 11:00:00,-123.859142821136,36.9009926948533,0,"available_crw"
"254027_0_t1",114,"254027_0_t1_crw_114",29,"254027_0_t1_20240418T170000",2024-04-18 17:00:00,-123.841406285598,37.0408812168922,0,"available_crw"
"254027_0_t1",114,"254027_0_t1_crw_114",30,"254027_0_t1_20240418T230000",2024-04-18 23:00:00,-123.659489630731,37.0825465306451,0,"available_crw"
"254027_0_t1",114,"254027_0_t1_crw_114",31,"254027_0_t1_20240419T050000",2024-04-19 05:00:00,-123.689108639384,37.1064737605886,0,"available_crw"
"254027_0_t1",114,"254027_0_t1_crw_114",32,"254027_0_t1_20240419T110000",2024-04-19 11:00:00,-123.841412468176,37.1765036224215,0,"available_crw"
"254027_0_t1",115,"254027_0_t1_crw_115",1,"254027_0_t1_20240411T170000",2024-04-11 17:00:00,-121.8431658,36.81026373,0,"available_crw"
"254027_0_t1",115,"254027_0_t1_crw_115",2,"254027_0_t1_20240411T230000",2024-04-11 23:00:00,-121.841755589295,36.9256627818187,0,"available_crw"
"254027_0_t1",115,"254027_0_t1_crw_115",3,"254027_0_t1_20240412T050000",2024-04-12 05:00:00,-121.834543980128,36.9143204078284,0,"available_crw"
"254027_0_t1",115,"254027_0_t1_crw_115",4,"254027_0_t1_20240412T110000",2024-04-12 11:00:00,-121.782370112569,36.8264311459301,0,"available_crw"
"254027_0_t1",115,"254027_0_t1_crw_115",5,"254027_0_t1_20240412T170000",2024-04-12 17:00:00,-121.799661232883,36.8187796144145,0,"available_crw"
"254027_0_t1",115,"254027_0_t1_crw_115",6,"254027_0_t1_20240412T230000",2024-04-12 23:00:00,-121.907217893262,36.7740599232924,0,"available_crw"
"254027_0_t1",115,"254027_0_t1_crw_115",7,"254027_0_t1_20240413T050000",2024-04-13 05:00:00,-122.166113629611,36.9979558942546,0,"available_crw"
"254027_0_t1",115,"254027_0_t1_crw_115",8,"254027_0_t1_20240413T110000",2024-04-13 11:00:00,-122.31535551949,36.886480714554,0,"available_crw"
"254027_0_t1",115,"254027_0_t1_crw_115",9,"254027_0_t1_20240413T170000",2024-04-13 17:00:00,-122.329646375529,36.897438558675,0,"available_crw"
"254027_0_t1",115,"254027_0_t1_crw_115",10,"254027_0_t1_20240413T230000",2024-04-13 23:00:00,-122.244259077529,36.9228962730318,0,"available_crw"
"254027_0_t1",115,"254027_0_t1_crw_115",11,"254027_0_t1_20240414T050000",2024-04-14 05:00:00,-122.286032572614,36.903871240697,0,"available_crw"
"254027_0_t1",115,"254027_0_t1_crw_115",12,"254027_0_t1_20240414T110000",2024-04-14 11:00:00,-122.373094494287,36.8619769717435,0,"available_crw"
"254027_0_t1",115,"254027_0_t1_crw_115",13,"254027_0_t1_20240414T170000",2024-04-14 17:00:00,-122.381049875052,36.934839770409,0,"available_crw"
"254027_0_t1",115,"254027_0_t1_crw_115",14,"254027_0_t1_20240414T230000",2024-04-14 23:00:00,-122.584103487755,36.9205623514256,0,"available_crw"
"254027_0_t1",115,"254027_0_t1_crw_115",15,"254027_0_t1_20240415T050000",2024-04-15 05:00:00,-122.537549145311,36.9300599233263,0,"available_crw"
"254027_0_t1",115,"254027_0_t1_crw_115",16,"254027_0_t1_20240415T110000",2024-04-15 11:00:00,-122.581610164227,36.9147060288253,0,"available_crw"
"254027_0_t1",115,"254027_0_t1_crw_115",17,"254027_0_t1_20240415T170000",2024-04-15 17:00:00,-122.785721939536,37.1320436709272,0,"available_crw"
"254027_0_t1",115,"254027_0_t1_crw_115",18,"254027_0_t1_20240415T230000",2024-04-15 23:00:00,-122.882942789952,37.3861885075942,0,"available_crw"
"254027_0_t1",115,"254027_0_t1_crw_115",19,"254027_0_t1_20240416T050000",2024-04-16 05:00:00,-122.893261231125,37.4330588071322,0,"available_crw"
"254027_0_t1",115,"254027_0_t1_crw_115",20,"254027_0_t1_20240416T110000",2024-04-16 11:00:00,-122.911611640208,37.562812412336,0,"available_crw"
"254027_0_t1",115,"254027_0_t1_crw_115",21,"254027_0_t1_20240416T170000",2024-04-16 17:00:00,-122.902656470456,37.5522597135154,0,"available_crw"
"254027_0_t1",115,"254027_0_t1_crw_115",22,"254027_0_t1_20240416T230000",2024-04-16 23:00:00,-122.821457176593,37.3941330122416,0,"available_crw"
"254027_0_t1",115,"254027_0_t1_crw_115",23,"254027_0_t1_20240417T050000",2024-04-17 05:00:00,-122.856367793148,37.4244013539207,0,"available_crw"
"254027_0_t1",115,"254027_0_t1_crw_115",24,"254027_0_t1_20240417T110000",2024-04-17 11:00:00,-123.007279736342,37.3136358169701,0,"available_crw"
"254027_0_t1",115,"254027_0_t1_crw_115",25,"254027_0_t1_20240417T170000",2024-04-17 17:00:00,-123.190641175566,37.225771379725,0,"available_crw"
"254027_0_t1",115,"254027_0_t1_crw_115",26,"254027_0_t1_20240417T230000",2024-04-17 23:00:00,-123.516730335938,37.1749188036914,0,"available_crw"
"254027_0_t1",115,"254027_0_t1_crw_115",27,"254027_0_t1_20240418T050000",2024-04-18 05:00:00,-123.830216532133,37.1370073518302,0,"available_crw"
"254027_0_t1",115,"254027_0_t1_crw_115",28,"254027_0_t1_20240418T110000",2024-04-18 11:00:00,-123.897297749984,37.1262035966476,0,"available_crw"
"254027_0_t1",115,"254027_0_t1_crw_115",29,"254027_0_t1_20240418T170000",2024-04-18 17:00:00,-123.852210739045,37.1397615409413,0,"available_crw"
"254027_0_t1",115,"254027_0_t1_crw_115",30,"254027_0_t1_20240418T230000",2024-04-18 23:00:00,-123.923944218199,37.2930014116451,0,"available_crw"
"254027_0_t1",115,"254027_0_t1_crw_115",31,"254027_0_t1_20240419T050000",2024-04-19 05:00:00,-123.998662941517,37.3711945246091,0,"available_crw"
"254027_0_t1",115,"254027_0_t1_crw_115",32,"254027_0_t1_20240419T110000",2024-04-19 11:00:00,-123.984205579227,37.3658075785944,0,"available_crw"
"254027_0_t1",116,"254027_0_t1_crw_116",1,"254027_0_t1_20240411T170000",2024-04-11 17:00:00,-121.8431658,36.81026373,0,"available_crw"
"254027_0_t1",116,"254027_0_t1_crw_116",2,"254027_0_t1_20240411T230000",2024-04-11 23:00:00,-122.012275888198,36.774598486074,0,"available_crw"
"254027_0_t1",116,"254027_0_t1_crw_116",3,"254027_0_t1_20240412T050000",2024-04-12 05:00:00,-122.018400406897,36.7896831795748,0,"available_crw"
"254027_0_t1",116,"254027_0_t1_crw_116",4,"254027_0_t1_20240412T110000",2024-04-12 11:00:00,-122.029710807809,36.8363940829175,0,"available_crw"
"254027_0_t1",116,"254027_0_t1_crw_116",5,"254027_0_t1_20240412T170000",2024-04-12 17:00:00,-122.003069480317,36.8012811641164,0,"available_crw"
"254027_0_t1",116,"254027_0_t1_crw_116",6,"254027_0_t1_20240412T230000",2024-04-12 23:00:00,-122.009900292212,36.8061024306013,0,"available_crw"
"254027_0_t1",116,"254027_0_t1_crw_116",7,"254027_0_t1_20240413T050000",2024-04-13 05:00:00,-122.130901963348,36.9321289407445,0,"available_crw"
"254027_0_t1",116,"254027_0_t1_crw_116",8,"254027_0_t1_20240413T110000",2024-04-13 11:00:00,-122.210860944501,37.0053598051245,0,"available_crw"
"254027_0_t1",116,"254027_0_t1_crw_116",9,"254027_0_t1_20240413T170000",2024-04-13 17:00:00,-122.364215744054,36.8975227620777,0,"available_crw"
"254027_0_t1",116,"254027_0_t1_crw_116",10,"254027_0_t1_20240413T230000",2024-04-13 23:00:00,-122.608624124075,36.7946691280898,0,"available_crw"
"254027_0_t1",116,"254027_0_t1_crw_116",11,"254027_0_t1_20240414T050000",2024-04-14 05:00:00,-122.610321647099,36.7415291763099,0,"available_crw"
"254027_0_t1",116,"254027_0_t1_crw_116",12,"254027_0_t1_20240414T110000",2024-04-14 11:00:00,-122.61058394065,36.6599988590882,0,"available_crw"
"254027_0_t1",116,"254027_0_t1_crw_116",13,"254027_0_t1_20240414T170000",2024-04-14 17:00:00,-122.753846543587,36.6599874896955,0,"available_crw"
"254027_0_t1",116,"254027_0_t1_crw_116",14,"254027_0_t1_20240414T230000",2024-04-14 23:00:00,-122.812480335071,36.6657943104426,0,"available_crw"
"254027_0_t1",116,"254027_0_t1_crw_116",15,"254027_0_t1_20240415T050000",2024-04-15 05:00:00,-122.884561088437,36.5360211351581,0,"available_crw"
"254027_0_t1",116,"254027_0_t1_crw_116",16,"254027_0_t1_20240415T110000",2024-04-15 11:00:00,-122.936710761537,36.4482004164495,0,"available_crw"
"254027_0_t1",116,"254027_0_t1_crw_116",17,"254027_0_t1_20240415T170000",2024-04-15 17:00:00,-122.981975652395,36.3579600278347,0,"available_crw"
"254027_0_t1",116,"254027_0_t1_crw_116",18,"254027_0_t1_20240415T230000",2024-04-15 23:00:00,-123.314756835852,36.3982479305813,0,"available_crw"
"254027_0_t1",116,"254027_0_t1_crw_116",19,"254027_0_t1_20240416T050000",2024-04-16 05:00:00,-123.313019561723,36.4140568072056,0,"available_crw"
"254027_0_t1",116,"254027_0_t1_crw_116",20,"254027_0_t1_20240416T110000",2024-04-16 11:00:00,-123.306981126066,36.4022915641963,0,"available_crw"
"254027_0_t1",116,"254027_0_t1_crw_116",21,"254027_0_t1_20240416T170000",2024-04-16 17:00:00,-123.397315621684,36.4066075465894,0,"available_crw"
"254027_0_t1",116,"254027_0_t1_crw_116",22,"254027_0_t1_20240416T230000",2024-04-16 23:00:00,-123.55773997575,36.4221789577947,0,"available_crw"
"254027_0_t1",116,"254027_0_t1_crw_116",23,"254027_0_t1_20240417T050000",2024-04-17 05:00:00,-123.814982285092,36.4995803182512,0,"available_crw"
"254027_0_t1",116,"254027_0_t1_crw_116",24,"254027_0_t1_20240417T110000",2024-04-17 11:00:00,-123.867318287845,36.5214903540256,0,"available_crw"
"254027_0_t1",116,"254027_0_t1_crw_116",25,"254027_0_t1_20240417T170000",2024-04-17 17:00:00,-123.928994676918,36.5443946898078,0,"available_crw"
"254027_0_t1",116,"254027_0_t1_crw_116",26,"254027_0_t1_20240417T230000",2024-04-17 23:00:00,-123.869414297845,36.6493365211776,0,"available_crw"
"254027_0_t1",116,"254027_0_t1_crw_116",27,"254027_0_t1_20240418T050000",2024-04-18 05:00:00,-123.83837295158,36.689827507487,0,"available_crw"
"254027_0_t1",116,"254027_0_t1_crw_116",28,"254027_0_t1_20240418T110000",2024-04-18 11:00:00,-123.789013181937,36.8247183348496,0,"available_crw"
"254027_0_t1",116,"254027_0_t1_crw_116",29,"254027_0_t1_20240418T170000",2024-04-18 17:00:00,-123.408964255109,36.8188833308069,0,"available_crw"
"254027_0_t1",116,"254027_0_t1_crw_116",30,"254027_0_t1_20240418T230000",2024-04-18 23:00:00,-123.350392564812,36.8120135832971,0,"available_crw"
"254027_0_t1",116,"254027_0_t1_crw_116",31,"254027_0_t1_20240419T050000",2024-04-19 05:00:00,-123.320258880991,36.5410158194165,0,"available_crw"
"254027_0_t1",116,"254027_0_t1_crw_116",32,"254027_0_t1_20240419T110000",2024-04-19 11:00:00,-123.46268841637,36.530430348244,0,"available_crw"
"254027_0_t1",117,"254027_0_t1_crw_117",1,"254027_0_t1_20240411T170000",2024-04-11 17:00:00,-121.8431658,36.81026373,0,"available_crw"
"254027_0_t1",117,"254027_0_t1_crw_117",2,"254027_0_t1_20240411T230000",2024-04-11 23:00:00,-121.845789102579,36.6466460331804,0,"available_crw"
"254027_0_t1",117,"254027_0_t1_crw_117",3,"254027_0_t1_20240412T050000",2024-04-12 05:00:00,-121.808900241522,36.6625207261972,0,"available_crw"
"254027_0_t1",117,"254027_0_t1_crw_117",4,"254027_0_t1_20240412T110000",2024-04-12 11:00:00,-121.904510975765,36.8069270118996,0,"available_crw"
"254027_0_t1",117,"254027_0_t1_crw_117",5,"254027_0_t1_20240412T170000",2024-04-12 17:00:00,-121.968014606208,36.889836522775,0,"available_crw"
"254027_0_t1",117,"254027_0_t1_crw_117",6,"254027_0_t1_20240412T230000",2024-04-12 23:00:00,-121.927675511433,36.8645107951345,0,"available_crw"
"254027_0_t1",117,"254027_0_t1_crw_117",7,"254027_0_t1_20240413T050000",2024-04-13 05:00:00,-121.794607003803,36.8355371331332,0,"available_crw"
"254027_0_t1",117,"254027_0_t1_crw_117",8,"254027_0_t1_20240413T110000",2024-04-13 11:00:00,-121.80450785472,36.86827900363,0,"available_crw"
"254027_0_t1",117,"254027_0_t1_crw_117",9,"254027_0_t1_20240413T170000",2024-04-13 17:00:00,-121.785867103439,36.8327477241228,0,"available_crw"
"254027_0_t1",117,"254027_0_t1_crw_117",10,"254027_0_t1_20240413T230000",2024-04-13 23:00:00,-121.791736391515,36.8383293350399,0,"available_crw"
"254027_0_t1",117,"254027_0_t1_crw_117",11,"254027_0_t1_20240414T050000",2024-04-14 05:00:00,-121.767491806127,36.8105399054107,0,"available_crw"
"254027_0_t1",117,"254027_0_t1_crw_117",12,"254027_0_t1_20240414T110000",2024-04-14 11:00:00,-121.80961246333,36.833881429088,0,"available_crw"
"254027_0_t1",117,"254027_0_t1_crw_117",13,"254027_0_t1_20240414T170000",2024-04-14 17:00:00,-121.926171343431,36.8638787616876,0,"available_crw"
"254027_0_t1",117,"254027_0_t1_crw_117",14,"254027_0_t1_20240414T230000",2024-04-14 23:00:00,-122.111484165977,36.9478155246557,0,"available_crw"
"254027_0_t1",117,"254027_0_t1_crw_117",15,"254027_0_t1_20240415T050000",2024-04-15 05:00:00,-122.281506557971,36.9818397556462,0,"available_crw"
"254027_0_t1",117,"254027_0_t1_crw_117",16,"254027_0_t1_20240415T110000",2024-04-15 11:00:00,-122.277863137156,36.9974372100571,0,"available_crw"
"254027_0_t1",117,"254027_0_t1_crw_117",17,"254027_0_t1_20240415T170000",2024-04-15 17:00:00,-122.261434940506,37.0778893173423,0,"available_crw"
"254027_0_t1",117,"254027_0_t1_crw_117",18,"254027_0_t1_20240415T230000",2024-04-15 23:00:00,-122.256442667905,37.0657983290591,0,"available_crw"
"254027_0_t1",117,"254027_0_t1_crw_117",19,"254027_0_t1_20240416T050000",2024-04-16 05:00:00,-122.278679972088,37.0999981587175,0,"available_crw"
"254027_0_t1",117,"254027_0_t1_crw_117",20,"254027_0_t1_20240416T110000",2024-04-16 11:00:00,-122.345011310972,37.101519265562,0,"available_crw"
"254027_0_t1",117,"254027_0_t1_crw_117",21,"254027_0_t1_20240416T170000",2024-04-16 17:00:00,-122.344881284789,37.0824754023522,0,"available_crw"
"254027_0_t1",117,"254027_0_t1_crw_117",22,"254027_0_t1_20240416T230000",2024-04-16 23:00:00,-122.34764923462,37.0894396740863,0,"available_crw"
"254027_0_t1",117,"254027_0_t1_crw_117",23,"254027_0_t1_20240417T050000",2024-04-17 05:00:00,-122.376584005432,37.0649858058963,0,"available_crw"
"254027_0_t1",117,"254027_0_t1_crw_117",24,"254027_0_t1_20240417T110000",2024-04-17 11:00:00,-122.713840962509,37.2080858381101,0,"available_crw"
"254027_0_t1",117,"254027_0_t1_crw_117",25,"254027_0_t1_20240417T170000",2024-04-17 17:00:00,-122.646654465389,37.3102413603042,0,"available_crw"
"254027_0_t1",117,"254027_0_t1_crw_117",26,"254027_0_t1_20240417T230000",2024-04-17 23:00:00,-122.586962098383,37.3951635330108,0,"available_crw"
"254027_0_t1",117,"254027_0_t1_crw_117",27,"254027_0_t1_20240418T050000",2024-04-18 05:00:00,-122.594973219522,37.3545337270466,0,"available_crw"
"254027_0_t1",117,"254027_0_t1_crw_117",28,"254027_0_t1_20240418T110000",2024-04-18 11:00:00,-122.611408460853,37.3087917266767,0,"available_crw"
"254027_0_t1",117,"254027_0_t1_crw_117",29,"254027_0_t1_20240418T170000",2024-04-18 17:00:00,-122.637246763193,37.2299275214212,0,"available_crw"
"254027_0_t1",117,"254027_0_t1_crw_117",30,"254027_0_t1_20240418T230000",2024-04-18 23:00:00,-122.768667856009,37.0347627147704,0,"available_crw"
"254027_0_t1",117,"254027_0_t1_crw_117",31,"254027_0_t1_20240419T050000",2024-04-19 05:00:00,-122.793134878914,36.9383700738557,0,"available_crw"
"254027_0_t1",117,"254027_0_t1_crw_117",32,"254027_0_t1_20240419T110000",2024-04-19 11:00:00,-122.637844566083,36.8700798243392,0,"available_crw"
"254027_0_t1",118,"254027_0_t1_crw_118",1,"254027_0_t1_20240411T170000",2024-04-11 17:00:00,-121.8431658,36.81026373,0,"available_crw"
"254027_0_t1",118,"254027_0_t1_crw_118",2,"254027_0_t1_20240411T230000",2024-04-11 23:00:00,-121.795736900075,36.8159757322899,0,"available_crw"
"254027_0_t1",118,"254027_0_t1_crw_118",3,"254027_0_t1_20240412T050000",2024-04-12 05:00:00,-121.837881094356,36.8139854443464,0,"available_crw"
"254027_0_t1",118,"254027_0_t1_crw_118",4,"254027_0_t1_20240412T110000",2024-04-12 11:00:00,-121.79568579733,36.8129227849241,0,"available_crw"
"254027_0_t1",118,"254027_0_t1_crw_118",5,"254027_0_t1_20240412T170000",2024-04-12 17:00:00,-121.837592450834,36.8170298645834,0,"available_crw"
"254027_0_t1",118,"254027_0_t1_crw_118",6,"254027_0_t1_20240412T230000",2024-04-12 23:00:00,-121.938508537764,36.8249623570939,0,"available_crw"
"254027_0_t1",118,"254027_0_t1_crw_118",7,"254027_0_t1_20240413T050000",2024-04-13 05:00:00,-121.940004055644,36.8059566248818,0,"available_crw"
"254027_0_t1",118,"254027_0_t1_crw_118",8,"254027_0_t1_20240413T110000",2024-04-13 11:00:00,-121.946444444801,36.8175916486545,0,"available_crw"
"254027_0_t1",118,"254027_0_t1_crw_118",9,"254027_0_t1_20240413T170000",2024-04-13 17:00:00,-122.012287198017,36.8223803984137,0,"available_crw"
"254027_0_t1",118,"254027_0_t1_crw_118",10,"254027_0_t1_20240413T230000",2024-04-13 23:00:00,-121.970749051936,36.816300903686,0,"available_crw"
"254027_0_t1",118,"254027_0_t1_crw_118",11,"254027_0_t1_20240414T050000",2024-04-14 05:00:00,-121.928664779748,36.8572988892734,0,"available_crw"
"254027_0_t1",118,"254027_0_t1_crw_118",12,"254027_0_t1_20240414T110000",2024-04-14 11:00:00,-121.887732955783,36.9011186501182,0,"available_crw"
"254027_0_t1",118,"254027_0_t1_crw_118",13,"254027_0_t1_20240414T170000",2024-04-14 17:00:00,-121.929278461614,36.9058255830124,0,"available_crw"
"254027_0_t1",118,"254027_0_t1_crw_118",14,"254027_0_t1_20240414T230000",2024-04-14 23:00:00,-122.240018313725,36.9523184174228,0,"available_crw"
"254027_0_t1",118,"254027_0_t1_crw_118",15,"254027_0_t1_20240415T050000",2024-04-15 05:00:00,-122.424583712566,37.0107192898626,0,"available_crw"
"254027_0_t1",118,"254027_0_t1_crw_118",16,"254027_0_t1_20240415T110000",2024-04-15 11:00:00,-122.432523199633,36.9927708048131,0,"available_crw"
"254027_0_t1",118,"254027_0_t1_crw_118",17,"254027_0_t1_20240415T170000",2024-04-15 17:00:00,-122.438413385897,36.8945157070226,0,"available_crw"
"254027_0_t1",118,"254027_0_t1_crw_118",18,"254027_0_t1_20240415T230000",2024-04-15 23:00:00,-122.432595650023,36.9281394779343,0,"available_crw"
"254027_0_t1",118,"254027_0_t1_crw_118",19,"254027_0_t1_20240416T050000",2024-04-16 05:00:00,-122.417258170605,36.9741096342736,0,"available_crw"
"254027_0_t1",118,"254027_0_t1_crw_118",20,"254027_0_t1_20240416T110000",2024-04-16 11:00:00,-122.418234813371,37.1147215559716,0,"available_crw"
"254027_0_t1",118,"254027_0_t1_crw_118",21,"254027_0_t1_20240416T170000",2024-04-16 17:00:00,-122.476380264243,37.1403668601989,0,"available_crw"
"254027_0_t1",118,"254027_0_t1_crw_118",22,"254027_0_t1_20240416T230000",2024-04-16 23:00:00,-122.441230439968,37.1213867635974,0,"available_crw"
"254027_0_t1",118,"254027_0_t1_crw_118",23,"254027_0_t1_20240417T050000",2024-04-17 05:00:00,-122.481130324751,36.9731666019037,0,"available_crw"
"254027_0_t1",118,"254027_0_t1_crw_118",24,"254027_0_t1_20240417T110000",2024-04-17 11:00:00,-122.621849581388,36.9971835773847,0,"available_crw"
"254027_0_t1",118,"254027_0_t1_crw_118",25,"254027_0_t1_20240417T170000",2024-04-17 17:00:00,-122.928283557454,37.0607619198752,0,"available_crw"
"254027_0_t1",118,"254027_0_t1_crw_118",26,"254027_0_t1_20240417T230000",2024-04-17 23:00:00,-122.995226994718,37.0719002708981,0,"available_crw"
"254027_0_t1",118,"254027_0_t1_crw_118",27,"254027_0_t1_20240418T050000",2024-04-18 05:00:00,-122.954689635162,37.0620448407944,0,"available_crw"
"254027_0_t1",118,"254027_0_t1_crw_118",28,"254027_0_t1_20240418T110000",2024-04-18 11:00:00,-122.975013000024,36.7904604134443,0,"available_crw"
"254027_0_t1",118,"254027_0_t1_crw_118",29,"254027_0_t1_20240418T170000",2024-04-18 17:00:00,-122.977198904487,36.7975553179259,0,"available_crw"
"254027_0_t1",118,"254027_0_t1_crw_118",30,"254027_0_t1_20240418T230000",2024-04-18 23:00:00,-123.039154610219,37.0464179509774,0,"available_crw"
"254027_0_t1",118,"254027_0_t1_crw_118",31,"254027_0_t1_20240419T050000",2024-04-19 05:00:00,-123.055689609638,37.0995818283368,0,"available_crw"
"254027_0_t1",118,"254027_0_t1_crw_118",32,"254027_0_t1_20240419T110000",2024-04-19 11:00:00,-123.078550908205,37.0943517860712,0,"available_crw"
"254027_0_t1",119,"254027_0_t1_crw_119",1,"254027_0_t1_20240411T170000",2024-04-11 17:00:00,-121.8431658,36.81026373,0,"available_crw"
"254027_0_t1",119,"254027_0_t1_crw_119",2,"254027_0_t1_20240411T230000",2024-04-11 23:00:00,-121.845789102579,36.6466460331804,0,"available_crw"
"254027_0_t1",119,"254027_0_t1_crw_119",3,"254027_0_t1_20240412T050000",2024-04-12 05:00:00,-122.212234416917,36.5685167544806,0,"available_crw"
"254027_0_t1",119,"254027_0_t1_crw_119",4,"254027_0_t1_20240412T110000",2024-04-12 11:00:00,-122.487045892919,36.5634940586816,0,"available_crw"
"254027_0_t1",119,"254027_0_t1_crw_119",5,"254027_0_t1_20240412T170000",2024-04-12 17:00:00,-122.449324726236,36.6300171911204,0,"available_crw"
"254027_0_t1",119,"254027_0_t1_crw_119",6,"254027_0_t1_20240412T230000",2024-04-12 23:00:00,-122.432721340515,36.7274771101967,0,"available_crw"
"254027_0_t1",119,"254027_0_t1_crw_119",7,"254027_0_t1_20240413T050000",2024-04-13 05:00:00,-122.468586272554,36.8344652168267,0,"available_crw"
"254027_0_t1",119,"254027_0_t1_crw_119",8,"254027_0_t1_20240413T110000",2024-04-13 11:00:00,-122.475315652869,37.0561256420556,0,"available_crw"
"254027_0_t1",119,"254027_0_t1_crw_119",9,"254027_0_t1_20240413T170000",2024-04-13 17:00:00,-122.532275389411,37.157102221278,0,"available_crw"
"254027_0_t1",119,"254027_0_t1_crw_119",10,"254027_0_t1_20240413T230000",2024-04-13 23:00:00,-122.583488325753,37.3750074066319,0,"available_crw"
"254027_0_t1",119,"254027_0_t1_crw_119",11,"254027_0_t1_20240414T050000",2024-04-14 05:00:00,-122.567082397484,37.3387375498802,0,"available_crw"
"254027_0_t1",119,"254027_0_t1_crw_119",12,"254027_0_t1_20240414T110000",2024-04-14 11:00:00,-122.4936686273,37.2597703690134,0,"available_crw"
"254027_0_t1",119,"254027_0_t1_crw_119",13,"254027_0_t1_20240414T170000",2024-04-14 17:00:00,-122.41529512121,37.1852658376713,0,"available_crw"
"254027_0_t1",119,"254027_0_t1_crw_119",14,"254027_0_t1_20240414T230000",2024-04-14 23:00:00,-122.319231784319,37.0459238209349,0,"available_crw"
"254027_0_t1",119,"254027_0_t1_crw_119",15,"254027_0_t1_20240415T050000",2024-04-15 05:00:00,-122.256623402765,36.8826129149972,0,"available_crw"
"254027_0_t1",119,"254027_0_t1_crw_119",16,"254027_0_t1_20240415T110000",2024-04-15 11:00:00,-122.224158061001,36.7887919003859,0,"available_crw"
"254027_0_t1",119,"254027_0_t1_crw_119",17,"254027_0_t1_20240415T170000",2024-04-15 17:00:00,-122.047467844588,36.7846373912205,0,"available_crw"
"254027_0_t1",119,"254027_0_t1_crw_119",18,"254027_0_t1_20240415T230000",2024-04-15 23:00:00,-121.979362642173,36.7855161203336,0,"available_crw"
"254027_0_t1",119,"254027_0_t1_crw_119",19,"254027_0_t1_20240416T050000",2024-04-16 05:00:00,-121.906696333891,36.6456291428952,0,"available_crw"
"254027_0_t1",119,"254027_0_t1_crw_119",20,"254027_0_t1_20240416T110000",2024-04-16 11:00:00,-121.924392151208,36.6386677074162,0,"available_crw"
"254027_0_t1",119,"254027_0_t1_crw_119",21,"254027_0_t1_20240416T170000",2024-04-16 17:00:00,-121.984008150625,36.6123485925252,0,"available_crw"
"254027_0_t1",119,"254027_0_t1_crw_119",22,"254027_0_t1_20240416T230000",2024-04-16 23:00:00,-122.249448348472,36.554583404784,0,"available_crw"
"254027_0_t1",119,"254027_0_t1_crw_119",23,"254027_0_t1_20240417T050000",2024-04-17 05:00:00,-122.556288136485,36.4990488579266,0,"available_crw"
"254027_0_t1",119,"254027_0_t1_crw_119",24,"254027_0_t1_20240417T110000",2024-04-17 11:00:00,-122.667756074211,36.4344393826623,0,"available_crw"
"254027_0_t1",119,"254027_0_t1_crw_119",25,"254027_0_t1_20240417T170000",2024-04-17 17:00:00,-122.660674166091,36.4458192137721,0,"available_crw"
"254027_0_t1",119,"254027_0_t1_crw_119",26,"254027_0_t1_20240417T230000",2024-04-17 23:00:00,-122.473685155442,36.4327743575496,0,"available_crw"
"254027_0_t1",119,"254027_0_t1_crw_119",27,"254027_0_t1_20240418T050000",2024-04-18 05:00:00,-122.490565153279,36.4635927915884,0,"available_crw"
"254027_0_t1",119,"254027_0_t1_crw_119",28,"254027_0_t1_20240418T110000",2024-04-18 11:00:00,-122.546836900314,36.58603434827,0,"available_crw"
"254027_0_t1",119,"254027_0_t1_crw_119",29,"254027_0_t1_20240418T170000",2024-04-18 17:00:00,-122.57412092332,36.5605114376023,0,"available_crw"
"254027_0_t1",119,"254027_0_t1_crw_119",30,"254027_0_t1_20240418T230000",2024-04-18 23:00:00,-122.589746988955,36.570154437336,0,"available_crw"
"254027_0_t1",119,"254027_0_t1_crw_119",31,"254027_0_t1_20240419T050000",2024-04-19 05:00:00,-122.671480057113,36.6181522506769,0,"available_crw"
"254027_0_t1",119,"254027_0_t1_crw_119",32,"254027_0_t1_20240419T110000",2024-04-19 11:00:00,-122.625170905302,36.7651376518248,0,"available_crw"
"254027_0_t1",120,"254027_0_t1_crw_120",1,"254027_0_t1_20240411T170000",2024-04-11 17:00:00,-121.8431658,36.81026373,0,"available_crw"
"254027_0_t1",120,"254027_0_t1_crw_120",2,"254027_0_t1_20240411T230000",2024-04-11 23:00:00,-122.037018718084,36.8426236931558,0,"available_crw"
"254027_0_t1",120,"254027_0_t1_crw_120",3,"254027_0_t1_20240412T050000",2024-04-12 05:00:00,-122.008195362509,36.9556865297201,0,"available_crw"
"254027_0_t1",120,"254027_0_t1_crw_120",4,"254027_0_t1_20240412T110000",2024-04-12 11:00:00,-122.007280267802,36.9484149545002,0,"available_crw"
"254027_0_t1",120,"254027_0_t1_crw_120",5,"254027_0_t1_20240412T170000",2024-04-12 17:00:00,-121.983766649171,36.9509643094351,0,"available_crw"
"254027_0_t1",120,"254027_0_t1_crw_120",6,"254027_0_t1_20240412T230000",2024-04-12 23:00:00,-121.890887333547,36.8189678995465,0,"available_crw"
"254027_0_t1",120,"254027_0_t1_crw_120",7,"254027_0_t1_20240413T050000",2024-04-13 05:00:00,-121.825065327103,36.7372669620287,0,"available_crw"
"254027_0_t1",120,"254027_0_t1_crw_120",8,"254027_0_t1_20240413T110000",2024-04-13 11:00:00,-121.945171136792,36.6742844528987,0,"available_crw"
"254027_0_t1",120,"254027_0_t1_crw_120",9,"254027_0_t1_20240413T170000",2024-04-13 17:00:00,-122.023767091544,36.770806489458,0,"available_crw"
"254027_0_t1",120,"254027_0_t1_crw_120",10,"254027_0_t1_20240413T230000",2024-04-13 23:00:00,-121.903875520089,36.8342401133421,0,"available_crw"
"254027_0_t1",120,"254027_0_t1_crw_120",11,"254027_0_t1_20240414T050000",2024-04-14 05:00:00,-121.9341699957,36.8010982328377,0,"available_crw"
"254027_0_t1",120,"254027_0_t1_crw_120",12,"254027_0_t1_20240414T110000",2024-04-14 11:00:00,-121.912316810418,36.8354245176868,0,"available_crw"
"254027_0_t1",120,"254027_0_t1_crw_120",13,"254027_0_t1_20240414T170000",2024-04-14 17:00:00,-121.868150612391,36.9088160203684,0,"available_crw"
"254027_0_t1",120,"254027_0_t1_crw_120",14,"254027_0_t1_20240414T230000",2024-04-14 23:00:00,-121.910050310226,36.9070229858572,0,"available_crw"
"254027_0_t1",120,"254027_0_t1_crw_120",15,"254027_0_t1_20240415T050000",2024-04-15 05:00:00,-121.899427332294,36.7436151135079,0,"available_crw"
"254027_0_t1",120,"254027_0_t1_crw_120",16,"254027_0_t1_20240415T110000",2024-04-15 11:00:00,-121.891817098337,36.6623237524844,0,"available_crw"
"254027_0_t1",120,"254027_0_t1_crw_120",17,"254027_0_t1_20240415T170000",2024-04-15 17:00:00,-122.248339523842,36.5585223026297,0,"available_crw"
"254027_0_t1",120,"254027_0_t1_crw_120",18,"254027_0_t1_20240415T230000",2024-04-15 23:00:00,-122.345984468846,36.4996387294395,0,"available_crw"
"254027_0_t1",120,"254027_0_t1_crw_120",19,"254027_0_t1_20240416T050000",2024-04-16 05:00:00,-122.397162074964,36.4760307643511,0,"available_crw"
"254027_0_t1",120,"254027_0_t1_crw_120",20,"254027_0_t1_20240416T110000",2024-04-16 11:00:00,-122.598263493237,36.4230653278106,0,"available_crw"
"254027_0_t1",120,"254027_0_t1_crw_120",21,"254027_0_t1_20240416T170000",2024-04-16 17:00:00,-122.75459306327,36.3900953339218,0,"available_crw"
"254027_0_t1",120,"254027_0_t1_crw_120",22,"254027_0_t1_20240416T230000",2024-04-16 23:00:00,-122.713176233802,36.3956996611212,0,"available_crw"
"254027_0_t1",120,"254027_0_t1_crw_120",23,"254027_0_t1_20240417T050000",2024-04-17 05:00:00,-122.595785737128,36.4175547664359,0,"available_crw"
"254027_0_t1",120,"254027_0_t1_crw_120",24,"254027_0_t1_20240417T110000",2024-04-17 11:00:00,-122.638310601928,36.3949583510917,0,"available_crw"
"254027_0_t1",120,"254027_0_t1_crw_120",25,"254027_0_t1_20240417T170000",2024-04-17 17:00:00,-122.71709125288,36.4912488888829,0,"available_crw"
"254027_0_t1",120,"254027_0_t1_crw_120",26,"254027_0_t1_20240417T230000",2024-04-17 23:00:00,-122.486400141761,36.6898015528462,0,"available_crw"
"254027_0_t1",120,"254027_0_t1_crw_120",27,"254027_0_t1_20240418T050000",2024-04-18 05:00:00,-122.506384280537,36.7404657147438,0,"available_crw"
"254027_0_t1",120,"254027_0_t1_crw_120",28,"254027_0_t1_20240418T110000",2024-04-18 11:00:00,-122.484767225652,36.706049376691,0,"available_crw"
"254027_0_t1",120,"254027_0_t1_crw_120",29,"254027_0_t1_20240418T170000",2024-04-18 17:00:00,-122.491092378544,36.7112925676771,0,"available_crw"
"254027_0_t1",120,"254027_0_t1_crw_120",30,"254027_0_t1_20240418T230000",2024-04-18 23:00:00,-122.526761126145,36.7492488575179,0,"available_crw"
"254027_0_t1",120,"254027_0_t1_crw_120",31,"254027_0_t1_20240419T050000",2024-04-19 05:00:00,-122.636516435585,36.9526818081834,0,"available_crw"
"254027_0_t1",120,"254027_0_t1_crw_120",32,"254027_0_t1_20240419T110000",2024-04-19 11:00:00,-122.679159894686,37.0266850017918,0,"available_crw"
"254027_0_t1",121,"254027_0_t1_crw_121",1,"254027_0_t1_20240411T170000",2024-04-11 17:00:00,-121.8431658,36.81026373,0,"available_crw"
"254027_0_t1",121,"254027_0_t1_crw_121",2,"254027_0_t1_20240411T230000",2024-04-11 23:00:00,-121.829045181328,36.8160322824237,0,"available_crw"
"254027_0_t1",121,"254027_0_t1_crw_121",3,"254027_0_t1_20240412T050000",2024-04-12 05:00:00,-121.838232752449,36.8056588714905,0,"available_crw"
"254027_0_t1",121,"254027_0_t1_crw_121",4,"254027_0_t1_20240412T110000",2024-04-12 11:00:00,-121.981769407495,36.6961497873721,0,"available_crw"
"254027_0_t1",121,"254027_0_t1_crw_121",5,"254027_0_t1_20240412T170000",2024-04-12 17:00:00,-121.964919032087,36.6827885753383,0,"available_crw"
"254027_0_t1",121,"254027_0_t1_crw_121",6,"254027_0_t1_20240412T230000",2024-04-12 23:00:00,-122.050492004687,36.6583412866362,0,"available_crw"
"254027_0_t1",121,"254027_0_t1_crw_121",7,"254027_0_t1_20240413T050000",2024-04-13 05:00:00,-122.26871075884,36.9084938651558,0,"available_crw"
"254027_0_t1",121,"254027_0_t1_crw_121",8,"254027_0_t1_20240413T110000",2024-04-13 11:00:00,-122.253235035542,36.9183630895812,0,"available_crw"
"254027_0_t1",121,"254027_0_t1_crw_121",9,"254027_0_t1_20240413T170000",2024-04-13 17:00:00,-122.268605554109,36.9328685014775,0,"available_crw"
"254027_0_t1",121,"254027_0_t1_crw_121",10,"254027_0_t1_20240413T230000",2024-04-13 23:00:00,-122.283471779914,36.9013561073831,0,"available_crw"
"254027_0_t1",121,"254027_0_t1_crw_121",11,"254027_0_t1_20240414T050000",2024-04-14 05:00:00,-122.261026538307,36.8952138339063,0,"available_crw"
"254027_0_t1",121,"254027_0_t1_crw_121",12,"254027_0_t1_20240414T110000",2024-04-14 11:00:00,-122.325106872642,36.8432623585548,0,"available_crw"
"254027_0_t1",121,"254027_0_t1_crw_121",13,"254027_0_t1_20240414T170000",2024-04-14 17:00:00,-122.355268505778,36.9122744154368,0,"available_crw"
"254027_0_t1",121,"254027_0_t1_crw_121",14,"254027_0_t1_20240414T230000",2024-04-14 23:00:00,-122.3370348423,36.9183959243123,0,"available_crw"
"254027_0_t1",121,"254027_0_t1_crw_121",15,"254027_0_t1_20240415T050000",2024-04-15 05:00:00,-122.279942423715,36.9311883374585,0,"available_crw"
"254027_0_t1",121,"254027_0_t1_crw_121",16,"254027_0_t1_20240415T110000",2024-04-15 11:00:00,-122.296315634705,36.8592386840313,0,"available_crw"
"254027_0_t1",121,"254027_0_t1_crw_121",17,"254027_0_t1_20240415T170000",2024-04-15 17:00:00,-122.281204965637,36.7191470625027,0,"available_crw"
"254027_0_t1",121,"254027_0_t1_crw_121",18,"254027_0_t1_20240415T230000",2024-04-15 23:00:00,-122.078636679576,36.7329099171467,0,"available_crw"
"254027_0_t1",121,"254027_0_t1_crw_121",19,"254027_0_t1_20240416T050000",2024-04-16 05:00:00,-122.011133838717,36.7399761643448,0,"available_crw"
"254027_0_t1",121,"254027_0_t1_crw_121",20,"254027_0_t1_20240416T110000",2024-04-16 11:00:00,-121.952006135176,36.740224003875,0,"available_crw"
"254027_0_t1",121,"254027_0_t1_crw_121",21,"254027_0_t1_20240416T170000",2024-04-16 17:00:00,-121.950761154937,36.7243869787676,0,"available_crw"
"254027_0_t1",121,"254027_0_t1_crw_121",22,"254027_0_t1_20240416T230000",2024-04-16 23:00:00,-122.309103768731,36.6240458295397,0,"available_crw"
"254027_0_t1",121,"254027_0_t1_crw_121",23,"254027_0_t1_20240417T050000",2024-04-17 05:00:00,-122.403748828812,36.5953241524979,0,"available_crw"
"254027_0_t1",121,"254027_0_t1_crw_121",24,"254027_0_t1_20240417T110000",2024-04-17 11:00:00,-122.461112093757,36.5841342110834,0,"available_crw"
"254027_0_t1",121,"254027_0_t1_crw_121",25,"254027_0_t1_20240417T170000",2024-04-17 17:00:00,-122.454782873813,36.5657850540646,0,"available_crw"
"254027_0_t1",121,"254027_0_t1_crw_121",26,"254027_0_t1_20240417T230000",2024-04-17 23:00:00,-122.446096385634,36.5187108863975,0,"available_crw"
"254027_0_t1",121,"254027_0_t1_crw_121",27,"254027_0_t1_20240418T050000",2024-04-18 05:00:00,-122.470688784218,36.5547421734525,0,"available_crw"
"254027_0_t1",121,"254027_0_t1_crw_121",28,"254027_0_t1_20240418T110000",2024-04-18 11:00:00,-122.490967241971,36.5449921031519,0,"available_crw"
"254027_0_t1",121,"254027_0_t1_crw_121",29,"254027_0_t1_20240418T170000",2024-04-18 17:00:00,-122.814403564986,36.4950733945648,0,"available_crw"
"254027_0_t1",121,"254027_0_t1_crw_121",30,"254027_0_t1_20240418T230000",2024-04-18 23:00:00,-122.953881704215,36.7428443549046,0,"available_crw"
"254027_0_t1",121,"254027_0_t1_crw_121",31,"254027_0_t1_20240419T050000",2024-04-19 05:00:00,-123.065803613538,36.8508879674918,0,"available_crw"
"254027_0_t1",121,"254027_0_t1_crw_121",32,"254027_0_t1_20240419T110000",2024-04-19 11:00:00,-123.166063707636,37.0016142368997,0,"available_crw"
"254027_0_t1",122,"254027_0_t1_crw_122",1,"254027_0_t1_20240411T170000",2024-04-11 17:00:00,-121.8431658,36.81026373,0,"available_crw"
"254027_0_t1",122,"254027_0_t1_crw_122",2,"254027_0_t1_20240411T230000",2024-04-11 23:00:00,-121.897200898258,36.6749059665268,0,"available_crw"
"254027_0_t1",122,"254027_0_t1_crw_122",3,"254027_0_t1_20240412T050000",2024-04-12 05:00:00,-122.033769725279,36.7098839395901,0,"available_crw"
"254027_0_t1",122,"254027_0_t1_crw_122",4,"254027_0_t1_20240412T110000",2024-04-12 11:00:00,-122.040156258044,36.6915469767395,0,"available_crw"
"254027_0_t1",122,"254027_0_t1_crw_122",5,"254027_0_t1_20240412T170000",2024-04-12 17:00:00,-122.137671768958,36.5398355527621,0,"available_crw"
"254027_0_t1",122,"254027_0_t1_crw_122",6,"254027_0_t1_20240412T230000",2024-04-12 23:00:00,-122.122772108469,36.5764791876904,0,"available_crw"
"254027_0_t1",122,"254027_0_t1_crw_122",7,"254027_0_t1_20240413T050000",2024-04-13 05:00:00,-122.120810194461,36.535376681117,0,"available_crw"
"254027_0_t1",122,"254027_0_t1_crw_122",8,"254027_0_t1_20240413T110000",2024-04-13 11:00:00,-122.124571350872,36.4048244601214,0,"available_crw"
"254027_0_t1",122,"254027_0_t1_crw_122",9,"254027_0_t1_20240413T170000",2024-04-13 17:00:00,-122.131110220101,36.4430263169349,0,"available_crw"
"254027_0_t1",122,"254027_0_t1_crw_122",10,"254027_0_t1_20240413T230000",2024-04-13 23:00:00,-122.147259746105,36.5235053365256,0,"available_crw"
"254027_0_t1",122,"254027_0_t1_crw_122",11,"254027_0_t1_20240414T050000",2024-04-14 05:00:00,-122.200717300945,36.6119219596166,0,"available_crw"
"254027_0_t1",122,"254027_0_t1_crw_122",12,"254027_0_t1_20240414T110000",2024-04-14 11:00:00,-122.173140787744,36.5804131786883,0,"available_crw"
"254027_0_t1",122,"254027_0_t1_crw_122",13,"254027_0_t1_20240414T170000",2024-04-14 17:00:00,-122.107590808448,36.5859696035565,0,"available_crw"
"254027_0_t1",122,"254027_0_t1_crw_122",14,"254027_0_t1_20240414T230000",2024-04-14 23:00:00,-122.020052553599,36.4518016088032,0,"available_crw"
"254027_0_t1",122,"254027_0_t1_crw_122",15,"254027_0_t1_20240415T050000",2024-04-15 05:00:00,-122.036873444171,36.4436060905762,0,"available_crw"
"254027_0_t1",122,"254027_0_t1_crw_122",16,"254027_0_t1_20240415T110000",2024-04-15 11:00:00,-122.236284266434,36.3868470080082,0,"available_crw"
"254027_0_t1",122,"254027_0_t1_crw_122",17,"254027_0_t1_20240415T170000",2024-04-15 17:00:00,-122.43102320309,36.363588628814,0,"available_crw"
"254027_0_t1",122,"254027_0_t1_crw_122",18,"254027_0_t1_20240415T230000",2024-04-15 23:00:00,-122.45232075055,36.4777229023917,0,"available_crw"
"254027_0_t1",122,"254027_0_t1_crw_122",19,"254027_0_t1_20240416T050000",2024-04-16 05:00:00,-122.47550781025,36.4742447484329,0,"available_crw"
"254027_0_t1",122,"254027_0_t1_crw_122",20,"254027_0_t1_20240416T110000",2024-04-16 11:00:00,-122.641797113,36.7488884510365,0,"available_crw"
"254027_0_t1",122,"254027_0_t1_crw_122",21,"254027_0_t1_20240416T170000",2024-04-16 17:00:00,-122.745765933425,36.8215915669471,0,"available_crw"
"254027_0_t1",122,"254027_0_t1_crw_122",22,"254027_0_t1_20240416T230000",2024-04-16 23:00:00,-122.799270235897,36.855542256471,0,"available_crw"
"254027_0_t1",122,"254027_0_t1_crw_122",23,"254027_0_t1_20240417T050000",2024-04-17 05:00:00,-122.750569703901,36.8428883389235,0,"available_crw"
"254027_0_t1",122,"254027_0_t1_crw_122",24,"254027_0_t1_20240417T110000",2024-04-17 11:00:00,-122.737805878655,36.6915945419415,0,"available_crw"
"254027_0_t1",122,"254027_0_t1_crw_122",25,"254027_0_t1_20240417T170000",2024-04-17 17:00:00,-123.095455099489,36.5899453996977,0,"available_crw"
"254027_0_t1",122,"254027_0_t1_crw_122",26,"254027_0_t1_20240417T230000",2024-04-17 23:00:00,-123.39630029997,36.5157822156967,0,"available_crw"
"254027_0_t1",122,"254027_0_t1_crw_122",27,"254027_0_t1_20240418T050000",2024-04-18 05:00:00,-123.700526580883,36.4520753555397,0,"available_crw"
"254027_0_t1",122,"254027_0_t1_crw_122",28,"254027_0_t1_20240418T110000",2024-04-18 11:00:00,-123.706587927443,36.4671715525713,0,"available_crw"
"254027_0_t1",122,"254027_0_t1_crw_122",29,"254027_0_t1_20240418T170000",2024-04-18 17:00:00,-123.675006947792,36.4349047693744,0,"available_crw"
"254027_0_t1",122,"254027_0_t1_crw_122",30,"254027_0_t1_20240418T230000",2024-04-18 23:00:00,-123.535007377922,36.3514465102999,0,"available_crw"
"254027_0_t1",122,"254027_0_t1_crw_122",31,"254027_0_t1_20240419T050000",2024-04-19 05:00:00,-123.54354685567,36.3538377229323,0,"available_crw"
"254027_0_t1",122,"254027_0_t1_crw_122",32,"254027_0_t1_20240419T110000",2024-04-19 11:00:00,-123.534514264163,36.3536149688994,0,"available_crw"
"254027_0_t1",123,"254027_0_t1_crw_123",1,"254027_0_t1_20240411T170000",2024-04-11 17:00:00,-121.8431658,36.81026373,0,"available_crw"
"254027_0_t1",123,"254027_0_t1_crw_123",2,"254027_0_t1_20240411T230000",2024-04-11 23:00:00,-121.876052153576,36.7641617808646,0,"available_crw"
"254027_0_t1",123,"254027_0_t1_crw_123",3,"254027_0_t1_20240412T050000",2024-04-12 05:00:00,-122.062718033177,36.7851646940189,0,"available_crw"
"254027_0_t1",123,"254027_0_t1_crw_123",4,"254027_0_t1_20240412T110000",2024-04-12 11:00:00,-122.236035940686,36.7669068773699,0,"available_crw"
"254027_0_t1",123,"254027_0_t1_crw_123",5,"254027_0_t1_20240412T170000",2024-04-12 17:00:00,-122.550240857671,36.7449022169727,0,"available_crw"
"254027_0_t1",123,"254027_0_t1_crw_123",6,"254027_0_t1_20240412T230000",2024-04-12 23:00:00,-122.536918409029,36.751778362857,0,"available_crw"
"254027_0_t1",123,"254027_0_t1_crw_123",7,"254027_0_t1_20240413T050000",2024-04-13 05:00:00,-122.395047245268,36.8152639333134,0,"available_crw"
"254027_0_t1",123,"254027_0_t1_crw_123",8,"254027_0_t1_20240413T110000",2024-04-13 11:00:00,-122.191999302876,36.8658684374813,0,"available_crw"
"254027_0_t1",123,"254027_0_t1_crw_123",9,"254027_0_t1_20240413T170000",2024-04-13 17:00:00,-122.199756552415,36.8838642913701,0,"available_crw"
"254027_0_t1",123,"254027_0_t1_crw_123",10,"254027_0_t1_20240413T230000",2024-04-13 23:00:00,-122.236404902582,36.9766941925906,0,"available_crw"
"254027_0_t1",123,"254027_0_t1_crw_123",11,"254027_0_t1_20240414T050000",2024-04-14 05:00:00,-122.217930575132,36.9823631298584,0,"available_crw"
"254027_0_t1",123,"254027_0_t1_crw_123",12,"254027_0_t1_20240414T110000",2024-04-14 11:00:00,-122.227153856914,36.9999113649614,0,"available_crw"
"254027_0_t1",123,"254027_0_t1_crw_123",13,"254027_0_t1_20240414T170000",2024-04-14 17:00:00,-122.192040784267,36.9699405244916,0,"available_crw"
"254027_0_t1",123,"254027_0_t1_crw_123",14,"254027_0_t1_20240414T230000",2024-04-14 23:00:00,-122.081125061555,36.8241394164963,0,"available_crw"
"254027_0_t1",123,"254027_0_t1_crw_123",15,"254027_0_t1_20240415T050000",2024-04-15 05:00:00,-122.005353510564,36.7086638549927,0,"available_crw"
"254027_0_t1",123,"254027_0_t1_crw_123",16,"254027_0_t1_20240415T110000",2024-04-15 11:00:00,-121.961043110486,36.4453137833632,0,"available_crw"
"254027_0_t1",123,"254027_0_t1_crw_123",17,"254027_0_t1_20240415T170000",2024-04-15 17:00:00,-121.927537437693,36.4653874070072,0,"available_crw"
"254027_0_t1",123,"254027_0_t1_crw_123",18,"254027_0_t1_20240415T230000",2024-04-15 23:00:00,-121.914938964567,36.4532109321249,0,"available_crw"
"254027_0_t1",123,"254027_0_t1_crw_123",19,"254027_0_t1_20240416T050000",2024-04-16 05:00:00,-122.129455148416,36.2016836417006,0,"available_crw"
"254027_0_t1",123,"254027_0_t1_crw_123",20,"254027_0_t1_20240416T110000",2024-04-16 11:00:00,-122.269732024976,36.0903412195974,0,"available_crw"
"254027_0_t1",123,"254027_0_t1_crw_123",21,"254027_0_t1_20240416T170000",2024-04-16 17:00:00,-122.369576875151,36.1725814810307,0,"available_crw"
"254027_0_t1",123,"254027_0_t1_crw_123",22,"254027_0_t1_20240416T230000",2024-04-16 23:00:00,-122.510311489052,36.3628052586043,0,"available_crw"
"254027_0_t1",123,"254027_0_t1_crw_123",23,"254027_0_t1_20240417T050000",2024-04-17 05:00:00,-122.249015291754,36.583864424457,0,"available_crw"
"254027_0_t1",123,"254027_0_t1_crw_123",24,"254027_0_t1_20240417T110000",2024-04-17 11:00:00,-122.170957633275,36.6581700651792,0,"available_crw"
"254027_0_t1",123,"254027_0_t1_crw_123",25,"254027_0_t1_20240417T170000",2024-04-17 17:00:00,-122.122202021966,36.7483652416409,0,"available_crw"
"254027_0_t1",123,"254027_0_t1_crw_123",26,"254027_0_t1_20240417T230000",2024-04-17 23:00:00,-122.048228189492,36.8646090771893,0,"available_crw"
"254027_0_t1",123,"254027_0_t1_crw_123",27,"254027_0_t1_20240418T050000",2024-04-18 05:00:00,-122.229550159562,36.9392490763748,0,"available_crw"
"254027_0_t1",123,"254027_0_t1_crw_123",28,"254027_0_t1_20240418T110000",2024-04-18 11:00:00,-122.385578581255,37.0375805248326,0,"available_crw"
"254027_0_t1",123,"254027_0_t1_crw_123",29,"254027_0_t1_20240418T170000",2024-04-18 17:00:00,-122.515458193451,37.1580442997379,0,"available_crw"
"254027_0_t1",123,"254027_0_t1_crw_123",30,"254027_0_t1_20240418T230000",2024-04-18 23:00:00,-122.490719161499,37.1304744666457,0,"available_crw"
"254027_0_t1",123,"254027_0_t1_crw_123",31,"254027_0_t1_20240419T050000",2024-04-19 05:00:00,-122.506114516606,37.1204816792026,0,"available_crw"
"254027_0_t1",123,"254027_0_t1_crw_123",32,"254027_0_t1_20240419T110000",2024-04-19 11:00:00,-122.681580683415,37.0458281852456,0,"available_crw"
"254027_0_t1",124,"254027_0_t1_crw_124",1,"254027_0_t1_20240411T170000",2024-04-11 17:00:00,-121.8431658,36.81026373,0,"available_crw"
"254027_0_t1",124,"254027_0_t1_crw_124",2,"254027_0_t1_20240411T230000",2024-04-11 23:00:00,-121.876052153576,36.7641617808646,0,"available_crw"
"254027_0_t1",124,"254027_0_t1_crw_124",3,"254027_0_t1_20240412T050000",2024-04-12 05:00:00,-122.244302681864,36.8395640896036,0,"available_crw"
"254027_0_t1",124,"254027_0_t1_crw_124",4,"254027_0_t1_20240412T110000",2024-04-12 11:00:00,-122.249325551032,36.8209523121021,0,"available_crw"
"254027_0_t1",124,"254027_0_t1_crw_124",5,"254027_0_t1_20240412T170000",2024-04-12 17:00:00,-122.389722670925,36.8451175193802,0,"available_crw"
"254027_0_t1",124,"254027_0_t1_crw_124",6,"254027_0_t1_20240412T230000",2024-04-12 23:00:00,-122.456990993844,36.8540255860494,0,"available_crw"
"254027_0_t1",124,"254027_0_t1_crw_124",7,"254027_0_t1_20240413T050000",2024-04-13 05:00:00,-122.524714982424,36.8603703683628,0,"available_crw"
"254027_0_t1",124,"254027_0_t1_crw_124",8,"254027_0_t1_20240413T110000",2024-04-13 11:00:00,-122.684721971407,36.8833190184309,0,"available_crw"
"254027_0_t1",124,"254027_0_t1_crw_124",9,"254027_0_t1_20240413T170000",2024-04-13 17:00:00,-122.634337009274,36.8906615709715,0,"available_crw"
"254027_0_t1",124,"254027_0_t1_crw_124",10,"254027_0_t1_20240413T230000",2024-04-13 23:00:00,-122.516572732954,36.9138008705299,0,"available_crw"
"254027_0_t1",124,"254027_0_t1_crw_124",11,"254027_0_t1_20240414T050000",2024-04-14 05:00:00,-122.418491911041,36.934909389048,0,"available_crw"
"254027_0_t1",124,"254027_0_t1_crw_124",12,"254027_0_t1_20240414T110000",2024-04-14 11:00:00,-122.43017156201,36.926290196317,0,"available_crw"
"254027_0_t1",124,"254027_0_t1_crw_124",13,"254027_0_t1_20240414T170000",2024-04-14 17:00:00,-122.527778170491,37.0110639320847,0,"available_crw"
"254027_0_t1",124,"254027_0_t1_crw_124",14,"254027_0_t1_20240414T230000",2024-04-14 23:00:00,-122.576473224137,37.0495043397678,0,"available_crw"
"254027_0_t1",124,"254027_0_t1_crw_124",15,"254027_0_t1_20240415T050000",2024-04-15 05:00:00,-122.719088045139,37.2895119349244,0,"available_crw"
"254027_0_t1",124,"254027_0_t1_crw_124",16,"254027_0_t1_20240415T110000",2024-04-15 11:00:00,-122.706344861766,37.2818618677055,0,"available_crw"
"254027_0_t1",124,"254027_0_t1_crw_124",17,"254027_0_t1_20240415T170000",2024-04-15 17:00:00,-122.590828716845,37.2479241248223,0,"available_crw"
"254027_0_t1",124,"254027_0_t1_crw_124",18,"254027_0_t1_20240415T230000",2024-04-15 23:00:00,-122.525499706952,37.231384744305,0,"available_crw"
"254027_0_t1",124,"254027_0_t1_crw_124",19,"254027_0_t1_20240416T050000",2024-04-16 05:00:00,-122.373271548751,37.1842153955452,0,"available_crw"
"254027_0_t1",124,"254027_0_t1_crw_124",20,"254027_0_t1_20240416T110000",2024-04-16 11:00:00,-122.420416834052,37.1922347354044,0,"available_crw"
"254027_0_t1",124,"254027_0_t1_crw_124",21,"254027_0_t1_20240416T170000",2024-04-16 17:00:00,-122.542928328168,37.1839643669372,0,"available_crw"
"254027_0_t1",124,"254027_0_t1_crw_124",22,"254027_0_t1_20240416T230000",2024-04-16 23:00:00,-122.663294594424,37.1697208236301,0,"available_crw"
"254027_0_t1",124,"254027_0_t1_crw_124",23,"254027_0_t1_20240417T050000",2024-04-17 05:00:00,-122.686795044873,37.1200069473914,0,"available_crw"
"254027_0_t1",124,"254027_0_t1_crw_124",24,"254027_0_t1_20240417T110000",2024-04-17 11:00:00,-122.801152171432,36.9758059367314,0,"available_crw"
"254027_0_t1",124,"254027_0_t1_crw_124",25,"254027_0_t1_20240417T170000",2024-04-17 17:00:00,-122.775348422836,37.0027122981304,0,"available_crw"
"254027_0_t1",124,"254027_0_t1_crw_124",26,"254027_0_t1_20240417T230000",2024-04-17 23:00:00,-122.804061681247,36.9777744594241,0,"available_crw"
"254027_0_t1",124,"254027_0_t1_crw_124",27,"254027_0_t1_20240418T050000",2024-04-18 05:00:00,-122.777511623085,37.0099254086398,0,"available_crw"
"254027_0_t1",124,"254027_0_t1_crw_124",28,"254027_0_t1_20240418T110000",2024-04-18 11:00:00,-122.751989247424,37.1188282801487,0,"available_crw"
"254027_0_t1",124,"254027_0_t1_crw_124",29,"254027_0_t1_20240418T170000",2024-04-18 17:00:00,-122.678154324388,37.2666334265008,0,"available_crw"
"254027_0_t1",124,"254027_0_t1_crw_124",30,"254027_0_t1_20240418T230000",2024-04-18 23:00:00,-122.544055958119,37.2238937653398,0,"available_crw"
"254027_0_t1",124,"254027_0_t1_crw_124",31,"254027_0_t1_20240419T050000",2024-04-19 05:00:00,-122.377115171329,37.1373380548737,0,"available_crw"
"254027_0_t1",124,"254027_0_t1_crw_124",32,"254027_0_t1_20240419T110000",2024-04-19 11:00:00,-122.246196610671,37.0595360894126,0,"available_crw"
"254027_0_t1",125,"254027_0_t1_crw_125",1,"254027_0_t1_20240411T170000",2024-04-11 17:00:00,-121.8431658,36.81026373,0,"available_crw"
"254027_0_t1",125,"254027_0_t1_crw_125",2,"254027_0_t1_20240411T230000",2024-04-11 23:00:00,-121.897200898258,36.6749059665268,0,"available_crw"
"254027_0_t1",125,"254027_0_t1_crw_125",3,"254027_0_t1_20240412T050000",2024-04-12 05:00:00,-122.00161153671,36.5262206638081,0,"available_crw"
"254027_0_t1",125,"254027_0_t1_crw_125",4,"254027_0_t1_20240412T110000",2024-04-12 11:00:00,-121.967385758257,36.4808114373357,0,"available_crw"
"254027_0_t1",125,"254027_0_t1_crw_125",5,"254027_0_t1_20240412T170000",2024-04-12 17:00:00,-121.983549573394,36.4717874550721,0,"available_crw"
"254027_0_t1",125,"254027_0_t1_crw_125",6,"254027_0_t1_20240412T230000",2024-04-12 23:00:00,-122.035760232504,36.449737506998,0,"available_crw"
"254027_0_t1",125,"254027_0_t1_crw_125",7,"254027_0_t1_20240413T050000",2024-04-13 05:00:00,-122.094304403253,36.4220922975484,0,"available_crw"
"254027_0_t1",125,"254027_0_t1_crw_125",8,"254027_0_t1_20240413T110000",2024-04-13 11:00:00,-122.148398920355,36.4032967641816,0,"available_crw"
"254027_0_t1",125,"254027_0_t1_crw_125",9,"254027_0_t1_20240413T170000",2024-04-13 17:00:00,-122.255858509725,36.3593554084914,0,"available_crw"
"254027_0_t1",125,"254027_0_t1_crw_125",10,"254027_0_t1_20240413T230000",2024-04-13 23:00:00,-122.216854596567,36.3719027969232,0,"available_crw"
"254027_0_t1",125,"254027_0_t1_crw_125",11,"254027_0_t1_20240414T050000",2024-04-14 05:00:00,-121.919900333482,36.4543511792146,0,"available_crw"
"254027_0_t1",125,"254027_0_t1_crw_125",12,"254027_0_t1_20240414T110000",2024-04-14 11:00:00,-121.960719813128,36.4462964022822,0,"available_crw"
"254027_0_t1",125,"254027_0_t1_crw_125",13,"254027_0_t1_20240414T170000",2024-04-14 17:00:00,-122.075768879924,36.4173610691719,0,"available_crw"
"254027_0_t1",125,"254027_0_t1_crw_125",14,"254027_0_t1_20240414T230000",2024-04-14 23:00:00,-122.194375858415,36.5349156149415,0,"available_crw"
"254027_0_t1",125,"254027_0_t1_crw_125",15,"254027_0_t1_20240415T050000",2024-04-15 05:00:00,-122.225761401172,36.57521191038,0,"available_crw"
"254027_0_t1",125,"254027_0_t1_crw_125",16,"254027_0_t1_20240415T110000",2024-04-15 11:00:00,-122.245314854179,36.564536327155,0,"available_crw"
"254027_0_t1",125,"254027_0_t1_crw_125",17,"254027_0_t1_20240415T170000",2024-04-15 17:00:00,-122.257276322974,36.5771365967691,0,"available_crw"
"254027_0_t1",125,"254027_0_t1_crw_125",18,"254027_0_t1_20240415T230000",2024-04-15 23:00:00,-122.301068671985,36.6190324290673,0,"available_crw"
"254027_0_t1",125,"254027_0_t1_crw_125",19,"254027_0_t1_20240416T050000",2024-04-16 05:00:00,-122.365802096956,36.6089133895756,0,"available_crw"
"254027_0_t1",125,"254027_0_t1_crw_125",20,"254027_0_t1_20240416T110000",2024-04-16 11:00:00,-122.393413710514,36.7221689018903,0,"available_crw"
"254027_0_t1",125,"254027_0_t1_crw_125",21,"254027_0_t1_20240416T170000",2024-04-16 17:00:00,-122.470515720072,36.8139889854942,0,"available_crw"
"254027_0_t1",125,"254027_0_t1_crw_125",22,"254027_0_t1_20240416T230000",2024-04-16 23:00:00,-122.536383688299,36.8094477705998,0,"available_crw"
"254027_0_t1",125,"254027_0_t1_crw_125",23,"254027_0_t1_20240417T050000",2024-04-17 05:00:00,-122.595529982045,36.8112213403705,0,"available_crw"
"254027_0_t1",125,"254027_0_t1_crw_125",24,"254027_0_t1_20240417T110000",2024-04-17 11:00:00,-122.65379753262,36.6769885247835,0,"available_crw"
"254027_0_t1",125,"254027_0_t1_crw_125",25,"254027_0_t1_20240417T170000",2024-04-17 17:00:00,-122.612544542519,36.6826110715257,0,"available_crw"
"254027_0_t1",125,"254027_0_t1_crw_125",26,"254027_0_t1_20240417T230000",2024-04-17 23:00:00,-122.553510517688,36.6846872256315,0,"available_crw"
"254027_0_t1",125,"254027_0_t1_crw_125",27,"254027_0_t1_20240418T050000",2024-04-18 05:00:00,-122.555331655988,36.7036765259018,0,"available_crw"
"254027_0_t1",125,"254027_0_t1_crw_125",28,"254027_0_t1_20240418T110000",2024-04-18 11:00:00,-122.533923751678,36.666330217646,0,"available_crw"
"254027_0_t1",125,"254027_0_t1_crw_125",29,"254027_0_t1_20240418T170000",2024-04-18 17:00:00,-122.48122415072,36.4487027829943,0,"available_crw"
"254027_0_t1",125,"254027_0_t1_crw_125",30,"254027_0_t1_20240418T230000",2024-04-18 23:00:00,-122.465165021024,36.3954675182798,0,"available_crw"
"254027_0_t1",125,"254027_0_t1_crw_125",31,"254027_0_t1_20240419T050000",2024-04-19 05:00:00,-122.429565372282,36.3024486924646,0,"available_crw"
"254027_0_t1",125,"254027_0_t1_crw_125",32,"254027_0_t1_20240419T110000",2024-04-19 11:00:00,-122.44598510693,36.03698144839,0,"available_crw"
"254027_0_t1",126,"254027_0_t1_crw_126",1,"254027_0_t1_20240411T170000",2024-04-11 17:00:00,-121.8431658,36.81026373,0,"available_crw"
"254027_0_t1",126,"254027_0_t1_crw_126",2,"254027_0_t1_20240411T230000",2024-04-11 23:00:00,-121.844084534406,36.8261146303243,0,"available_crw"
"254027_0_t1",126,"254027_0_t1_crw_126",3,"254027_0_t1_20240412T050000",2024-04-12 05:00:00,-121.898174101384,36.9598391281603,0,"available_crw"
"254027_0_t1",126,"254027_0_t1_crw_126",4,"254027_0_t1_20240412T110000",2024-04-12 11:00:00,-122.092029125229,36.9092670329766,0,"available_crw"
"254027_0_t1",126,"254027_0_t1_crw_126",5,"254027_0_t1_20240412T170000",2024-04-12 17:00:00,-122.061391417711,36.8862462320437,0,"available_crw"
"254027_0_t1",126,"254027_0_t1_crw_126",6,"254027_0_t1_20240412T230000",2024-04-12 23:00:00,-122.089535652676,36.9115707892979,0,"available_crw"
"254027_0_t1",126,"254027_0_t1_crw_126",7,"254027_0_t1_20240413T050000",2024-04-13 05:00:00,-122.241491425009,36.8026365003855,0,"available_crw"
"254027_0_t1",126,"254027_0_t1_crw_126",8,"254027_0_t1_20240413T110000",2024-04-13 11:00:00,-122.548141743902,36.703912215392,0,"available_crw"
"254027_0_t1",126,"254027_0_t1_crw_126",9,"254027_0_t1_20240413T170000",2024-04-13 17:00:00,-122.742269437272,36.6739761376489,0,"available_crw"
"254027_0_t1",126,"254027_0_t1_crw_126",10,"254027_0_t1_20240413T230000",2024-04-13 23:00:00,-122.697300849294,36.6872230753346,0,"available_crw"
"254027_0_t1",126,"254027_0_t1_crw_126",11,"254027_0_t1_20240414T050000",2024-04-14 05:00:00,-122.586449489279,36.7261402368284,0,"available_crw"
"254027_0_t1",126,"254027_0_t1_crw_126",12,"254027_0_t1_20240414T110000",2024-04-14 11:00:00,-122.590273528333,36.6530585642563,0,"available_crw"
"254027_0_t1",126,"254027_0_t1_crw_126",13,"254027_0_t1_20240414T170000",2024-04-14 17:00:00,-122.424099225685,36.605320692086,0,"available_crw"
"254027_0_t1",126,"254027_0_t1_crw_126",14,"254027_0_t1_20240414T230000",2024-04-14 23:00:00,-122.488883229354,36.5541301549135,0,"available_crw"
"254027_0_t1",126,"254027_0_t1_crw_126",15,"254027_0_t1_20240415T050000",2024-04-15 05:00:00,-122.347264972618,36.4370481726217,0,"available_crw"
"254027_0_t1",126,"254027_0_t1_crw_126",16,"254027_0_t1_20240415T110000",2024-04-15 11:00:00,-122.239676913097,36.3037442350809,0,"available_crw"
"254027_0_t1",126,"254027_0_t1_crw_126",17,"254027_0_t1_20240415T170000",2024-04-15 17:00:00,-122.329333459637,36.294590509073,0,"available_crw"
"254027_0_t1",126,"254027_0_t1_crw_126",18,"254027_0_t1_20240415T230000",2024-04-15 23:00:00,-122.353884066219,36.2452873154063,0,"available_crw"
"254027_0_t1",126,"254027_0_t1_crw_126",19,"254027_0_t1_20240416T050000",2024-04-16 05:00:00,-122.35162667903,36.1344832529269,0,"available_crw"
"254027_0_t1",126,"254027_0_t1_crw_126",20,"254027_0_t1_20240416T110000",2024-04-16 11:00:00,-122.411838973694,35.9181864216616,0,"available_crw"
"254027_0_t1",126,"254027_0_t1_crw_126",21,"254027_0_t1_20240416T170000",2024-04-16 17:00:00,-122.595884301884,35.894074200361,0,"available_crw"
"254027_0_t1",126,"254027_0_t1_crw_126",22,"254027_0_t1_20240416T230000",2024-04-16 23:00:00,-122.654340754225,35.8922923458104,0,"available_crw"
"254027_0_t1",126,"254027_0_t1_crw_126",23,"254027_0_t1_20240417T050000",2024-04-17 05:00:00,-122.966279193515,35.8939692387377,0,"available_crw"
"254027_0_t1",126,"254027_0_t1_crw_126",24,"254027_0_t1_20240417T110000",2024-04-17 11:00:00,-123.024300374419,35.9000537686815,0,"available_crw"
"254027_0_t1",126,"254027_0_t1_crw_126",25,"254027_0_t1_20240417T170000",2024-04-17 17:00:00,-122.975034706693,35.9093293038445,0,"available_crw"
"254027_0_t1",126,"254027_0_t1_crw_126",26,"254027_0_t1_20240417T230000",2024-04-17 23:00:00,-122.796613367284,35.6404617077521,0,"available_crw"
"254027_0_t1",126,"254027_0_t1_crw_126",27,"254027_0_t1_20240418T050000",2024-04-18 05:00:00,-122.677795897724,35.5386601180631,0,"available_crw"
"254027_0_t1",126,"254027_0_t1_crw_126",28,"254027_0_t1_20240418T110000",2024-04-18 11:00:00,-122.763064579057,35.5164368960337,0,"available_crw"
"254027_0_t1",126,"254027_0_t1_crw_126",29,"254027_0_t1_20240418T170000",2024-04-18 17:00:00,-122.755744228106,35.5206359706179,0,"available_crw"
"254027_0_t1",126,"254027_0_t1_crw_126",30,"254027_0_t1_20240418T230000",2024-04-18 23:00:00,-122.809289356556,35.655959848312,0,"available_crw"
"254027_0_t1",126,"254027_0_t1_crw_126",31,"254027_0_t1_20240419T050000",2024-04-19 05:00:00,-122.800096222968,35.6228446054631,0,"available_crw"
"254027_0_t1",126,"254027_0_t1_crw_126",32,"254027_0_t1_20240419T110000",2024-04-19 11:00:00,-122.76922699783,35.6452283595969,0,"available_crw"
"254027_0_t1",127,"254027_0_t1_crw_127",1,"254027_0_t1_20240411T170000",2024-04-11 17:00:00,-121.8431658,36.81026373,0,"available_crw"
"254027_0_t1",127,"254027_0_t1_crw_127",2,"254027_0_t1_20240411T230000",2024-04-11 23:00:00,-121.841755589295,36.9256627818187,0,"available_crw"
"254027_0_t1",127,"254027_0_t1_crw_127",3,"254027_0_t1_20240412T050000",2024-04-12 05:00:00,-121.878703318898,36.9096872007605,0,"available_crw"
"254027_0_t1",127,"254027_0_t1_crw_127",4,"254027_0_t1_20240412T110000",2024-04-12 11:00:00,-122.145678753119,36.853472295307,0,"available_crw"
"254027_0_t1",127,"254027_0_t1_crw_127",5,"254027_0_t1_20240412T170000",2024-04-12 17:00:00,-122.151817442512,36.8685551219141,0,"available_crw"
"254027_0_t1",127,"254027_0_t1_crw_127",6,"254027_0_t1_20240412T230000",2024-04-12 23:00:00,-122.221912859256,36.9492236297585,0,"available_crw"
"254027_0_t1",127,"254027_0_t1_crw_127",7,"254027_0_t1_20240413T050000",2024-04-13 05:00:00,-122.288771028226,37.0305042853129,0,"available_crw"
"254027_0_t1",127,"254027_0_t1_crw_127",8,"254027_0_t1_20240413T110000",2024-04-13 11:00:00,-122.268717501544,37.0006094838233,0,"available_crw"
"254027_0_t1",127,"254027_0_t1_crw_127",9,"254027_0_t1_20240413T170000",2024-04-13 17:00:00,-122.297982043076,37.0312097395432,0,"available_crw"
"254027_0_t1",127,"254027_0_t1_crw_127",10,"254027_0_t1_20240413T230000",2024-04-13 23:00:00,-122.377743834989,37.104653285082,0,"available_crw"
"254027_0_t1",127,"254027_0_t1_crw_127",11,"254027_0_t1_20240414T050000",2024-04-14 05:00:00,-122.44267748941,37.093699669432,0,"available_crw"
"254027_0_t1",127,"254027_0_t1_crw_127",12,"254027_0_t1_20240414T110000",2024-04-14 11:00:00,-122.547955661627,37.2197588069319,0,"available_crw"
"254027_0_t1",127,"254027_0_t1_crw_127",13,"254027_0_t1_20240414T170000",2024-04-14 17:00:00,-122.681029731558,37.3117356731019,0,"available_crw"
"254027_0_t1",127,"254027_0_t1_crw_127",14,"254027_0_t1_20240414T230000",2024-04-14 23:00:00,-122.778071974865,37.3706917198795,0,"available_crw"
"254027_0_t1",127,"254027_0_t1_crw_127",15,"254027_0_t1_20240415T050000",2024-04-15 05:00:00,-122.635351641114,37.654328111123,0,"available_crw"
"254027_0_t1",127,"254027_0_t1_crw_127",16,"254027_0_t1_20240415T110000",2024-04-15 11:00:00,-122.677416445519,37.6502325028199,0,"available_crw"
"254027_0_t1",127,"254027_0_t1_crw_127",17,"254027_0_t1_20240415T170000",2024-04-15 17:00:00,-123.003238424498,37.7098984059063,0,"available_crw"
"254027_0_t1",127,"254027_0_t1_crw_127",18,"254027_0_t1_20240415T230000",2024-04-15 23:00:00,-123.071113641906,37.7195885152172,0,"available_crw"
"254027_0_t1",127,"254027_0_t1_crw_127",19,"254027_0_t1_20240416T050000",2024-04-16 05:00:00,-123.022577990987,37.7189310010911,0,"available_crw"
"254027_0_t1",127,"254027_0_t1_crw_127",20,"254027_0_t1_20240416T110000",2024-04-16 11:00:00,-122.900131551412,37.723154452218,0,"available_crw"
"254027_0_t1",127,"254027_0_t1_crw_127",21,"254027_0_t1_20240416T170000",2024-04-16 17:00:00,-122.687951314022,37.6953293615144,0,"available_crw"
"254027_0_t1",127,"254027_0_t1_crw_127",22,"254027_0_t1_20240416T230000",2024-04-16 23:00:00,-122.500548222131,37.6393017027673,0,"available_crw"
"254027_0_t1",127,"254027_0_t1_crw_127",23,"254027_0_t1_20240417T050000",2024-04-17 05:00:00,-122.535412574948,37.3349975360155,0,"available_crw"
"254027_0_t1",127,"254027_0_t1_crw_127",24,"254027_0_t1_20240417T110000",2024-04-17 11:00:00,-122.510737266921,37.2386296990253,0,"available_crw"
"254027_0_t1",127,"254027_0_t1_crw_127",25,"254027_0_t1_20240417T170000",2024-04-17 17:00:00,-122.521112985649,37.0170650275497,0,"available_crw"
"254027_0_t1",127,"254027_0_t1_crw_127",26,"254027_0_t1_20240417T230000",2024-04-17 23:00:00,-122.699051630804,36.9658808405523,0,"available_crw"
"254027_0_t1",127,"254027_0_t1_crw_127",27,"254027_0_t1_20240418T050000",2024-04-18 05:00:00,-122.973738642341,36.9420984419985,0,"available_crw"
"254027_0_t1",127,"254027_0_t1_crw_127",28,"254027_0_t1_20240418T110000",2024-04-18 11:00:00,-123.094641989563,36.9340382937398,0,"available_crw"
"254027_0_t1",127,"254027_0_t1_crw_127",29,"254027_0_t1_20240418T170000",2024-04-18 17:00:00,-123.410513173092,36.9240914065227,0,"available_crw"
"254027_0_t1",127,"254027_0_t1_crw_127",30,"254027_0_t1_20240418T230000",2024-04-18 23:00:00,-123.374011252685,36.9911126031975,0,"available_crw"
"254027_0_t1",127,"254027_0_t1_crw_127",31,"254027_0_t1_20240419T050000",2024-04-19 05:00:00,-123.349569599101,37.0422768780708,0,"available_crw"
"254027_0_t1",127,"254027_0_t1_crw_127",32,"254027_0_t1_20240419T110000",2024-04-19 11:00:00,-123.160424234129,37.044375103059,0,"available_crw"
"254027_0_t1",128,"254027_0_t1_crw_128",1,"254027_0_t1_20240411T170000",2024-04-11 17:00:00,-121.8431658,36.81026373,0,"available_crw"
"254027_0_t1",128,"254027_0_t1_crw_128",2,"254027_0_t1_20240411T230000",2024-04-11 23:00:00,-121.970652314777,36.7682814623435,0,"available_crw"
"254027_0_t1",128,"254027_0_t1_crw_128",3,"254027_0_t1_20240412T050000",2024-04-12 05:00:00,-121.929777350686,36.7884282761479,0,"available_crw"
"254027_0_t1",128,"254027_0_t1_crw_128",4,"254027_0_t1_20240412T110000",2024-04-12 11:00:00,-121.932431978984,36.8415373235271,0,"available_crw"
"254027_0_t1",128,"254027_0_t1_crw_128",5,"254027_0_t1_20240412T170000",2024-04-12 17:00:00,-121.934533423447,36.8076348565072,0,"available_crw"
"254027_0_t1",128,"254027_0_t1_crw_128",6,"254027_0_t1_20240412T230000",2024-04-12 23:00:00,-121.944727928717,36.7607593086438,0,"available_crw"
"254027_0_t1",128,"254027_0_t1_crw_128",7,"254027_0_t1_20240413T050000",2024-04-13 05:00:00,-121.954006287895,36.8012065736751,0,"available_crw"
"254027_0_t1",128,"254027_0_t1_crw_128",8,"254027_0_t1_20240413T110000",2024-04-13 11:00:00,-121.934842176711,36.8049894881843,0,"available_crw"
"254027_0_t1",128,"254027_0_t1_crw_128",9,"254027_0_t1_20240413T170000",2024-04-13 17:00:00,-121.94672129168,36.7965673996797,0,"available_crw"
"254027_0_t1",128,"254027_0_t1_crw_128",10,"254027_0_t1_20240413T230000",2024-04-13 23:00:00,-122.190495117325,36.693260125008,0,"available_crw"
"254027_0_t1",128,"254027_0_t1_crw_128",11,"254027_0_t1_20240414T050000",2024-04-14 05:00:00,-122.257767208962,36.7951896668449,0,"available_crw"
"254027_0_t1",128,"254027_0_t1_crw_128",12,"254027_0_t1_20240414T110000",2024-04-14 11:00:00,-122.32110924308,36.8781813993068,0,"available_crw"
"254027_0_t1",128,"254027_0_t1_crw_128",13,"254027_0_t1_20240414T170000",2024-04-14 17:00:00,-122.304903892912,36.8872569578171,0,"available_crw"
"254027_0_t1",128,"254027_0_t1_crw_128",14,"254027_0_t1_20240414T230000",2024-04-14 23:00:00,-122.01286419709,36.6917738053456,0,"available_crw"
"254027_0_t1",128,"254027_0_t1_crw_128",15,"254027_0_t1_20240415T050000",2024-04-15 05:00:00,-122.162644478738,36.4480021957744,0,"available_crw"
"254027_0_t1",128,"254027_0_t1_crw_128",16,"254027_0_t1_20240415T110000",2024-04-15 11:00:00,-122.180730918749,36.4541959840724,0,"available_crw"
"254027_0_t1",128,"254027_0_t1_crw_128",17,"254027_0_t1_20240415T170000",2024-04-15 17:00:00,-122.13097471976,36.7571522024144,0,"available_crw"
"254027_0_t1",128,"254027_0_t1_crw_128",18,"254027_0_t1_20240415T230000",2024-04-15 23:00:00,-121.948248171813,36.7943554426359,0,"available_crw"
"254027_0_t1",128,"254027_0_t1_crw_128",19,"254027_0_t1_20240416T050000",2024-04-16 05:00:00,-121.942320046401,36.7792202232855,0,"available_crw"
"254027_0_t1",128,"254027_0_t1_crw_128",20,"254027_0_t1_20240416T110000",2024-04-16 11:00:00,-121.847775362527,36.6609915311544,0,"available_crw"
"254027_0_t1",128,"254027_0_t1_crw_128",21,"254027_0_t1_20240416T170000",2024-04-16 17:00:00,-121.956722034696,36.5374009383207,0,"available_crw"
"254027_0_t1",128,"254027_0_t1_crw_128",22,"254027_0_t1_20240416T230000",2024-04-16 23:00:00,-121.973395425016,36.5458164212162,0,"available_crw"
"254027_0_t1",128,"254027_0_t1_crw_128",23,"254027_0_t1_20240417T050000",2024-04-17 05:00:00,-122.091057451772,36.5716269066452,0,"available_crw"
"254027_0_t1",128,"254027_0_t1_crw_128",24,"254027_0_t1_20240417T110000",2024-04-17 11:00:00,-122.096465239004,36.5530881713177,0,"available_crw"
"254027_0_t1",128,"254027_0_t1_crw_128",25,"254027_0_t1_20240417T170000",2024-04-17 17:00:00,-122.047852793782,36.5172192428721,0,"available_crw"
"254027_0_t1",128,"254027_0_t1_crw_128",26,"254027_0_t1_20240417T230000",2024-04-17 23:00:00,-122.132071957052,36.4902528828566,0,"available_crw"
"254027_0_t1",128,"254027_0_t1_crw_128",27,"254027_0_t1_20240418T050000",2024-04-18 05:00:00,-122.326393223639,36.7126837013908,0,"available_crw"
"254027_0_t1",128,"254027_0_t1_crw_128",28,"254027_0_t1_20240418T110000",2024-04-18 11:00:00,-122.354289806363,36.7546447569367,0,"available_crw"
"254027_0_t1",128,"254027_0_t1_crw_128",29,"254027_0_t1_20240418T170000",2024-04-18 17:00:00,-122.412382522503,36.9068168127416,0,"available_crw"
"254027_0_t1",128,"254027_0_t1_crw_128",30,"254027_0_t1_20240418T230000",2024-04-18 23:00:00,-122.589433623741,36.9068810562739,0,"available_crw"
"254027_0_t1",128,"254027_0_t1_crw_128",31,"254027_0_t1_20240419T050000",2024-04-19 05:00:00,-122.71043800022,36.9008023380404,0,"available_crw"
"254027_0_t1",128,"254027_0_t1_crw_128",32,"254027_0_t1_20240419T110000",2024-04-19 11:00:00,-123.026371122454,36.89602732055,0,"available_crw"
"254027_0_t1",129,"254027_0_t1_crw_129",1,"254027_0_t1_20240411T170000",2024-04-11 17:00:00,-121.8431658,36.81026373,0,"available_crw"
"254027_0_t1",129,"254027_0_t1_crw_129",2,"254027_0_t1_20240411T230000",2024-04-11 23:00:00,-121.845789102579,36.6466460331804,0,"available_crw"
"254027_0_t1",129,"254027_0_t1_crw_129",3,"254027_0_t1_20240412T050000",2024-04-12 05:00:00,-121.862948095919,36.685383509571,0,"available_crw"
"254027_0_t1",129,"254027_0_t1_crw_129",4,"254027_0_t1_20240412T110000",2024-04-12 11:00:00,-121.888788203168,36.736066108712,0,"available_crw"
"254027_0_t1",129,"254027_0_t1_crw_129",5,"254027_0_t1_20240412T170000",2024-04-12 17:00:00,-121.863744005209,36.7031947994581,0,"available_crw"
"254027_0_t1",129,"254027_0_t1_crw_129",6,"254027_0_t1_20240412T230000",2024-04-12 23:00:00,-121.87732017141,36.7097292135237,0,"available_crw"
"254027_0_t1",129,"254027_0_t1_crw_129",7,"254027_0_t1_20240413T050000",2024-04-13 05:00:00,-122.024473956752,36.8161064420469,0,"available_crw"
"254027_0_t1",129,"254027_0_t1_crw_129",8,"254027_0_t1_20240413T110000",2024-04-13 11:00:00,-122.154840963481,36.8521023085801,0,"available_crw"
"254027_0_t1",129,"254027_0_t1_crw_129",9,"254027_0_t1_20240413T170000",2024-04-13 17:00:00,-122.271681910767,36.8779050626405,0,"available_crw"
"254027_0_t1",129,"254027_0_t1_crw_129",10,"254027_0_t1_20240413T230000",2024-04-13 23:00:00,-122.446716685045,36.8778207093438,0,"available_crw"
"254027_0_t1",129,"254027_0_t1_crw_129",11,"254027_0_t1_20240414T050000",2024-04-14 05:00:00,-122.762349945083,36.8886731748765,0,"available_crw"
"254027_0_t1",129,"254027_0_t1_crw_129",12,"254027_0_t1_20240414T110000",2024-04-14 11:00:00,-122.891464028618,36.8497178633235,0,"available_crw"
"254027_0_t1",129,"254027_0_t1_crw_129",13,"254027_0_t1_20240414T170000",2024-04-14 17:00:00,-122.991347866558,36.773369446861,0,"available_crw"
"254027_0_t1",129,"254027_0_t1_crw_129",14,"254027_0_t1_20240414T230000",2024-04-14 23:00:00,-123.11549173134,36.6892917077721,0,"available_crw"
"254027_0_t1",129,"254027_0_t1_crw_129",15,"254027_0_t1_20240415T050000",2024-04-15 05:00:00,-123.165014016465,36.6633320330936,0,"available_crw"
"254027_0_t1",129,"254027_0_t1_crw_129",16,"254027_0_t1_20240415T110000",2024-04-15 11:00:00,-123.424434941064,36.58952948414,0,"available_crw"
"254027_0_t1",129,"254027_0_t1_crw_129",17,"254027_0_t1_20240415T170000",2024-04-15 17:00:00,-123.642291330494,36.8397951242235,0,"available_crw"
"254027_0_t1",129,"254027_0_t1_crw_129",18,"254027_0_t1_20240415T230000",2024-04-15 23:00:00,-123.738630122348,36.9005001528846,0,"available_crw"
"254027_0_t1",129,"254027_0_t1_crw_129",19,"254027_0_t1_20240416T050000",2024-04-16 05:00:00,-123.727369315777,36.9135405374934,0,"available_crw"
"254027_0_t1",129,"254027_0_t1_crw_129",20,"254027_0_t1_20240416T110000",2024-04-16 11:00:00,-123.730090258761,36.9065658309532,0,"available_crw"
"254027_0_t1",129,"254027_0_t1_crw_129",21,"254027_0_t1_20240416T170000",2024-04-16 17:00:00,-123.732903782932,36.919099764726,0,"available_crw"
"254027_0_t1",129,"254027_0_t1_crw_129",22,"254027_0_t1_20240416T230000",2024-04-16 23:00:00,-123.908718746545,36.9361419335077,0,"available_crw"
"254027_0_t1",129,"254027_0_t1_crw_129",23,"254027_0_t1_20240417T050000",2024-04-17 05:00:00,-123.976790807165,36.9401012466411,0,"available_crw"
"254027_0_t1",129,"254027_0_t1_crw_129",24,"254027_0_t1_20240417T110000",2024-04-17 11:00:00,-123.959235934319,36.9094944407912,0,"available_crw"
"254027_0_t1",129,"254027_0_t1_crw_129",25,"254027_0_t1_20240417T170000",2024-04-17 17:00:00,-123.7836855892,36.9280805216865,0,"available_crw"
"254027_0_t1",129,"254027_0_t1_crw_129",26,"254027_0_t1_20240417T230000",2024-04-17 23:00:00,-123.663021395973,36.9380806217098,0,"available_crw"
"254027_0_t1",129,"254027_0_t1_crw_129",27,"254027_0_t1_20240418T050000",2024-04-18 05:00:00,-123.705306489486,36.9376569668781,0,"available_crw"
"254027_0_t1",129,"254027_0_t1_crw_129",28,"254027_0_t1_20240418T110000",2024-04-18 11:00:00,-123.826251463033,36.9303910557509,0,"available_crw"
"254027_0_t1",129,"254027_0_t1_crw_129",29,"254027_0_t1_20240418T170000",2024-04-18 17:00:00,-123.779690069042,36.9475610653914,0,"available_crw"
"254027_0_t1",129,"254027_0_t1_crw_129",30,"254027_0_t1_20240418T230000",2024-04-18 23:00:00,-123.486225941504,37.0423771469388,0,"available_crw"
"254027_0_t1",129,"254027_0_t1_crw_129",31,"254027_0_t1_20240419T050000",2024-04-19 05:00:00,-123.477758054281,37.0950966400773,0,"available_crw"
"254027_0_t1",129,"254027_0_t1_crw_129",32,"254027_0_t1_20240419T110000",2024-04-19 11:00:00,-123.47618944251,37.0565536904376,0,"available_crw"
"254027_0_t1",130,"254027_0_t1_crw_130",1,"254027_0_t1_20240411T170000",2024-04-11 17:00:00,-121.8431658,36.81026373,0,"available_crw"
"254027_0_t1",130,"254027_0_t1_crw_130",2,"254027_0_t1_20240411T230000",2024-04-11 23:00:00,-121.829045181328,36.8160322824237,0,"available_crw"
"254027_0_t1",130,"254027_0_t1_crw_130",3,"254027_0_t1_20240412T050000",2024-04-12 05:00:00,-121.863709145784,36.8349742700679,0,"available_crw"
"254027_0_t1",130,"254027_0_t1_crw_130",4,"254027_0_t1_20240412T110000",2024-04-12 11:00:00,-121.980509857437,36.8643647109381,0,"available_crw"
"254027_0_t1",130,"254027_0_t1_crw_130",5,"254027_0_t1_20240412T170000",2024-04-12 17:00:00,-121.964913140798,36.8666320280787,0,"available_crw"
"254027_0_t1",130,"254027_0_t1_crw_130",6,"254027_0_t1_20240412T230000",2024-04-12 23:00:00,-121.977425581986,36.8588150438926,0,"available_crw"
"254027_0_t1",130,"254027_0_t1_crw_130",7,"254027_0_t1_20240413T050000",2024-04-13 05:00:00,-122.242281019242,37.0285726696935,0,"available_crw"
"254027_0_t1",130,"254027_0_t1_crw_130",8,"254027_0_t1_20240413T110000",2024-04-13 11:00:00,-122.335319691832,37.0912065910576,0,"available_crw"
"254027_0_t1",130,"254027_0_t1_crw_130",9,"254027_0_t1_20240413T170000",2024-04-13 17:00:00,-122.389720465042,37.1244220770517,0,"available_crw"
"254027_0_t1",130,"254027_0_t1_crw_130",10,"254027_0_t1_20240413T230000",2024-04-13 23:00:00,-122.633242828286,37.2870746343416,0,"available_crw"
"254027_0_t1",130,"254027_0_t1_crw_130",11,"254027_0_t1_20240414T050000",2024-04-14 05:00:00,-122.673984339066,37.3217938694709,0,"available_crw"
"254027_0_t1",130,"254027_0_t1_crw_130",12,"254027_0_t1_20240414T110000",2024-04-14 11:00:00,-122.658928079069,37.3175986190271,0,"available_crw"
"254027_0_t1",130,"254027_0_t1_crw_130",13,"254027_0_t1_20240414T170000",2024-04-14 17:00:00,-122.605532850947,37.2964931836486,0,"available_crw"
"254027_0_t1",130,"254027_0_t1_crw_130",14,"254027_0_t1_20240414T230000",2024-04-14 23:00:00,-122.669299378704,37.1929515788967,0,"available_crw"
"254027_0_t1",130,"254027_0_t1_crw_130",15,"254027_0_t1_20240415T050000",2024-04-15 05:00:00,-122.846678563165,37.0227191862722,0,"available_crw"
"254027_0_t1",130,"254027_0_t1_crw_130",16,"254027_0_t1_20240415T110000",2024-04-15 11:00:00,-122.843326109246,37.0351686410599,0,"available_crw"
"254027_0_t1",130,"254027_0_t1_crw_130",17,"254027_0_t1_20240415T170000",2024-04-15 17:00:00,-122.462669089183,37.0519151608357,0,"available_crw"
"254027_0_t1",130,"254027_0_t1_crw_130",18,"254027_0_t1_20240415T230000",2024-04-15 23:00:00,-122.341969378634,37.06294696722,0,"available_crw"
"254027_0_t1",130,"254027_0_t1_crw_130",19,"254027_0_t1_20240416T050000",2024-04-16 05:00:00,-122.345442813903,37.0817866947873,0,"available_crw"
"254027_0_t1",130,"254027_0_t1_crw_130",20,"254027_0_t1_20240416T110000",2024-04-16 11:00:00,-122.346822817455,37.1293619145181,0,"available_crw"
"254027_0_t1",130,"254027_0_t1_crw_130",21,"254027_0_t1_20240416T170000",2024-04-16 17:00:00,-122.405535686545,37.1541802153381,0,"available_crw"
"254027_0_t1",130,"254027_0_t1_crw_130",22,"254027_0_t1_20240416T230000",2024-04-16 23:00:00,-122.516453619237,37.194196281789,0,"available_crw"
"254027_0_t1",130,"254027_0_t1_crw_130",23,"254027_0_t1_20240417T050000",2024-04-17 05:00:00,-122.654924997127,37.1966973515944,0,"available_crw"
"254027_0_t1",130,"254027_0_t1_crw_130",24,"254027_0_t1_20240417T110000",2024-04-17 11:00:00,-122.776520461124,37.2013584602152,0,"available_crw"
"254027_0_t1",130,"254027_0_t1_crw_130",25,"254027_0_t1_20240417T170000",2024-04-17 17:00:00,-122.762078432804,37.2067206095886,0,"available_crw"
"254027_0_t1",130,"254027_0_t1_crw_130",26,"254027_0_t1_20240417T230000",2024-04-17 23:00:00,-122.670134389101,37.272081861892,0,"available_crw"
"254027_0_t1",130,"254027_0_t1_crw_130",27,"254027_0_t1_20240418T050000",2024-04-18 05:00:00,-122.422771339088,37.4314548277858,0,"available_crw"
"254027_0_t1",130,"254027_0_t1_crw_130",28,"254027_0_t1_20240418T110000",2024-04-18 11:00:00,-122.429153385734,37.4197810900239,0,"available_crw"
"254027_0_t1",130,"254027_0_t1_crw_130",29,"254027_0_t1_20240418T170000",2024-04-18 17:00:00,-122.470930263638,37.3283100214211,0,"available_crw"
"254027_0_t1",130,"254027_0_t1_crw_130",30,"254027_0_t1_20240418T230000",2024-04-18 23:00:00,-122.606889197907,37.3675196920435,0,"available_crw"
"254027_0_t1",130,"254027_0_t1_crw_130",31,"254027_0_t1_20240419T050000",2024-04-19 05:00:00,-122.862946171995,37.5376714441562,0,"available_crw"
"254027_0_t1",130,"254027_0_t1_crw_130",32,"254027_0_t1_20240419T110000",2024-04-19 11:00:00,-122.832756315128,37.513711621069,0,"available_crw"
"254027_0_t1",131,"254027_0_t1_crw_131",1,"254027_0_t1_20240411T170000",2024-04-11 17:00:00,-121.8431658,36.81026373,0,"available_crw"
"254027_0_t1",131,"254027_0_t1_crw_131",2,"254027_0_t1_20240411T230000",2024-04-11 23:00:00,-121.964089390817,36.8053723501031,0,"available_crw"
"254027_0_t1",131,"254027_0_t1_crw_131",3,"254027_0_t1_20240412T050000",2024-04-12 05:00:00,-122.280202500231,36.8833329381717,0,"available_crw"
"254027_0_t1",131,"254027_0_t1_crw_131",4,"254027_0_t1_20240412T110000",2024-04-12 11:00:00,-122.232639453819,36.878116947241,0,"available_crw"
"254027_0_t1",131,"254027_0_t1_crw_131",5,"254027_0_t1_20240412T170000",2024-04-12 17:00:00,-122.251800368897,36.763735464248,0,"available_crw"
"254027_0_t1",131,"254027_0_t1_crw_131",6,"254027_0_t1_20240412T230000",2024-04-12 23:00:00,-122.271468576819,36.7649303174023,0,"available_crw"
"254027_0_t1",131,"254027_0_t1_crw_131",7,"254027_0_t1_20240413T050000",2024-04-13 05:00:00,-122.307908408757,36.7205964202137,0,"available_crw"
"254027_0_t1",131,"254027_0_t1_crw_131",8,"254027_0_t1_20240413T110000",2024-04-13 11:00:00,-122.362250159344,36.5869649309064,0,"available_crw"
"254027_0_t1",131,"254027_0_t1_crw_131",9,"254027_0_t1_20240413T170000",2024-04-13 17:00:00,-122.498421318004,36.6225811138414,0,"available_crw"
"254027_0_t1",131,"254027_0_t1_crw_131",10,"254027_0_t1_20240413T230000",2024-04-13 23:00:00,-122.671234248675,36.6997500465244,0,"available_crw"
"254027_0_t1",131,"254027_0_t1_crw_131",11,"254027_0_t1_20240414T050000",2024-04-14 05:00:00,-122.719054510311,36.7277285654759,0,"available_crw"
"254027_0_t1",131,"254027_0_t1_crw_131",12,"254027_0_t1_20240414T110000",2024-04-14 11:00:00,-122.903926967842,36.9480844113512,0,"available_crw"
"254027_0_t1",131,"254027_0_t1_crw_131",13,"254027_0_t1_20240414T170000",2024-04-14 17:00:00,-122.871014087021,36.9199920936949,0,"available_crw"
"254027_0_t1",131,"254027_0_t1_crw_131",14,"254027_0_t1_20240414T230000",2024-04-14 23:00:00,-122.722136795779,37.0318490832457,0,"available_crw"
"254027_0_t1",131,"254027_0_t1_crw_131",15,"254027_0_t1_20240415T050000",2024-04-15 05:00:00,-122.630062439866,37.1515669851973,0,"available_crw"
"254027_0_t1",131,"254027_0_t1_crw_131",16,"254027_0_t1_20240415T110000",2024-04-15 11:00:00,-122.747173837638,37.2585218917388,0,"available_crw"
"254027_0_t1",131,"254027_0_t1_crw_131",17,"254027_0_t1_20240415T170000",2024-04-15 17:00:00,-122.833027979815,37.327618950696,0,"available_crw"
"254027_0_t1",131,"254027_0_t1_crw_131",18,"254027_0_t1_20240415T230000",2024-04-15 23:00:00,-122.82493503159,37.3242058998352,0,"available_crw"
"254027_0_t1",131,"254027_0_t1_crw_131",19,"254027_0_t1_20240416T050000",2024-04-16 05:00:00,-122.833173863211,37.3097656961268,0,"available_crw"
"254027_0_t1",131,"254027_0_t1_crw_131",20,"254027_0_t1_20240416T110000",2024-04-16 11:00:00,-123.06605872881,37.1201910826739,0,"available_crw"
"254027_0_t1",131,"254027_0_t1_crw_131",21,"254027_0_t1_20240416T170000",2024-04-16 17:00:00,-123.112548559743,37.0905549572204,0,"available_crw"
"254027_0_t1",131,"254027_0_t1_crw_131",22,"254027_0_t1_20240416T230000",2024-04-16 23:00:00,-123.209555407135,37.0319057286863,0,"available_crw"
"254027_0_t1",131,"254027_0_t1_crw_131",23,"254027_0_t1_20240417T050000",2024-04-17 05:00:00,-123.260953597779,37.0081094066577,0,"available_crw"
"254027_0_t1",131,"254027_0_t1_crw_131",24,"254027_0_t1_20240417T110000",2024-04-17 11:00:00,-123.267445133331,37.0810669513689,0,"available_crw"
"254027_0_t1",131,"254027_0_t1_crw_131",25,"254027_0_t1_20240417T170000",2024-04-17 17:00:00,-123.25909514598,37.0702296876679,0,"available_crw"
"254027_0_t1",131,"254027_0_t1_crw_131",26,"254027_0_t1_20240417T230000",2024-04-17 23:00:00,-123.272762443162,37.0767316978697,0,"available_crw"
"254027_0_t1",131,"254027_0_t1_crw_131",27,"254027_0_t1_20240418T050000",2024-04-18 05:00:00,-123.537887588071,37.2158589284339,0,"available_crw"
"254027_0_t1",131,"254027_0_t1_crw_131",28,"254027_0_t1_20240418T110000",2024-04-18 11:00:00,-123.528017366539,37.2296252883674,0,"available_crw"
"254027_0_t1",131,"254027_0_t1_crw_131",29,"254027_0_t1_20240418T170000",2024-04-18 17:00:00,-123.464570985803,37.3127615851103,0,"available_crw"
"254027_0_t1",131,"254027_0_t1_crw_131",30,"254027_0_t1_20240418T230000",2024-04-18 23:00:00,-123.318017680958,37.4373135263674,0,"available_crw"
"254027_0_t1",131,"254027_0_t1_crw_131",31,"254027_0_t1_20240419T050000",2024-04-19 05:00:00,-123.084585151821,37.5579984953591,0,"available_crw"
"254027_0_t1",131,"254027_0_t1_crw_131",32,"254027_0_t1_20240419T110000",2024-04-19 11:00:00,-123.088925677713,37.6110370474535,0,"available_crw"
"254027_0_t1",132,"254027_0_t1_crw_132",1,"254027_0_t1_20240411T170000",2024-04-11 17:00:00,-121.8431658,36.81026373,0,"available_crw"
"254027_0_t1",132,"254027_0_t1_crw_132",2,"254027_0_t1_20240411T230000",2024-04-11 23:00:00,-121.911257172552,36.8083374476338,0,"available_crw"
"254027_0_t1",132,"254027_0_t1_crw_132",3,"254027_0_t1_20240412T050000",2024-04-12 05:00:00,-122.027003548324,36.776565324093,0,"available_crw"
"254027_0_t1",132,"254027_0_t1_crw_132",4,"254027_0_t1_20240412T110000",2024-04-12 11:00:00,-122.122076349676,36.7483736606365,0,"available_crw"
"254027_0_t1",132,"254027_0_t1_crw_132",5,"254027_0_t1_20240412T170000",2024-04-12 17:00:00,-122.11145861699,36.7578185148683,0,"available_crw"
"254027_0_t1",132,"254027_0_t1_crw_132",6,"254027_0_t1_20240412T230000",2024-04-12 23:00:00,-121.939672911969,36.8583796481733,0,"available_crw"
"254027_0_t1",132,"254027_0_t1_crw_132",7,"254027_0_t1_20240413T050000",2024-04-13 05:00:00,-121.886418097646,36.8925986608234,0,"available_crw"
"254027_0_t1",132,"254027_0_t1_crw_132",8,"254027_0_t1_20240413T110000",2024-04-13 11:00:00,-121.79659500974,36.8025599968366,0,"available_crw"
"254027_0_t1",132,"254027_0_t1_crw_132",9,"254027_0_t1_20240413T170000",2024-04-13 17:00:00,-122.01849688015,36.5547011638368,0,"available_crw"
"254027_0_t1",132,"254027_0_t1_crw_132",10,"254027_0_t1_20240413T230000",2024-04-13 23:00:00,-122.004987999944,36.594363762133,0,"available_crw"
"254027_0_t1",132,"254027_0_t1_crw_132",11,"254027_0_t1_20240414T050000",2024-04-14 05:00:00,-121.969849150083,36.687537199532,0,"available_crw"
"254027_0_t1",132,"254027_0_t1_crw_132",12,"254027_0_t1_20240414T110000",2024-04-14 11:00:00,-121.867854576312,36.8373979447055,0,"available_crw"
"254027_0_t1",132,"254027_0_t1_crw_132",13,"254027_0_t1_20240414T170000",2024-04-14 17:00:00,-121.889003293746,36.8459833825831,0,"available_crw"
"254027_0_t1",132,"254027_0_t1_crw_132",14,"254027_0_t1_20240414T230000",2024-04-14 23:00:00,-122.011602895024,36.7435568410923,0,"available_crw"
"254027_0_t1",132,"254027_0_t1_crw_132",15,"254027_0_t1_20240415T050000",2024-04-15 05:00:00,-122.173399576401,36.6521213373171,0,"available_crw"
"254027_0_t1",132,"254027_0_t1_crw_132",16,"254027_0_t1_20240415T110000",2024-04-15 11:00:00,-122.254754968243,36.6036761895632,0,"available_crw"
"254027_0_t1",132,"254027_0_t1_crw_132",17,"254027_0_t1_20240415T170000",2024-04-15 17:00:00,-122.134478393328,36.4719180763834,0,"available_crw"
"254027_0_t1",132,"254027_0_t1_crw_132",18,"254027_0_t1_20240415T230000",2024-04-15 23:00:00,-121.960556398597,36.2606790617395,0,"available_crw"
"254027_0_t1",132,"254027_0_t1_crw_132",19,"254027_0_t1_20240416T050000",2024-04-16 05:00:00,-121.883964302298,36.002263492416,0,"available_crw"
"254027_0_t1",132,"254027_0_t1_crw_132",20,"254027_0_t1_20240416T110000",2024-04-16 11:00:00,-122.212506623178,35.853920279493,0,"available_crw"
"254027_0_t1",132,"254027_0_t1_crw_132",21,"254027_0_t1_20240416T170000",2024-04-16 17:00:00,-122.296519863282,35.7832275062901,0,"available_crw"
"254027_0_t1",132,"254027_0_t1_crw_132",22,"254027_0_t1_20240416T230000",2024-04-16 23:00:00,-122.277700779696,35.7323239147085,0,"available_crw"
"254027_0_t1",132,"254027_0_t1_crw_132",23,"254027_0_t1_20240417T050000",2024-04-17 05:00:00,-122.258518960999,35.5738904952217,0,"available_crw"
"254027_0_t1",132,"254027_0_t1_crw_132",24,"254027_0_t1_20240417T110000",2024-04-17 11:00:00,-122.258869430281,35.6078427332803,0,"available_crw"
"254027_0_t1",132,"254027_0_t1_crw_132",25,"254027_0_t1_20240417T170000",2024-04-17 17:00:00,-122.256128465371,35.6008833636177,0,"available_crw"
"254027_0_t1",132,"254027_0_t1_crw_132",26,"254027_0_t1_20240417T230000",2024-04-17 23:00:00,-122.187782339825,35.5198812238147,0,"available_crw"
"254027_0_t1",132,"254027_0_t1_crw_132",27,"254027_0_t1_20240418T050000",2024-04-18 05:00:00,-122.169049671543,35.5312099255088,0,"available_crw"
"254027_0_t1",132,"254027_0_t1_crw_132",28,"254027_0_t1_20240418T110000",2024-04-18 11:00:00,-122.175856182132,35.5197507549636,0,"available_crw"
"254027_0_t1",132,"254027_0_t1_crw_132",29,"254027_0_t1_20240418T170000",2024-04-18 17:00:00,-122.303075375362,35.5699028259753,0,"available_crw"
"254027_0_t1",132,"254027_0_t1_crw_132",30,"254027_0_t1_20240418T230000",2024-04-18 23:00:00,-122.24194019336,35.6739901775608,0,"available_crw"
"254027_0_t1",132,"254027_0_t1_crw_132",31,"254027_0_t1_20240419T050000",2024-04-19 05:00:00,-122.210398428149,35.7140346588932,0,"available_crw"
"254027_0_t1",132,"254027_0_t1_crw_132",32,"254027_0_t1_20240419T110000",2024-04-19 11:00:00,-122.230463247635,35.7237861159178,0,"available_crw"
"254027_0_t1",133,"254027_0_t1_crw_133",1,"254027_0_t1_20240411T170000",2024-04-11 17:00:00,-121.8431658,36.81026373,0,"available_crw"
"254027_0_t1",133,"254027_0_t1_crw_133",2,"254027_0_t1_20240411T230000",2024-04-11 23:00:00,-121.960653455144,36.7829241368097,0,"available_crw"
"254027_0_t1",133,"254027_0_t1_crw_133",3,"254027_0_t1_20240412T050000",2024-04-12 05:00:00,-122.290362383217,36.8005244594212,0,"available_crw"
"254027_0_t1",133,"254027_0_t1_crw_133",4,"254027_0_t1_20240412T110000",2024-04-12 11:00:00,-122.348504447691,36.8094054293515,0,"available_crw"
"254027_0_t1",133,"254027_0_t1_crw_133",5,"254027_0_t1_20240412T170000",2024-04-12 17:00:00,-122.35212889856,36.7905847011791,0,"available_crw"
"254027_0_t1",133,"254027_0_t1_crw_133",6,"254027_0_t1_20240412T230000",2024-04-12 23:00:00,-122.335186266317,36.6931632916009,0,"available_crw"
"254027_0_t1",133,"254027_0_t1_crw_133",7,"254027_0_t1_20240413T050000",2024-04-13 05:00:00,-122.337251789048,36.7270700351006,0,"available_crw"
"254027_0_t1",133,"254027_0_t1_crw_133",8,"254027_0_t1_20240413T110000",2024-04-13 11:00:00,-122.304157287175,36.895854379544,0,"available_crw"
"254027_0_t1",133,"254027_0_t1_crw_133",9,"254027_0_t1_20240413T170000",2024-04-13 17:00:00,-122.235959672627,37.0453228840121,0,"available_crw"
"254027_0_t1",133,"254027_0_t1_crw_133",10,"254027_0_t1_20240413T230000",2024-04-13 23:00:00,-122.236401976813,37.0380227421583,0,"available_crw"
"254027_0_t1",133,"254027_0_t1_crw_133",11,"254027_0_t1_20240414T050000",2024-04-14 05:00:00,-122.206766458613,36.942573393523,0,"available_crw"
"254027_0_t1",133,"254027_0_t1_crw_133",12,"254027_0_t1_20240414T110000",2024-04-14 11:00:00,-122.205459623863,36.7208530634006,0,"available_crw"
"254027_0_t1",133,"254027_0_t1_crw_133",13,"254027_0_t1_20240414T170000",2024-04-14 17:00:00,-122.20264277196,36.6393576310735,0,"available_crw"
"254027_0_t1",133,"254027_0_t1_crw_133",14,"254027_0_t1_20240414T230000",2024-04-14 23:00:00,-122.15197762044,36.5048062531746,0,"available_crw"
"254027_0_t1",133,"254027_0_t1_crw_133",15,"254027_0_t1_20240415T050000",2024-04-15 05:00:00,-122.084518846141,36.4229035988447,0,"available_crw"
"254027_0_t1",133,"254027_0_t1_crw_133",16,"254027_0_t1_20240415T110000",2024-04-15 11:00:00,-122.20320065704,36.358758392562,0,"available_crw"
"254027_0_t1",133,"254027_0_t1_crw_133",17,"254027_0_t1_20240415T170000",2024-04-15 17:00:00,-122.168318849333,36.3850569292022,0,"available_crw"
"254027_0_t1",133,"254027_0_t1_crw_133",18,"254027_0_t1_20240415T230000",2024-04-15 23:00:00,-122.197549689515,36.3545852085483,0,"available_crw"
"254027_0_t1",133,"254027_0_t1_crw_133",19,"254027_0_t1_20240416T050000",2024-04-16 05:00:00,-122.194392569557,36.3614341697836,0,"available_crw"
"254027_0_t1",133,"254027_0_t1_crw_133",20,"254027_0_t1_20240416T110000",2024-04-16 11:00:00,-122.21252449313,36.330817647153,0,"available_crw"
"254027_0_t1",133,"254027_0_t1_crw_133",21,"254027_0_t1_20240416T170000",2024-04-16 17:00:00,-122.446909697381,36.1448246617277,0,"available_crw"
"254027_0_t1",133,"254027_0_t1_crw_133",22,"254027_0_t1_20240416T230000",2024-04-16 23:00:00,-122.623964397025,36.0523169079072,0,"available_crw"
"254027_0_t1",133,"254027_0_t1_crw_133",23,"254027_0_t1_20240417T050000",2024-04-17 05:00:00,-122.726389517616,36.001675778941,0,"available_crw"
"254027_0_t1",133,"254027_0_t1_crw_133",24,"254027_0_t1_20240417T110000",2024-04-17 11:00:00,-122.810806346785,35.9576175807417,0,"available_crw"
"254027_0_t1",133,"254027_0_t1_crw_133",25,"254027_0_t1_20240417T170000",2024-04-17 17:00:00,-122.774352455106,35.9415737108189,0,"available_crw"
"254027_0_t1",133,"254027_0_t1_crw_133",26,"254027_0_t1_20240417T230000",2024-04-17 23:00:00,-122.678121333585,36.0853643705733,0,"available_crw"
"254027_0_t1",133,"254027_0_t1_crw_133",27,"254027_0_t1_20240418T050000",2024-04-18 05:00:00,-122.592491341721,36.1959671070132,0,"available_crw"
"254027_0_t1",133,"254027_0_t1_crw_133",28,"254027_0_t1_20240418T110000",2024-04-18 11:00:00,-122.274882996446,36.1082690801959,0,"available_crw"
"254027_0_t1",133,"254027_0_t1_crw_133",29,"254027_0_t1_20240418T170000",2024-04-18 17:00:00,-122.313096496746,36.122099511531,0,"available_crw"
"254027_0_t1",133,"254027_0_t1_crw_133",30,"254027_0_t1_20240418T230000",2024-04-18 23:00:00,-122.421455217594,36.1640683020072,0,"available_crw"
"254027_0_t1",133,"254027_0_t1_crw_133",31,"254027_0_t1_20240419T050000",2024-04-19 05:00:00,-122.508382804804,36.0163912539277,0,"available_crw"
"254027_0_t1",133,"254027_0_t1_crw_133",32,"254027_0_t1_20240419T110000",2024-04-19 11:00:00,-122.635542267165,35.8803194808467,0,"available_crw"
"254027_0_t1",134,"254027_0_t1_crw_134",1,"254027_0_t1_20240411T170000",2024-04-11 17:00:00,-121.8431658,36.81026373,0,"available_crw"
"254027_0_t1",134,"254027_0_t1_crw_134",2,"254027_0_t1_20240411T230000",2024-04-11 23:00:00,-121.834458612754,36.8123606452942,0,"available_crw"
"254027_0_t1",134,"254027_0_t1_crw_134",3,"254027_0_t1_20240412T050000",2024-04-12 05:00:00,-121.849094208418,36.7401774484254,0,"available_crw"
"254027_0_t1",134,"254027_0_t1_crw_134",4,"254027_0_t1_20240412T110000",2024-04-12 11:00:00,-121.833127055141,36.642658565681,0,"available_crw"
"254027_0_t1",134,"254027_0_t1_crw_134",5,"254027_0_t1_20240412T170000",2024-04-12 17:00:00,-121.842219592158,36.6530754035252,0,"available_crw"
"254027_0_t1",134,"254027_0_t1_crw_134",6,"254027_0_t1_20240412T230000",2024-04-12 23:00:00,-121.883908354665,36.6963639932672,0,"available_crw"
"254027_0_t1",134,"254027_0_t1_crw_134",7,"254027_0_t1_20240413T050000",2024-04-13 05:00:00,-121.869069402833,36.7068060273158,0,"available_crw"
"254027_0_t1",134,"254027_0_t1_crw_134",8,"254027_0_t1_20240413T110000",2024-04-13 11:00:00,-122.002814962681,36.8300853824095,0,"available_crw"
"254027_0_t1",134,"254027_0_t1_crw_134",9,"254027_0_t1_20240413T170000",2024-04-13 17:00:00,-122.036003914081,36.8694953369696,0,"available_crw"
"254027_0_t1",134,"254027_0_t1_crw_134",10,"254027_0_t1_20240413T230000",2024-04-13 23:00:00,-122.055065797697,36.8394819512817,0,"available_crw"
"254027_0_t1",134,"254027_0_t1_crw_134",11,"254027_0_t1_20240414T050000",2024-04-14 05:00:00,-122.090530168833,36.701793553769,0,"available_crw"
"254027_0_t1",134,"254027_0_t1_crw_134",12,"254027_0_t1_20240414T110000",2024-04-14 11:00:00,-122.063828734266,36.5930966146894,0,"available_crw"
"254027_0_t1",134,"254027_0_t1_crw_134",13,"254027_0_t1_20240414T170000",2024-04-14 17:00:00,-122.017143435765,36.3421318015577,0,"available_crw"
"254027_0_t1",134,"254027_0_t1_crw_134",14,"254027_0_t1_20240414T230000",2024-04-14 23:00:00,-122.015646524804,36.2945554488925,0,"available_crw"
"254027_0_t1",134,"254027_0_t1_crw_134",15,"254027_0_t1_20240415T050000",2024-04-15 05:00:00,-122.010780505214,36.2399052000015,0,"available_crw"
"254027_0_t1",134,"254027_0_t1_crw_134",16,"254027_0_t1_20240415T110000",2024-04-15 11:00:00,-121.967513858892,36.1479946240125,0,"available_crw"
"254027_0_t1",134,"254027_0_t1_crw_134",17,"254027_0_t1_20240415T170000",2024-04-15 17:00:00,-121.991355763883,36.1813652453256,0,"available_crw"
"254027_0_t1",134,"254027_0_t1_crw_134",18,"254027_0_t1_20240415T230000",2024-04-15 23:00:00,-121.978076645893,36.1745590085702,0,"available_crw"
"254027_0_t1",134,"254027_0_t1_crw_134",19,"254027_0_t1_20240416T050000",2024-04-16 05:00:00,-121.812290042651,36.1333530635161,0,"available_crw"
"254027_0_t1",134,"254027_0_t1_crw_134",20,"254027_0_t1_20240416T110000",2024-04-16 11:00:00,-121.823061918328,35.827867204249,0,"available_crw"
"254027_0_t1",134,"254027_0_t1_crw_134",21,"254027_0_t1_20240416T170000",2024-04-16 17:00:00,-121.799674491723,35.8279637513366,0,"available_crw"
"254027_0_t1",134,"254027_0_t1_crw_134",22,"254027_0_t1_20240416T230000",2024-04-16 23:00:00,-121.741647039579,35.8223225085679,0,"available_crw"
"254027_0_t1",134,"254027_0_t1_crw_134",23,"254027_0_t1_20240417T050000",2024-04-17 05:00:00,-121.434436605443,35.7802344769645,0,"available_crw"
"254027_0_t1",134,"254027_0_t1_crw_134",24,"254027_0_t1_20240417T110000",2024-04-17 11:00:00,-121.486615947925,35.7207324956257,0,"available_crw"
"254027_0_t1",134,"254027_0_t1_crw_134",25,"254027_0_t1_20240417T170000",2024-04-17 17:00:00,-121.640382675724,35.6047524935681,0,"available_crw"
"254027_0_t1",134,"254027_0_t1_crw_134",26,"254027_0_t1_20240417T230000",2024-04-17 23:00:00,-121.72267283509,35.5343173355546,0,"available_crw"
"254027_0_t1",134,"254027_0_t1_crw_134",27,"254027_0_t1_20240418T050000",2024-04-18 05:00:00,-121.767725655072,35.5041741083778,0,"available_crw"
"254027_0_t1",134,"254027_0_t1_crw_134",28,"254027_0_t1_20240418T110000",2024-04-18 11:00:00,-121.736469772043,35.5330622693625,0,"available_crw"
"254027_0_t1",134,"254027_0_t1_crw_134",29,"254027_0_t1_20240418T170000",2024-04-18 17:00:00,-121.694408658888,35.5757358249376,0,"available_crw"
"254027_0_t1",134,"254027_0_t1_crw_134",30,"254027_0_t1_20240418T230000",2024-04-18 23:00:00,-121.710370272839,35.5367225350428,0,"available_crw"
"254027_0_t1",134,"254027_0_t1_crw_134",31,"254027_0_t1_20240419T050000",2024-04-19 05:00:00,-121.702760291252,35.5747854598516,0,"available_crw"
"254027_0_t1",134,"254027_0_t1_crw_134",32,"254027_0_t1_20240419T110000",2024-04-19 11:00:00,-121.686345894885,35.6204521222738,0,"available_crw"
"254027_0_t1",135,"254027_0_t1_crw_135",1,"254027_0_t1_20240411T170000",2024-04-11 17:00:00,-121.8431658,36.81026373,0,"available_crw"
"254027_0_t1",135,"254027_0_t1_crw_135",2,"254027_0_t1_20240411T230000",2024-04-11 23:00:00,-121.960653455144,36.7829241368097,0,"available_crw"
"254027_0_t1",135,"254027_0_t1_crw_135",3,"254027_0_t1_20240412T050000",2024-04-12 05:00:00,-121.953078051844,36.786960098856,0,"available_crw"
"254027_0_t1",135,"254027_0_t1_crw_135",4,"254027_0_t1_20240412T110000",2024-04-12 11:00:00,-121.958812700781,36.7812908931585,0,"available_crw"
"254027_0_t1",135,"254027_0_t1_crw_135",5,"254027_0_t1_20240412T170000",2024-04-12 17:00:00,-122.020888736051,36.716866160512,0,"available_crw"
"254027_0_t1",135,"254027_0_t1_crw_135",6,"254027_0_t1_20240412T230000",2024-04-12 23:00:00,-122.062554954314,36.6831171418059,0,"available_crw"
"254027_0_t1",135,"254027_0_t1_crw_135",7,"254027_0_t1_20240413T050000",2024-04-13 05:00:00,-122.077318222969,36.6936271617624,0,"available_crw"
"254027_0_t1",135,"254027_0_t1_crw_135",8,"254027_0_t1_20240413T110000",2024-04-13 11:00:00,-122.172722792039,36.7534722705287,0,"available_crw"
"254027_0_t1",135,"254027_0_t1_crw_135",9,"254027_0_t1_20240413T170000",2024-04-13 17:00:00,-122.272651504309,36.8084144506592,0,"available_crw"
"254027_0_t1",135,"254027_0_t1_crw_135",10,"254027_0_t1_20240413T230000",2024-04-13 23:00:00,-122.45744806882,36.9731250836459,0,"available_crw"
"254027_0_t1",135,"254027_0_t1_crw_135",11,"254027_0_t1_20240414T050000",2024-04-14 05:00:00,-122.419957998561,36.9489992518162,0,"available_crw"
"254027_0_t1",135,"254027_0_t1_crw_135",12,"254027_0_t1_20240414T110000",2024-04-14 11:00:00,-122.183193561787,36.7810390310893,0,"available_crw"
"254027_0_t1",135,"254027_0_t1_crw_135",13,"254027_0_t1_20240414T170000",2024-04-14 17:00:00,-122.212163277119,36.8057271035163,0,"available_crw"
"254027_0_t1",135,"254027_0_t1_crw_135",14,"254027_0_t1_20240414T230000",2024-04-14 23:00:00,-122.24719748958,36.8440872035816,0,"available_crw"
"254027_0_t1",135,"254027_0_t1_crw_135",15,"254027_0_t1_20240415T050000",2024-04-15 05:00:00,-122.23987397972,36.8397543616785,0,"available_crw"
"254027_0_t1",135,"254027_0_t1_crw_135",16,"254027_0_t1_20240415T110000",2024-04-15 11:00:00,-122.24847167491,36.842134907485,0,"available_crw"
"254027_0_t1",135,"254027_0_t1_crw_135",17,"254027_0_t1_20240415T170000",2024-04-15 17:00:00,-122.241302711424,36.808933582145,0,"available_crw"
"254027_0_t1",135,"254027_0_t1_crw_135",18,"254027_0_t1_20240415T230000",2024-04-15 23:00:00,-122.221684155638,36.7289498796827,0,"available_crw"
"254027_0_t1",135,"254027_0_t1_crw_135",19,"254027_0_t1_20240416T050000",2024-04-16 05:00:00,-122.164503303035,36.6420264195374,0,"available_crw"
"254027_0_t1",135,"254027_0_t1_crw_135",20,"254027_0_t1_20240416T110000",2024-04-16 11:00:00,-122.030479204832,36.4124502749519,0,"available_crw"
"254027_0_t1",135,"254027_0_t1_crw_135",21,"254027_0_t1_20240416T170000",2024-04-16 17:00:00,-121.928553746055,36.3383897821148,0,"available_crw"
"254027_0_t1",135,"254027_0_t1_crw_135",22,"254027_0_t1_20240416T230000",2024-04-16 23:00:00,-121.890014672233,36.3024423466173,0,"available_crw"
"254027_0_t1",135,"254027_0_t1_crw_135",23,"254027_0_t1_20240417T050000",2024-04-17 05:00:00,-121.792402477358,36.1642991743713,0,"available_crw"
"254027_0_t1",135,"254027_0_t1_crw_135",24,"254027_0_t1_20240417T110000",2024-04-17 11:00:00,-121.726585253742,36.0828809762767,0,"available_crw"
"254027_0_t1",135,"254027_0_t1_crw_135",25,"254027_0_t1_20240417T170000",2024-04-17 17:00:00,-121.746280699057,36.1128294003906,0,"available_crw"
"254027_0_t1",135,"254027_0_t1_crw_135",26,"254027_0_t1_20240417T230000",2024-04-17 23:00:00,-121.768921829478,36.0845810113265,0,"available_crw"
"254027_0_t1",135,"254027_0_t1_crw_135",27,"254027_0_t1_20240418T050000",2024-04-18 05:00:00,-121.748834040597,36.0747411413325,0,"available_crw"
"254027_0_t1",135,"254027_0_t1_crw_135",28,"254027_0_t1_20240418T110000",2024-04-18 11:00:00,-121.603845489224,35.9676710137869,0,"available_crw"
"254027_0_t1",135,"254027_0_t1_crw_135",29,"254027_0_t1_20240418T170000",2024-04-18 17:00:00,-121.632082702633,35.992683548829,0,"available_crw"
"254027_0_t1",135,"254027_0_t1_crw_135",30,"254027_0_t1_20240418T230000",2024-04-18 23:00:00,-121.617341844608,35.9883595273939,0,"available_crw"
"254027_0_t1",135,"254027_0_t1_crw_135",31,"254027_0_t1_20240419T050000",2024-04-19 05:00:00,-121.449578496036,35.9063421895825,0,"available_crw"
"254027_0_t1",135,"254027_0_t1_crw_135",32,"254027_0_t1_20240419T110000",2024-04-19 11:00:00,-121.47946581899,35.7566774931804,0,"available_crw"
"254027_0_t1",136,"254027_0_t1_crw_136",1,"254027_0_t1_20240411T170000",2024-04-11 17:00:00,-121.8431658,36.81026373,0,"available_crw"
"254027_0_t1",136,"254027_0_t1_crw_136",2,"254027_0_t1_20240411T230000",2024-04-11 23:00:00,-121.841755589295,36.9256627818187,0,"available_crw"
"254027_0_t1",136,"254027_0_t1_crw_136",3,"254027_0_t1_20240412T050000",2024-04-12 05:00:00,-121.899252648929,36.952020864019,0,"available_crw"
"254027_0_t1",136,"254027_0_t1_crw_136",4,"254027_0_t1_20240412T110000",2024-04-12 11:00:00,-121.848691550253,36.9453340269932,0,"available_crw"
"254027_0_t1",136,"254027_0_t1_crw_136",5,"254027_0_t1_20240412T170000",2024-04-12 17:00:00,-121.863759751827,36.9413474037846,0,"available_crw"
"254027_0_t1",136,"254027_0_t1_crw_136",6,"254027_0_t1_20240412T230000",2024-04-12 23:00:00,-121.871034358694,36.9561019986155,0,"available_crw"
"254027_0_t1",136,"254027_0_t1_crw_136",7,"254027_0_t1_20240413T050000",2024-04-13 05:00:00,-121.836781001998,36.9255153173717,0,"available_crw"
"254027_0_t1",136,"254027_0_t1_crw_136",8,"254027_0_t1_20240413T110000",2024-04-13 11:00:00,-121.844607810536,36.9292472431028,0,"available_crw"
"254027_0_t1",136,"254027_0_t1_crw_136",9,"254027_0_t1_20240413T170000",2024-04-13 17:00:00,-121.901857328349,36.9025677734804,0,"available_crw"
"254027_0_t1",136,"254027_0_t1_crw_136",10,"254027_0_t1_20240413T230000",2024-04-13 23:00:00,-121.985429471843,36.8306916919157,0,"available_crw"
"254027_0_t1",136,"254027_0_t1_crw_136",11,"254027_0_t1_20240414T050000",2024-04-14 05:00:00,-122.000622537452,36.8408242620651,0,"available_crw"
"254027_0_t1",136,"254027_0_t1_crw_136",12,"254027_0_t1_20240414T110000",2024-04-14 11:00:00,-122.132663558357,36.8727368070331,0,"available_crw"
"254027_0_t1",136,"254027_0_t1_crw_136",13,"254027_0_t1_20240414T170000",2024-04-14 17:00:00,-122.431046401718,36.9563742286912,0,"available_crw"
"254027_0_t1",136,"254027_0_t1_crw_136",14,"254027_0_t1_20240414T230000",2024-04-14 23:00:00,-122.421943489275,36.9561435880464,0,"available_crw"
"254027_0_t1",136,"254027_0_t1_crw_136",15,"254027_0_t1_20240415T050000",2024-04-15 05:00:00,-122.300672302417,36.9589780194157,0,"available_crw"
"254027_0_t1",136,"254027_0_t1_crw_136",16,"254027_0_t1_20240415T110000",2024-04-15 11:00:00,-122.348183417799,36.9435582453539,0,"available_crw"
"254027_0_t1",136,"254027_0_t1_crw_136",17,"254027_0_t1_20240415T170000",2024-04-15 17:00:00,-122.356656527317,36.9578964677327,0,"available_crw"
"254027_0_t1",136,"254027_0_t1_crw_136",18,"254027_0_t1_20240415T230000",2024-04-15 23:00:00,-122.402344099864,37.030719895982,0,"available_crw"
"254027_0_t1",136,"254027_0_t1_crw_136",19,"254027_0_t1_20240416T050000",2024-04-16 05:00:00,-122.423185244803,37.0215841467186,0,"available_crw"
"254027_0_t1",136,"254027_0_t1_crw_136",20,"254027_0_t1_20240416T110000",2024-04-16 11:00:00,-122.651338193492,37.2231735312337,0,"available_crw"
"254027_0_t1",136,"254027_0_t1_crw_136",21,"254027_0_t1_20240416T170000",2024-04-16 17:00:00,-122.699740775064,37.2619583053911,0,"available_crw"
"254027_0_t1",136,"254027_0_t1_crw_136",22,"254027_0_t1_20240416T230000",2024-04-16 23:00:00,-122.808191706669,37.3085063118068,0,"available_crw"
"254027_0_t1",136,"254027_0_t1_crw_136",23,"254027_0_t1_20240417T050000",2024-04-17 05:00:00,-122.97985793482,37.3397629575901,0,"available_crw"
"254027_0_t1",136,"254027_0_t1_crw_136",24,"254027_0_t1_20240417T110000",2024-04-17 11:00:00,-123.035924666378,37.3559207511496,0,"available_crw"
"254027_0_t1",136,"254027_0_t1_crw_136",25,"254027_0_t1_20240417T170000",2024-04-17 17:00:00,-123.218467173724,37.4452789626302,0,"available_crw"
"254027_0_t1",136,"254027_0_t1_crw_136",26,"254027_0_t1_20240417T230000",2024-04-17 23:00:00,-123.278696677036,37.4716661022971,0,"available_crw"
"254027_0_t1",136,"254027_0_t1_crw_136",27,"254027_0_t1_20240418T050000",2024-04-18 05:00:00,-123.417280963136,37.541383602715,0,"available_crw"
"254027_0_t1",136,"254027_0_t1_crw_136",28,"254027_0_t1_20240418T110000",2024-04-18 11:00:00,-123.550464999054,37.6176290213909,0,"available_crw"
"254027_0_t1",136,"254027_0_t1_crw_136",29,"254027_0_t1_20240418T170000",2024-04-18 17:00:00,-123.608234342932,37.6474683571171,0,"available_crw"
"254027_0_t1",136,"254027_0_t1_crw_136",30,"254027_0_t1_20240418T230000",2024-04-18 23:00:00,-123.598361919049,37.6612583958498,0,"available_crw"
"254027_0_t1",136,"254027_0_t1_crw_136",31,"254027_0_t1_20240419T050000",2024-04-19 05:00:00,-123.61956912722,37.670113409375,0,"available_crw"
"254027_0_t1",136,"254027_0_t1_crw_136",32,"254027_0_t1_20240419T110000",2024-04-19 11:00:00,-123.537591828274,37.9686626080664,0,"available_crw"
"254027_0_t1",137,"254027_0_t1_crw_137",1,"254027_0_t1_20240411T170000",2024-04-11 17:00:00,-121.8431658,36.81026373,0,"available_crw"
"254027_0_t1",137,"254027_0_t1_crw_137",2,"254027_0_t1_20240411T230000",2024-04-11 23:00:00,-121.901811714782,36.8166632319724,0,"available_crw"
"254027_0_t1",137,"254027_0_t1_crw_137",3,"254027_0_t1_20240412T050000",2024-04-12 05:00:00,-121.851365102658,36.877533646514,0,"available_crw"
"254027_0_t1",137,"254027_0_t1_crw_137",4,"254027_0_t1_20240412T110000",2024-04-12 11:00:00,-121.85392325751,36.8705201517444,0,"available_crw"
"254027_0_t1",137,"254027_0_t1_crw_137",5,"254027_0_t1_20240412T170000",2024-04-12 17:00:00,-121.830967265083,36.8657825287172,0,"available_crw"
"254027_0_t1",137,"254027_0_t1_crw_137",6,"254027_0_t1_20240412T230000",2024-04-12 23:00:00,-121.806690511805,36.7154234991174,0,"available_crw"
"254027_0_t1",137,"254027_0_t1_crw_137",7,"254027_0_t1_20240413T050000",2024-04-13 05:00:00,-121.948784056412,36.700266628288,0,"available_crw"
"254027_0_t1",137,"254027_0_t1_crw_137",8,"254027_0_t1_20240413T110000",2024-04-13 11:00:00,-121.923934230525,36.6731572427995,0,"available_crw"
"254027_0_t1",137,"254027_0_t1_crw_137",9,"254027_0_t1_20240413T170000",2024-04-13 17:00:00,-121.938150273377,36.6787313000803,0,"available_crw"
"254027_0_t1",137,"254027_0_t1_crw_137",10,"254027_0_t1_20240413T230000",2024-04-13 23:00:00,-122.079378087374,36.7429313961795,0,"available_crw"
"254027_0_t1",137,"254027_0_t1_crw_137",11,"254027_0_t1_20240414T050000",2024-04-14 05:00:00,-122.070496975685,36.7414040436016,0,"available_crw"
"254027_0_t1",137,"254027_0_t1_crw_137",12,"254027_0_t1_20240414T110000",2024-04-14 11:00:00,-122.082596857351,36.7736641631842,0,"available_crw"
"254027_0_t1",137,"254027_0_t1_crw_137",13,"254027_0_t1_20240414T170000",2024-04-14 17:00:00,-122.105305142635,36.8253191730473,0,"available_crw"
"254027_0_t1",137,"254027_0_t1_crw_137",14,"254027_0_t1_20240414T230000",2024-04-14 23:00:00,-122.282002757399,36.8194304567356,0,"available_crw"
"254027_0_t1",137,"254027_0_t1_crw_137",15,"254027_0_t1_20240415T050000",2024-04-15 05:00:00,-122.311749180384,36.7719627239755,0,"available_crw"
"254027_0_t1",137,"254027_0_t1_crw_137",16,"254027_0_t1_20240415T110000",2024-04-15 11:00:00,-122.297300677418,36.8087344907433,0,"available_crw"
"254027_0_t1",137,"254027_0_t1_crw_137",17,"254027_0_t1_20240415T170000",2024-04-15 17:00:00,-122.304251280203,36.770577535406,0,"available_crw"
"254027_0_t1",137,"254027_0_t1_crw_137",18,"254027_0_t1_20240415T230000",2024-04-15 23:00:00,-122.309478717405,36.7825995768673,0,"available_crw"
"254027_0_t1",137,"254027_0_t1_crw_137",19,"254027_0_t1_20240416T050000",2024-04-16 05:00:00,-122.400149175684,37.0257045422368,0,"available_crw"
"254027_0_t1",137,"254027_0_t1_crw_137",20,"254027_0_t1_20240416T110000",2024-04-16 11:00:00,-122.422654639307,37.0196173485425,0,"available_crw"
"254027_0_t1",137,"254027_0_t1_crw_137",21,"254027_0_t1_20240416T170000",2024-04-16 17:00:00,-122.538676471574,36.9908956691462,0,"available_crw"
"254027_0_t1",137,"254027_0_t1_crw_137",22,"254027_0_t1_20240416T230000",2024-04-16 23:00:00,-122.652164622471,36.9564178448991,0,"available_crw"
"254027_0_t1",137,"254027_0_t1_crw_137",23,"254027_0_t1_20240417T050000",2024-04-17 05:00:00,-122.620183274776,36.9345853405905,0,"available_crw"
"254027_0_t1",137,"254027_0_t1_crw_137",24,"254027_0_t1_20240417T110000",2024-04-17 11:00:00,-122.503171026901,36.8439286779495,0,"available_crw"
"254027_0_t1",137,"254027_0_t1_crw_137",25,"254027_0_t1_20240417T170000",2024-04-17 17:00:00,-122.530803530517,36.8696065335896,0,"available_crw"
"254027_0_t1",137,"254027_0_t1_crw_137",26,"254027_0_t1_20240417T230000",2024-04-17 23:00:00,-122.51605836638,36.8649316513486,0,"available_crw"
"254027_0_t1",137,"254027_0_t1_crw_137",27,"254027_0_t1_20240418T050000",2024-04-18 05:00:00,-122.378186692539,36.8674840431975,0,"available_crw"
"254027_0_t1",137,"254027_0_t1_crw_137",28,"254027_0_t1_20240418T110000",2024-04-18 11:00:00,-122.347205827352,36.9144544158141,0,"available_crw"
"254027_0_t1",137,"254027_0_t1_crw_137",29,"254027_0_t1_20240418T170000",2024-04-18 17:00:00,-122.29704067091,37.00310493049,0,"available_crw"
"254027_0_t1",137,"254027_0_t1_crw_137",30,"254027_0_t1_20240418T230000",2024-04-18 23:00:00,-122.28066076267,37.100590046805,0,"available_crw"
"254027_0_t1",137,"254027_0_t1_crw_137",31,"254027_0_t1_20240419T050000",2024-04-19 05:00:00,-122.304317400028,37.102493133988,0,"available_crw"
"254027_0_t1",137,"254027_0_t1_crw_137",32,"254027_0_t1_20240419T110000",2024-04-19 11:00:00,-122.465257968627,37.1234139981311,0,"available_crw"
"254027_0_t1",138,"254027_0_t1_crw_138",1,"254027_0_t1_20240411T170000",2024-04-11 17:00:00,-121.8431658,36.81026373,0,"available_crw"
"254027_0_t1",138,"254027_0_t1_crw_138",2,"254027_0_t1_20240411T230000",2024-04-11 23:00:00,-121.844084534406,36.8261146303243,0,"available_crw"
"254027_0_t1",138,"254027_0_t1_crw_138",3,"254027_0_t1_20240412T050000",2024-04-12 05:00:00,-121.839534198389,36.8735597450996,0,"available_crw"
"254027_0_t1",138,"254027_0_t1_crw_138",4,"254027_0_t1_20240412T110000",2024-04-12 11:00:00,-121.833290377432,36.8618545162798,0,"available_crw"
"254027_0_t1",138,"254027_0_t1_crw_138",5,"254027_0_t1_20240412T170000",2024-04-12 17:00:00,-121.791226528609,36.7876805687382,0,"available_crw"
"254027_0_t1",138,"254027_0_t1_crw_138",6,"254027_0_t1_20240412T230000",2024-04-12 23:00:00,-122.081784437771,36.5911516520704,0,"available_crw"
"254027_0_t1",138,"254027_0_t1_crw_138",7,"254027_0_t1_20240413T050000",2024-04-13 05:00:00,-122.076908901092,36.5973133544034,0,"available_crw"
"254027_0_t1",138,"254027_0_t1_crw_138",8,"254027_0_t1_20240413T110000",2024-04-13 11:00:00,-122.078266300943,36.5846242698826,0,"available_crw"
"254027_0_t1",138,"254027_0_t1_crw_138",9,"254027_0_t1_20240413T170000",2024-04-13 17:00:00,-122.046888886431,36.4463049611224,0,"available_crw"
"254027_0_t1",138,"254027_0_t1_crw_138",10,"254027_0_t1_20240413T230000",2024-04-13 23:00:00,-122.056591050109,36.4563439598382,0,"available_crw"
"254027_0_t1",138,"254027_0_t1_crw_138",11,"254027_0_t1_20240414T050000",2024-04-14 05:00:00,-121.944047146276,36.5274981554983,0,"available_crw"
"254027_0_t1",138,"254027_0_t1_crw_138",12,"254027_0_t1_20240414T110000",2024-04-14 11:00:00,-121.839873184561,36.640252853431,0,"available_crw"
"254027_0_t1",138,"254027_0_t1_crw_138",13,"254027_0_t1_20240414T170000",2024-04-14 17:00:00,-121.842375224953,36.6276780105647,0,"available_crw"
"254027_0_t1",138,"254027_0_t1_crw_138",14,"254027_0_t1_20240414T230000",2024-04-14 23:00:00,-121.906231958772,36.3791979704074,0,"available_crw"
"254027_0_t1",138,"254027_0_t1_crw_138",15,"254027_0_t1_20240415T050000",2024-04-15 05:00:00,-121.983670186548,36.1332840363785,0,"available_crw"
"254027_0_t1",138,"254027_0_t1_crw_138",16,"254027_0_t1_20240415T110000",2024-04-15 11:00:00,-121.984152033686,36.1405831007719,0,"available_crw"
"254027_0_t1",138,"254027_0_t1_crw_138",17,"254027_0_t1_20240415T170000",2024-04-15 17:00:00,-122.044040043743,36.2401967691334,0,"available_crw"
"254027_0_t1",138,"254027_0_t1_crw_138",18,"254027_0_t1_20240415T230000",2024-04-15 23:00:00,-122.029134762535,36.2084689469763,0,"available_crw"
"254027_0_t1",138,"254027_0_t1_crw_138",19,"254027_0_t1_20240416T050000",2024-04-16 05:00:00,-121.931601445498,35.9673368838125,0,"available_crw"
"254027_0_t1",138,"254027_0_t1_crw_138",20,"254027_0_t1_20240416T110000",2024-04-16 11:00:00,-121.862393080174,35.8866561842214,0,"available_crw"
"254027_0_t1",138,"254027_0_t1_crw_138",21,"254027_0_t1_20240416T170000",2024-04-16 17:00:00,-121.876276987902,35.892537934559,0,"available_crw"
"254027_0_t1",138,"254027_0_t1_crw_138",22,"254027_0_t1_20240416T230000",2024-04-16 23:00:00,-121.860623686562,35.8925619327762,0,"available_crw"
"254027_0_t1",138,"254027_0_t1_crw_138",23,"254027_0_t1_20240417T050000",2024-04-17 05:00:00,-121.874480242431,35.8866376370527,0,"available_crw"
"254027_0_t1",138,"254027_0_t1_crw_138",24,"254027_0_t1_20240417T110000",2024-04-17 11:00:00,-121.932543463699,35.8589048045835,0,"available_crw"
"254027_0_t1",138,"254027_0_t1_crw_138",25,"254027_0_t1_20240417T170000",2024-04-17 17:00:00,-122.193228388235,35.7948350063334,0,"available_crw"
"254027_0_t1",138,"254027_0_t1_crw_138",26,"254027_0_t1_20240417T230000",2024-04-17 23:00:00,-122.179061307442,35.8670729661333,0,"available_crw"
"254027_0_t1",138,"254027_0_t1_crw_138",27,"254027_0_t1_20240418T050000",2024-04-18 05:00:00,-122.159660272429,35.8654844909463,0,"available_crw"
"254027_0_t1",138,"254027_0_t1_crw_138",28,"254027_0_t1_20240418T110000",2024-04-18 11:00:00,-122.05979680508,35.8591495813545,0,"available_crw"
"254027_0_t1",138,"254027_0_t1_crw_138",29,"254027_0_t1_20240418T170000",2024-04-18 17:00:00,-121.750546943176,35.8273045977028,0,"available_crw"
"254027_0_t1",138,"254027_0_t1_crw_138",30,"254027_0_t1_20240418T230000",2024-04-18 23:00:00,-121.678148114148,35.9567126718088,0,"available_crw"
"254027_0_t1",138,"254027_0_t1_crw_138",31,"254027_0_t1_20240419T050000",2024-04-19 05:00:00,-121.674335268873,36.0674770169144,0,"available_crw"
"254027_0_t1",138,"254027_0_t1_crw_138",32,"254027_0_t1_20240419T110000",2024-04-19 11:00:00,-121.697792566368,36.0673653375548,0,"available_crw"
"254027_0_t1",139,"254027_0_t1_crw_139",1,"254027_0_t1_20240411T170000",2024-04-11 17:00:00,-121.8431658,36.81026373,0,"available_crw"
"254027_0_t1",139,"254027_0_t1_crw_139",2,"254027_0_t1_20240411T230000",2024-04-11 23:00:00,-121.841755589295,36.9256627818187,0,"available_crw"
"254027_0_t1",139,"254027_0_t1_crw_139",3,"254027_0_t1_20240412T050000",2024-04-12 05:00:00,-121.834543980128,36.9143204078284,0,"available_crw"
"254027_0_t1",139,"254027_0_t1_crw_139",4,"254027_0_t1_20240412T110000",2024-04-12 11:00:00,-122.114432006184,36.7076050761487,0,"available_crw"
"254027_0_t1",139,"254027_0_t1_crw_139",5,"254027_0_t1_20240412T170000",2024-04-12 17:00:00,-122.140580510747,36.7776538919045,0,"available_crw"
"254027_0_t1",139,"254027_0_t1_crw_139",6,"254027_0_t1_20240412T230000",2024-04-12 23:00:00,-122.003202503115,36.8110086307578,0,"available_crw"
"254027_0_t1",139,"254027_0_t1_crw_139",7,"254027_0_t1_20240413T050000",2024-04-13 05:00:00,-121.854876017104,36.8855753303007,0,"available_crw"
"254027_0_t1",139,"254027_0_t1_crw_139",8,"254027_0_t1_20240413T110000",2024-04-13 11:00:00,-121.778643458248,36.7877823604795,0,"available_crw"
"254027_0_t1",139,"254027_0_t1_crw_139",9,"254027_0_t1_20240413T170000",2024-04-13 17:00:00,-121.785542637643,36.7925385846378,0,"available_crw"
"254027_0_t1",139,"254027_0_t1_crw_139",10,"254027_0_t1_20240413T230000",2024-04-13 23:00:00,-121.800332936024,36.7776686317886,0,"available_crw"
"254027_0_t1",139,"254027_0_t1_crw_139",11,"254027_0_t1_20240414T050000",2024-04-14 05:00:00,-122.007969251848,36.5868059282959,0,"available_crw"
"254027_0_t1",139,"254027_0_t1_crw_139",12,"254027_0_t1_20240414T110000",2024-04-14 11:00:00,-122.232458243194,36.458996308409,0,"available_crw"
"254027_0_t1",139,"254027_0_t1_crw_139",13,"254027_0_t1_20240414T170000",2024-04-14 17:00:00,-122.326349174043,36.3979692899144,0,"available_crw"
"254027_0_t1",139,"254027_0_t1_crw_139",14,"254027_0_t1_20240414T230000",2024-04-14 23:00:00,-122.377084213707,36.3616469198296,0,"available_crw"
"254027_0_t1",139,"254027_0_t1_crw_139",15,"254027_0_t1_20240415T050000",2024-04-15 05:00:00,-122.682530191863,36.2639834375602,0,"available_crw"
"254027_0_t1",139,"254027_0_t1_crw_139",16,"254027_0_t1_20240415T110000",2024-04-15 11:00:00,-122.775192439316,36.2321261300866,0,"available_crw"
"254027_0_t1",139,"254027_0_t1_crw_139",17,"254027_0_t1_20240415T170000",2024-04-15 17:00:00,-122.882661855633,36.1885637439175,0,"available_crw"
"254027_0_t1",139,"254027_0_t1_crw_139",18,"254027_0_t1_20240415T230000",2024-04-15 23:00:00,-123.135910816983,36.4152662240391,0,"available_crw"
"254027_0_t1",139,"254027_0_t1_crw_139",19,"254027_0_t1_20240416T050000",2024-04-16 05:00:00,-123.053553814339,36.55155518661,0,"available_crw"
"254027_0_t1",139,"254027_0_t1_crw_139",20,"254027_0_t1_20240416T110000",2024-04-16 11:00:00,-123.054922167645,36.5443292768992,0,"available_crw"
"254027_0_t1",139,"254027_0_t1_crw_139",21,"254027_0_t1_20240416T170000",2024-04-16 17:00:00,-123.055354764602,36.5828953077003,0,"available_crw"
"254027_0_t1",139,"254027_0_t1_crw_139",22,"254027_0_t1_20240416T230000",2024-04-16 23:00:00,-123.058606770662,36.6643859987192,0,"available_crw"
"254027_0_t1",139,"254027_0_t1_crw_139",23,"254027_0_t1_20240417T050000",2024-04-17 05:00:00,-123.064202457032,36.7457931260774,0,"available_crw"
"254027_0_t1",139,"254027_0_t1_crw_139",24,"254027_0_t1_20240417T110000",2024-04-17 11:00:00,-123.063152247603,36.8763803535825,0,"available_crw"
"254027_0_t1",139,"254027_0_t1_crw_139",25,"254027_0_t1_20240417T170000",2024-04-17 17:00:00,-122.947244629304,37.1253630510297,0,"available_crw"
"254027_0_t1",139,"254027_0_t1_crw_139",26,"254027_0_t1_20240417T230000",2024-04-17 23:00:00,-122.913749727749,37.2023552014072,0,"available_crw"
"254027_0_t1",139,"254027_0_t1_crw_139",27,"254027_0_t1_20240418T050000",2024-04-18 05:00:00,-122.575479109189,37.1745581420833,0,"available_crw"
"254027_0_t1",139,"254027_0_t1_crw_139",28,"254027_0_t1_20240418T110000",2024-04-18 11:00:00,-122.505584802377,37.3052907895774,0,"available_crw"
"254027_0_t1",139,"254027_0_t1_crw_139",29,"254027_0_t1_20240418T170000",2024-04-18 17:00:00,-122.445687105062,37.2499895241091,0,"available_crw"
"254027_0_t1",139,"254027_0_t1_crw_139",30,"254027_0_t1_20240418T230000",2024-04-18 23:00:00,-122.398513319577,37.2102562749154,0,"available_crw"
"254027_0_t1",139,"254027_0_t1_crw_139",31,"254027_0_t1_20240419T050000",2024-04-19 05:00:00,-122.326722871031,37.1524095655277,0,"available_crw"
"254027_0_t1",139,"254027_0_t1_crw_139",32,"254027_0_t1_20240419T110000",2024-04-19 11:00:00,-122.184122827344,36.9624192183737,0,"available_crw"
"254027_0_t1",140,"254027_0_t1_crw_140",1,"254027_0_t1_20240411T170000",2024-04-11 17:00:00,-121.8431658,36.81026373,0,"available_crw"
"254027_0_t1",140,"254027_0_t1_crw_140",2,"254027_0_t1_20240411T230000",2024-04-11 23:00:00,-122.037018718084,36.8426236931558,0,"available_crw"
"254027_0_t1",140,"254027_0_t1_crw_140",3,"254027_0_t1_20240412T050000",2024-04-12 05:00:00,-122.09309706331,36.857904637437,0,"available_crw"
"254027_0_t1",140,"254027_0_t1_crw_140",4,"254027_0_t1_20240412T110000",2024-04-12 11:00:00,-122.267792883577,36.866112011607,0,"available_crw"
"254027_0_t1",140,"254027_0_t1_crw_140",5,"254027_0_t1_20240412T170000",2024-04-12 17:00:00,-122.335978405211,36.8666920703354,0,"available_crw"
"254027_0_t1",140,"254027_0_t1_crw_140",6,"254027_0_t1_20240412T230000",2024-04-12 23:00:00,-122.453510735192,36.8392086774382,0,"available_crw"
"254027_0_t1",140,"254027_0_t1_crw_140",7,"254027_0_t1_20240413T050000",2024-04-13 05:00:00,-122.653971963317,37.0990495845167,0,"available_crw"
"254027_0_t1",140,"254027_0_t1_crw_140",8,"254027_0_t1_20240413T110000",2024-04-13 11:00:00,-122.640283340734,37.0925711496163,0,"available_crw"
"254027_0_t1",140,"254027_0_t1_crw_140",9,"254027_0_t1_20240413T170000",2024-04-13 17:00:00,-122.69082085728,37.0998498668804,0,"available_crw"
"254027_0_t1",140,"254027_0_t1_crw_140",10,"254027_0_t1_20240413T230000",2024-04-13 23:00:00,-122.725951551962,37.4041429822061,0,"available_crw"
"254027_0_t1",140,"254027_0_t1_crw_140",11,"254027_0_t1_20240414T050000",2024-04-14 05:00:00,-122.581904486019,37.4149036863655,0,"available_crw"
"254027_0_t1",140,"254027_0_t1_crw_140",12,"254027_0_t1_20240414T110000",2024-04-14 11:00:00,-122.628365699365,37.3970727610598,0,"available_crw"
"254027_0_t1",140,"254027_0_t1_crw_140",13,"254027_0_t1_20240414T170000",2024-04-14 17:00:00,-122.617295038494,37.3802016728077,0,"available_crw"
"254027_0_t1",140,"254027_0_t1_crw_140",14,"254027_0_t1_20240414T230000",2024-04-14 23:00:00,-122.708903826661,37.3780051751739,0,"available_crw"
"254027_0_t1",140,"254027_0_t1_crw_140",15,"254027_0_t1_20240415T050000",2024-04-15 05:00:00,-122.671314962367,37.4447148139879,0,"available_crw"
"254027_0_t1",140,"254027_0_t1_crw_140",16,"254027_0_t1_20240415T110000",2024-04-15 11:00:00,-122.713436624579,37.4419807305948,0,"available_crw"
"254027_0_t1",140,"254027_0_t1_crw_140",17,"254027_0_t1_20240415T170000",2024-04-15 17:00:00,-122.710692096492,37.4230632190894,0,"available_crw"
"254027_0_t1",140,"254027_0_t1_crw_140",18,"254027_0_t1_20240415T230000",2024-04-15 23:00:00,-122.696620292738,37.34231855488,0,"available_crw"
"254027_0_t1",140,"254027_0_t1_crw_140",19,"254027_0_t1_20240416T050000",2024-04-16 05:00:00,-122.707735030418,37.1833973755692,0,"available_crw"
"254027_0_t1",140,"254027_0_t1_crw_140",20,"254027_0_t1_20240416T110000",2024-04-16 11:00:00,-122.712783242826,37.2217485199551,0,"available_crw"
"254027_0_t1",140,"254027_0_t1_crw_140",21,"254027_0_t1_20240416T170000",2024-04-16 17:00:00,-122.760479489589,37.3124277310947,0,"available_crw"
"254027_0_t1",140,"254027_0_t1_crw_140",22,"254027_0_t1_20240416T230000",2024-04-16 23:00:00,-122.870441174412,37.5505582005383,0,"available_crw"
"254027_0_t1",140,"254027_0_t1_crw_140",23,"254027_0_t1_20240417T050000",2024-04-17 05:00:00,-122.897252553356,37.6010167180746,0,"available_crw"
"254027_0_t1",140,"254027_0_t1_crw_140",24,"254027_0_t1_20240417T110000",2024-04-17 11:00:00,-122.884895502378,37.592922841318,0,"available_crw"
"254027_0_t1",140,"254027_0_t1_crw_140",25,"254027_0_t1_20240417T170000",2024-04-17 17:00:00,-122.735542653848,37.6710450988986,0,"available_crw"
"254027_0_t1",140,"254027_0_t1_crw_140",26,"254027_0_t1_20240417T230000",2024-04-17 23:00:00,-122.773028036889,37.6867837937832,0,"available_crw"
"254027_0_t1",140,"254027_0_t1_crw_140",27,"254027_0_t1_20240418T050000",2024-04-18 05:00:00,-122.997790495778,37.8837516924263,0,"available_crw"
"254027_0_t1",140,"254027_0_t1_crw_140",28,"254027_0_t1_20240418T110000",2024-04-18 11:00:00,-122.989839324954,37.8800512852958,0,"available_crw"
"254027_0_t1",140,"254027_0_t1_crw_140",29,"254027_0_t1_20240418T170000",2024-04-18 17:00:00,-123.018403367838,37.7301384822598,0,"available_crw"
"254027_0_t1",140,"254027_0_t1_crw_140",30,"254027_0_t1_20240418T230000",2024-04-18 23:00:00,-122.965529517705,37.6975717021018,0,"available_crw"
"254027_0_t1",140,"254027_0_t1_crw_140",31,"254027_0_t1_20240419T050000",2024-04-19 05:00:00,-122.826302931566,37.5674541527601,0,"available_crw"
"254027_0_t1",140,"254027_0_t1_crw_140",32,"254027_0_t1_20240419T110000",2024-04-19 11:00:00,-122.834064413553,37.5713589394945,0,"available_crw"
"254027_0_t1",141,"254027_0_t1_crw_141",1,"254027_0_t1_20240411T170000",2024-04-11 17:00:00,-121.8431658,36.81026373,0,"available_crw"
"254027_0_t1",141,"254027_0_t1_crw_141",2,"254027_0_t1_20240411T230000",2024-04-11 23:00:00,-121.80117156733,36.8068097746084,0,"available_crw"
"254027_0_t1",141,"254027_0_t1_crw_141",3,"254027_0_t1_20240412T050000",2024-04-12 05:00:00,-121.79955228839,36.825808360466,0,"available_crw"
"254027_0_t1",141,"254027_0_t1_crw_141",4,"254027_0_t1_20240412T110000",2024-04-12 11:00:00,-121.823226178097,36.8264664968834,0,"available_crw"
"254027_0_t1",141,"254027_0_t1_crw_141",5,"254027_0_t1_20240412T170000",2024-04-12 17:00:00,-121.891369008181,36.8257840827355,0,"available_crw"
"254027_0_t1",141,"254027_0_t1_crw_141",6,"254027_0_t1_20240412T230000",2024-04-12 23:00:00,-121.890266825135,36.8067611798622,0,"available_crw"
"254027_0_t1",141,"254027_0_t1_crw_141",7,"254027_0_t1_20240413T050000",2024-04-13 05:00:00,-121.830878862873,36.7067966865507,0,"available_crw"
"254027_0_t1",141,"254027_0_t1_crw_141",8,"254027_0_t1_20240413T110000",2024-04-13 11:00:00,-121.837055943858,36.712152071236,0,"available_crw"
"254027_0_t1",141,"254027_0_t1_crw_141",9,"254027_0_t1_20240413T170000",2024-04-13 17:00:00,-121.941316857202,36.8474275283113,0,"available_crw"
"254027_0_t1",141,"254027_0_t1_crw_141",10,"254027_0_t1_20240413T230000",2024-04-13 23:00:00,-121.9799454423,36.8925747838417,0,"available_crw"
"254027_0_t1",141,"254027_0_t1_crw_141",11,"254027_0_t1_20240414T050000",2024-04-14 05:00:00,-122.075584898399,36.9540483523956,0,"available_crw"
"254027_0_t1",141,"254027_0_t1_crw_141",12,"254027_0_t1_20240414T110000",2024-04-14 11:00:00,-122.045070397608,36.9305469670725,0,"available_crw"
"254027_0_t1",141,"254027_0_t1_crw_141",13,"254027_0_t1_20240414T170000",2024-04-14 17:00:00,-121.952667493888,36.8675288415099,0,"available_crw"
"254027_0_t1",141,"254027_0_t1_crw_141",14,"254027_0_t1_20240414T230000",2024-04-14 23:00:00,-122.000781240335,36.8815812145559,0,"available_crw"
"254027_0_t1",141,"254027_0_t1_crw_141",15,"254027_0_t1_20240415T050000",2024-04-15 05:00:00,-122.149942448585,36.9335632253179,0,"available_crw"
"254027_0_t1",141,"254027_0_t1_crw_141",16,"254027_0_t1_20240415T110000",2024-04-15 11:00:00,-122.098780873926,36.9313685948403,0,"available_crw"
"254027_0_t1",141,"254027_0_t1_crw_141",17,"254027_0_t1_20240415T170000",2024-04-15 17:00:00,-121.834590920836,36.8670666885286,0,"available_crw"
"254027_0_t1",141,"254027_0_t1_crw_141",18,"254027_0_t1_20240415T230000",2024-04-15 23:00:00,-121.839233165951,36.8516434242881,0,"available_crw"
"254027_0_t1",141,"254027_0_t1_crw_141",19,"254027_0_t1_20240416T050000",2024-04-16 05:00:00,-122.177755599228,36.8518747744187,0,"available_crw"
"254027_0_t1",141,"254027_0_t1_crw_141",20,"254027_0_t1_20240416T110000",2024-04-16 11:00:00,-122.446041290436,36.9039121771504,0,"available_crw"
"254027_0_t1",141,"254027_0_t1_crw_141",21,"254027_0_t1_20240416T170000",2024-04-16 17:00:00,-122.450792401159,36.8852533907237,0,"available_crw"
"254027_0_t1",141,"254027_0_t1_crw_141",22,"254027_0_t1_20240416T230000",2024-04-16 23:00:00,-122.467726064203,36.7888425978786,0,"available_crw"
"254027_0_t1",141,"254027_0_t1_crw_141",23,"254027_0_t1_20240417T050000",2024-04-17 05:00:00,-122.432421345939,36.6817376492856,0,"available_crw"
"254027_0_t1",141,"254027_0_t1_crw_141",24,"254027_0_t1_20240417T110000",2024-04-17 11:00:00,-122.256047111627,36.675882445603,0,"available_crw"
"254027_0_t1",141,"254027_0_t1_crw_141",25,"254027_0_t1_20240417T170000",2024-04-17 17:00:00,-122.270353253109,36.6704591283812,0,"available_crw"
"254027_0_t1",141,"254027_0_t1_crw_141",26,"254027_0_t1_20240417T230000",2024-04-17 23:00:00,-122.330458429265,36.6448281662911,0,"available_crw"
"254027_0_t1",141,"254027_0_t1_crw_141",27,"254027_0_t1_20240418T050000",2024-04-18 05:00:00,-122.417256570752,36.5589124948929,0,"available_crw"
"254027_0_t1",141,"254027_0_t1_crw_141",28,"254027_0_t1_20240418T110000",2024-04-18 11:00:00,-122.76469197301,36.6812430259217,0,"available_crw"
"254027_0_t1",141,"254027_0_t1_crw_141",29,"254027_0_t1_20240418T170000",2024-04-18 17:00:00,-122.874317819482,36.722383293025,0,"available_crw"
"254027_0_t1",141,"254027_0_t1_crw_141",30,"254027_0_t1_20240418T230000",2024-04-18 23:00:00,-122.967143101598,36.7550303625614,0,"available_crw"
"254027_0_t1",141,"254027_0_t1_crw_141",31,"254027_0_t1_20240419T050000",2024-04-19 05:00:00,-122.961345156302,36.9065999479008,0,"available_crw"
"254027_0_t1",141,"254027_0_t1_crw_141",32,"254027_0_t1_20240419T110000",2024-04-19 11:00:00,-122.985061208421,36.906541019397,0,"available_crw"
"254027_0_t1",142,"254027_0_t1_crw_142",1,"254027_0_t1_20240411T170000",2024-04-11 17:00:00,-121.8431658,36.81026373,0,"available_crw"
"254027_0_t1",142,"254027_0_t1_crw_142",2,"254027_0_t1_20240411T230000",2024-04-11 23:00:00,-121.970652314777,36.7682814623435,0,"available_crw"
"254027_0_t1",142,"254027_0_t1_crw_142",3,"254027_0_t1_20240412T050000",2024-04-12 05:00:00,-122.065487250545,36.7062344352486,0,"available_crw"
"254027_0_t1",142,"254027_0_t1_crw_142",4,"254027_0_t1_20240412T110000",2024-04-12 11:00:00,-122.156277241132,36.7955790304529,0,"available_crw"
"254027_0_t1",142,"254027_0_t1_crw_142",5,"254027_0_t1_20240412T170000",2024-04-12 17:00:00,-122.275680588414,36.9954862303428,0,"available_crw"
"254027_0_t1",142,"254027_0_t1_crw_142",6,"254027_0_t1_20240412T230000",2024-04-12 23:00:00,-122.269465339347,36.9901417276606,0,"available_crw"
"254027_0_t1",142,"254027_0_t1_crw_142",7,"254027_0_t1_20240413T050000",2024-04-13 05:00:00,-122.349726182765,36.852884677647,0,"available_crw"
"254027_0_t1",142,"254027_0_t1_crw_142",8,"254027_0_t1_20240413T110000",2024-04-13 11:00:00,-122.218992038206,36.7571583675987,0,"available_crw"
"254027_0_t1",142,"254027_0_t1_crw_142",9,"254027_0_t1_20240413T170000",2024-04-13 17:00:00,-122.089212856284,36.7201746233949,0,"available_crw"
"254027_0_t1",142,"254027_0_t1_crw_142",10,"254027_0_t1_20240413T230000",2024-04-13 23:00:00,-121.951800501284,36.7265951264189,0,"available_crw"
"254027_0_t1",142,"254027_0_t1_crw_142",11,"254027_0_t1_20240414T050000",2024-04-14 05:00:00,-121.836964094737,36.7602706191919,0,"available_crw"
"254027_0_t1",142,"254027_0_t1_crw_142",12,"254027_0_t1_20240414T110000",2024-04-14 11:00:00,-121.826397838131,36.8127377546801,0,"available_crw"
"254027_0_t1",142,"254027_0_t1_crw_142",13,"254027_0_t1_20240414T170000",2024-04-14 17:00:00,-121.81247909519,36.8934852905024,0,"available_crw"
"254027_0_t1",142,"254027_0_t1_crw_142",14,"254027_0_t1_20240414T230000",2024-04-14 23:00:00,-121.865296948544,36.9255157194341,0,"available_crw"
"254027_0_t1",142,"254027_0_t1_crw_142",15,"254027_0_t1_20240415T050000",2024-04-15 05:00:00,-121.999164012574,36.9525157504841,0,"available_crw"
"254027_0_t1",142,"254027_0_t1_crw_142",16,"254027_0_t1_20240415T110000",2024-04-15 11:00:00,-122.154321160991,36.9919060558829,0,"available_crw"
"254027_0_t1",142,"254027_0_t1_crw_142",17,"254027_0_t1_20240415T170000",2024-04-15 17:00:00,-122.115279208954,36.978818274335,0,"available_crw"
"254027_0_t1",142,"254027_0_t1_crw_142",18,"254027_0_t1_20240415T230000",2024-04-15 23:00:00,-122.166504110509,36.9804713149567,0,"available_crw"
"254027_0_t1",142,"254027_0_t1_crw_142",19,"254027_0_t1_20240416T050000",2024-04-16 05:00:00,-122.285175605423,36.9558053613654,0,"available_crw"
"254027_0_t1",142,"254027_0_t1_crw_142",20,"254027_0_t1_20240416T110000",2024-04-16 11:00:00,-122.394677505141,36.8883654210974,0,"available_crw"
"254027_0_t1",142,"254027_0_t1_crw_142",21,"254027_0_t1_20240416T170000",2024-04-16 17:00:00,-122.27099470586,36.758396483367,0,"available_crw"
"254027_0_t1",142,"254027_0_t1_crw_142",22,"254027_0_t1_20240416T230000",2024-04-16 23:00:00,-122.183611402373,36.6156229576194,0,"available_crw"
"254027_0_t1",142,"254027_0_t1_crw_142",23,"254027_0_t1_20240417T050000",2024-04-17 05:00:00,-122.117763472474,36.6128518322805,0,"available_crw"
"254027_0_t1",142,"254027_0_t1_crw_142",24,"254027_0_t1_20240417T110000",2024-04-17 11:00:00,-122.056860879491,36.7463009938404,0,"available_crw"
"254027_0_t1",142,"254027_0_t1_crw_142",25,"254027_0_t1_20240417T170000",2024-04-17 17:00:00,-122.099879202849,36.7866428593432,0,"available_crw"
"254027_0_t1",142,"254027_0_t1_crw_142",26,"254027_0_t1_20240417T230000",2024-04-17 23:00:00,-122.063247333028,36.7617694725971,0,"available_crw"
"254027_0_t1",142,"254027_0_t1_crw_142",27,"254027_0_t1_20240418T050000",2024-04-18 05:00:00,-121.966250759818,36.7035973461558,0,"available_crw"
"254027_0_t1",142,"254027_0_t1_crw_142",28,"254027_0_t1_20240418T110000",2024-04-18 11:00:00,-121.832674573661,36.6770572784504,0,"available_crw"
"254027_0_t1",142,"254027_0_t1_crw_142",29,"254027_0_t1_20240418T170000",2024-04-18 17:00:00,-121.848034078352,36.6740374383493,0,"available_crw"
"254027_0_t1",142,"254027_0_t1_crw_142",30,"254027_0_t1_20240418T230000",2024-04-18 23:00:00,-121.836161001308,36.6824475429678,0,"available_crw"
"254027_0_t1",142,"254027_0_t1_crw_142",31,"254027_0_t1_20240419T050000",2024-04-19 05:00:00,-121.860362088824,36.6462323314528,0,"available_crw"
"254027_0_t1",142,"254027_0_t1_crw_142",32,"254027_0_t1_20240419T110000",2024-04-19 11:00:00,-121.853327176342,36.6869700536375,0,"available_crw"
"254027_0_t1",143,"254027_0_t1_crw_143",1,"254027_0_t1_20240411T170000",2024-04-11 17:00:00,-121.8431658,36.81026373,0,"available_crw"
"254027_0_t1",143,"254027_0_t1_crw_143",2,"254027_0_t1_20240411T230000",2024-04-11 23:00:00,-121.970652314777,36.7682814623435,0,"available_crw"
"254027_0_t1",143,"254027_0_t1_crw_143",3,"254027_0_t1_20240412T050000",2024-04-12 05:00:00,-122.102045931819,36.8770582600751,0,"available_crw"
"254027_0_t1",143,"254027_0_t1_crw_143",4,"254027_0_t1_20240412T110000",2024-04-12 11:00:00,-122.242432817992,37.0680300193983,0,"available_crw"
"254027_0_t1",143,"254027_0_t1_crw_143",5,"254027_0_t1_20240412T170000",2024-04-12 17:00:00,-122.235663577868,37.0631320215217,0,"available_crw"
"254027_0_t1",143,"254027_0_t1_crw_143",6,"254027_0_t1_20240412T230000",2024-04-12 23:00:00,-122.251051764347,37.0663134613921,0,"available_crw"
"254027_0_t1",143,"254027_0_t1_crw_143",7,"254027_0_t1_20240413T050000",2024-04-13 05:00:00,-122.367909007501,37.0930815681991,0,"available_crw"
"254027_0_t1",143,"254027_0_t1_crw_143",8,"254027_0_t1_20240413T110000",2024-04-13 11:00:00,-122.543432975779,37.0944369284625,0,"available_crw"
"254027_0_t1",143,"254027_0_t1_crw_143",9,"254027_0_t1_20240413T170000",2024-04-13 17:00:00,-122.529279996323,37.1002400753414,0,"available_crw"
"254027_0_t1",143,"254027_0_t1_crw_143",10,"254027_0_t1_20240413T230000",2024-04-13 23:00:00,-122.440265752092,37.1850889323985,0,"available_crw"
"254027_0_t1",143,"254027_0_t1_crw_143",11,"254027_0_t1_20240414T050000",2024-04-14 05:00:00,-122.470364952898,37.1611693277036,0,"available_crw"
"254027_0_t1",143,"254027_0_t1_crw_143",12,"254027_0_t1_20240414T110000",2024-04-14 11:00:00,-122.51736937028,37.1320342671247,0,"available_crw"
"254027_0_t1",143,"254027_0_t1_crw_143",13,"254027_0_t1_20240414T170000",2024-04-14 17:00:00,-122.596347256229,37.0806054656763,0,"available_crw"
"254027_0_t1",143,"254027_0_t1_crw_143",14,"254027_0_t1_20240414T230000",2024-04-14 23:00:00,-122.761958674263,37.1541111564334,0,"available_crw"
"254027_0_t1",143,"254027_0_t1_crw_143",15,"254027_0_t1_20240415T050000",2024-04-15 05:00:00,-122.871872591254,37.1958711506004,0,"available_crw"
"254027_0_t1",143,"254027_0_t1_crw_143",16,"254027_0_t1_20240415T110000",2024-04-15 11:00:00,-122.925976829944,37.1650283980972,0,"available_crw"
"254027_0_t1",143,"254027_0_t1_crw_143",17,"254027_0_t1_20240415T170000",2024-04-15 17:00:00,-123.106991488249,37.0992156027146,0,"available_crw"
"254027_0_t1",143,"254027_0_t1_crw_143",18,"254027_0_t1_20240415T230000",2024-04-15 23:00:00,-123.116238421981,37.1132507595513,0,"available_crw"
"254027_0_t1",143,"254027_0_t1_crw_143",19,"254027_0_t1_20240416T050000",2024-04-16 05:00:00,-123.202558646225,37.1832630568101,0,"available_crw"
"254027_0_t1",143,"254027_0_t1_crw_143",20,"254027_0_t1_20240416T110000",2024-04-16 11:00:00,-123.115949134005,37.2066939752965,0,"available_crw"
"254027_0_t1",143,"254027_0_t1_crw_143",21,"254027_0_t1_20240416T170000",2024-04-16 17:00:00,-123.05765708703,37.2162357784579,0,"available_crw"
"254027_0_t1",143,"254027_0_t1_crw_143",22,"254027_0_t1_20240416T230000",2024-04-16 23:00:00,-122.953555669317,37.0895503057358,0,"available_crw"
"254027_0_t1",143,"254027_0_t1_crw_143",23,"254027_0_t1_20240417T050000",2024-04-17 05:00:00,-122.822014533399,36.9965180495839,0,"available_crw"
"254027_0_t1",143,"254027_0_t1_crw_143",24,"254027_0_t1_20240417T110000",2024-04-17 11:00:00,-122.694687352286,36.8595947506117,0,"available_crw"
"254027_0_t1",143,"254027_0_t1_crw_143",25,"254027_0_t1_20240417T170000",2024-04-17 17:00:00,-122.616517183822,36.7852230142528,0,"available_crw"
"254027_0_t1",143,"254027_0_t1_crw_143",26,"254027_0_t1_20240417T230000",2024-04-17 23:00:00,-122.584220961403,36.7453504499104,0,"available_crw"
"254027_0_t1",143,"254027_0_t1_crw_143",27,"254027_0_t1_20240418T050000",2024-04-18 05:00:00,-122.591222699232,36.7500064661547,0,"available_crw"
"254027_0_t1",143,"254027_0_t1_crw_143",28,"254027_0_t1_20240418T110000",2024-04-18 11:00:00,-122.645695975832,36.7828914984789,0,"available_crw"
"254027_0_t1",143,"254027_0_t1_crw_143",29,"254027_0_t1_20240418T170000",2024-04-18 17:00:00,-122.510803198108,37.0324668100701,0,"available_crw"
"254027_0_t1",143,"254027_0_t1_crw_143",30,"254027_0_t1_20240418T230000",2024-04-18 23:00:00,-122.50934160742,37.1432650893551,0,"available_crw"
"254027_0_t1",143,"254027_0_t1_crw_143",31,"254027_0_t1_20240419T050000",2024-04-19 05:00:00,-122.554017506632,37.2792609200394,0,"available_crw"
"254027_0_t1",143,"254027_0_t1_crw_143",32,"254027_0_t1_20240419T110000",2024-04-19 11:00:00,-122.464251222459,37.2650148491912,0,"available_crw"
"254027_0_t1",144,"254027_0_t1_crw_144",1,"254027_0_t1_20240411T170000",2024-04-11 17:00:00,-121.8431658,36.81026373,0,"available_crw"
"254027_0_t1",144,"254027_0_t1_crw_144",2,"254027_0_t1_20240411T230000",2024-04-11 23:00:00,-122.037018718084,36.8426236931558,0,"available_crw"
"254027_0_t1",144,"254027_0_t1_crw_144",3,"254027_0_t1_20240412T050000",2024-04-12 05:00:00,-122.024638682408,36.8104303737942,0,"available_crw"
"254027_0_t1",144,"254027_0_t1_crw_144",4,"254027_0_t1_20240412T110000",2024-04-12 11:00:00,-122.043120951074,36.8048675675189,0,"available_crw"
"254027_0_t1",144,"254027_0_t1_crw_144",5,"254027_0_t1_20240412T170000",2024-04-12 17:00:00,-122.267027380822,37.0519880926636,0,"available_crw"
"254027_0_t1",144,"254027_0_t1_crw_144",6,"254027_0_t1_20240412T230000",2024-04-12 23:00:00,-122.442103602622,37.2635553615755,0,"available_crw"
"254027_0_t1",144,"254027_0_t1_crw_144",7,"254027_0_t1_20240413T050000",2024-04-13 05:00:00,-122.574806093131,37.3559427930866,0,"available_crw"
"254027_0_t1",144,"254027_0_t1_crw_144",8,"254027_0_t1_20240413T110000",2024-04-13 11:00:00,-122.545378793468,37.3314429405028,0,"available_crw"
"254027_0_t1",144,"254027_0_t1_crw_144",9,"254027_0_t1_20240413T170000",2024-04-13 17:00:00,-122.623648803537,37.1933221609702,0,"available_crw"
"254027_0_t1",144,"254027_0_t1_crw_144",10,"254027_0_t1_20240413T230000",2024-04-13 23:00:00,-122.67670287765,37.1056884982237,0,"available_crw"
"254027_0_t1",144,"254027_0_t1_crw_144",11,"254027_0_t1_20240414T050000",2024-04-14 05:00:00,-122.675355321885,37.112917380517,0,"available_crw"
"254027_0_t1",144,"254027_0_t1_crw_144",12,"254027_0_t1_20240414T110000",2024-04-14 11:00:00,-122.670147565519,37.1008837188228,0,"available_crw"
"254027_0_t1",144,"254027_0_t1_crw_144",13,"254027_0_t1_20240414T170000",2024-04-14 17:00:00,-122.680375990359,37.1338269504196,0,"available_crw"
"254027_0_t1",144,"254027_0_t1_crw_144",14,"254027_0_t1_20240414T230000",2024-04-14 23:00:00,-122.763501412867,37.2224467965079,0,"available_crw"
"254027_0_t1",144,"254027_0_t1_crw_144",15,"254027_0_t1_20240415T050000",2024-04-15 05:00:00,-122.854518404989,37.3770658539062,0,"available_crw"
"254027_0_t1",144,"254027_0_t1_crw_144",16,"254027_0_t1_20240415T110000",2024-04-15 11:00:00,-122.886641869033,37.4254893502383,0,"available_crw"
"254027_0_t1",144,"254027_0_t1_crw_144",17,"254027_0_t1_20240415T170000",2024-04-15 17:00:00,-122.758790965297,37.4796188814513,0,"available_crw"
"254027_0_t1",144,"254027_0_t1_crw_144",18,"254027_0_t1_20240415T230000",2024-04-15 23:00:00,-122.765243456208,37.4744255230866,0,"available_crw"
"254027_0_t1",144,"254027_0_t1_crw_144",19,"254027_0_t1_20240416T050000",2024-04-16 05:00:00,-122.74770953173,37.4614894958149,0,"available_crw"
"254027_0_t1",144,"254027_0_t1_crw_144",20,"254027_0_t1_20240416T110000",2024-04-16 11:00:00,-122.776241236036,37.4866912605154,0,"available_crw"
"254027_0_t1",144,"254027_0_t1_crw_144",21,"254027_0_t1_20240416T170000",2024-04-16 17:00:00,-122.762259001908,37.4979907947409,0,"available_crw"
"254027_0_t1",144,"254027_0_t1_crw_144",22,"254027_0_t1_20240416T230000",2024-04-16 23:00:00,-122.908542184589,37.6129336933402,0,"available_crw"
"254027_0_t1",144,"254027_0_t1_crw_144",23,"254027_0_t1_20240417T050000",2024-04-17 05:00:00,-123.027819764442,37.7550757803208,0,"available_crw"
"254027_0_t1",144,"254027_0_t1_crw_144",24,"254027_0_t1_20240417T110000",2024-04-17 11:00:00,-123.144461677205,37.815951354423,0,"available_crw"
"254027_0_t1",144,"254027_0_t1_crw_144",25,"254027_0_t1_20240417T170000",2024-04-17 17:00:00,-123.190181444704,37.8467620085755,0,"available_crw"
"254027_0_t1",144,"254027_0_t1_crw_144",26,"254027_0_t1_20240417T230000",2024-04-17 23:00:00,-123.323536003426,37.8798912753827,0,"available_crw"
"254027_0_t1",144,"254027_0_t1_crw_144",27,"254027_0_t1_20240418T050000",2024-04-18 05:00:00,-123.275383705385,37.8744132112265,0,"available_crw"
"254027_0_t1",144,"254027_0_t1_crw_144",28,"254027_0_t1_20240418T110000",2024-04-18 11:00:00,-123.173297472732,37.8646329002997,0,"available_crw"
"254027_0_t1",144,"254027_0_t1_crw_144",29,"254027_0_t1_20240418T170000",2024-04-18 17:00:00,-123.050725008694,37.8587841833843,0,"available_crw"
"254027_0_t1",144,"254027_0_t1_crw_144",30,"254027_0_t1_20240418T230000",2024-04-18 23:00:00,-122.743918246753,37.752206351402,0,"available_crw"
"254027_0_t1",144,"254027_0_t1_crw_144",31,"254027_0_t1_20240419T050000",2024-04-19 05:00:00,-122.75306551503,37.7530194448622,0,"available_crw"
"254027_0_t1",144,"254027_0_t1_crw_144",32,"254027_0_t1_20240419T110000",2024-04-19 11:00:00,-122.74402886901,37.7544089680102,0,"available_crw"
"254027_0_t1",145,"254027_0_t1_crw_145",1,"254027_0_t1_20240411T170000",2024-04-11 17:00:00,-121.8431658,36.81026373,0,"available_crw"
"254027_0_t1",145,"254027_0_t1_crw_145",2,"254027_0_t1_20240411T230000",2024-04-11 23:00:00,-121.897200898258,36.6749059665268,0,"available_crw"
"254027_0_t1",145,"254027_0_t1_crw_145",3,"254027_0_t1_20240412T050000",2024-04-12 05:00:00,-122.006804165752,36.4370358550062,0,"available_crw"
"254027_0_t1",145,"254027_0_t1_crw_145",4,"254027_0_t1_20240412T110000",2024-04-12 11:00:00,-122.02207071758,36.2969577101415,0,"available_crw"
"254027_0_t1",145,"254027_0_t1_crw_145",5,"254027_0_t1_20240412T170000",2024-04-12 17:00:00,-122.041667391919,36.2974245761616,0,"available_crw"
"254027_0_t1",145,"254027_0_t1_crw_145",6,"254027_0_t1_20240412T230000",2024-04-12 23:00:00,-122.075335144744,36.251789233339,0,"available_crw"
"254027_0_t1",145,"254027_0_t1_crw_145",7,"254027_0_t1_20240413T050000",2024-04-13 05:00:00,-122.050690990726,36.2792521482685,0,"available_crw"
"254027_0_t1",145,"254027_0_t1_crw_145",8,"254027_0_t1_20240413T110000",2024-04-13 11:00:00,-122.01052001804,36.3140024193241,0,"available_crw"
"254027_0_t1",145,"254027_0_t1_crw_145",9,"254027_0_t1_20240413T170000",2024-04-13 17:00:00,-122.030157163122,36.27606420699,0,"available_crw"
"254027_0_t1",145,"254027_0_t1_crw_145",10,"254027_0_t1_20240413T230000",2024-04-13 23:00:00,-122.40473664767,36.3142469928818,0,"available_crw"
"254027_0_t1",145,"254027_0_t1_crw_145",11,"254027_0_t1_20240414T050000",2024-04-14 05:00:00,-122.476702521057,36.1845467160887,0,"available_crw"
"254027_0_t1",145,"254027_0_t1_crw_145",12,"254027_0_t1_20240414T110000",2024-04-14 11:00:00,-122.704934024225,35.9939210107679,0,"available_crw"
"254027_0_t1",145,"254027_0_t1_crw_145",13,"254027_0_t1_20240414T170000",2024-04-14 17:00:00,-122.664925959988,35.9850450054057,0,"available_crw"
"254027_0_t1",145,"254027_0_t1_crw_145",14,"254027_0_t1_20240414T230000",2024-04-14 23:00:00,-122.643722080099,35.8343663191983,0,"available_crw"
"254027_0_t1",145,"254027_0_t1_crw_145",15,"254027_0_t1_20240415T050000",2024-04-15 05:00:00,-122.662818643709,35.6641715617414,0,"available_crw"
"254027_0_t1",145,"254027_0_t1_crw_145",16,"254027_0_t1_20240415T110000",2024-04-15 11:00:00,-122.675231572717,35.6176613152897,0,"available_crw"
"254027_0_t1",145,"254027_0_t1_crw_145",17,"254027_0_t1_20240415T170000",2024-04-15 17:00:00,-122.679355256057,35.6299475404184,0,"available_crw"
"254027_0_t1",145,"254027_0_t1_crw_145",18,"254027_0_t1_20240415T230000",2024-04-15 23:00:00,-122.747885323923,35.8775576377516,0,"available_crw"
"254027_0_t1",145,"254027_0_t1_crw_145",19,"254027_0_t1_20240416T050000",2024-04-16 05:00:00,-122.729143736553,35.8819506619872,0,"available_crw"
"254027_0_t1",145,"254027_0_t1_crw_145",20,"254027_0_t1_20240416T110000",2024-04-16 11:00:00,-122.613250735997,35.9063370212813,0,"available_crw"
"254027_0_t1",145,"254027_0_t1_crw_145",21,"254027_0_t1_20240416T170000",2024-04-16 17:00:00,-122.496534680881,35.9280855254049,0,"available_crw"
"254027_0_t1",145,"254027_0_t1_crw_145",22,"254027_0_t1_20240416T230000",2024-04-16 23:00:00,-122.399315402019,35.9480355352709,0,"available_crw"
"254027_0_t1",145,"254027_0_t1_crw_145",23,"254027_0_t1_20240417T050000",2024-04-17 05:00:00,-122.390075310551,36.0900391404381,0,"available_crw"
"254027_0_t1",145,"254027_0_t1_crw_145",24,"254027_0_t1_20240417T110000",2024-04-17 11:00:00,-122.387848041064,36.082956151094,0,"available_crw"
"254027_0_t1",145,"254027_0_t1_crw_145",25,"254027_0_t1_20240417T170000",2024-04-17 17:00:00,-122.357807968253,35.9546542561326,0,"available_crw"
"254027_0_t1",145,"254027_0_t1_crw_145",26,"254027_0_t1_20240417T230000",2024-04-17 23:00:00,-122.159931249069,35.9848552554631,0,"available_crw"
"254027_0_t1",145,"254027_0_t1_crw_145",27,"254027_0_t1_20240418T050000",2024-04-18 05:00:00,-122.004143414636,36.0461596048678,0,"available_crw"
"254027_0_t1",145,"254027_0_t1_crw_145",28,"254027_0_t1_20240418T110000",2024-04-18 11:00:00,-121.79990892951,36.0874414229375,0,"available_crw"
"254027_0_t1",145,"254027_0_t1_crw_145",29,"254027_0_t1_20240418T170000",2024-04-18 17:00:00,-121.646295125371,35.8457192652218,0,"available_crw"
"254027_0_t1",145,"254027_0_t1_crw_145",30,"254027_0_t1_20240418T230000",2024-04-18 23:00:00,-121.663067468138,35.8376351377263,0,"available_crw"
"254027_0_t1",145,"254027_0_t1_crw_145",31,"254027_0_t1_20240419T050000",2024-04-19 05:00:00,-121.847209135179,35.7843228728044,0,"available_crw"
"254027_0_t1",145,"254027_0_t1_crw_145",32,"254027_0_t1_20240419T110000",2024-04-19 11:00:00,-121.836593231407,35.7936729099132,0,"available_crw"
"254027_0_t1",146,"254027_0_t1_crw_146",1,"254027_0_t1_20240411T170000",2024-04-11 17:00:00,-121.8431658,36.81026373,0,"available_crw"
"254027_0_t1",146,"254027_0_t1_crw_146",2,"254027_0_t1_20240411T230000",2024-04-11 23:00:00,-122.037018718084,36.8426236931558,0,"available_crw"
"254027_0_t1",146,"254027_0_t1_crw_146",3,"254027_0_t1_20240412T050000",2024-04-12 05:00:00,-122.078361236158,36.6824026346526,0,"available_crw"
"254027_0_t1",146,"254027_0_t1_crw_146",4,"254027_0_t1_20240412T110000",2024-04-12 11:00:00,-122.086050986533,36.7230655776317,0,"available_crw"
"254027_0_t1",146,"254027_0_t1_crw_146",5,"254027_0_t1_20240412T170000",2024-04-12 17:00:00,-122.260780976687,36.74394309067,0,"available_crw"
"254027_0_t1",146,"254027_0_t1_crw_146",6,"254027_0_t1_20240412T230000",2024-04-12 23:00:00,-122.210778695246,36.7524702713125,0,"available_crw"
"254027_0_t1",146,"254027_0_t1_crw_146",7,"254027_0_t1_20240413T050000",2024-04-13 05:00:00,-122.191195051292,36.8032370447178,0,"available_crw"
"254027_0_t1",146,"254027_0_t1_crw_146",8,"254027_0_t1_20240413T110000",2024-04-13 11:00:00,-122.087970644841,36.9526263069363,0,"available_crw"
"254027_0_t1",146,"254027_0_t1_crw_146",9,"254027_0_t1_20240413T170000",2024-04-13 17:00:00,-122.266245474397,37.0321652434196,0,"available_crw"
"254027_0_t1",146,"254027_0_t1_crw_146",10,"254027_0_t1_20240413T230000",2024-04-13 23:00:00,-122.365318789542,36.8891385165362,0,"available_crw"
"254027_0_t1",146,"254027_0_t1_crw_146",11,"254027_0_t1_20240414T050000",2024-04-14 05:00:00,-122.552646076206,36.9080504497744,0,"available_crw"
"254027_0_t1",146,"254027_0_t1_crw_146",12,"254027_0_t1_20240414T110000",2024-04-14 11:00:00,-122.653662824395,36.9162260358475,0,"available_crw"
"254027_0_t1",146,"254027_0_t1_crw_146",13,"254027_0_t1_20240414T170000",2024-04-14 17:00:00,-122.718139564123,37.2174217684748,0,"available_crw"
"254027_0_t1",146,"254027_0_t1_crw_146",14,"254027_0_t1_20240414T230000",2024-04-14 23:00:00,-122.919763040137,37.1897247564513,0,"available_crw"
"254027_0_t1",146,"254027_0_t1_crw_146",15,"254027_0_t1_20240415T050000",2024-04-15 05:00:00,-122.894334960894,37.2599824509055,0,"available_crw"
"254027_0_t1",146,"254027_0_t1_crw_146",16,"254027_0_t1_20240415T110000",2024-04-15 11:00:00,-122.512066475764,37.2555842029942,0,"available_crw"
"254027_0_t1",146,"254027_0_t1_crw_146",17,"254027_0_t1_20240415T170000",2024-04-15 17:00:00,-122.43862795998,36.9899580363578,0,"available_crw"
"254027_0_t1",146,"254027_0_t1_crw_146",18,"254027_0_t1_20240415T230000",2024-04-15 23:00:00,-122.384789825668,36.7398928304424,0,"available_crw"
"254027_0_t1",146,"254027_0_t1_crw_146",19,"254027_0_t1_20240416T050000",2024-04-16 05:00:00,-122.443457342499,36.4783546081575,0,"available_crw"
"254027_0_t1",146,"254027_0_t1_crw_146",20,"254027_0_t1_20240416T110000",2024-04-16 11:00:00,-122.460978481027,36.4329141237981,0,"available_crw"
"254027_0_t1",146,"254027_0_t1_crw_146",21,"254027_0_t1_20240416T170000",2024-04-16 17:00:00,-122.26780325462,36.3839144350384,0,"available_crw"
"254027_0_t1",146,"254027_0_t1_crw_146",22,"254027_0_t1_20240416T230000",2024-04-16 23:00:00,-122.150974165485,36.3603615656738,0,"available_crw"
"254027_0_t1",146,"254027_0_t1_crw_146",23,"254027_0_t1_20240417T050000",2024-04-17 05:00:00,-122.166280859759,36.3573703477283,0,"available_crw"
"254027_0_t1",146,"254027_0_t1_crw_146",24,"254027_0_t1_20240417T110000",2024-04-17 11:00:00,-122.350241717627,36.6244551304023,0,"available_crw"
"254027_0_t1",146,"254027_0_t1_crw_146",25,"254027_0_t1_20240417T170000",2024-04-17 17:00:00,-122.311447153519,36.5977375556252,0,"available_crw"
"254027_0_t1",146,"254027_0_t1_crw_146",26,"254027_0_t1_20240417T230000",2024-04-17 23:00:00,-122.179192077593,36.7219390772807,0,"available_crw"
"254027_0_t1",146,"254027_0_t1_crw_146",27,"254027_0_t1_20240418T050000",2024-04-18 05:00:00,-121.890706945832,36.8514977619658,0,"available_crw"
"254027_0_t1",146,"254027_0_t1_crw_146",28,"254027_0_t1_20240418T110000",2024-04-18 11:00:00,-121.926251001905,36.8693761002715,0,"available_crw"
"254027_0_t1",146,"254027_0_t1_crw_146",29,"254027_0_t1_20240418T170000",2024-04-18 17:00:00,-122.058566765288,36.9452664142161,0,"available_crw"
"254027_0_t1",146,"254027_0_t1_crw_146",30,"254027_0_t1_20240418T230000",2024-04-18 23:00:00,-122.307776847278,37.1016888102751,0,"available_crw"
"254027_0_t1",146,"254027_0_t1_crw_146",31,"254027_0_t1_20240419T050000",2024-04-19 05:00:00,-122.44139606617,37.1304420558523,0,"available_crw"
"254027_0_t1",146,"254027_0_t1_crw_146",32,"254027_0_t1_20240419T110000",2024-04-19 11:00:00,-122.632137063598,37.2072141029913,0,"available_crw"
"254027_0_t1",147,"254027_0_t1_crw_147",1,"254027_0_t1_20240411T170000",2024-04-11 17:00:00,-121.8431658,36.81026373,0,"available_crw"
"254027_0_t1",147,"254027_0_t1_crw_147",2,"254027_0_t1_20240411T230000",2024-04-11 23:00:00,-121.842644658615,36.7912249631954,0,"available_crw"
"254027_0_t1",147,"254027_0_t1_crw_147",3,"254027_0_t1_20240412T050000",2024-04-12 05:00:00,-121.876443112946,36.6344032416516,0,"available_crw"
"254027_0_t1",147,"254027_0_t1_crw_147",4,"254027_0_t1_20240412T110000",2024-04-12 11:00:00,-122.040331677471,36.4038990023469,0,"available_crw"
"254027_0_t1",147,"254027_0_t1_crw_147",5,"254027_0_t1_20240412T170000",2024-04-12 17:00:00,-121.920436198163,36.2999261531972,0,"available_crw"
"254027_0_t1",147,"254027_0_t1_crw_147",6,"254027_0_t1_20240412T230000",2024-04-12 23:00:00,-122.024468755173,36.2210394780016,0,"available_crw"
"254027_0_t1",147,"254027_0_t1_crw_147",7,"254027_0_t1_20240413T050000",2024-04-13 05:00:00,-122.07192596806,36.1930062056106,0,"available_crw"
"254027_0_t1",147,"254027_0_t1_crw_147",8,"254027_0_t1_20240413T110000",2024-04-13 11:00:00,-122.043884130884,36.2272939758691,0,"available_crw"
"254027_0_t1",147,"254027_0_t1_crw_147",9,"254027_0_t1_20240413T170000",2024-04-13 17:00:00,-121.990182751263,36.2962557361203,0,"available_crw"
"254027_0_t1",147,"254027_0_t1_crw_147",10,"254027_0_t1_20240413T230000",2024-04-13 23:00:00,-122.008826386003,36.2607671929345,0,"available_crw"
"254027_0_t1",147,"254027_0_t1_crw_147",11,"254027_0_t1_20240414T050000",2024-04-14 05:00:00,-122.009153126009,36.1499548398387,0,"available_crw"
"254027_0_t1",147,"254027_0_t1_crw_147",12,"254027_0_t1_20240414T110000",2024-04-14 11:00:00,-121.841848349593,36.1075741278939,0,"available_crw"
"254027_0_t1",147,"254027_0_t1_crw_147",13,"254027_0_t1_20240414T170000",2024-04-14 17:00:00,-121.548334850298,36.0203260096613,0,"available_crw"
"254027_0_t1",147,"254027_0_t1_crw_147",14,"254027_0_t1_20240414T230000",2024-04-14 23:00:00,-121.553997211098,36.0051384741228,0,"available_crw"
"254027_0_t1",147,"254027_0_t1_crw_147",15,"254027_0_t1_20240415T050000",2024-04-15 05:00:00,-121.577734895084,35.9616354515729,0,"available_crw"
"254027_0_t1",147,"254027_0_t1_crw_147",16,"254027_0_t1_20240415T110000",2024-04-15 11:00:00,-121.700062778687,35.8227503065084,0,"available_crw"
"254027_0_t1",147,"254027_0_t1_crw_147",17,"254027_0_t1_20240415T170000",2024-04-15 17:00:00,-121.672845899209,35.8484659828861,0,"available_crw"
"254027_0_t1",147,"254027_0_t1_crw_147",18,"254027_0_t1_20240415T230000",2024-04-15 23:00:00,-121.506075116539,35.9523165220423,0,"available_crw"
"254027_0_t1",147,"254027_0_t1_crw_147",19,"254027_0_t1_20240416T050000",2024-04-16 05:00:00,-121.541386108653,35.9342104225725,0,"available_crw"
"254027_0_t1",147,"254027_0_t1_crw_147",20,"254027_0_t1_20240416T110000",2024-04-16 11:00:00,-121.551271255333,36.0069087600983,0,"available_crw"
"254027_0_t1",147,"254027_0_t1_crw_147",21,"254027_0_t1_20240416T170000",2024-04-16 17:00:00,-121.538581704618,35.969750156762,0,"available_crw"
"254027_0_t1",147,"254027_0_t1_crw_147",22,"254027_0_t1_20240416T230000",2024-04-16 23:00:00,-121.505321290062,35.8420033838858,0,"available_crw"
"254027_0_t1",147,"254027_0_t1_crw_147",23,"254027_0_t1_20240417T050000",2024-04-17 05:00:00,-121.592507707286,35.859652093849,0,"available_crw"
"254027_0_t1",147,"254027_0_t1_crw_147",24,"254027_0_t1_20240417T110000",2024-04-17 11:00:00,-121.710170715131,35.8772077743836,0,"available_crw"
"254027_0_t1",147,"254027_0_t1_crw_147",25,"254027_0_t1_20240417T170000",2024-04-17 17:00:00,-121.72824938189,36.1488822298177,0,"available_crw"
"254027_0_t1",147,"254027_0_t1_crw_147",26,"254027_0_t1_20240417T230000",2024-04-17 23:00:00,-121.708061199575,36.1111509456802,0,"available_crw"
"254027_0_t1",147,"254027_0_t1_crw_147",27,"254027_0_t1_20240418T050000",2024-04-18 05:00:00,-121.733721184638,36.1436139967836,0,"available_crw"
"254027_0_t1",147,"254027_0_t1_crw_147",28,"254027_0_t1_20240418T110000",2024-04-18 11:00:00,-121.799132901971,36.1403567252379,0,"available_crw"
"254027_0_t1",147,"254027_0_t1_crw_147",29,"254027_0_t1_20240418T170000",2024-04-18 17:00:00,-121.897389267006,36.4005309706106,0,"available_crw"
"254027_0_t1",147,"254027_0_t1_crw_147",30,"254027_0_t1_20240418T230000",2024-04-18 23:00:00,-121.935133835949,36.5275045229577,0,"available_crw"
"254027_0_t1",147,"254027_0_t1_crw_147",31,"254027_0_t1_20240419T050000",2024-04-19 05:00:00,-121.957877487738,36.5224304320896,0,"available_crw"
"254027_0_t1",147,"254027_0_t1_crw_147",32,"254027_0_t1_20240419T110000",2024-04-19 11:00:00,-122.154495500745,36.5102155058697,0,"available_crw"
"254027_0_t1",148,"254027_0_t1_crw_148",1,"254027_0_t1_20240411T170000",2024-04-11 17:00:00,-121.8431658,36.81026373,0,"available_crw"
"254027_0_t1",148,"254027_0_t1_crw_148",2,"254027_0_t1_20240411T230000",2024-04-11 23:00:00,-121.964185643552,36.8139417624546,0,"available_crw"
"254027_0_t1",148,"254027_0_t1_crw_148",3,"254027_0_t1_20240412T050000",2024-04-12 05:00:00,-121.955414355918,36.8158601276071,0,"available_crw"
"254027_0_t1",148,"254027_0_t1_crw_148",4,"254027_0_t1_20240412T110000",2024-04-12 11:00:00,-121.840691322315,36.8470673560662,0,"available_crw"
"254027_0_t1",148,"254027_0_t1_crw_148",5,"254027_0_t1_20240412T170000",2024-04-12 17:00:00,-121.794546352671,36.737792361406,0,"available_crw"
"254027_0_t1",148,"254027_0_t1_crw_148",6,"254027_0_t1_20240412T230000",2024-04-12 23:00:00,-121.772408136636,36.7445151930602,0,"available_crw"
"254027_0_t1",148,"254027_0_t1_crw_148",7,"254027_0_t1_20240413T050000",2024-04-13 05:00:00,-121.810942696237,36.7175055427579,0,"available_crw"
"254027_0_t1",148,"254027_0_t1_crw_148",8,"254027_0_t1_20240413T110000",2024-04-13 11:00:00,-121.78031301222,36.7471556727253,0,"available_crw"
"254027_0_t1",148,"254027_0_t1_crw_148",9,"254027_0_t1_20240413T170000",2024-04-13 17:00:00,-121.797264615111,36.7083561968471,0,"available_crw"
"254027_0_t1",148,"254027_0_t1_crw_148",10,"254027_0_t1_20240413T230000",2024-04-13 23:00:00,-121.932644601597,36.7463472146363,0,"available_crw"
"254027_0_t1",148,"254027_0_t1_crw_148",11,"254027_0_t1_20240414T050000",2024-04-14 05:00:00,-122.082410477869,36.796685067707,0,"available_crw"
"254027_0_t1",148,"254027_0_t1_crw_148",12,"254027_0_t1_20240414T110000",2024-04-14 11:00:00,-122.176887457182,36.826271427173,0,"available_crw"
"254027_0_t1",148,"254027_0_t1_crw_148",13,"254027_0_t1_20240414T170000",2024-04-14 17:00:00,-122.298887969236,36.8338868875711,0,"available_crw"
"254027_0_t1",148,"254027_0_t1_crw_148",14,"254027_0_t1_20240414T230000",2024-04-14 23:00:00,-122.612350729368,36.8645610354316,0,"available_crw"
"254027_0_t1",148,"254027_0_t1_crw_148",15,"254027_0_t1_20240415T050000",2024-04-15 05:00:00,-122.651243942296,36.8215670818328,0,"available_crw"
"254027_0_t1",148,"254027_0_t1_crw_148",16,"254027_0_t1_20240415T110000",2024-04-15 11:00:00,-122.691502965783,36.7286774961574,0,"available_crw"
"254027_0_t1",148,"254027_0_t1_crw_148",17,"254027_0_t1_20240415T170000",2024-04-15 17:00:00,-122.499732102073,36.6744923136815,0,"available_crw"
"254027_0_t1",148,"254027_0_t1_crw_148",18,"254027_0_t1_20240415T230000",2024-04-15 23:00:00,-122.329656246335,36.593558698526,0,"available_crw"
"254027_0_t1",148,"254027_0_t1_crw_148",19,"254027_0_t1_20240416T050000",2024-04-16 05:00:00,-122.182528093599,36.4875222604267,0,"available_crw"
"254027_0_t1",148,"254027_0_t1_crw_148",20,"254027_0_t1_20240416T110000",2024-04-16 11:00:00,-121.95865982669,36.3096077950564,0,"available_crw"
"254027_0_t1",148,"254027_0_t1_crw_148",21,"254027_0_t1_20240416T170000",2024-04-16 17:00:00,-122.131932854596,36.0765781233058,0,"available_crw"
"254027_0_t1",148,"254027_0_t1_crw_148",22,"254027_0_t1_20240416T230000",2024-04-16 23:00:00,-122.129803519899,36.083680614661,0,"available_crw"
"254027_0_t1",148,"254027_0_t1_crw_148",23,"254027_0_t1_20240417T050000",2024-04-17 05:00:00,-122.169869864029,36.0748510437226,0,"available_crw"
"254027_0_t1",148,"254027_0_t1_crw_148",24,"254027_0_t1_20240417T110000",2024-04-17 11:00:00,-122.31897596246,36.003348298155,0,"available_crw"
"254027_0_t1",148,"254027_0_t1_crw_148",25,"254027_0_t1_20240417T170000",2024-04-17 17:00:00,-122.216823613957,35.8623361572283,0,"available_crw"
"254027_0_t1",148,"254027_0_t1_crw_148",26,"254027_0_t1_20240417T230000",2024-04-17 23:00:00,-122.164087224899,35.7930248924959,0,"available_crw"
"254027_0_t1",148,"254027_0_t1_crw_148",27,"254027_0_t1_20240418T050000",2024-04-18 05:00:00,-122.07991435524,35.5821630372963,0,"available_crw"
"254027_0_t1",148,"254027_0_t1_crw_148",28,"254027_0_t1_20240418T110000",2024-04-18 11:00:00,-121.889192508204,35.6324401794169,0,"available_crw"
"254027_0_t1",148,"254027_0_t1_crw_148",29,"254027_0_t1_20240418T170000",2024-04-18 17:00:00,-121.770826818273,35.515620783163,0,"available_crw"
"254027_0_t1",148,"254027_0_t1_crw_148",30,"254027_0_t1_20240418T230000",2024-04-18 23:00:00,-121.814392696879,35.5362088866648,0,"available_crw"
"254027_0_t1",148,"254027_0_t1_crw_148",31,"254027_0_t1_20240419T050000",2024-04-19 05:00:00,-121.815229679396,35.5025135557156,0,"available_crw"
"254027_0_t1",148,"254027_0_t1_crw_148",32,"254027_0_t1_20240419T110000",2024-04-19 11:00:00,-121.817721712141,35.509533806223,0,"available_crw"
"254027_0_t1",149,"254027_0_t1_crw_149",1,"254027_0_t1_20240411T170000",2024-04-11 17:00:00,-121.8431658,36.81026373,0,"available_crw"
"254027_0_t1",149,"254027_0_t1_crw_149",2,"254027_0_t1_20240411T230000",2024-04-11 23:00:00,-122.152628406773,36.9039795381729,0,"available_crw"
"254027_0_t1",149,"254027_0_t1_crw_149",3,"254027_0_t1_20240412T050000",2024-04-12 05:00:00,-122.20311395652,36.8696178808324,0,"available_crw"
"254027_0_t1",149,"254027_0_t1_crw_149",4,"254027_0_t1_20240412T110000",2024-04-12 11:00:00,-122.171927667286,36.8989353099467,0,"available_crw"
"254027_0_t1",149,"254027_0_t1_crw_149",5,"254027_0_t1_20240412T170000",2024-04-12 17:00:00,-121.993221581443,36.8501724145482,0,"available_crw"
"254027_0_t1",149,"254027_0_t1_crw_149",6,"254027_0_t1_20240412T230000",2024-04-12 23:00:00,-121.98633940014,36.8683955322622,0,"available_crw"
"254027_0_t1",149,"254027_0_t1_crw_149",7,"254027_0_t1_20240413T050000",2024-04-13 05:00:00,-121.848874125683,36.8350124196838,0,"available_crw"
"254027_0_t1",149,"254027_0_t1_crw_149",8,"254027_0_t1_20240413T110000",2024-04-13 11:00:00,-121.857593218353,36.8679710141346,0,"available_crw"
"254027_0_t1",149,"254027_0_t1_crw_149",9,"254027_0_t1_20240413T170000",2024-04-13 17:00:00,-121.890054770906,36.9617730760879,0,"available_crw"
"254027_0_t1",149,"254027_0_t1_crw_149",10,"254027_0_t1_20240413T230000",2024-04-13 23:00:00,-121.87920288562,36.9524814760548,0,"available_crw"
"254027_0_t1",149,"254027_0_t1_crw_149",11,"254027_0_t1_20240414T050000",2024-04-14 05:00:00,-121.844312381908,36.914012693864,0,"available_crw"
"254027_0_t1",149,"254027_0_t1_crw_149",12,"254027_0_t1_20240414T110000",2024-04-14 11:00:00,-121.960245584605,36.8458618651993,0,"available_crw"
"254027_0_t1",149,"254027_0_t1_crw_149",13,"254027_0_t1_20240414T170000",2024-04-14 17:00:00,-122.068891200318,36.7356989751209,0,"available_crw"
"254027_0_t1",149,"254027_0_t1_crw_149",14,"254027_0_t1_20240414T230000",2024-04-14 23:00:00,-122.049862601659,36.7243813303951,0,"available_crw"
"254027_0_t1",149,"254027_0_t1_crw_149",15,"254027_0_t1_20240415T050000",2024-04-15 05:00:00,-122.007027523406,36.6915913434102,0,"available_crw"
"254027_0_t1",149,"254027_0_t1_crw_149",16,"254027_0_t1_20240415T110000",2024-04-15 11:00:00,-122.092071113728,36.6659522571466,0,"available_crw"
"254027_0_t1",149,"254027_0_t1_crw_149",17,"254027_0_t1_20240415T170000",2024-04-15 17:00:00,-122.36525067904,36.6392332071879,0,"available_crw"
"254027_0_t1",149,"254027_0_t1_crw_149",18,"254027_0_t1_20240415T230000",2024-04-15 23:00:00,-122.35224232623,36.6464673508405,0,"available_crw"
"254027_0_t1",149,"254027_0_t1_crw_149",19,"254027_0_t1_20240416T050000",2024-04-16 05:00:00,-122.23972679882,36.7540087031762,0,"available_crw"
"254027_0_t1",149,"254027_0_t1_crw_149",20,"254027_0_t1_20240416T110000",2024-04-16 11:00:00,-122.223938775955,36.7444997356717,0,"available_crw"
"254027_0_t1",149,"254027_0_t1_crw_149",21,"254027_0_t1_20240416T170000",2024-04-16 17:00:00,-122.0614819771,36.6928477611119,0,"available_crw"
"254027_0_t1",149,"254027_0_t1_crw_149",22,"254027_0_t1_20240416T230000",2024-04-16 23:00:00,-122.109222083877,36.4235190118217,0,"available_crw"
"254027_0_t1",149,"254027_0_t1_crw_149",23,"254027_0_t1_20240417T050000",2024-04-17 05:00:00,-122.120026134262,36.4637158077912,0,"available_crw"
"254027_0_t1",149,"254027_0_t1_crw_149",24,"254027_0_t1_20240417T110000",2024-04-17 11:00:00,-121.980407636462,36.4883512035252,0,"available_crw"
"254027_0_t1",149,"254027_0_t1_crw_149",25,"254027_0_t1_20240417T170000",2024-04-17 17:00:00,-121.834598557019,36.2431688945857,0,"available_crw"
"254027_0_t1",149,"254027_0_t1_crw_149",26,"254027_0_t1_20240417T230000",2024-04-17 23:00:00,-121.752758451293,36.1705223937747,0,"available_crw"
"254027_0_t1",149,"254027_0_t1_crw_149",27,"254027_0_t1_20240418T050000",2024-04-18 05:00:00,-121.628702682286,36.1241070717269,0,"available_crw"
"254027_0_t1",149,"254027_0_t1_crw_149",28,"254027_0_t1_20240418T110000",2024-04-18 11:00:00,-121.674491949552,36.1344660176746,0,"available_crw"
"254027_0_t1",149,"254027_0_t1_crw_149",29,"254027_0_t1_20240418T170000",2024-04-18 17:00:00,-121.809950223324,36.120250782119,0,"available_crw"
"254027_0_t1",149,"254027_0_t1_crw_149",30,"254027_0_t1_20240418T230000",2024-04-18 23:00:00,-121.764395983721,36.1312697308787,0,"available_crw"
"254027_0_t1",149,"254027_0_t1_crw_149",31,"254027_0_t1_20240419T050000",2024-04-19 05:00:00,-121.70061945352,36.149321194911,0,"available_crw"
"254027_0_t1",149,"254027_0_t1_crw_149",32,"254027_0_t1_20240419T110000",2024-04-19 11:00:00,-121.711164839455,36.0766808178366,0,"available_crw"
"254027_0_t1",150,"254027_0_t1_crw_150",1,"254027_0_t1_20240411T170000",2024-04-11 17:00:00,-121.8431658,36.81026373,0,"available_crw"
"254027_0_t1",150,"254027_0_t1_crw_150",2,"254027_0_t1_20240411T230000",2024-04-11 23:00:00,-121.911310012985,36.9516577363603,0,"available_crw"
"254027_0_t1",150,"254027_0_t1_crw_150",3,"254027_0_t1_20240412T050000",2024-04-12 05:00:00,-122.101354991788,36.8925587180207,0,"available_crw"
"254027_0_t1",150,"254027_0_t1_crw_150",4,"254027_0_t1_20240412T110000",2024-04-12 11:00:00,-122.195052001396,36.8612549041956,0,"available_crw"
"254027_0_t1",150,"254027_0_t1_crw_150",5,"254027_0_t1_20240412T170000",2024-04-12 17:00:00,-122.184909320655,36.8710420012341,0,"available_crw"
"254027_0_t1",150,"254027_0_t1_crw_150",6,"254027_0_t1_20240412T230000",2024-04-12 23:00:00,-122.203628174108,36.8827270363923,0,"available_crw"
"254027_0_t1",150,"254027_0_t1_crw_150",7,"254027_0_t1_20240413T050000",2024-04-13 05:00:00,-122.29741708901,36.9444634308402,0,"available_crw"
"254027_0_t1",150,"254027_0_t1_crw_150",8,"254027_0_t1_20240413T110000",2024-04-13 11:00:00,-122.431405703087,37.0773114640599,0,"available_crw"
"254027_0_t1",150,"254027_0_t1_crw_150",9,"254027_0_t1_20240413T170000",2024-04-13 17:00:00,-122.407814553699,37.0491176862645,0,"available_crw"
"254027_0_t1",150,"254027_0_t1_crw_150",10,"254027_0_t1_20240413T230000",2024-04-13 23:00:00,-122.414919961718,37.0536986805933,0,"available_crw"
"254027_0_t1",150,"254027_0_t1_crw_150",11,"254027_0_t1_20240414T050000",2024-04-14 05:00:00,-122.652791296394,37.2214250676789,0,"available_crw"
"254027_0_t1",150,"254027_0_t1_crw_150",12,"254027_0_t1_20240414T110000",2024-04-14 11:00:00,-122.589433244341,37.3643534260002,0,"available_crw"
"254027_0_t1",150,"254027_0_t1_crw_150",13,"254027_0_t1_20240414T170000",2024-04-14 17:00:00,-122.607181497153,37.3335073097539,0,"available_crw"
"254027_0_t1",150,"254027_0_t1_crw_150",14,"254027_0_t1_20240414T230000",2024-04-14 23:00:00,-122.840841047058,37.144488265126,0,"available_crw"
"254027_0_t1",150,"254027_0_t1_crw_150",15,"254027_0_t1_20240415T050000",2024-04-15 05:00:00,-122.96217666361,37.0572739813249,0,"available_crw"
"254027_0_t1",150,"254027_0_t1_crw_150",16,"254027_0_t1_20240415T110000",2024-04-15 11:00:00,-123.010879597077,37.0300581388235,0,"available_crw"
"254027_0_t1",150,"254027_0_t1_crw_150",17,"254027_0_t1_20240415T170000",2024-04-15 17:00:00,-123.192408758006,36.9657361881049,0,"available_crw"
"254027_0_t1",150,"254027_0_t1_crw_150",18,"254027_0_t1_20240415T230000",2024-04-15 23:00:00,-123.285322803545,36.9016001350229,0,"available_crw"
"254027_0_t1",150,"254027_0_t1_crw_150",19,"254027_0_t1_20240416T050000",2024-04-16 05:00:00,-123.457477199959,36.822844701028,0,"available_crw"
"254027_0_t1",150,"254027_0_t1_crw_150",20,"254027_0_t1_20240416T110000",2024-04-16 11:00:00,-123.580956211,36.7233119643067,0,"available_crw"
"254027_0_t1",150,"254027_0_t1_crw_150",21,"254027_0_t1_20240416T170000",2024-04-16 17:00:00,-123.552988004716,36.7546262747009,0,"available_crw"
"254027_0_t1",150,"254027_0_t1_crw_150",22,"254027_0_t1_20240416T230000",2024-04-16 23:00:00,-123.580586550395,36.728953404209,0,"available_crw"
"254027_0_t1",150,"254027_0_t1_crw_150",23,"254027_0_t1_20240417T050000",2024-04-17 05:00:00,-123.65388523185,36.6515200871929,0,"available_crw"
"254027_0_t1",150,"254027_0_t1_crw_150",24,"254027_0_t1_20240417T110000",2024-04-17 11:00:00,-123.670223490447,36.6603837528515,0,"available_crw"
"254027_0_t1",150,"254027_0_t1_crw_150",25,"254027_0_t1_20240417T170000",2024-04-17 17:00:00,-123.728365500074,36.688819591915,0,"available_crw"
"254027_0_t1",150,"254027_0_t1_crw_150",26,"254027_0_t1_20240417T230000",2024-04-17 23:00:00,-123.788127782971,36.7150154434122,0,"available_crw"
"254027_0_t1",150,"254027_0_t1_crw_150",27,"254027_0_t1_20240418T050000",2024-04-18 05:00:00,-123.878219432965,36.7522732801635,0,"available_crw"
"254027_0_t1",150,"254027_0_t1_crw_150",28,"254027_0_t1_20240418T110000",2024-04-18 11:00:00,-123.969439461859,36.7877763601049,0,"available_crw"
"254027_0_t1",150,"254027_0_t1_crw_150",29,"254027_0_t1_20240418T170000",2024-04-18 17:00:00,-123.896887314226,37.0535177494205,0,"available_crw"
"254027_0_t1",150,"254027_0_t1_crw_150",30,"254027_0_t1_20240418T230000",2024-04-18 23:00:00,-123.946525425301,37.0887732803928,0,"available_crw"
"254027_0_t1",150,"254027_0_t1_crw_150",31,"254027_0_t1_20240419T050000",2024-04-19 05:00:00,-123.851102472473,37.1752674954226,0,"available_crw"
"254027_0_t1",150,"254027_0_t1_crw_150",32,"254027_0_t1_20240419T110000",2024-04-19 11:00:00,-123.799661816589,37.2646122281554,0,"available_crw"
"254027_0_t1",151,"254027_0_t1_crw_151",1,"254027_0_t1_20240411T170000",2024-04-11 17:00:00,-121.8431658,36.81026373,0,"available_crw"
"254027_0_t1",151,"254027_0_t1_crw_151",2,"254027_0_t1_20240411T230000",2024-04-11 23:00:00,-122.110454562636,36.8650233612621,0,"available_crw"
"254027_0_t1",151,"254027_0_t1_crw_151",3,"254027_0_t1_20240412T050000",2024-04-12 05:00:00,-122.106726270855,36.8806068957721,0,"available_crw"
"254027_0_t1",151,"254027_0_t1_crw_151",4,"254027_0_t1_20240412T110000",2024-04-12 11:00:00,-122.088453352802,36.9258755639891,0,"available_crw"
"254027_0_t1",151,"254027_0_t1_crw_151",5,"254027_0_t1_20240412T170000",2024-04-12 17:00:00,-121.899999383141,36.9359073962797,0,"available_crw"
"254027_0_t1",151,"254027_0_t1_crw_151",6,"254027_0_t1_20240412T230000",2024-04-12 23:00:00,-121.840823973601,36.9331227289561,0,"available_crw"
"254027_0_t1",151,"254027_0_t1_crw_151",7,"254027_0_t1_20240413T050000",2024-04-13 05:00:00,-121.855288090018,36.9278938230987,0,"available_crw"
"254027_0_t1",151,"254027_0_t1_crw_151",8,"254027_0_t1_20240413T110000",2024-04-13 11:00:00,-121.845489788229,36.9379090765363,0,"available_crw"
"254027_0_t1",151,"254027_0_t1_crw_151",9,"254027_0_t1_20240413T170000",2024-04-13 17:00:00,-121.861124760976,36.8987435660369,0,"available_crw"
"254027_0_t1",151,"254027_0_t1_crw_151",10,"254027_0_t1_20240413T230000",2024-04-13 23:00:00,-121.844656636876,36.9300052776336,0,"available_crw"
"254027_0_t1",151,"254027_0_t1_crw_151",11,"254027_0_t1_20240414T050000",2024-04-14 05:00:00,-121.866803479812,36.9368276664861,0,"available_crw"
"254027_0_t1",151,"254027_0_t1_crw_151",12,"254027_0_t1_20240414T110000",2024-04-14 11:00:00,-121.91912942403,36.9592009770265,0,"available_crw"
"254027_0_t1",151,"254027_0_t1_crw_151",13,"254027_0_t1_20240414T170000",2024-04-14 17:00:00,-121.903260739779,36.9591067343588,0,"available_crw"
"254027_0_t1",151,"254027_0_t1_crw_151",14,"254027_0_t1_20240414T230000",2024-04-14 23:00:00,-121.943701899505,36.893572254463,0,"available_crw"
"254027_0_t1",151,"254027_0_t1_crw_151",15,"254027_0_t1_20240415T050000",2024-04-15 05:00:00,-121.951973707645,36.7829722151434,0,"available_crw"
"254027_0_t1",151,"254027_0_t1_crw_151",16,"254027_0_t1_20240415T110000",2024-04-15 11:00:00,-122.032993186423,36.5710739049805,0,"available_crw"
"254027_0_t1",151,"254027_0_t1_crw_151",17,"254027_0_t1_20240415T170000",2024-04-15 17:00:00,-122.033033676952,36.5783828957366,0,"available_crw"
"254027_0_t1",151,"254027_0_t1_crw_151",18,"254027_0_t1_20240415T230000",2024-04-15 23:00:00,-121.968901822297,36.7940028589679,0,"available_crw"
"254027_0_t1",151,"254027_0_t1_crw_151",19,"254027_0_t1_20240416T050000",2024-04-16 05:00:00,-122.00929775344,36.7850685841197,0,"available_crw"
"254027_0_t1",151,"254027_0_t1_crw_151",20,"254027_0_t1_20240416T110000",2024-04-16 11:00:00,-122.047691802946,36.8962758810533,0,"available_crw"
"254027_0_t1",151,"254027_0_t1_crw_151",21,"254027_0_t1_20240416T170000",2024-04-16 17:00:00,-122.036852625351,36.886981043244,0,"available_crw"
"254027_0_t1",151,"254027_0_t1_crw_151",22,"254027_0_t1_20240416T230000",2024-04-16 23:00:00,-121.972621166544,36.8997687712426,0,"available_crw"
"254027_0_t1",151,"254027_0_t1_crw_151",23,"254027_0_t1_20240417T050000",2024-04-17 05:00:00,-121.817497535965,36.6580264726126,0,"available_crw"
"254027_0_t1",151,"254027_0_t1_crw_151",24,"254027_0_t1_20240417T110000",2024-04-17 11:00:00,-121.855225842914,36.6857391889859,0,"available_crw"
"254027_0_t1",151,"254027_0_t1_crw_151",25,"254027_0_t1_20240417T170000",2024-04-17 17:00:00,-121.839934226452,36.6824982397121,0,"available_crw"
"254027_0_t1",151,"254027_0_t1_crw_151",26,"254027_0_t1_20240417T230000",2024-04-17 23:00:00,-121.834688852983,36.7010675095001,0,"available_crw"
"254027_0_t1",151,"254027_0_t1_crw_151",27,"254027_0_t1_20240418T050000",2024-04-18 05:00:00,-122.032876941088,36.737398715529,0,"available_crw"
"254027_0_t1",151,"254027_0_t1_crw_151",28,"254027_0_t1_20240418T110000",2024-04-18 11:00:00,-122.226193644364,36.8081706994763,0,"available_crw"
"254027_0_t1",151,"254027_0_t1_crw_151",29,"254027_0_t1_20240418T170000",2024-04-18 17:00:00,-122.222947960376,36.7745740478989,0,"available_crw"
"254027_0_t1",151,"254027_0_t1_crw_151",30,"254027_0_t1_20240418T230000",2024-04-18 23:00:00,-122.231351088384,36.7853683980821,0,"available_crw"
"254027_0_t1",151,"254027_0_t1_crw_151",31,"254027_0_t1_20240419T050000",2024-04-19 05:00:00,-122.344231411232,36.8489395671222,0,"available_crw"
"254027_0_t1",151,"254027_0_t1_crw_151",32,"254027_0_t1_20240419T110000",2024-04-19 11:00:00,-122.348700281464,36.8154333277401,0,"available_crw"
"254027_0_t1",152,"254027_0_t1_crw_152",1,"254027_0_t1_20240411T170000",2024-04-11 17:00:00,-121.8431658,36.81026373,0,"available_crw"
"254027_0_t1",152,"254027_0_t1_crw_152",2,"254027_0_t1_20240411T230000",2024-04-11 23:00:00,-121.911257172552,36.8083374476338,0,"available_crw"
"254027_0_t1",152,"254027_0_t1_crw_152",3,"254027_0_t1_20240412T050000",2024-04-12 05:00:00,-122.031753530541,36.7988582990713,0,"available_crw"
"254027_0_t1",152,"254027_0_t1_crw_152",4,"254027_0_t1_20240412T110000",2024-04-12 11:00:00,-122.151259375904,36.7833337136113,0,"available_crw"
"254027_0_t1",152,"254027_0_t1_crw_152",5,"254027_0_t1_20240412T170000",2024-04-12 17:00:00,-122.26112726565,36.7401830431078,0,"available_crw"
"254027_0_t1",152,"254027_0_t1_crw_152",6,"254027_0_t1_20240412T230000",2024-04-12 23:00:00,-122.410919980366,36.6900900947231,0,"available_crw"
"254027_0_t1",152,"254027_0_t1_crw_152",7,"254027_0_t1_20240413T050000",2024-04-13 05:00:00,-122.378200966291,36.6690874755945,0,"available_crw"
"254027_0_t1",152,"254027_0_t1_crw_152",8,"254027_0_t1_20240413T110000",2024-04-13 11:00:00,-122.245806710572,36.6390976201456,0,"available_crw"
"254027_0_t1",152,"254027_0_t1_crw_152",9,"254027_0_t1_20240413T170000",2024-04-13 17:00:00,-122.069760743237,36.5670549131877,0,"available_crw"
"254027_0_t1",152,"254027_0_t1_crw_152",10,"254027_0_t1_20240413T230000",2024-04-13 23:00:00,-122.142042236993,36.5229135408341,0,"available_crw"
"254027_0_t1",152,"254027_0_t1_crw_152",11,"254027_0_t1_20240414T050000",2024-04-14 05:00:00,-122.136781695248,36.5288632729222,0,"available_crw"
"254027_0_t1",152,"254027_0_t1_crw_152",12,"254027_0_t1_20240414T110000",2024-04-14 11:00:00,-122.097576426758,36.6220126721189,0,"available_crw"
"254027_0_t1",152,"254027_0_t1_crw_152",13,"254027_0_t1_20240414T170000",2024-04-14 17:00:00,-121.989718195811,36.769153833544,0,"available_crw"
"254027_0_t1",152,"254027_0_t1_crw_152",14,"254027_0_t1_20240414T230000",2024-04-14 23:00:00,-121.803510914919,36.7458923774323,0,"available_crw"
"254027_0_t1",152,"254027_0_t1_crw_152",15,"254027_0_t1_20240415T050000",2024-04-15 05:00:00,-121.812493341168,36.7448158323259,0,"available_crw"
"254027_0_t1",152,"254027_0_t1_crw_152",16,"254027_0_t1_20240415T110000",2024-04-15 11:00:00,-121.808220079656,36.7260855651202,0,"available_crw"
"254027_0_t1",152,"254027_0_t1_crw_152",17,"254027_0_t1_20240415T170000",2024-04-15 17:00:00,-121.827367435821,36.7223138850496,0,"available_crw"
"254027_0_t1",152,"254027_0_t1_crw_152",18,"254027_0_t1_20240415T230000",2024-04-15 23:00:00,-122.136482298067,36.6729529867822,0,"available_crw"
"254027_0_t1",152,"254027_0_t1_crw_152",19,"254027_0_t1_20240416T050000",2024-04-16 05:00:00,-122.141465437316,36.6883064201822,0,"available_crw"
"254027_0_t1",152,"254027_0_t1_crw_152",20,"254027_0_t1_20240416T110000",2024-04-16 11:00:00,-122.172764024698,36.8164367548849,0,"available_crw"
"254027_0_t1",152,"254027_0_t1_crw_152",21,"254027_0_t1_20240416T170000",2024-04-16 17:00:00,-122.146045988594,36.7813635943458,0,"available_crw"
"254027_0_t1",152,"254027_0_t1_crw_152",22,"254027_0_t1_20240416T230000",2024-04-16 23:00:00,-122.074490772053,36.6205049915781,0,"available_crw"
"254027_0_t1",152,"254027_0_t1_crw_152",23,"254027_0_t1_20240417T050000",2024-04-17 05:00:00,-122.107343361965,36.6519826875947,0,"available_crw"
"254027_0_t1",152,"254027_0_t1_crw_152",24,"254027_0_t1_20240417T110000",2024-04-17 11:00:00,-122.182735105472,36.7281207161023,0,"available_crw"
"254027_0_t1",152,"254027_0_t1_crw_152",25,"254027_0_t1_20240417T170000",2024-04-17 17:00:00,-122.274137859954,36.8693053426879,0,"available_crw"
"254027_0_t1",152,"254027_0_t1_crw_152",26,"254027_0_t1_20240417T230000",2024-04-17 23:00:00,-122.317230622689,37.132807488922,0,"available_crw"
"254027_0_t1",152,"254027_0_t1_crw_152",27,"254027_0_t1_20240418T050000",2024-04-18 05:00:00,-122.315508473447,37.0988904110113,0,"available_crw"
"254027_0_t1",152,"254027_0_t1_crw_152",28,"254027_0_t1_20240418T110000",2024-04-18 11:00:00,-122.318948031108,36.9683403582519,0,"available_crw"
"254027_0_t1",152,"254027_0_t1_crw_152",29,"254027_0_t1_20240418T170000",2024-04-18 17:00:00,-122.650055389084,36.9102136396547,0,"available_crw"
"254027_0_t1",152,"254027_0_t1_crw_152",30,"254027_0_t1_20240418T230000",2024-04-18 23:00:00,-122.762531066075,36.8460719906529,0,"available_crw"
"254027_0_t1",152,"254027_0_t1_crw_152",31,"254027_0_t1_20240419T050000",2024-04-19 05:00:00,-122.846056463392,36.939990597401,0,"available_crw"
"254027_0_t1",152,"254027_0_t1_crw_152",32,"254027_0_t1_20240419T110000",2024-04-19 11:00:00,-122.744055768735,37.0676663272767,0,"available_crw"
"254027_0_t1",153,"254027_0_t1_crw_153",1,"254027_0_t1_20240411T170000",2024-04-11 17:00:00,-121.8431658,36.81026373,0,"available_crw"
"254027_0_t1",153,"254027_0_t1_crw_153",2,"254027_0_t1_20240411T230000",2024-04-11 23:00:00,-122.158295718461,36.8244748904702,0,"available_crw"
"254027_0_t1",153,"254027_0_t1_crw_153",3,"254027_0_t1_20240412T050000",2024-04-12 05:00:00,-122.216563935943,36.8328797394712,0,"available_crw"
"254027_0_t1",153,"254027_0_t1_crw_153",4,"254027_0_t1_20240412T110000",2024-04-12 11:00:00,-122.219951175512,36.8140307668569,0,"available_crw"
"254027_0_t1",153,"254027_0_t1_crw_153",5,"254027_0_t1_20240412T170000",2024-04-12 17:00:00,-122.596826414761,36.7750208554177,0,"available_crw"
"254027_0_t1",153,"254027_0_t1_crw_153",6,"254027_0_t1_20240412T230000",2024-04-12 23:00:00,-122.717830871829,37.0291455682521,0,"available_crw"
"254027_0_t1",153,"254027_0_t1_crw_153",7,"254027_0_t1_20240413T050000",2024-04-13 05:00:00,-122.768208838808,37.1177484075618,0,"available_crw"
"254027_0_t1",153,"254027_0_t1_crw_153",8,"254027_0_t1_20240413T110000",2024-04-13 11:00:00,-122.762119055448,37.1123044005299,0,"available_crw"
"254027_0_t1",153,"254027_0_t1_crw_153",9,"254027_0_t1_20240413T170000",2024-04-13 17:00:00,-122.967602364262,36.8549757970028,0,"available_crw"
"254027_0_t1",153,"254027_0_t1_crw_153",10,"254027_0_t1_20240413T230000",2024-04-13 23:00:00,-123.063267637749,36.7494512423316,0,"available_crw"
"254027_0_t1",153,"254027_0_t1_crw_153",11,"254027_0_t1_20240414T050000",2024-04-14 05:00:00,-123.079860715674,36.758029607807,0,"available_crw"
"254027_0_t1",153,"254027_0_t1_crw_153",12,"254027_0_t1_20240414T110000",2024-04-14 11:00:00,-123.210869132125,36.8351847606494,0,"available_crw"
"254027_0_t1",153,"254027_0_t1_crw_153",13,"254027_0_t1_20240414T170000",2024-04-14 17:00:00,-123.353533140881,36.9619483288668,0,"available_crw"
"254027_0_t1",153,"254027_0_t1_crw_153",14,"254027_0_t1_20240414T230000",2024-04-14 23:00:00,-123.513990311931,36.9017578515875,0,"available_crw"
"254027_0_t1",153,"254027_0_t1_crw_153",15,"254027_0_t1_20240415T050000",2024-04-15 05:00:00,-123.512644279205,36.9748926744743,0,"available_crw"
"254027_0_t1",153,"254027_0_t1_crw_153",16,"254027_0_t1_20240415T110000",2024-04-15 11:00:00,-123.143675857577,37.0513203040007,0,"available_crw"
"254027_0_t1",153,"254027_0_t1_crw_153",17,"254027_0_t1_20240415T170000",2024-04-15 17:00:00,-123.15143238166,37.0474771144296,0,"available_crw"
"254027_0_t1",153,"254027_0_t1_crw_153",18,"254027_0_t1_20240415T230000",2024-04-15 23:00:00,-123.250568307642,36.9912543756703,0,"available_crw"
"254027_0_t1",153,"254027_0_t1_crw_153",19,"254027_0_t1_20240416T050000",2024-04-16 05:00:00,-123.221638185299,37.0252190262721,0,"available_crw"
"254027_0_t1",153,"254027_0_t1_crw_153",20,"254027_0_t1_20240416T110000",2024-04-16 11:00:00,-123.248560287858,36.9990220936512,0,"available_crw"
"254027_0_t1",153,"254027_0_t1_crw_153",21,"254027_0_t1_20240416T170000",2024-04-16 17:00:00,-123.460236862151,36.8105859141695,0,"available_crw"
"254027_0_t1",153,"254027_0_t1_crw_153",22,"254027_0_t1_20240416T230000",2024-04-16 23:00:00,-123.757967782632,36.9402244513565,0,"available_crw"
"254027_0_t1",153,"254027_0_t1_crw_153",23,"254027_0_t1_20240417T050000",2024-04-17 05:00:00,-123.928685290065,36.9718562510597,0,"available_crw"
"254027_0_t1",153,"254027_0_t1_crw_153",24,"254027_0_t1_20240417T110000",2024-04-17 11:00:00,-123.917180900733,36.9394496443965,0,"available_crw"
"254027_0_t1",153,"254027_0_t1_crw_153",25,"254027_0_t1_20240417T170000",2024-04-17 17:00:00,-123.894594487302,36.9452792517546,0,"available_crw"
"254027_0_t1",153,"254027_0_t1_crw_153",26,"254027_0_t1_20240417T230000",2024-04-17 23:00:00,-123.836338786568,36.9541367760694,0,"available_crw"
"254027_0_t1",153,"254027_0_t1_crw_153",27,"254027_0_t1_20240418T050000",2024-04-18 05:00:00,-123.777159971363,36.9571396380789,0,"available_crw"
"254027_0_t1",153,"254027_0_t1_crw_153",28,"254027_0_t1_20240418T110000",2024-04-18 11:00:00,-123.799701172016,36.9855712541805,0,"available_crw"
"254027_0_t1",153,"254027_0_t1_crw_153",29,"254027_0_t1_20240418T170000",2024-04-18 17:00:00,-123.54360737458,37.2120678994688,0,"available_crw"
"254027_0_t1",153,"254027_0_t1_crw_153",30,"254027_0_t1_20240418T230000",2024-04-18 23:00:00,-123.562755293818,37.1738964818319,0,"available_crw"
"254027_0_t1",153,"254027_0_t1_crw_153",31,"254027_0_t1_20240419T050000",2024-04-19 05:00:00,-123.56203668088,37.1811825974102,0,"available_crw"
"254027_0_t1",153,"254027_0_t1_crw_153",32,"254027_0_t1_20240419T110000",2024-04-19 11:00:00,-123.47516259951,37.3917503147534,0,"available_crw"
"254027_0_t1",154,"254027_0_t1_crw_154",1,"254027_0_t1_20240411T170000",2024-04-11 17:00:00,-121.8431658,36.81026373,0,"available_crw"
"254027_0_t1",154,"254027_0_t1_crw_154",2,"254027_0_t1_20240411T230000",2024-04-11 23:00:00,-121.795000753288,36.8241176235333,0,"available_crw"
"254027_0_t1",154,"254027_0_t1_crw_154",3,"254027_0_t1_20240412T050000",2024-04-12 05:00:00,-121.83415342583,36.7976512649868,0,"available_crw"
"254027_0_t1",154,"254027_0_t1_crw_154",4,"254027_0_t1_20240412T110000",2024-04-12 11:00:00,-121.818312165278,36.7834979626045,0,"available_crw"
"254027_0_t1",154,"254027_0_t1_crw_154",5,"254027_0_t1_20240412T170000",2024-04-12 17:00:00,-122.022132555365,36.5257917808299,0,"available_crw"
"254027_0_t1",154,"254027_0_t1_crw_154",6,"254027_0_t1_20240412T230000",2024-04-12 23:00:00,-122.202349148273,36.317958190299,0,"available_crw"
"254027_0_t1",154,"254027_0_t1_crw_154",7,"254027_0_t1_20240413T050000",2024-04-13 05:00:00,-122.31948565902,36.3838687036636,0,"available_crw"
"254027_0_t1",154,"254027_0_t1_crw_154",8,"254027_0_t1_20240413T110000",2024-04-13 11:00:00,-122.435234223414,36.4142347950876,0,"available_crw"
"254027_0_t1",154,"254027_0_t1_crw_154",9,"254027_0_t1_20240413T170000",2024-04-13 17:00:00,-122.408723364296,36.6854751514528,0,"available_crw"
"254027_0_t1",154,"254027_0_t1_crw_154",10,"254027_0_t1_20240413T230000",2024-04-13 23:00:00,-122.355351814575,36.8387514949268,0,"available_crw"
"254027_0_t1",154,"254027_0_t1_crw_154",11,"254027_0_t1_20240414T050000",2024-04-14 05:00:00,-122.33245026844,36.882639490316,0,"available_crw"
"254027_0_t1",154,"254027_0_t1_crw_154",12,"254027_0_t1_20240414T110000",2024-04-14 11:00:00,-122.343692640006,36.8451484118606,0,"available_crw"
"254027_0_t1",154,"254027_0_t1_crw_154",13,"254027_0_t1_20240414T170000",2024-04-14 17:00:00,-122.349780069204,36.8859887965211,0,"available_crw"
"254027_0_t1",154,"254027_0_t1_crw_154",14,"254027_0_t1_20240414T230000",2024-04-14 23:00:00,-122.346053493466,36.8793209220548,0,"available_crw"
"254027_0_t1",154,"254027_0_t1_crw_154",15,"254027_0_t1_20240415T050000",2024-04-15 05:00:00,-122.372477270855,36.9115196504092,0,"available_crw"
"254027_0_t1",154,"254027_0_t1_crw_154",16,"254027_0_t1_20240415T110000",2024-04-15 11:00:00,-122.451109711599,37.0703168828604,0,"available_crw"
"254027_0_t1",154,"254027_0_t1_crw_154",17,"254027_0_t1_20240415T170000",2024-04-15 17:00:00,-122.627960042132,37.0589542011699,0,"available_crw"
"254027_0_t1",154,"254027_0_t1_crw_154",18,"254027_0_t1_20240415T230000",2024-04-15 23:00:00,-122.947913284805,37.1292415750954,0,"available_crw"
"254027_0_t1",154,"254027_0_t1_crw_154",19,"254027_0_t1_20240416T050000",2024-04-16 05:00:00,-122.969651930823,37.2798729087153,0,"available_crw"
"254027_0_t1",154,"254027_0_t1_crw_154",20,"254027_0_t1_20240416T110000",2024-04-16 11:00:00,-122.97836619987,37.4102656472154,0,"available_crw"
"254027_0_t1",154,"254027_0_t1_crw_154",21,"254027_0_t1_20240416T170000",2024-04-16 17:00:00,-122.98073031848,37.664017729417,0,"available_crw"
"254027_0_t1",154,"254027_0_t1_crw_154",22,"254027_0_t1_20240416T230000",2024-04-16 23:00:00,-122.80405894419,37.7212789783652,0,"available_crw"
"254027_0_t1",154,"254027_0_t1_crw_154",23,"254027_0_t1_20240417T050000",2024-04-17 05:00:00,-122.709875694258,37.7536911757667,0,"available_crw"
"254027_0_t1",154,"254027_0_t1_crw_154",24,"254027_0_t1_20240417T110000",2024-04-17 11:00:00,-122.555117406695,37.7979465553796,0,"available_crw"
"254027_0_t1",154,"254027_0_t1_crw_154",25,"254027_0_t1_20240417T170000",2024-04-17 17:00:00,-122.459231424027,37.8272365329572,0,"available_crw"
"254027_0_t1",154,"254027_0_t1_crw_154",26,"254027_0_t1_20240417T230000",2024-04-17 23:00:00,-122.471358805922,37.96906946407,0,"available_crw"
"254027_0_t1",154,"254027_0_t1_crw_154",27,"254027_0_t1_20240418T050000",2024-04-18 05:00:00,-122.450032505434,37.9315713439753,0,"available_crw"
"254027_0_t1",154,"254027_0_t1_crw_154",28,"254027_0_t1_20240418T110000",2024-04-18 11:00:00,-122.347611036759,37.8561642789922,0,"available_crw"
"254027_0_t1",154,"254027_0_t1_crw_154",29,"254027_0_t1_20240418T170000",2024-04-18 17:00:00,-122.194205009959,37.6709212809785,0,"available_crw"
"254027_0_t1",154,"254027_0_t1_crw_154",30,"254027_0_t1_20240418T230000",2024-04-18 23:00:00,-122.118829951903,37.5235031377205,0,"available_crw"
"254027_0_t1",154,"254027_0_t1_crw_154",31,"254027_0_t1_20240419T050000",2024-04-19 05:00:00,-122.144006879315,37.5564398785298,0,"available_crw"
"254027_0_t1",154,"254027_0_t1_crw_154",32,"254027_0_t1_20240419T110000",2024-04-19 11:00:00,-122.257026391883,37.6211392464243,0,"available_crw"
"254027_0_t1",155,"254027_0_t1_crw_155",1,"254027_0_t1_20240411T170000",2024-04-11 17:00:00,-121.8431658,36.81026373,0,"available_crw"
"254027_0_t1",155,"254027_0_t1_crw_155",2,"254027_0_t1_20240411T230000",2024-04-11 23:00:00,-122.050772744044,36.8468579507232,0,"available_crw"
"254027_0_t1",155,"254027_0_t1_crw_155",3,"254027_0_t1_20240412T050000",2024-04-12 05:00:00,-122.232651750828,36.9099889915101,0,"available_crw"
"254027_0_t1",155,"254027_0_t1_crw_155",4,"254027_0_t1_20240412T110000",2024-04-12 11:00:00,-122.354368900184,36.9211284427826,0,"available_crw"
"254027_0_t1",155,"254027_0_t1_crw_155",5,"254027_0_t1_20240412T170000",2024-04-12 17:00:00,-122.412001779961,36.9322562159679,0,"available_crw"
"254027_0_t1",155,"254027_0_t1_crw_155",6,"254027_0_t1_20240412T230000",2024-04-12 23:00:00,-122.371944731753,36.9213878327257,0,"available_crw"
"254027_0_t1",155,"254027_0_t1_crw_155",7,"254027_0_t1_20240413T050000",2024-04-13 05:00:00,-122.188679504766,36.8346757481022,0,"available_crw"
"254027_0_t1",155,"254027_0_t1_crw_155",8,"254027_0_t1_20240413T110000",2024-04-13 11:00:00,-122.239048776619,36.8419344779244,0,"available_crw"
"254027_0_t1",155,"254027_0_t1_crw_155",9,"254027_0_t1_20240413T170000",2024-04-13 17:00:00,-122.547193894115,36.8976824643873,0,"available_crw"
"254027_0_t1",155,"254027_0_t1_crw_155",10,"254027_0_t1_20240413T230000",2024-04-13 23:00:00,-122.646764857627,36.9135805269361,0,"available_crw"
"254027_0_t1",155,"254027_0_t1_crw_155",11,"254027_0_t1_20240414T050000",2024-04-14 05:00:00,-122.631547820183,36.9171746170363,0,"available_crw"
"254027_0_t1",155,"254027_0_t1_crw_155",12,"254027_0_t1_20240414T110000",2024-04-14 11:00:00,-122.524636597699,36.9872883827253,0,"available_crw"
"254027_0_t1",155,"254027_0_t1_crw_155",13,"254027_0_t1_20240414T170000",2024-04-14 17:00:00,-122.392282474923,37.0633790834178,0,"available_crw"
"254027_0_t1",155,"254027_0_t1_crw_155",14,"254027_0_t1_20240414T230000",2024-04-14 23:00:00,-122.420990398485,37.0292872780199,0,"available_crw"
"254027_0_t1",155,"254027_0_t1_crw_155",15,"254027_0_t1_20240415T050000",2024-04-15 05:00:00,-122.625187115132,36.8799327458292,0,"available_crw"
"254027_0_t1",155,"254027_0_t1_crw_155",16,"254027_0_t1_20240415T110000",2024-04-15 11:00:00,-122.585467805754,36.8691006987292,0,"available_crw"
"254027_0_t1",155,"254027_0_t1_crw_155",17,"254027_0_t1_20240415T170000",2024-04-15 17:00:00,-122.481499193473,36.9842024973844,0,"available_crw"
"254027_0_t1",155,"254027_0_t1_crw_155",18,"254027_0_t1_20240415T230000",2024-04-15 23:00:00,-122.509326902241,36.9586324763437,0,"available_crw"
"254027_0_t1",155,"254027_0_t1_crw_155",19,"254027_0_t1_20240416T050000",2024-04-16 05:00:00,-122.559797519128,36.868998444016,0,"available_crw"
"254027_0_t1",155,"254027_0_t1_crw_155",20,"254027_0_t1_20240416T110000",2024-04-16 11:00:00,-122.790595475217,36.6788257902179,0,"available_crw"
"254027_0_t1",155,"254027_0_t1_crw_155",21,"254027_0_t1_20240416T170000",2024-04-16 17:00:00,-123.123711537582,36.8256091574457,0,"available_crw"
"254027_0_t1",155,"254027_0_t1_crw_155",22,"254027_0_t1_20240416T230000",2024-04-16 23:00:00,-123.088612630319,36.8067383394617,0,"available_crw"
"254027_0_t1",155,"254027_0_t1_crw_155",23,"254027_0_t1_20240417T050000",2024-04-17 05:00:00,-123.205814118782,36.5515551825314,0,"available_crw"
"254027_0_t1",155,"254027_0_t1_crw_155",24,"254027_0_t1_20240417T110000",2024-04-17 11:00:00,-123.207832408523,36.5641879765102,0,"available_crw"
"254027_0_t1",155,"254027_0_t1_crw_155",25,"254027_0_t1_20240417T170000",2024-04-17 17:00:00,-123.257725669384,36.6539655115829,0,"available_crw"
"254027_0_t1",155,"254027_0_t1_crw_155",26,"254027_0_t1_20240417T230000",2024-04-17 23:00:00,-123.323450748641,36.6586117673634,0,"available_crw"
"254027_0_t1",155,"254027_0_t1_crw_155",27,"254027_0_t1_20240418T050000",2024-04-18 05:00:00,-123.45427104227,36.624471921799,0,"available_crw"
"254027_0_t1",155,"254027_0_t1_crw_155",28,"254027_0_t1_20240418T110000",2024-04-18 11:00:00,-123.611098402647,36.5917978013476,0,"available_crw"
"254027_0_t1",155,"254027_0_t1_crw_155",29,"254027_0_t1_20240418T170000",2024-04-18 17:00:00,-123.56731138113,36.6073166959595,0,"available_crw"
"254027_0_t1",155,"254027_0_t1_crw_155",30,"254027_0_t1_20240418T230000",2024-04-18 23:00:00,-123.474437108069,36.6711562826638,0,"available_crw"
"254027_0_t1",155,"254027_0_t1_crw_155",31,"254027_0_t1_20240419T050000",2024-04-19 05:00:00,-123.202169212746,36.5104525762598,0,"available_crw"
"254027_0_t1",155,"254027_0_t1_crw_155",32,"254027_0_t1_20240419T110000",2024-04-19 11:00:00,-123.332576956448,36.259616863865,0,"available_crw"
"254027_0_t1",156,"254027_0_t1_crw_156",1,"254027_0_t1_20240411T170000",2024-04-11 17:00:00,-121.8431658,36.81026373,0,"available_crw"
"254027_0_t1",156,"254027_0_t1_crw_156",2,"254027_0_t1_20240411T230000",2024-04-11 23:00:00,-122.158295718461,36.8244748904702,0,"available_crw"
"254027_0_t1",156,"254027_0_t1_crw_156",3,"254027_0_t1_20240412T050000",2024-04-12 05:00:00,-122.422514071397,36.8883517053029,0,"available_crw"
"254027_0_t1",156,"254027_0_t1_crw_156",4,"254027_0_t1_20240412T110000",2024-04-12 11:00:00,-122.406946283477,36.8907690408708,0,"available_crw"
"254027_0_t1",156,"254027_0_t1_crw_156",5,"254027_0_t1_20240412T170000",2024-04-12 17:00:00,-122.298461166358,36.9364615632599,0,"available_crw"
"254027_0_t1",156,"254027_0_t1_crw_156",6,"254027_0_t1_20240412T230000",2024-04-12 23:00:00,-122.330762339884,37.0762585450625,0,"available_crw"
"254027_0_t1",156,"254027_0_t1_crw_156",7,"254027_0_t1_20240413T050000",2024-04-13 05:00:00,-122.531530855415,37.0464414954222,0,"available_crw"
"254027_0_t1",156,"254027_0_t1_crw_156",8,"254027_0_t1_20240413T110000",2024-04-13 11:00:00,-122.670053549891,37.2948920144686,0,"available_crw"
"254027_0_t1",156,"254027_0_t1_crw_156",9,"254027_0_t1_20240413T170000",2024-04-13 17:00:00,-122.750682765647,37.3692577657636,0,"available_crw"
"254027_0_t1",156,"254027_0_t1_crw_156",10,"254027_0_t1_20240413T230000",2024-04-13 23:00:00,-122.94816535293,37.5683024330582,0,"available_crw"
"254027_0_t1",156,"254027_0_t1_crw_156",11,"254027_0_t1_20240414T050000",2024-04-14 05:00:00,-123.135002853841,37.7740569005591,0,"available_crw"
"254027_0_t1",156,"254027_0_t1_crw_156",12,"254027_0_t1_20240414T110000",2024-04-14 11:00:00,-123.301957877126,37.6782037515834,0,"available_crw"
"254027_0_t1",156,"254027_0_t1_crw_156",13,"254027_0_t1_20240414T170000",2024-04-14 17:00:00,-123.387456084023,37.7715080797574,0,"available_crw"
"254027_0_t1",156,"254027_0_t1_crw_156",14,"254027_0_t1_20240414T230000",2024-04-14 23:00:00,-123.553988300263,37.6752033907157,0,"available_crw"
"254027_0_t1",156,"254027_0_t1_crw_156",15,"254027_0_t1_20240415T050000",2024-04-15 05:00:00,-123.815056906199,37.8513895147489,0,"available_crw"
"254027_0_t1",156,"254027_0_t1_crw_156",16,"254027_0_t1_20240415T110000",2024-04-15 11:00:00,-123.766303160732,37.8373711195514,0,"available_crw"
"254027_0_t1",156,"254027_0_t1_crw_156",17,"254027_0_t1_20240415T170000",2024-04-15 17:00:00,-123.796450514204,37.5327634815673,0,"available_crw"
"254027_0_t1",156,"254027_0_t1_crw_156",18,"254027_0_t1_20240415T230000",2024-04-15 23:00:00,-123.591674583723,37.5195798003713,0,"available_crw"
"254027_0_t1",156,"254027_0_t1_crw_156",19,"254027_0_t1_20240416T050000",2024-04-16 05:00:00,-123.275821504364,37.4868414430699,0,"available_crw"
"254027_0_t1",156,"254027_0_t1_crw_156",20,"254027_0_t1_20240416T110000",2024-04-16 11:00:00,-123.326369274172,37.4258058885079,0,"available_crw"
"254027_0_t1",156,"254027_0_t1_crw_156",21,"254027_0_t1_20240416T170000",2024-04-16 17:00:00,-123.32383233412,37.4328288937287,0,"available_crw"
"254027_0_t1",156,"254027_0_t1_crw_156",22,"254027_0_t1_20240416T230000",2024-04-16 23:00:00,-123.126729499449,37.6472765605705,0,"available_crw"
"254027_0_t1",156,"254027_0_t1_crw_156",23,"254027_0_t1_20240417T050000",2024-04-17 05:00:00,-122.811809807865,37.5413708116367,0,"available_crw"
"254027_0_t1",156,"254027_0_t1_crw_156",24,"254027_0_t1_20240417T110000",2024-04-17 11:00:00,-122.803208503837,37.5591402685483,0,"available_crw"
"254027_0_t1",156,"254027_0_t1_crw_156",25,"254027_0_t1_20240417T170000",2024-04-17 17:00:00,-122.768559677085,37.6358560608814,0,"available_crw"
"254027_0_t1",156,"254027_0_t1_crw_156",26,"254027_0_t1_20240417T230000",2024-04-17 23:00:00,-122.777451552881,37.5979497541345,0,"available_crw"
"254027_0_t1",156,"254027_0_t1_crw_156",27,"254027_0_t1_20240418T050000",2024-04-18 05:00:00,-122.793891758081,37.5174876201731,0,"available_crw"
"254027_0_t1",156,"254027_0_t1_crw_156",28,"254027_0_t1_20240418T110000",2024-04-18 11:00:00,-122.979591900213,37.484307878935,0,"available_crw"
"254027_0_t1",156,"254027_0_t1_crw_156",29,"254027_0_t1_20240418T170000",2024-04-18 17:00:00,-122.967403397808,37.4925455840734,0,"available_crw"
"254027_0_t1",156,"254027_0_t1_crw_156",30,"254027_0_t1_20240418T230000",2024-04-18 23:00:00,-123.100260537385,37.6173943682885,0,"available_crw"
"254027_0_t1",156,"254027_0_t1_crw_156",31,"254027_0_t1_20240419T050000",2024-04-19 05:00:00,-123.133067413897,37.6571906671561,0,"available_crw"
"254027_0_t1",156,"254027_0_t1_crw_156",32,"254027_0_t1_20240419T110000",2024-04-19 11:00:00,-123.152883062279,37.6274070229227,0,"available_crw"
"254027_0_t1",157,"254027_0_t1_crw_157",1,"254027_0_t1_20240411T170000",2024-04-11 17:00:00,-121.8431658,36.81026373,0,"available_crw"
"254027_0_t1",157,"254027_0_t1_crw_157",2,"254027_0_t1_20240411T230000",2024-04-11 23:00:00,-122.152628406773,36.9039795381729,0,"available_crw"
"254027_0_t1",157,"254027_0_t1_crw_157",3,"254027_0_t1_20240412T050000",2024-04-12 05:00:00,-122.224260731107,36.7508070168346,0,"available_crw"
"254027_0_t1",157,"254027_0_t1_crw_157",4,"254027_0_t1_20240412T110000",2024-04-12 11:00:00,-122.348187041612,36.5175017962628,0,"available_crw"
"254027_0_t1",157,"254027_0_t1_crw_157",5,"254027_0_t1_20240412T170000",2024-04-12 17:00:00,-122.361676581451,36.4197313378804,0,"available_crw"
"254027_0_t1",157,"254027_0_t1_crw_157",6,"254027_0_t1_20240412T230000",2024-04-12 23:00:00,-122.374010735432,36.4596411381265,0,"available_crw"
"254027_0_t1",157,"254027_0_t1_crw_157",7,"254027_0_t1_20240413T050000",2024-04-13 05:00:00,-122.410381159966,36.5524803000846,0,"available_crw"
"254027_0_t1",157,"254027_0_t1_crw_157",8,"254027_0_t1_20240413T110000",2024-04-13 11:00:00,-122.379052574715,36.5200316104448,0,"available_crw"
"254027_0_t1",157,"254027_0_t1_crw_157",9,"254027_0_t1_20240413T170000",2024-04-13 17:00:00,-122.239644272802,36.4357688303899,0,"available_crw"
"254027_0_t1",157,"254027_0_t1_crw_157",10,"254027_0_t1_20240413T230000",2024-04-13 23:00:00,-122.145238969463,36.375262618116,0,"available_crw"
"254027_0_t1",157,"254027_0_t1_crw_157",11,"254027_0_t1_20240414T050000",2024-04-14 05:00:00,-122.013268096065,36.3455057672144,0,"available_crw"
"254027_0_t1",157,"254027_0_t1_crw_157",12,"254027_0_t1_20240414T110000",2024-04-14 11:00:00,-121.917982520981,36.4650181162952,0,"available_crw"
"254027_0_t1",157,"254027_0_t1_crw_157",13,"254027_0_t1_20240414T170000",2024-04-14 17:00:00,-121.93710726762,36.4296847809936,0,"available_crw"
"254027_0_t1",157,"254027_0_t1_crw_157",14,"254027_0_t1_20240414T230000",2024-04-14 23:00:00,-121.975336675456,36.3542435843534,0,"available_crw"
"254027_0_t1",157,"254027_0_t1_crw_157",15,"254027_0_t1_20240415T050000",2024-04-15 05:00:00,-121.996338539948,36.2146530127189,0,"available_crw"
"254027_0_t1",157,"254027_0_t1_crw_157",16,"254027_0_t1_20240415T110000",2024-04-15 11:00:00,-121.95775145364,36.227225713384,0,"available_crw"
"254027_0_t1",157,"254027_0_t1_crw_157",17,"254027_0_t1_20240415T170000",2024-04-15 17:00:00,-121.989969318418,36.2485436092467,0,"available_crw"
"254027_0_t1",157,"254027_0_t1_crw_157",18,"254027_0_t1_20240415T230000",2024-04-15 23:00:00,-122.081113023284,36.3120942604988,0,"available_crw"
"254027_0_t1",157,"254027_0_t1_crw_157",19,"254027_0_t1_20240416T050000",2024-04-16 05:00:00,-122.033464651032,36.2977895645164,0,"available_crw"
"254027_0_t1",157,"254027_0_t1_crw_157",20,"254027_0_t1_20240416T110000",2024-04-16 11:00:00,-122.082753839825,36.1894934922244,0,"available_crw"
"254027_0_t1",157,"254027_0_t1_crw_157",21,"254027_0_t1_20240416T170000",2024-04-16 17:00:00,-122.216530667765,36.2291077847381,0,"available_crw"
"254027_0_t1",157,"254027_0_t1_crw_157",22,"254027_0_t1_20240416T230000",2024-04-16 23:00:00,-122.200946447636,36.2307863898006,0,"available_crw"
"254027_0_t1",157,"254027_0_t1_crw_157",23,"254027_0_t1_20240417T050000",2024-04-17 05:00:00,-121.880905639627,36.1728305606301,0,"available_crw"
"254027_0_t1",157,"254027_0_t1_crw_157",24,"254027_0_t1_20240417T110000",2024-04-17 11:00:00,-121.892482467781,36.2051966902778,0,"available_crw"
"254027_0_t1",157,"254027_0_t1_crw_157",25,"254027_0_t1_20240417T170000",2024-04-17 17:00:00,-121.93300405775,36.2968659683616,0,"available_crw"
"254027_0_t1",157,"254027_0_t1_crw_157",26,"254027_0_t1_20240417T230000",2024-04-17 23:00:00,-121.900298948698,36.2653896317145,0,"available_crw"
"254027_0_t1",157,"254027_0_t1_crw_157",27,"254027_0_t1_20240418T050000",2024-04-18 05:00:00,-121.817490052182,36.1948264395685,0,"available_crw"
"254027_0_t1",157,"254027_0_t1_crw_157",28,"254027_0_t1_20240418T110000",2024-04-18 11:00:00,-121.729644847101,36.1284495326865,0,"available_crw"
"254027_0_t1",157,"254027_0_t1_crw_157",29,"254027_0_t1_20240418T170000",2024-04-18 17:00:00,-121.737766633194,36.1316138342718,0,"available_crw"
"254027_0_t1",157,"254027_0_t1_crw_157",30,"254027_0_t1_20240418T230000",2024-04-18 23:00:00,-121.825144922462,35.9841470518299,0,"available_crw"
"254027_0_t1",157,"254027_0_t1_crw_157",31,"254027_0_t1_20240419T050000",2024-04-19 05:00:00,-122.011330242957,35.9941820341782,0,"available_crw"
"254027_0_t1",157,"254027_0_t1_crw_157",32,"254027_0_t1_20240419T110000",2024-04-19 11:00:00,-121.96282121396,36.0059460010722,0,"available_crw"
"254027_0_t1",158,"254027_0_t1_crw_158",1,"254027_0_t1_20240411T170000",2024-04-11 17:00:00,-121.8431658,36.81026373,0,"available_crw"
"254027_0_t1",158,"254027_0_t1_crw_158",2,"254027_0_t1_20240411T230000",2024-04-11 23:00:00,-121.901811714782,36.8166632319724,0,"available_crw"
"254027_0_t1",158,"254027_0_t1_crw_158",3,"254027_0_t1_20240412T050000",2024-04-12 05:00:00,-121.886917035885,36.8209969890377,0,"available_crw"
"254027_0_t1",158,"254027_0_t1_crw_158",4,"254027_0_t1_20240412T110000",2024-04-12 11:00:00,-121.82396936301,36.8419960269239,0,"available_crw"
"254027_0_t1",158,"254027_0_t1_crw_158",5,"254027_0_t1_20240412T170000",2024-04-12 17:00:00,-121.815360027824,36.8277166386414,0,"available_crw"
"254027_0_t1",158,"254027_0_t1_crw_158",6,"254027_0_t1_20240412T230000",2024-04-12 23:00:00,-121.830290248102,36.8594683546368,0,"available_crw"
"254027_0_t1",158,"254027_0_t1_crw_158",7,"254027_0_t1_20240413T050000",2024-04-13 05:00:00,-121.895718410094,36.8672847743233,0,"available_crw"
"254027_0_t1",158,"254027_0_t1_crw_158",8,"254027_0_t1_20240413T110000",2024-04-13 11:00:00,-121.84563081525,36.8757791722549,0,"available_crw"
"254027_0_t1",158,"254027_0_t1_crw_158",9,"254027_0_t1_20240413T170000",2024-04-13 17:00:00,-121.857858460469,36.8676755524407,0,"available_crw"
"254027_0_t1",158,"254027_0_t1_crw_158",10,"254027_0_t1_20240413T230000",2024-04-13 23:00:00,-121.852886732802,36.873795786236,0,"available_crw"
"254027_0_t1",158,"254027_0_t1_crw_158",11,"254027_0_t1_20240414T050000",2024-04-14 05:00:00,-121.873164136014,36.8836588663487,0,"available_crw"
"254027_0_t1",158,"254027_0_t1_crw_158",12,"254027_0_t1_20240414T110000",2024-04-14 11:00:00,-121.991794544582,36.9080832773393,0,"available_crw"
"254027_0_t1",158,"254027_0_t1_crw_158",13,"254027_0_t1_20240414T170000",2024-04-14 17:00:00,-122.037353726041,36.8695355374477,0,"available_crw"
"254027_0_t1",158,"254027_0_t1_crw_158",14,"254027_0_t1_20240414T230000",2024-04-14 23:00:00,-122.211872385742,36.772026073315,0,"available_crw"
"254027_0_t1",158,"254027_0_t1_crw_158",15,"254027_0_t1_20240415T050000",2024-04-15 05:00:00,-122.264196341267,36.7498360541344,0,"available_crw"
"254027_0_t1",158,"254027_0_t1_crw_158",16,"254027_0_t1_20240415T110000",2024-04-15 11:00:00,-122.267163058059,36.8229398109512,0,"available_crw"
"254027_0_t1",158,"254027_0_t1_crw_158",17,"254027_0_t1_20240415T170000",2024-04-15 17:00:00,-122.235282513063,36.9800386952269,0,"available_crw"
"254027_0_t1",158,"254027_0_t1_crw_158",18,"254027_0_t1_20240415T230000",2024-04-15 23:00:00,-122.287190690151,37.0130802534618,0,"available_crw"
"254027_0_t1",158,"254027_0_t1_crw_158",19,"254027_0_t1_20240416T050000",2024-04-16 05:00:00,-122.38036057337,37.0755716320047,0,"available_crw"
"254027_0_t1",158,"254027_0_t1_crw_158",20,"254027_0_t1_20240416T110000",2024-04-16 11:00:00,-122.420909487247,37.1103498830355,0,"available_crw"
"254027_0_t1",158,"254027_0_t1_crw_158",21,"254027_0_t1_20240416T170000",2024-04-16 17:00:00,-122.394881170911,37.0835618757286,0,"available_crw"
"254027_0_t1",158,"254027_0_t1_crw_158",22,"254027_0_t1_20240416T230000",2024-04-16 23:00:00,-122.41779882375,37.1121153315945,0,"available_crw"
"254027_0_t1",158,"254027_0_t1_crw_158",23,"254027_0_t1_20240417T050000",2024-04-17 05:00:00,-122.410798783341,37.1074261774462,0,"available_crw"
"254027_0_t1",158,"254027_0_t1_crw_158",24,"254027_0_t1_20240417T110000",2024-04-17 11:00:00,-122.440742555386,37.1314535423602,0,"available_crw"
"254027_0_t1",158,"254027_0_t1_crw_158",25,"254027_0_t1_20240417T170000",2024-04-17 17:00:00,-122.585336072282,37.0158930092885,0,"available_crw"
"254027_0_t1",158,"254027_0_t1_crw_158",26,"254027_0_t1_20240417T230000",2024-04-17 23:00:00,-122.632150323517,36.9866526024774,0,"available_crw"
"254027_0_t1",158,"254027_0_t1_crw_158",27,"254027_0_t1_20240418T050000",2024-04-18 05:00:00,-122.766359024142,36.9128294822649,0,"available_crw"
"254027_0_t1",158,"254027_0_t1_crw_158",28,"254027_0_t1_20240418T110000",2024-04-18 11:00:00,-122.848029902518,37.0078331948447,0,"available_crw"
"254027_0_t1",158,"254027_0_t1_crw_158",29,"254027_0_t1_20240418T170000",2024-04-18 17:00:00,-122.923085593395,37.0843875910543,0,"available_crw"
"254027_0_t1",158,"254027_0_t1_crw_158",30,"254027_0_t1_20240418T230000",2024-04-18 23:00:00,-123.044236137042,37.1379016271977,0,"available_crw"
"254027_0_t1",158,"254027_0_t1_crw_158",31,"254027_0_t1_20240419T050000",2024-04-19 05:00:00,-123.105673182316,37.1620539791589,0,"available_crw"
"254027_0_t1",158,"254027_0_t1_crw_158",32,"254027_0_t1_20240419T110000",2024-04-19 11:00:00,-123.042310313263,37.2657458782124,0,"available_crw"
"254027_0_t1",159,"254027_0_t1_crw_159",1,"254027_0_t1_20240411T170000",2024-04-11 17:00:00,-121.8431658,36.81026373,0,"available_crw"
"254027_0_t1",159,"254027_0_t1_crw_159",2,"254027_0_t1_20240411T230000",2024-04-11 23:00:00,-122.110454562636,36.8650233612621,0,"available_crw"
"254027_0_t1",159,"254027_0_t1_crw_159",3,"254027_0_t1_20240412T050000",2024-04-12 05:00:00,-122.265304347734,36.9047520436067,0,"available_crw"
"254027_0_t1",159,"254027_0_t1_crw_159",4,"254027_0_t1_20240412T110000",2024-04-12 11:00:00,-122.387780324502,36.9062205740463,0,"available_crw"
"254027_0_t1",159,"254027_0_t1_crw_159",5,"254027_0_t1_20240412T170000",2024-04-12 17:00:00,-122.373622381504,36.9119605455979,0,"available_crw"
"254027_0_t1",159,"254027_0_t1_crw_159",6,"254027_0_t1_20240412T230000",2024-04-12 23:00:00,-122.314187560676,36.9388834340603,0,"available_crw"
"254027_0_t1",159,"254027_0_t1_crw_159",7,"254027_0_t1_20240413T050000",2024-04-13 05:00:00,-122.206895575017,36.9843801879884,0,"available_crw"
"254027_0_t1",159,"254027_0_t1_crw_159",8,"254027_0_t1_20240413T110000",2024-04-13 11:00:00,-122.245934740389,36.9712931324842,0,"available_crw"
"254027_0_t1",159,"254027_0_t1_crw_159",9,"254027_0_t1_20240413T170000",2024-04-13 17:00:00,-122.253422532581,36.9184802221076,0,"available_crw"
"254027_0_t1",159,"254027_0_t1_crw_159",10,"254027_0_t1_20240413T230000",2024-04-13 23:00:00,-122.255698679015,36.9570000093432,0,"available_crw"
"254027_0_t1",159,"254027_0_t1_crw_159",11,"254027_0_t1_20240414T050000",2024-04-14 05:00:00,-122.315467274009,37.056898160871,0,"available_crw"
"254027_0_t1",159,"254027_0_t1_crw_159",12,"254027_0_t1_20240414T110000",2024-04-14 11:00:00,-122.398344595017,37.1294790342928,0,"available_crw"
"254027_0_t1",159,"254027_0_t1_crw_159",13,"254027_0_t1_20240414T170000",2024-04-14 17:00:00,-122.446872455242,37.1681142960208,0,"available_crw"
"254027_0_t1",159,"254027_0_t1_crw_159",14,"254027_0_t1_20240414T230000",2024-04-14 23:00:00,-122.483579179799,37.2055593656537,0,"available_crw"
"254027_0_t1",159,"254027_0_t1_crw_159",15,"254027_0_t1_20240415T050000",2024-04-15 05:00:00,-122.576358465116,37.313034651882,0,"available_crw"
"254027_0_t1",159,"254027_0_t1_crw_159",16,"254027_0_t1_20240415T110000",2024-04-15 11:00:00,-122.746046264709,37.270212895587,0,"available_crw"
"254027_0_t1",159,"254027_0_t1_crw_159",17,"254027_0_t1_20240415T170000",2024-04-15 17:00:00,-122.738547895126,37.2743973864962,0,"available_crw"
"254027_0_t1",159,"254027_0_t1_crw_159",18,"254027_0_t1_20240415T230000",2024-04-15 23:00:00,-122.469628259699,37.4096593078267,0,"available_crw"
"254027_0_t1",159,"254027_0_t1_crw_159",19,"254027_0_t1_20240416T050000",2024-04-16 05:00:00,-122.477672646646,37.3986592167654,0,"available_crw"
"254027_0_t1",159,"254027_0_t1_crw_159",20,"254027_0_t1_20240416T110000",2024-04-16 11:00:00,-122.47693556592,37.4113808266756,0,"available_crw"
"254027_0_t1",159,"254027_0_t1_crw_159",21,"254027_0_t1_20240416T170000",2024-04-16 17:00:00,-122.644735522974,37.4594270259511,0,"available_crw"
"254027_0_t1",159,"254027_0_t1_crw_159",22,"254027_0_t1_20240416T230000",2024-04-16 23:00:00,-122.767974611822,37.4643846930807,0,"available_crw"
"254027_0_t1",159,"254027_0_t1_crw_159",23,"254027_0_t1_20240417T050000",2024-04-17 05:00:00,-122.940147533973,37.4339140093089,0,"available_crw"
"254027_0_t1",159,"254027_0_t1_crw_159",24,"254027_0_t1_20240417T110000",2024-04-17 11:00:00,-122.959194296785,37.3829793052852,0,"available_crw"
"254027_0_t1",159,"254027_0_t1_crw_159",25,"254027_0_t1_20240417T170000",2024-04-17 17:00:00,-122.917924560268,37.3901224218491,0,"available_crw"
"254027_0_t1",159,"254027_0_t1_crw_159",26,"254027_0_t1_20240417T230000",2024-04-17 23:00:00,-122.962904174785,37.3760238746677,0,"available_crw"
"254027_0_t1",159,"254027_0_t1_crw_159",27,"254027_0_t1_20240418T050000",2024-04-18 05:00:00,-123.238076926442,37.3457980096043,0,"available_crw"
"254027_0_t1",159,"254027_0_t1_crw_159",28,"254027_0_t1_20240418T110000",2024-04-18 11:00:00,-123.258300795296,37.4600733379718,0,"available_crw"
"254027_0_t1",159,"254027_0_t1_crw_159",29,"254027_0_t1_20240418T170000",2024-04-18 17:00:00,-123.274960379222,37.5405057747641,0,"available_crw"
"254027_0_t1",159,"254027_0_t1_crw_159",30,"254027_0_t1_20240418T230000",2024-04-18 23:00:00,-123.348846614591,37.6682321127158,0,"available_crw"
"254027_0_t1",159,"254027_0_t1_crw_159",31,"254027_0_t1_20240419T050000",2024-04-19 05:00:00,-123.526084148126,37.6493459085647,0,"available_crw"
"254027_0_t1",159,"254027_0_t1_crw_159",32,"254027_0_t1_20240419T110000",2024-04-19 11:00:00,-123.852767091805,37.7058669112506,0,"available_crw"
"254027_0_t1",160,"254027_0_t1_crw_160",1,"254027_0_t1_20240411T170000",2024-04-11 17:00:00,-121.8431658,36.81026373,0,"available_crw"
"254027_0_t1",160,"254027_0_t1_crw_160",2,"254027_0_t1_20240411T230000",2024-04-11 23:00:00,-121.845789102579,36.6466460331804,0,"available_crw"
"254027_0_t1",160,"254027_0_t1_crw_160",3,"254027_0_t1_20240412T050000",2024-04-12 05:00:00,-121.862948095919,36.685383509571,0,"available_crw"
"254027_0_t1",160,"254027_0_t1_crw_160",4,"254027_0_t1_20240412T110000",2024-04-12 11:00:00,-121.844808193135,36.6915783025326,0,"available_crw"
"254027_0_t1",160,"254027_0_t1_crw_160",5,"254027_0_t1_20240412T170000",2024-04-12 17:00:00,-121.837662837178,36.7444178299315,0,"available_crw"
"254027_0_t1",160,"254027_0_t1_crw_160",6,"254027_0_t1_20240412T230000",2024-04-12 23:00:00,-122.039815346391,36.7621601341962,0,"available_crw"
"254027_0_t1",160,"254027_0_t1_crw_160",7,"254027_0_t1_20240413T050000",2024-04-13 05:00:00,-122.090756865861,36.908154583696,0,"available_crw"
"254027_0_t1",160,"254027_0_t1_crw_160",8,"254027_0_t1_20240413T110000",2024-04-13 11:00:00,-122.286896333844,36.8639521088156,0,"available_crw"
"254027_0_t1",160,"254027_0_t1_crw_160",9,"254027_0_t1_20240413T170000",2024-04-13 17:00:00,-122.436689506401,36.7913375041731,0,"available_crw"
"254027_0_t1",160,"254027_0_t1_crw_160",10,"254027_0_t1_20240413T230000",2024-04-13 23:00:00,-122.404844200772,36.8235274849969,0,"available_crw"
"254027_0_t1",160,"254027_0_t1_crw_160",11,"254027_0_t1_20240414T050000",2024-04-14 05:00:00,-122.433990668055,36.7989678136774,0,"available_crw"
"254027_0_t1",160,"254027_0_t1_crw_160",12,"254027_0_t1_20240414T110000",2024-04-14 11:00:00,-122.538135626253,36.878427454598,0,"available_crw"
"254027_0_t1",160,"254027_0_t1_crw_160",13,"254027_0_t1_20240414T170000",2024-04-14 17:00:00,-122.525399786986,36.8905592364997,0,"available_crw"
"254027_0_t1",160,"254027_0_t1_crw_160",14,"254027_0_t1_20240414T230000",2024-04-14 23:00:00,-122.484444732513,36.9963777416543,0,"available_crw"
"254027_0_t1",160,"254027_0_t1_crw_160",15,"254027_0_t1_20240415T050000",2024-04-15 05:00:00,-122.481672161838,36.9553058186708,0,"available_crw"
"254027_0_t1",160,"254027_0_t1_crw_160",16,"254027_0_t1_20240415T110000",2024-04-15 11:00:00,-122.625246656466,36.9487551827593,0,"available_crw"
"254027_0_t1",160,"254027_0_t1_crw_160",17,"254027_0_t1_20240415T170000",2024-04-15 17:00:00,-122.693137307332,36.9430432300877,0,"available_crw"
"254027_0_t1",160,"254027_0_t1_crw_160",18,"254027_0_t1_20240415T230000",2024-04-15 23:00:00,-122.684776853679,36.9459402241974,0,"available_crw"
"254027_0_t1",160,"254027_0_t1_crw_160",19,"254027_0_t1_20240416T050000",2024-04-16 05:00:00,-122.623410986562,36.9699551549602,0,"available_crw"
"254027_0_t1",160,"254027_0_t1_crw_160",20,"254027_0_t1_20240416T110000",2024-04-16 11:00:00,-122.372206071284,36.7405188052888,0,"available_crw"
"254027_0_t1",160,"254027_0_t1_crw_160",21,"254027_0_t1_20240416T170000",2024-04-16 17:00:00,-122.354953299612,36.7535553749128,0,"available_crw"
"254027_0_t1",160,"254027_0_t1_crw_160",22,"254027_0_t1_20240416T230000",2024-04-16 23:00:00,-122.384185564709,36.7229985794176,0,"available_crw"
"254027_0_t1",160,"254027_0_t1_crw_160",23,"254027_0_t1_20240417T050000",2024-04-17 05:00:00,-122.22345238034,36.6229181070751,0,"available_crw"
"254027_0_t1",160,"254027_0_t1_crw_160",24,"254027_0_t1_20240417T110000",2024-04-17 11:00:00,-121.984135237811,36.4582584742831,0,"available_crw"
"254027_0_t1",160,"254027_0_t1_crw_160",25,"254027_0_t1_20240417T170000",2024-04-17 17:00:00,-121.930605872684,36.4246229311164,0,"available_crw"
"254027_0_t1",160,"254027_0_t1_crw_160",26,"254027_0_t1_20240417T230000",2024-04-17 23:00:00,-121.961314311886,36.4477894263553,0,"available_crw"
"254027_0_t1",160,"254027_0_t1_crw_160",27,"254027_0_t1_20240418T050000",2024-04-18 05:00:00,-122.11222063306,36.6330856625427,0,"available_crw"
"254027_0_t1",160,"254027_0_t1_crw_160",28,"254027_0_t1_20240418T110000",2024-04-18 11:00:00,-122.092324467035,36.6031666095955,0,"available_crw"
"254027_0_t1",160,"254027_0_t1_crw_160",29,"254027_0_t1_20240418T170000",2024-04-18 17:00:00,-122.042560566059,36.5322072712243,0,"available_crw"
"254027_0_t1",160,"254027_0_t1_crw_160",30,"254027_0_t1_20240418T230000",2024-04-18 23:00:00,-122.059895649336,36.5631387625163,0,"available_crw"
"254027_0_t1",160,"254027_0_t1_crw_160",31,"254027_0_t1_20240419T050000",2024-04-19 05:00:00,-121.969264227129,36.5610589562175,0,"available_crw"
"254027_0_t1",160,"254027_0_t1_crw_160",32,"254027_0_t1_20240419T110000",2024-04-19 11:00:00,-121.90058924963,36.2947129523987,0,"available_crw"
"254027_0_t1",161,"254027_0_t1_crw_161",1,"254027_0_t1_20240411T170000",2024-04-11 17:00:00,-121.8431658,36.81026373,0,"available_crw"
"254027_0_t1",161,"254027_0_t1_crw_161",2,"254027_0_t1_20240411T230000",2024-04-11 23:00:00,-122.158295718461,36.8244748904702,0,"available_crw"
"254027_0_t1",161,"254027_0_t1_crw_161",3,"254027_0_t1_20240412T050000",2024-04-12 05:00:00,-122.219463512602,36.6910851413049,0,"available_crw"
"254027_0_t1",161,"254027_0_t1_crw_161",4,"254027_0_t1_20240412T110000",2024-04-12 11:00:00,-122.254199427182,36.597828197924,0,"available_crw"
"254027_0_t1",161,"254027_0_t1_crw_161",5,"254027_0_t1_20240412T170000",2024-04-12 17:00:00,-122.591153046425,36.6127846302072,0,"available_crw"
"254027_0_t1",161,"254027_0_t1_crw_161",6,"254027_0_t1_20240412T230000",2024-04-12 23:00:00,-122.720382281584,36.5750886379504,0,"available_crw"
"254027_0_t1",161,"254027_0_t1_crw_161",7,"254027_0_t1_20240413T050000",2024-04-13 05:00:00,-122.940406120552,36.8241076517398,0,"available_crw"
"254027_0_t1",161,"254027_0_t1_crw_161",8,"254027_0_t1_20240413T110000",2024-04-13 11:00:00,-122.850670068781,36.8362189800965,0,"available_crw"
"254027_0_t1",161,"254027_0_t1_crw_161",9,"254027_0_t1_20240413T170000",2024-04-13 17:00:00,-122.732615412816,36.858096062712,0,"available_crw"
"254027_0_t1",161,"254027_0_t1_crw_161",10,"254027_0_t1_20240413T230000",2024-04-13 23:00:00,-122.613793173827,36.8773192308336,0,"available_crw"
"254027_0_t1",161,"254027_0_t1_crw_161",11,"254027_0_t1_20240414T050000",2024-04-14 05:00:00,-122.40111021357,36.8759108340749,0,"available_crw"
"254027_0_t1",161,"254027_0_t1_crw_161",12,"254027_0_t1_20240414T110000",2024-04-14 11:00:00,-122.400144052748,36.8600603411573,0,"available_crw"
"254027_0_t1",161,"254027_0_t1_crw_161",13,"254027_0_t1_20240414T170000",2024-04-14 17:00:00,-122.397450084063,36.7626992952993,0,"available_crw"
"254027_0_t1",161,"254027_0_t1_crw_161",14,"254027_0_t1_20240414T230000",2024-04-14 23:00:00,-122.43119680259,36.6058561361098,0,"available_crw"
"254027_0_t1",161,"254027_0_t1_crw_161",15,"254027_0_t1_20240415T050000",2024-04-15 05:00:00,-122.468562967612,36.4787924546594,0,"available_crw"
"254027_0_t1",161,"254027_0_t1_crw_161",16,"254027_0_t1_20240415T110000",2024-04-15 11:00:00,-122.474803764324,36.5196180628153,0,"available_crw"
"254027_0_t1",161,"254027_0_t1_crw_161",17,"254027_0_t1_20240415T170000",2024-04-15 17:00:00,-122.486400621132,36.6165577499551,0,"available_crw"
"254027_0_t1",161,"254027_0_t1_crw_161",18,"254027_0_t1_20240415T230000",2024-04-15 23:00:00,-122.496080209841,36.6707922623867,0,"available_crw"
"254027_0_t1",161,"254027_0_t1_crw_161",19,"254027_0_t1_20240416T050000",2024-04-16 05:00:00,-122.512818815151,36.7512003934086,0,"available_crw"
"254027_0_t1",161,"254027_0_t1_crw_161",20,"254027_0_t1_20240416T110000",2024-04-16 11:00:00,-122.167942745502,36.8796547322369,0,"available_crw"
"254027_0_t1",161,"254027_0_t1_crw_161",21,"254027_0_t1_20240416T170000",2024-04-16 17:00:00,-122.201716571751,36.8996432611879,0,"available_crw"
"254027_0_t1",161,"254027_0_t1_crw_161",22,"254027_0_t1_20240416T230000",2024-04-16 23:00:00,-122.343919003467,36.8150437256225,0,"available_crw"
"254027_0_t1",161,"254027_0_t1_crw_161",23,"254027_0_t1_20240417T050000",2024-04-17 05:00:00,-122.536658156625,36.7432142432773,0,"available_crw"
"254027_0_t1",161,"254027_0_t1_crw_161",24,"254027_0_t1_20240417T110000",2024-04-17 11:00:00,-122.535032607093,36.8163476511765,0,"available_crw"
"254027_0_t1",161,"254027_0_t1_crw_161",25,"254027_0_t1_20240417T170000",2024-04-17 17:00:00,-122.568282697924,36.9110213118391,0,"available_crw"
"254027_0_t1",161,"254027_0_t1_crw_161",26,"254027_0_t1_20240417T230000",2024-04-17 23:00:00,-122.764356058822,36.8665777632096,0,"available_crw"
"254027_0_t1",161,"254027_0_t1_crw_161",27,"254027_0_t1_20240418T050000",2024-04-18 05:00:00,-122.720854130521,36.882881879481,0,"available_crw"
"254027_0_t1",161,"254027_0_t1_crw_161",28,"254027_0_t1_20240418T110000",2024-04-18 11:00:00,-122.660423891558,36.9083043448375,0,"available_crw"
"254027_0_t1",161,"254027_0_t1_crw_161",29,"254027_0_t1_20240418T170000",2024-04-18 17:00:00,-122.699481112326,36.8953225724965,0,"available_crw"
"254027_0_t1",161,"254027_0_t1_crw_161",30,"254027_0_t1_20240418T230000",2024-04-18 23:00:00,-122.689677101525,36.877981634867,0,"available_crw"
"254027_0_t1",161,"254027_0_t1_crw_161",31,"254027_0_t1_20240419T050000",2024-04-19 05:00:00,-122.577937658902,36.7697926093404,0,"available_crw"
"254027_0_t1",161,"254027_0_t1_crw_161",32,"254027_0_t1_20240419T110000",2024-04-19 11:00:00,-122.667755243726,36.6365077070148,0,"available_crw"
"254027_0_t1",162,"254027_0_t1_crw_162",1,"254027_0_t1_20240411T170000",2024-04-11 17:00:00,-121.8431658,36.81026373,0,"available_crw"
"254027_0_t1",162,"254027_0_t1_crw_162",2,"254027_0_t1_20240411T230000",2024-04-11 23:00:00,-121.842644658615,36.7912249631954,0,"available_crw"
"254027_0_t1",162,"254027_0_t1_crw_162",3,"254027_0_t1_20240412T050000",2024-04-12 05:00:00,-121.838079041867,36.7097874390988,0,"available_crw"
"254027_0_t1",162,"254027_0_t1_crw_162",4,"254027_0_t1_20240412T110000",2024-04-12 11:00:00,-121.814499653248,36.7112844259178,0,"available_crw"
"254027_0_t1",162,"254027_0_t1_crw_162",5,"254027_0_t1_20240412T170000",2024-04-12 17:00:00,-121.860835152168,36.6939759178218,0,"available_crw"
"254027_0_t1",162,"254027_0_t1_crw_162",6,"254027_0_t1_20240412T230000",2024-04-12 23:00:00,-121.870160739802,36.7079551482251,0,"available_crw"
"254027_0_t1",162,"254027_0_t1_crw_162",7,"254027_0_t1_20240413T050000",2024-04-13 05:00:00,-121.890604318215,36.6983797998138,0,"available_crw"
"254027_0_t1",162,"254027_0_t1_crw_162",8,"254027_0_t1_20240413T110000",2024-04-13 11:00:00,-121.884476837539,36.7037716317723,0,"available_crw"
"254027_0_t1",162,"254027_0_t1_crw_162",9,"254027_0_t1_20240413T170000",2024-04-13 17:00:00,-121.840902566751,36.7458567545316,0,"available_crw"
"254027_0_t1",162,"254027_0_t1_crw_162",10,"254027_0_t1_20240413T230000",2024-04-13 23:00:00,-121.865296686041,36.7126689654507,0,"available_crw"
"254027_0_t1",162,"254027_0_t1_crw_162",11,"254027_0_t1_20240414T050000",2024-04-14 05:00:00,-121.897156569115,36.6642622626558,0,"available_crw"
"254027_0_t1",162,"254027_0_t1_crw_162",12,"254027_0_t1_20240414T110000",2024-04-14 11:00:00,-122.02138091346,36.5405545051047,0,"available_crw"
"254027_0_t1",162,"254027_0_t1_crw_162",13,"254027_0_t1_20240414T170000",2024-04-14 17:00:00,-122.369193830886,36.6619928756639,0,"available_crw"
"254027_0_t1",162,"254027_0_t1_crw_162",14,"254027_0_t1_20240414T230000",2024-04-14 23:00:00,-122.532357494715,36.7518763405721,0,"available_crw"
"254027_0_t1",162,"254027_0_t1_crw_162",15,"254027_0_t1_20240415T050000",2024-04-15 05:00:00,-122.453387704352,36.7881237550199,0,"available_crw"
"254027_0_t1",162,"254027_0_t1_crw_162",16,"254027_0_t1_20240415T110000",2024-04-15 11:00:00,-122.265660567243,36.8386572480656,0,"available_crw"
"254027_0_t1",162,"254027_0_t1_crw_162",17,"254027_0_t1_20240415T170000",2024-04-15 17:00:00,-122.273916315806,36.8565088070713,0,"available_crw"
"254027_0_t1",162,"254027_0_t1_crw_162",18,"254027_0_t1_20240415T230000",2024-04-15 23:00:00,-122.255836796099,36.8628940230362,0,"available_crw"
"254027_0_t1",162,"254027_0_t1_crw_162",19,"254027_0_t1_20240416T050000",2024-04-16 05:00:00,-122.121338514288,36.7566105686763,0,"available_crw"
"254027_0_t1",162,"254027_0_t1_crw_162",20,"254027_0_t1_20240416T110000",2024-04-16 11:00:00,-122.167984976604,36.7734426557947,0,"available_crw"
"254027_0_t1",162,"254027_0_t1_crw_162",21,"254027_0_t1_20240416T170000",2024-04-16 17:00:00,-122.152182318955,36.7742120793287,0,"available_crw"
"254027_0_t1",162,"254027_0_t1_crw_162",22,"254027_0_t1_20240416T230000",2024-04-16 23:00:00,-121.989864199074,36.7739166004811,0,"available_crw"
"254027_0_t1",162,"254027_0_t1_crw_162",23,"254027_0_t1_20240417T050000",2024-04-17 05:00:00,-121.827910808198,36.765338972757,0,"available_crw"
"254027_0_t1",162,"254027_0_t1_crw_162",24,"254027_0_t1_20240417T110000",2024-04-17 11:00:00,-121.87690423087,36.7536086028694,0,"available_crw"
"254027_0_t1",162,"254027_0_t1_crw_162",25,"254027_0_t1_20240417T170000",2024-04-17 17:00:00,-121.891300322978,36.7017350628717,0,"available_crw"
"254027_0_t1",162,"254027_0_t1_crw_162",26,"254027_0_t1_20240417T230000",2024-04-17 23:00:00,-121.970612914569,36.5559664628566,0,"available_crw"
"254027_0_t1",162,"254027_0_t1_crw_162",27,"254027_0_t1_20240418T050000",2024-04-18 05:00:00,-121.929014628731,36.5590134047809,0,"available_crw"
"254027_0_t1",162,"254027_0_t1_crw_162",28,"254027_0_t1_20240418T110000",2024-04-18 11:00:00,-121.926102398255,36.5433192239256,0,"available_crw"
"254027_0_t1",162,"254027_0_t1_crw_162",29,"254027_0_t1_20240418T170000",2024-04-18 17:00:00,-121.912091413168,36.4132281460878,0,"available_crw"
"254027_0_t1",162,"254027_0_t1_crw_162",30,"254027_0_t1_20240418T230000",2024-04-18 23:00:00,-122.265972546564,36.3061322671346,0,"available_crw"
"254027_0_t1",162,"254027_0_t1_crw_162",31,"254027_0_t1_20240419T050000",2024-04-19 05:00:00,-122.328138973638,36.2844545277031,0,"available_crw"
"254027_0_t1",162,"254027_0_t1_crw_162",32,"254027_0_t1_20240419T110000",2024-04-19 11:00:00,-122.65584429668,36.2689173162475,0,"available_crw"
"254027_0_t1",163,"254027_0_t1_crw_163",1,"254027_0_t1_20240411T170000",2024-04-11 17:00:00,-121.8431658,36.81026373,0,"available_crw"
"254027_0_t1",163,"254027_0_t1_crw_163",2,"254027_0_t1_20240411T230000",2024-04-11 23:00:00,-121.876052153576,36.7641617808646,0,"available_crw"
"254027_0_t1",163,"254027_0_t1_crw_163",3,"254027_0_t1_20240412T050000",2024-04-12 05:00:00,-121.938976204909,36.6809949860045,0,"available_crw"
"254027_0_t1",163,"254027_0_t1_crw_163",4,"254027_0_t1_20240412T110000",2024-04-12 11:00:00,-121.936784323278,36.6880873699448,0,"available_crw"
"254027_0_t1",163,"254027_0_t1_crw_163",5,"254027_0_t1_20240412T170000",2024-04-12 17:00:00,-121.958147880841,36.7975467275238,0,"available_crw"
"254027_0_t1",163,"254027_0_t1_crw_163",6,"254027_0_t1_20240412T230000",2024-04-12 23:00:00,-122.020169602543,36.8159286125629,0,"available_crw"
"254027_0_t1",163,"254027_0_t1_crw_163",7,"254027_0_t1_20240413T050000",2024-04-13 05:00:00,-121.954521247156,36.8665752751322,0,"available_crw"
"254027_0_t1",163,"254027_0_t1_crw_163",8,"254027_0_t1_20240413T110000",2024-04-13 11:00:00,-121.994558121487,36.8766105830242,0,"available_crw"
"254027_0_t1",163,"254027_0_t1_crw_163",9,"254027_0_t1_20240413T170000",2024-04-13 17:00:00,-121.986170575357,36.8435953621444,0,"available_crw"
"254027_0_t1",163,"254027_0_t1_crw_163",10,"254027_0_t1_20240413T230000",2024-04-13 23:00:00,-121.92316439612,36.8274650461367,0,"available_crw"
"254027_0_t1",163,"254027_0_t1_crw_163",11,"254027_0_t1_20240414T050000",2024-04-14 05:00:00,-121.94808672252,36.5561518146822,0,"available_crw"
"254027_0_t1",163,"254027_0_t1_crw_163",12,"254027_0_t1_20240414T110000",2024-04-14 11:00:00,-121.949927422109,36.5013829074584,0,"available_crw"
"254027_0_t1",163,"254027_0_t1_crw_163",13,"254027_0_t1_20240414T170000",2024-04-14 17:00:00,-122.126003020033,36.4487316375776,0,"available_crw"
"254027_0_t1",163,"254027_0_t1_crw_163",14,"254027_0_t1_20240414T230000",2024-04-14 23:00:00,-122.087413671774,36.4755709535345,0,"available_crw"
"254027_0_t1",163,"254027_0_t1_crw_163",15,"254027_0_t1_20240415T050000",2024-04-15 05:00:00,-122.219621180679,36.5996603577816,0,"available_crw"
"254027_0_t1",163,"254027_0_t1_crw_163",16,"254027_0_t1_20240415T110000",2024-04-15 11:00:00,-122.4143053972,36.7992325368606,0,"available_crw"
"254027_0_t1",163,"254027_0_t1_crw_163",17,"254027_0_t1_20240415T170000",2024-04-15 17:00:00,-122.370669941147,36.7777813223235,0,"available_crw"
"254027_0_t1",163,"254027_0_t1_crw_163",18,"254027_0_t1_20240415T230000",2024-04-15 23:00:00,-122.263794297531,36.732126736021,0,"available_crw"
"254027_0_t1",163,"254027_0_t1_crw_163",19,"254027_0_t1_20240416T050000",2024-04-16 05:00:00,-122.272718868155,36.7334767094446,0,"available_crw"
"254027_0_t1",163,"254027_0_t1_crw_163",20,"254027_0_t1_20240416T110000",2024-04-16 11:00:00,-122.246474311121,36.8469450884676,0,"available_crw"
"254027_0_t1",163,"254027_0_t1_crw_163",21,"254027_0_t1_20240416T170000",2024-04-16 17:00:00,-122.165619351141,37.004996490793,0,"available_crw"
"254027_0_t1",163,"254027_0_t1_crw_163",22,"254027_0_t1_20240416T230000",2024-04-16 23:00:00,-122.185161188876,36.9748877768331,0,"available_crw"
"254027_0_t1",163,"254027_0_t1_crw_163",23,"254027_0_t1_20240417T050000",2024-04-17 05:00:00,-122.312972260961,37.027907397212,0,"available_crw"
"254027_0_t1",163,"254027_0_t1_crw_163",24,"254027_0_t1_20240417T110000",2024-04-17 11:00:00,-122.42414178414,37.0671370590423,0,"available_crw"
"254027_0_t1",163,"254027_0_t1_crw_163",25,"254027_0_t1_20240417T170000",2024-04-17 17:00:00,-122.372904416132,37.0647179086544,0,"available_crw"
"254027_0_t1",163,"254027_0_t1_crw_163",26,"254027_0_t1_20240417T230000",2024-04-17 23:00:00,-122.251412157119,37.0648739769759,0,"available_crw"
"254027_0_t1",163,"254027_0_t1_crw_163",27,"254027_0_t1_20240418T050000",2024-04-18 05:00:00,-122.293604650335,37.0678841743738,0,"available_crw"
"254027_0_t1",163,"254027_0_t1_crw_163",28,"254027_0_t1_20240418T110000",2024-04-18 11:00:00,-122.278924467096,37.0727642902648,0,"available_crw"
"254027_0_t1",163,"254027_0_t1_crw_163",29,"254027_0_t1_20240418T170000",2024-04-18 17:00:00,-122.080068210914,36.8524249364857,0,"available_crw"
"254027_0_t1",163,"254027_0_t1_crw_163",30,"254027_0_t1_20240418T230000",2024-04-18 23:00:00,-121.912393779175,36.8978847965882,0,"available_crw"
"254027_0_t1",163,"254027_0_t1_crw_163",31,"254027_0_t1_20240419T050000",2024-04-19 05:00:00,-121.866368937362,36.7885677079843,0,"available_crw"
"254027_0_t1",163,"254027_0_t1_crw_163",32,"254027_0_t1_20240419T110000",2024-04-19 11:00:00,-121.82402861388,36.662519634298,0,"available_crw"
"254027_0_t1",164,"254027_0_t1_crw_164",1,"254027_0_t1_20240411T170000",2024-04-11 17:00:00,-121.8431658,36.81026373,0,"available_crw"
"254027_0_t1",164,"254027_0_t1_crw_164",2,"254027_0_t1_20240411T230000",2024-04-11 23:00:00,-121.802387385465,36.8756446011203,0,"available_crw"
"254027_0_t1",164,"254027_0_t1_crw_164",3,"254027_0_t1_20240412T050000",2024-04-12 05:00:00,-121.93028778111,36.9739654221299,0,"available_crw"
"254027_0_t1",164,"254027_0_t1_crw_164",4,"254027_0_t1_20240412T110000",2024-04-12 11:00:00,-122.084934828747,36.9046643062374,0,"available_crw"
"254027_0_t1",164,"254027_0_t1_crw_164",5,"254027_0_t1_20240412T170000",2024-04-12 17:00:00,-122.142839291013,36.8757091056221,0,"available_crw"
"254027_0_t1",164,"254027_0_t1_crw_164",6,"254027_0_t1_20240412T230000",2024-04-12 23:00:00,-122.384421454994,37.0666060937534,0,"available_crw"
"254027_0_t1",164,"254027_0_t1_crw_164",7,"254027_0_t1_20240413T050000",2024-04-13 05:00:00,-122.493153061135,37.1123049824506,0,"available_crw"
"254027_0_t1",164,"254027_0_t1_crw_164",8,"254027_0_t1_20240413T110000",2024-04-13 11:00:00,-122.492268721933,37.0786151007589,0,"available_crw"
"254027_0_t1",164,"254027_0_t1_crw_164",9,"254027_0_t1_20240413T170000",2024-04-13 17:00:00,-122.82048937248,37.0093538281285,0,"available_crw"
"254027_0_t1",164,"254027_0_t1_crw_164",10,"254027_0_t1_20240413T230000",2024-04-13 23:00:00,-122.77876068617,37.0150614927313,0,"available_crw"
"254027_0_t1",164,"254027_0_t1_crw_164",11,"254027_0_t1_20240414T050000",2024-04-14 05:00:00,-122.812855344337,37.1764082728156,0,"available_crw"
"254027_0_t1",164,"254027_0_t1_crw_164",12,"254027_0_t1_20240414T110000",2024-04-14 11:00:00,-122.98904503704,37.1949302230512,0,"available_crw"
"254027_0_t1",164,"254027_0_t1_crw_164",13,"254027_0_t1_20240414T170000",2024-04-14 17:00:00,-122.980045045671,37.1961885324705,0,"available_crw"
"254027_0_t1",164,"254027_0_t1_crw_164",14,"254027_0_t1_20240414T230000",2024-04-14 23:00:00,-122.984932429665,37.2148275573744,0,"available_crw"
"254027_0_t1",164,"254027_0_t1_crw_164",15,"254027_0_t1_20240415T050000",2024-04-15 05:00:00,-123.006769265293,37.3106318875298,0,"available_crw"
"254027_0_t1",164,"254027_0_t1_crw_164",16,"254027_0_t1_20240415T110000",2024-04-15 11:00:00,-122.980489574792,37.2752634139495,0,"available_crw"
"254027_0_t1",164,"254027_0_t1_crw_164",17,"254027_0_t1_20240415T170000",2024-04-15 17:00:00,-122.807437336657,37.3084015578615,0,"available_crw"
"254027_0_t1",164,"254027_0_t1_crw_164",18,"254027_0_t1_20240415T230000",2024-04-15 23:00:00,-122.708713016849,37.3291143804851,0,"available_crw"
"254027_0_t1",164,"254027_0_t1_crw_164",19,"254027_0_t1_20240416T050000",2024-04-16 05:00:00,-122.750860146616,37.3054800030207,0,"available_crw"
"254027_0_t1",164,"254027_0_t1_crw_164",20,"254027_0_t1_20240416T110000",2024-04-16 11:00:00,-122.910054988913,37.3881702801877,0,"available_crw"
"254027_0_t1",164,"254027_0_t1_crw_164",21,"254027_0_t1_20240416T170000",2024-04-16 17:00:00,-123.062351716205,37.5083752387337,0,"available_crw"
"254027_0_t1",164,"254027_0_t1_crw_164",22,"254027_0_t1_20240416T230000",2024-04-16 23:00:00,-123.154456734404,37.5724030657018,0,"available_crw"
"254027_0_t1",164,"254027_0_t1_crw_164",23,"254027_0_t1_20240417T050000",2024-04-17 05:00:00,-123.059256025579,37.6594857757508,0,"available_crw"
"254027_0_t1",164,"254027_0_t1_crw_164",24,"254027_0_t1_20240417T110000",2024-04-17 11:00:00,-122.976319134973,37.7311693646116,0,"available_crw"
"254027_0_t1",164,"254027_0_t1_crw_164",25,"254027_0_t1_20240417T170000",2024-04-17 17:00:00,-122.801225493499,37.8305510244786,0,"available_crw"
"254027_0_t1",164,"254027_0_t1_crw_164",26,"254027_0_t1_20240417T230000",2024-04-17 23:00:00,-122.699358330107,37.8849380839795,0,"available_crw"
"254027_0_t1",164,"254027_0_t1_crw_164",27,"254027_0_t1_20240418T050000",2024-04-18 05:00:00,-122.541433158414,37.7994866069005,0,"available_crw"
"254027_0_t1",164,"254027_0_t1_crw_164",28,"254027_0_t1_20240418T110000",2024-04-18 11:00:00,-122.623164439568,37.7040614824023,0,"available_crw"
"254027_0_t1",164,"254027_0_t1_crw_164",29,"254027_0_t1_20240418T170000",2024-04-18 17:00:00,-122.809641263457,37.7364080798885,0,"available_crw"
"254027_0_t1",164,"254027_0_t1_crw_164",30,"254027_0_t1_20240418T230000",2024-04-18 23:00:00,-122.993753784994,37.7994163906035,0,"available_crw"
"254027_0_t1",164,"254027_0_t1_crw_164",31,"254027_0_t1_20240419T050000",2024-04-19 05:00:00,-122.988916818709,37.9509823140697,0,"available_crw"
"254027_0_t1",164,"254027_0_t1_crw_164",32,"254027_0_t1_20240419T110000",2024-04-19 11:00:00,-122.843227811686,37.9481943575216,0,"available_crw"
"254027_0_t1",165,"254027_0_t1_crw_165",1,"254027_0_t1_20240411T170000",2024-04-11 17:00:00,-121.8431658,36.81026373,0,"available_crw"
"254027_0_t1",165,"254027_0_t1_crw_165",2,"254027_0_t1_20240411T230000",2024-04-11 23:00:00,-122.037018718084,36.8426236931558,0,"available_crw"
"254027_0_t1",165,"254027_0_t1_crw_165",3,"254027_0_t1_20240412T050000",2024-04-12 05:00:00,-122.034156871545,36.8583247862876,0,"available_crw"
"254027_0_t1",165,"254027_0_t1_crw_165",4,"254027_0_t1_20240412T110000",2024-04-12 11:00:00,-121.958985064641,36.8171132001966,0,"available_crw"
"254027_0_t1",165,"254027_0_t1_crw_165",5,"254027_0_t1_20240412T170000",2024-04-12 17:00:00,-121.899803002343,36.8408129579851,0,"available_crw"
"254027_0_t1",165,"254027_0_t1_crw_165",6,"254027_0_t1_20240412T230000",2024-04-12 23:00:00,-121.843944339172,36.856596840899,0,"available_crw"
"254027_0_t1",165,"254027_0_t1_crw_165",7,"254027_0_t1_20240413T050000",2024-04-13 05:00:00,-121.852549754887,36.8743404045219,0,"available_crw"
"254027_0_t1",165,"254027_0_t1_crw_165",8,"254027_0_t1_20240413T110000",2024-04-13 11:00:00,-121.918086702701,36.8816192158199,0,"available_crw"
"254027_0_t1",165,"254027_0_t1_crw_165",9,"254027_0_t1_20240413T170000",2024-04-13 17:00:00,-121.986010821842,36.8865507782727,0,"available_crw"
"254027_0_t1",165,"254027_0_t1_crw_165",10,"254027_0_t1_20240413T230000",2024-04-13 23:00:00,-122.247466483858,36.957902249187,0,"available_crw"
"254027_0_t1",165,"254027_0_t1_crw_165",11,"254027_0_t1_20240414T050000",2024-04-14 05:00:00,-122.369976112163,36.9611348430637,0,"available_crw"
"254027_0_t1",165,"254027_0_t1_crw_165",12,"254027_0_t1_20240414T110000",2024-04-14 11:00:00,-122.327451323574,37.0258346139225,0,"available_crw"
"254027_0_t1",165,"254027_0_t1_crw_165",13,"254027_0_t1_20240414T170000",2024-04-14 17:00:00,-122.282056695538,37.0987903018159,0,"available_crw"
"254027_0_t1",165,"254027_0_t1_crw_165",14,"254027_0_t1_20240414T230000",2024-04-14 23:00:00,-122.304299210145,37.0698987578122,0,"available_crw"
"254027_0_t1",165,"254027_0_t1_crw_165",15,"254027_0_t1_20240415T050000",2024-04-15 05:00:00,-122.27200119387,37.0234766671015,0,"available_crw"
"254027_0_t1",165,"254027_0_t1_crw_165",16,"254027_0_t1_20240415T110000",2024-04-15 11:00:00,-122.249718648283,37.0520489465569,0,"available_crw"
"254027_0_t1",165,"254027_0_t1_crw_165",17,"254027_0_t1_20240415T170000",2024-04-15 17:00:00,-122.26007429255,37.0117650263234,0,"available_crw"
"254027_0_t1",165,"254027_0_t1_crw_165",18,"254027_0_t1_20240415T230000",2024-04-15 23:00:00,-122.258028323616,37.0502926425992,0,"available_crw"
"254027_0_t1",165,"254027_0_t1_crw_165",19,"254027_0_t1_20240416T050000",2024-04-16 05:00:00,-122.177781368618,37.0155034867505,0,"available_crw"
"254027_0_t1",165,"254027_0_t1_crw_165",20,"254027_0_t1_20240416T110000",2024-04-16 11:00:00,-121.907163657429,36.8842788103836,0,"available_crw"
"254027_0_t1",165,"254027_0_t1_crw_165",21,"254027_0_t1_20240416T170000",2024-04-16 17:00:00,-121.847278607947,36.8580783533359,0,"available_crw"
"254027_0_t1",165,"254027_0_t1_crw_165",22,"254027_0_t1_20240416T230000",2024-04-16 23:00:00,-121.836644808137,36.8750971807209,0,"available_crw"
"254027_0_t1",165,"254027_0_t1_crw_165",23,"254027_0_t1_20240417T050000",2024-04-17 05:00:00,-121.842250631723,36.8342160331763,0,"available_crw"
"254027_0_t1",165,"254027_0_t1_crw_165",24,"254027_0_t1_20240417T110000",2024-04-17 11:00:00,-122.177907951931,36.7998388151819,0,"available_crw"
"254027_0_t1",165,"254027_0_t1_crw_165",25,"254027_0_t1_20240417T170000",2024-04-17 17:00:00,-122.13262511763,36.8189698428918,0,"available_crw"
"254027_0_t1",165,"254027_0_t1_crw_165",26,"254027_0_t1_20240417T230000",2024-04-17 23:00:00,-122.170965547831,36.7958044008323,0,"available_crw"
"254027_0_t1",165,"254027_0_t1_crw_165",27,"254027_0_t1_20240418T050000",2024-04-18 05:00:00,-122.263018692086,36.7326017127761,0,"available_crw"
"254027_0_t1",165,"254027_0_t1_crw_165",28,"254027_0_t1_20240418T110000",2024-04-18 11:00:00,-122.338441573606,36.6782081110004,0,"available_crw"
"254027_0_t1",165,"254027_0_t1_crw_165",29,"254027_0_t1_20240418T170000",2024-04-18 17:00:00,-122.521743000727,36.5923301461137,0,"available_crw"
"254027_0_t1",165,"254027_0_t1_crw_165",30,"254027_0_t1_20240418T230000",2024-04-18 23:00:00,-122.520544847015,36.5391800315844,0,"available_crw"
"254027_0_t1",165,"254027_0_t1_crw_165",31,"254027_0_t1_20240419T050000",2024-04-19 05:00:00,-122.526739120568,36.4918496949763,0,"available_crw"
"254027_0_t1",165,"254027_0_t1_crw_165",32,"254027_0_t1_20240419T110000",2024-04-19 11:00:00,-122.488263770202,36.504917497682,0,"available_crw"
"254027_0_t1",166,"254027_0_t1_crw_166",1,"254027_0_t1_20240411T170000",2024-04-11 17:00:00,-121.8431658,36.81026373,0,"available_crw"
"254027_0_t1",166,"254027_0_t1_crw_166",2,"254027_0_t1_20240411T230000",2024-04-11 23:00:00,-121.911257172552,36.8083374476338,0,"available_crw"
"254027_0_t1",166,"254027_0_t1_crw_166",3,"254027_0_t1_20240412T050000",2024-04-12 05:00:00,-122.106783871787,36.8332984524723,0,"available_crw"
"254027_0_t1",166,"254027_0_t1_crw_166",4,"254027_0_t1_20240412T110000",2024-04-12 11:00:00,-122.13867591632,36.6716835850745,0,"available_crw"
"254027_0_t1",166,"254027_0_t1_crw_166",5,"254027_0_t1_20240412T170000",2024-04-12 17:00:00,-122.475321133424,36.6501796995457,0,"available_crw"
"254027_0_t1",166,"254027_0_t1_crw_166",6,"254027_0_t1_20240412T230000",2024-04-12 23:00:00,-122.472618543348,36.631258762909,0,"available_crw"
"254027_0_t1",166,"254027_0_t1_crw_166",7,"254027_0_t1_20240413T050000",2024-04-13 05:00:00,-122.492015074699,36.6285270653234,0,"available_crw"
"254027_0_t1",166,"254027_0_t1_crw_166",8,"254027_0_t1_20240413T110000",2024-04-13 11:00:00,-122.766576394082,36.6428652656759,0,"available_crw"
"254027_0_t1",166,"254027_0_t1_crw_166",9,"254027_0_t1_20240413T170000",2024-04-13 17:00:00,-122.757782433988,36.7580702083512,0,"available_crw"
"254027_0_t1",166,"254027_0_t1_crw_166",10,"254027_0_t1_20240413T230000",2024-04-13 23:00:00,-122.803541594543,36.8625949971099,0,"available_crw"
"254027_0_t1",166,"254027_0_t1_crw_166",11,"254027_0_t1_20240414T050000",2024-04-14 05:00:00,-122.848046086888,36.9881987084493,0,"available_crw"
"254027_0_t1",166,"254027_0_t1_crw_166",12,"254027_0_t1_20240414T110000",2024-04-14 11:00:00,-122.914307300125,37.0709901929514,0,"available_crw"
"254027_0_t1",166,"254027_0_t1_crw_166",13,"254027_0_t1_20240414T170000",2024-04-14 17:00:00,-122.990710802373,37.230537172667,0,"available_crw"
"254027_0_t1",166,"254027_0_t1_crw_166",14,"254027_0_t1_20240414T230000",2024-04-14 23:00:00,-123.031347903384,37.3223440179541,0,"available_crw"
"254027_0_t1",166,"254027_0_t1_crw_166",15,"254027_0_t1_20240415T050000",2024-04-15 05:00:00,-123.067658328632,37.3985404762225,0,"available_crw"
"254027_0_t1",166,"254027_0_t1_crw_166",16,"254027_0_t1_20240415T110000",2024-04-15 11:00:00,-122.932487429324,37.4397240990084,0,"available_crw"
"254027_0_t1",166,"254027_0_t1_crw_166",17,"254027_0_t1_20240415T170000",2024-04-15 17:00:00,-122.832032195967,37.5163218580739,0,"available_crw"
"254027_0_t1",166,"254027_0_t1_crw_166",18,"254027_0_t1_20240415T230000",2024-04-15 23:00:00,-122.64980362164,37.6065851548762,0,"available_crw"
"254027_0_t1",166,"254027_0_t1_crw_166",19,"254027_0_t1_20240416T050000",2024-04-16 05:00:00,-122.407454503168,37.4149188864221,0,"available_crw"
"254027_0_t1",166,"254027_0_t1_crw_166",20,"254027_0_t1_20240416T110000",2024-04-16 11:00:00,-122.595001112931,37.1486094334157,0,"available_crw"
"254027_0_t1",166,"254027_0_t1_crw_166",21,"254027_0_t1_20240416T170000",2024-04-16 17:00:00,-122.84642912367,36.9753136561187,0,"available_crw"
"254027_0_t1",166,"254027_0_t1_crw_166",22,"254027_0_t1_20240416T230000",2024-04-16 23:00:00,-122.869789791781,37.046017427131,0,"available_crw"
"254027_0_t1",166,"254027_0_t1_crw_166",23,"254027_0_t1_20240417T050000",2024-04-17 05:00:00,-122.882738793156,37.2048534695547,0,"available_crw"
"254027_0_t1",166,"254027_0_t1_crw_166",24,"254027_0_t1_20240417T110000",2024-04-17 11:00:00,-122.521425084376,37.3046932754231,0,"available_crw"
"254027_0_t1",166,"254027_0_t1_crw_166",25,"254027_0_t1_20240417T170000",2024-04-17 17:00:00,-122.561237602547,37.2786181074797,0,"available_crw"
"254027_0_t1",166,"254027_0_t1_crw_166",26,"254027_0_t1_20240417T230000",2024-04-17 23:00:00,-122.611568059773,37.2531915444305,0,"available_crw"
"254027_0_t1",166,"254027_0_t1_crw_166",27,"254027_0_t1_20240418T050000",2024-04-18 05:00:00,-122.574647519149,37.2369353896539,0,"available_crw"
"254027_0_t1",166,"254027_0_t1_crw_166",28,"254027_0_t1_20240418T110000",2024-04-18 11:00:00,-122.609849694796,37.2559173409899,0,"available_crw"
"254027_0_t1",166,"254027_0_t1_crw_166",29,"254027_0_t1_20240418T170000",2024-04-18 17:00:00,-122.669170489732,37.2319141982424,0,"available_crw"
"254027_0_t1",166,"254027_0_t1_crw_166",30,"254027_0_t1_20240418T230000",2024-04-18 23:00:00,-122.734729350756,37.3347514093578,0,"available_crw"
"254027_0_t1",166,"254027_0_t1_crw_166",31,"254027_0_t1_20240419T050000",2024-04-19 05:00:00,-122.6060017575,37.3872992130295,0,"available_crw"
"254027_0_t1",166,"254027_0_t1_crw_166",32,"254027_0_t1_20240419T110000",2024-04-19 11:00:00,-122.455835884557,37.4392830982137,0,"available_crw"
"254027_0_t1",167,"254027_0_t1_crw_167",1,"254027_0_t1_20240411T170000",2024-04-11 17:00:00,-121.8431658,36.81026373,0,"available_crw"
"254027_0_t1",167,"254027_0_t1_crw_167",2,"254027_0_t1_20240411T230000",2024-04-11 23:00:00,-122.037018718084,36.8426236931558,0,"available_crw"
"254027_0_t1",167,"254027_0_t1_crw_167",3,"254027_0_t1_20240412T050000",2024-04-12 05:00:00,-122.122175196078,36.7180359671441,0,"available_crw"
"254027_0_t1",167,"254027_0_t1_crw_167",4,"254027_0_t1_20240412T110000",2024-04-12 11:00:00,-122.30918457981,36.7362608069078,0,"available_crw"
"254027_0_t1",167,"254027_0_t1_crw_167",5,"254027_0_t1_20240412T170000",2024-04-12 17:00:00,-122.292337753099,36.8508784087394,0,"available_crw"
"254027_0_t1",167,"254027_0_t1_crw_167",6,"254027_0_t1_20240412T230000",2024-04-12 23:00:00,-122.27487244391,36.9472451314032,0,"available_crw"
"254027_0_t1",167,"254027_0_t1_crw_167",7,"254027_0_t1_20240413T050000",2024-04-13 05:00:00,-122.296342772812,37.0867995265688,0,"available_crw"
"254027_0_t1",167,"254027_0_t1_crw_167",8,"254027_0_t1_20240413T110000",2024-04-13 11:00:00,-122.282884836882,37.0497757656225,0,"available_crw"
"254027_0_t1",167,"254027_0_t1_crw_167",9,"254027_0_t1_20240413T170000",2024-04-13 17:00:00,-122.208652609377,36.8031019317629,0,"available_crw"
"254027_0_t1",167,"254027_0_t1_crw_167",10,"254027_0_t1_20240413T230000",2024-04-13 23:00:00,-122.245971002128,36.5390363252644,0,"available_crw"
"254027_0_t1",167,"254027_0_t1_crw_167",11,"254027_0_t1_20240414T050000",2024-04-14 05:00:00,-122.24767871184,36.5462146307304,0,"available_crw"
"254027_0_t1",167,"254027_0_t1_crw_167",12,"254027_0_t1_20240414T110000",2024-04-14 11:00:00,-122.237858285847,36.5362432966747,0,"available_crw"
"254027_0_t1",167,"254027_0_t1_crw_167",13,"254027_0_t1_20240414T170000",2024-04-14 17:00:00,-122.117413262416,36.4830898432748,0,"available_crw"
"254027_0_t1",167,"254027_0_t1_crw_167",14,"254027_0_t1_20240414T230000",2024-04-14 23:00:00,-121.948080777362,36.4504173244707,0,"available_crw"
"254027_0_t1",167,"254027_0_t1_crw_167",15,"254027_0_t1_20240415T050000",2024-04-15 05:00:00,-121.948306150041,36.1783451127529,0,"available_crw"
"254027_0_t1",167,"254027_0_t1_crw_167",16,"254027_0_t1_20240415T110000",2024-04-15 11:00:00,-121.913400916634,36.084134338189,0,"available_crw"
"254027_0_t1",167,"254027_0_t1_crw_167",17,"254027_0_t1_20240415T170000",2024-04-15 17:00:00,-121.921787948572,36.1173935010748,0,"available_crw"
"254027_0_t1",167,"254027_0_t1_crw_167",18,"254027_0_t1_20240415T230000",2024-04-15 23:00:00,-121.942736112813,36.213288820346,0,"available_crw"
"254027_0_t1",167,"254027_0_t1_crw_167",19,"254027_0_t1_20240416T050000",2024-04-16 05:00:00,-122.141556547438,36.1847589748014,0,"available_crw"
"254027_0_t1",167,"254027_0_t1_crw_167",20,"254027_0_t1_20240416T110000",2024-04-16 11:00:00,-122.240614656775,36.3134398432816,0,"available_crw"
"254027_0_t1",167,"254027_0_t1_crw_167",21,"254027_0_t1_20240416T170000",2024-04-16 17:00:00,-122.313725056925,36.4737714909678,0,"available_crw"
"254027_0_t1",167,"254027_0_t1_crw_167",22,"254027_0_t1_20240416T230000",2024-04-16 23:00:00,-122.295716383621,36.480123283109,0,"available_crw"
"254027_0_t1",167,"254027_0_t1_crw_167",23,"254027_0_t1_20240417T050000",2024-04-17 05:00:00,-122.328806414325,36.500660961276,0,"available_crw"
"254027_0_t1",167,"254027_0_t1_crw_167",24,"254027_0_t1_20240417T110000",2024-04-17 11:00:00,-122.505675686637,36.724956322798,0,"available_crw"
"254027_0_t1",167,"254027_0_t1_crw_167",25,"254027_0_t1_20240417T170000",2024-04-17 17:00:00,-122.544897880111,36.7697430927982,0,"available_crw"
"254027_0_t1",167,"254027_0_t1_crw_167",26,"254027_0_t1_20240417T230000",2024-04-17 23:00:00,-122.427705616667,36.8363757787919,0,"available_crw"
"254027_0_t1",167,"254027_0_t1_crw_167",27,"254027_0_t1_20240418T050000",2024-04-18 05:00:00,-122.161234379296,36.9727791554919,0,"available_crw"
"254027_0_t1",167,"254027_0_t1_crw_167",28,"254027_0_t1_20240418T110000",2024-04-18 11:00:00,-122.174635033678,36.9884982661117,0,"available_crw"
"254027_0_t1",167,"254027_0_t1_crw_167",29,"254027_0_t1_20240418T170000",2024-04-18 17:00:00,-122.15398705986,36.9588703722293,0,"available_crw"
"254027_0_t1",167,"254027_0_t1_crw_167",30,"254027_0_t1_20240418T230000",2024-04-18 23:00:00,-122.065923420283,36.8904847966174,0,"available_crw"
"254027_0_t1",167,"254027_0_t1_crw_167",31,"254027_0_t1_20240419T050000",2024-04-19 05:00:00,-122.137280075501,36.7501270242693,0,"available_crw"
"254027_0_t1",167,"254027_0_t1_crw_167",32,"254027_0_t1_20240419T110000",2024-04-19 11:00:00,-122.1582155651,36.6105244248994,0,"available_crw"
"254027_0_t1",168,"254027_0_t1_crw_168",1,"254027_0_t1_20240411T170000",2024-04-11 17:00:00,-121.8431658,36.81026373,0,"available_crw"
"254027_0_t1",168,"254027_0_t1_crw_168",2,"254027_0_t1_20240411T230000",2024-04-11 23:00:00,-122.012275888198,36.774598486074,0,"available_crw"
"254027_0_t1",168,"254027_0_t1_crw_168",3,"254027_0_t1_20240412T050000",2024-04-12 05:00:00,-122.224359196257,36.7655047099153,0,"available_crw"
"254027_0_t1",168,"254027_0_t1_crw_168",4,"254027_0_t1_20240412T110000",2024-04-12 11:00:00,-122.215847554002,36.7680596191813,0,"available_crw"
"254027_0_t1",168,"254027_0_t1_crw_168",5,"254027_0_t1_20240412T170000",2024-04-12 17:00:00,-122.020561242163,36.7937344283067,0,"available_crw"
"254027_0_t1",168,"254027_0_t1_crw_168",6,"254027_0_t1_20240412T230000",2024-04-12 23:00:00,-122.052996101485,36.9552801607782,0,"available_crw"
"254027_0_t1",168,"254027_0_t1_crw_168",7,"254027_0_t1_20240413T050000",2024-04-13 05:00:00,-122.254255294013,36.929221715875,0,"available_crw"
"254027_0_t1",168,"254027_0_t1_crw_168",8,"254027_0_t1_20240413T110000",2024-04-13 11:00:00,-122.313489496046,36.9274217256714,0,"available_crw"
"254027_0_t1",168,"254027_0_t1_crw_168",9,"254027_0_t1_20240413T170000",2024-04-13 17:00:00,-122.315393164241,36.9432171129753,0,"available_crw"
"254027_0_t1",168,"254027_0_t1_crw_168",10,"254027_0_t1_20240413T230000",2024-04-13 23:00:00,-122.350031813193,36.9241828886269,0,"available_crw"
"254027_0_t1",168,"254027_0_t1_crw_168",11,"254027_0_t1_20240414T050000",2024-04-14 05:00:00,-122.344013246252,36.8712482216233,0,"available_crw"
"254027_0_t1",168,"254027_0_t1_crw_168",12,"254027_0_t1_20240414T110000",2024-04-14 11:00:00,-122.344057807662,36.9051947278593,0,"available_crw"
"254027_0_t1",168,"254027_0_t1_crw_168",13,"254027_0_t1_20240414T170000",2024-04-14 17:00:00,-122.334170448081,37.035534438551,0,"available_crw"
"254027_0_t1",168,"254027_0_t1_crw_168",14,"254027_0_t1_20240414T230000",2024-04-14 23:00:00,-122.327678608107,37.0239107699447,0,"available_crw"
"254027_0_t1",168,"254027_0_t1_crw_168",15,"254027_0_t1_20240415T050000",2024-04-15 05:00:00,-122.27783498794,36.805830091262,0,"available_crw"
"254027_0_t1",168,"254027_0_t1_crw_168",16,"254027_0_t1_20240415T110000",2024-04-15 11:00:00,-122.297005381374,36.8020631426224,0,"available_crw"
"254027_0_t1",168,"254027_0_t1_crw_168",17,"254027_0_t1_20240415T170000",2024-04-15 17:00:00,-122.407478960336,36.735887761328,0,"available_crw"
"254027_0_t1",168,"254027_0_t1_crw_168",18,"254027_0_t1_20240415T230000",2024-04-15 23:00:00,-122.568319035639,36.8149639502821,0,"available_crw"
"254027_0_t1",168,"254027_0_t1_crw_168",19,"254027_0_t1_20240416T050000",2024-04-16 05:00:00,-122.704658363409,36.8312343327356,0,"available_crw"
"254027_0_t1",168,"254027_0_t1_crw_168",20,"254027_0_t1_20240416T110000",2024-04-16 11:00:00,-122.780842528276,36.7029352210769,0,"available_crw"
"254027_0_t1",168,"254027_0_t1_crw_168",21,"254027_0_t1_20240416T170000",2024-04-16 17:00:00,-122.835767573365,36.6161784826907,0,"available_crw"
"254027_0_t1",168,"254027_0_t1_crw_168",22,"254027_0_t1_20240416T230000",2024-04-16 23:00:00,-122.917986373057,36.503680817431,0,"available_crw"
"254027_0_t1",168,"254027_0_t1_crw_168",23,"254027_0_t1_20240417T050000",2024-04-17 05:00:00,-122.91719122149,36.5164020764134,0,"available_crw"
"254027_0_t1",168,"254027_0_t1_crw_168",24,"254027_0_t1_20240417T110000",2024-04-17 11:00:00,-122.910592806292,36.5048318418486,0,"available_crw"
"254027_0_t1",168,"254027_0_t1_crw_168",25,"254027_0_t1_20240417T170000",2024-04-17 17:00:00,-123.040273597475,36.4562924709761,0,"available_crw"
"254027_0_t1",168,"254027_0_t1_crw_168",26,"254027_0_t1_20240417T230000",2024-04-17 23:00:00,-123.038638767528,36.5294307228299,0,"available_crw"
"254027_0_t1",168,"254027_0_t1_crw_168",27,"254027_0_t1_20240418T050000",2024-04-18 05:00:00,-123.075563350309,36.5136963992979,0,"available_crw"
"254027_0_t1",168,"254027_0_t1_crw_168",28,"254027_0_t1_20240418T110000",2024-04-18 11:00:00,-123.085745212075,36.5272739039307,0,"available_crw"
"254027_0_t1",168,"254027_0_t1_crw_168",29,"254027_0_t1_20240418T170000",2024-04-18 17:00:00,-123.123590996197,36.5727719397112,0,"available_crw"
"254027_0_t1",168,"254027_0_t1_crw_168",30,"254027_0_t1_20240418T230000",2024-04-18 23:00:00,-123.25571589602,36.6646012092913,0,"available_crw"
"254027_0_t1",168,"254027_0_t1_crw_168",31,"254027_0_t1_20240419T050000",2024-04-19 05:00:00,-123.405058673838,36.5889144445527,0,"available_crw"
"254027_0_t1",168,"254027_0_t1_crw_168",32,"254027_0_t1_20240419T110000",2024-04-19 11:00:00,-123.414967145914,36.661624462035,0,"available_crw"
"254027_0_t1",169,"254027_0_t1_crw_169",1,"254027_0_t1_20240411T170000",2024-04-11 17:00:00,-121.8431658,36.81026373,0,"available_crw"
"254027_0_t1",169,"254027_0_t1_crw_169",2,"254027_0_t1_20240411T230000",2024-04-11 23:00:00,-122.152628406773,36.9039795381729,0,"available_crw"
"254027_0_t1",169,"254027_0_t1_crw_169",3,"254027_0_t1_20240412T050000",2024-04-12 05:00:00,-122.321490210898,36.9874365132334,0,"available_crw"
"254027_0_t1",169,"254027_0_t1_crw_169",4,"254027_0_t1_20240412T110000",2024-04-12 11:00:00,-122.409325739349,37.0284737429039,0,"available_crw"
"254027_0_t1",169,"254027_0_t1_crw_169",5,"254027_0_t1_20240412T170000",2024-04-12 17:00:00,-122.393457231993,37.0278979032702,0,"available_crw"
"254027_0_t1",169,"254027_0_t1_crw_169",6,"254027_0_t1_20240412T230000",2024-04-12 23:00:00,-122.407850957479,37.0225117233629,0,"available_crw"
"254027_0_t1",169,"254027_0_t1_crw_169",7,"254027_0_t1_20240413T050000",2024-04-13 05:00:00,-122.406390161276,37.0956430444055,0,"available_crw"
"254027_0_t1",169,"254027_0_t1_crw_169",8,"254027_0_t1_20240413T110000",2024-04-13 11:00:00,-122.407109544736,37.1771640349991,0,"available_crw"
"254027_0_t1",169,"254027_0_t1_crw_169",9,"254027_0_t1_20240413T170000",2024-04-13 17:00:00,-122.324668554033,37.1456083003316,0,"available_crw"
"254027_0_t1",169,"254027_0_t1_crw_169",10,"254027_0_t1_20240413T230000",2024-04-13 23:00:00,-122.340567654303,37.1451569392777,0,"available_crw"
"254027_0_t1",169,"254027_0_t1_crw_169",11,"254027_0_t1_20240414T050000",2024-04-14 05:00:00,-122.611968908241,37.1896977172159,0,"available_crw"
"254027_0_t1",169,"254027_0_t1_crw_169",12,"254027_0_t1_20240414T110000",2024-04-14 11:00:00,-122.64595592542,37.3388727842301,0,"available_crw"
"254027_0_t1",169,"254027_0_t1_crw_169",13,"254027_0_t1_20240414T170000",2024-04-14 17:00:00,-122.589453558017,37.6007763536404,0,"available_crw"
"254027_0_t1",169,"254027_0_t1_crw_169",14,"254027_0_t1_20240414T230000",2024-04-14 23:00:00,-122.604538412072,37.6984008735569,0,"available_crw"
"254027_0_t1",169,"254027_0_t1_crw_169",15,"254027_0_t1_20240415T050000",2024-04-15 05:00:00,-122.595434482199,37.6879205299709,0,"available_crw"
"254027_0_t1",169,"254027_0_t1_crw_169",16,"254027_0_t1_20240415T110000",2024-04-15 11:00:00,-122.686397040401,37.676855647867,0,"available_crw"
"254027_0_t1",169,"254027_0_t1_crw_169",17,"254027_0_t1_20240415T170000",2024-04-15 17:00:00,-122.690572506896,37.6923724971102,0,"available_crw"
"254027_0_t1",169,"254027_0_t1_crw_169",18,"254027_0_t1_20240415T230000",2024-04-15 23:00:00,-122.743120663241,37.9426699870019,0,"available_crw"
"254027_0_t1",169,"254027_0_t1_crw_169",19,"254027_0_t1_20240416T050000",2024-04-16 05:00:00,-122.717291033792,37.9069944057725,0,"available_crw"
"254027_0_t1",169,"254027_0_t1_crw_169",20,"254027_0_t1_20240416T110000",2024-04-16 11:00:00,-122.735179835877,37.9378365163696,0,"available_crw"
"254027_0_t1",169,"254027_0_t1_crw_169",21,"254027_0_t1_20240416T170000",2024-04-16 17:00:00,-122.698441284997,37.9087773639934,0,"available_crw"
"254027_0_t1",169,"254027_0_t1_crw_169",22,"254027_0_t1_20240416T230000",2024-04-16 23:00:00,-122.647328452573,37.8718959440633,0,"available_crw"
"254027_0_t1",169,"254027_0_t1_crw_169",23,"254027_0_t1_20240417T050000",2024-04-17 05:00:00,-122.688075363193,37.8929618211712,0,"available_crw"
"254027_0_t1",169,"254027_0_t1_crw_169",24,"254027_0_t1_20240417T110000",2024-04-17 11:00:00,-122.679200233323,37.8909771502136,0,"available_crw"
"254027_0_t1",169,"254027_0_t1_crw_169",25,"254027_0_t1_20240417T170000",2024-04-17 17:00:00,-122.683505709519,37.8754812705315,0,"available_crw"
"254027_0_t1",169,"254027_0_t1_crw_169",26,"254027_0_t1_20240417T230000",2024-04-17 23:00:00,-122.659884770412,37.8720137732487,0,"available_crw"
"254027_0_t1",169,"254027_0_t1_crw_169",27,"254027_0_t1_20240418T050000",2024-04-18 05:00:00,-122.714638265192,37.8131659679963,0,"available_crw"
"254027_0_t1",169,"254027_0_t1_crw_169",28,"254027_0_t1_20240418T110000",2024-04-18 11:00:00,-122.790011544008,37.7363416914972,0,"available_crw"
"254027_0_t1",169,"254027_0_t1_crw_169",29,"254027_0_t1_20240418T170000",2024-04-18 17:00:00,-122.786782673134,37.7431853672491,0,"available_crw"
"254027_0_t1",169,"254027_0_t1_crw_169",30,"254027_0_t1_20240418T230000",2024-04-18 23:00:00,-122.796322182213,37.7053772875833,0,"available_crw"
"254027_0_t1",169,"254027_0_t1_crw_169",31,"254027_0_t1_20240419T050000",2024-04-19 05:00:00,-122.77267650309,37.7022658753663,0,"available_crw"
"254027_0_t1",169,"254027_0_t1_crw_169",32,"254027_0_t1_20240419T110000",2024-04-19 11:00:00,-122.671115441683,37.6907529801847,0,"available_crw"
"254027_0_t1",170,"254027_0_t1_crw_170",1,"254027_0_t1_20240411T170000",2024-04-11 17:00:00,-121.8431658,36.81026373,0,"available_crw"
"254027_0_t1",170,"254027_0_t1_crw_170",2,"254027_0_t1_20240411T230000",2024-04-11 23:00:00,-121.901811714782,36.8166632319724,0,"available_crw"
"254027_0_t1",170,"254027_0_t1_crw_170",3,"254027_0_t1_20240412T050000",2024-04-12 05:00:00,-122.212490842603,36.8618226862932,0,"available_crw"
"254027_0_t1",170,"254027_0_t1_crw_170",4,"254027_0_t1_20240412T110000",2024-04-12 11:00:00,-122.465131151697,36.9512597830451,0,"available_crw"
"254027_0_t1",170,"254027_0_t1_crw_170",5,"254027_0_t1_20240412T170000",2024-04-12 17:00:00,-122.580886841804,36.8436839872641,0,"available_crw"
"254027_0_t1",170,"254027_0_t1_crw_170",6,"254027_0_t1_20240412T230000",2024-04-12 23:00:00,-122.805126434966,36.7147275145517,0,"available_crw"
"254027_0_t1",170,"254027_0_t1_crw_170",7,"254027_0_t1_20240413T050000",2024-04-13 05:00:00,-122.817525569136,36.7270658989504,0,"available_crw"
"254027_0_t1",170,"254027_0_t1_crw_170",8,"254027_0_t1_20240413T110000",2024-04-13 11:00:00,-122.975519643297,36.6241766201144,0,"available_crw"
"254027_0_t1",170,"254027_0_t1_crw_170",9,"254027_0_t1_20240413T170000",2024-04-13 17:00:00,-123.149911677251,36.5495962674135,0,"available_crw"
"254027_0_t1",170,"254027_0_t1_crw_170",10,"254027_0_t1_20240413T230000",2024-04-13 23:00:00,-123.338605966993,36.5032428494915,0,"available_crw"
"254027_0_t1",170,"254027_0_t1_crw_170",11,"254027_0_t1_20240414T050000",2024-04-14 05:00:00,-123.495873413181,36.4727744121783,0,"available_crw"
"254027_0_t1",170,"254027_0_t1_crw_170",12,"254027_0_t1_20240414T110000",2024-04-14 11:00:00,-123.467749051546,36.4478817721562,0,"available_crw"
"254027_0_t1",170,"254027_0_t1_crw_170",13,"254027_0_t1_20240414T170000",2024-04-14 17:00:00,-123.388977982739,36.3741824148525,0,"available_crw"
"254027_0_t1",170,"254027_0_t1_crw_170",14,"254027_0_t1_20240414T230000",2024-04-14 23:00:00,-123.396656523427,36.3780396882449,0,"available_crw"
"254027_0_t1",170,"254027_0_t1_crw_170",15,"254027_0_t1_20240415T050000",2024-04-15 05:00:00,-123.289506057297,36.671171543793,0,"available_crw"
"254027_0_t1",170,"254027_0_t1_crw_170",16,"254027_0_t1_20240415T110000",2024-04-15 11:00:00,-123.27032058434,36.6675652636252,0,"available_crw"
"254027_0_t1",170,"254027_0_t1_crw_170",17,"254027_0_t1_20240415T170000",2024-04-15 17:00:00,-123.134721883045,36.6862725498287,0,"available_crw"
"254027_0_t1",170,"254027_0_t1_crw_170",18,"254027_0_t1_20240415T230000",2024-04-15 23:00:00,-122.976344256739,36.7455837927287,0,"available_crw"
"254027_0_t1",170,"254027_0_t1_crw_170",19,"254027_0_t1_20240416T050000",2024-04-16 05:00:00,-122.842746945561,36.8363012451071,0,"available_crw"
"254027_0_t1",170,"254027_0_t1_crw_170",20,"254027_0_t1_20240416T110000",2024-04-16 11:00:00,-122.712175358683,36.9140772362954,0,"available_crw"
"254027_0_t1",170,"254027_0_t1_crw_170",21,"254027_0_t1_20240416T170000",2024-04-16 17:00:00,-122.770973669867,37.048207221834,0,"available_crw"
"254027_0_t1",170,"254027_0_t1_crw_170",22,"254027_0_t1_20240416T230000",2024-04-16 23:00:00,-122.767049703523,37.3139513059093,0,"available_crw"
"254027_0_t1",170,"254027_0_t1_crw_170",23,"254027_0_t1_20240417T050000",2024-04-17 05:00:00,-122.648787978865,37.5624080242008,0,"available_crw"
"254027_0_t1",170,"254027_0_t1_crw_170",24,"254027_0_t1_20240417T110000",2024-04-17 11:00:00,-122.691725613731,37.6031181363271,0,"available_crw"
"254027_0_t1",170,"254027_0_t1_crw_170",25,"254027_0_t1_20240417T170000",2024-04-17 17:00:00,-122.48758199149,37.82152315381,0,"available_crw"
"254027_0_t1",170,"254027_0_t1_crw_170",26,"254027_0_t1_20240417T230000",2024-04-17 23:00:00,-122.420409848217,37.9030154115125,0,"available_crw"
"254027_0_t1",170,"254027_0_t1_crw_170",27,"254027_0_t1_20240418T050000",2024-04-18 05:00:00,-122.446972475741,37.8763910927223,0,"available_crw"
"254027_0_t1",170,"254027_0_t1_crw_170",28,"254027_0_t1_20240418T110000",2024-04-18 11:00:00,-122.405048534756,37.8708406729117,0,"available_crw"
"254027_0_t1",170,"254027_0_t1_crw_170",29,"254027_0_t1_20240418T170000",2024-04-18 17:00:00,-122.401886730089,37.8897167913219,0,"available_crw"
"254027_0_t1",170,"254027_0_t1_crw_170",30,"254027_0_t1_20240418T230000",2024-04-18 23:00:00,-122.395981506998,37.9442969421568,0,"available_crw"
"254027_0_t1",170,"254027_0_t1_crw_170",31,"254027_0_t1_20240419T050000",2024-04-19 05:00:00,-122.382136699658,37.9046610680359,0,"available_crw"
"254027_0_t1",170,"254027_0_t1_crw_170",32,"254027_0_t1_20240419T110000",2024-04-19 11:00:00,-122.40245540007,37.9396982793948,0,"available_crw"
"254027_0_t1",171,"254027_0_t1_crw_171",1,"254027_0_t1_20240411T170000",2024-04-11 17:00:00,-121.8431658,36.81026373,0,"available_crw"
"254027_0_t1",171,"254027_0_t1_crw_171",2,"254027_0_t1_20240411T230000",2024-04-11 23:00:00,-122.110454562636,36.8650233612621,0,"available_crw"
"254027_0_t1",171,"254027_0_t1_crw_171",3,"254027_0_t1_20240412T050000",2024-04-12 05:00:00,-122.285417750856,36.8622061893486,0,"available_crw"
"254027_0_t1",171,"254027_0_t1_crw_171",4,"254027_0_t1_20240412T110000",2024-04-12 11:00:00,-122.40181714936,36.8317920293913,0,"available_crw"
"254027_0_t1",171,"254027_0_t1_crw_171",5,"254027_0_t1_20240412T170000",2024-04-12 17:00:00,-122.52290605923,36.9481242474666,0,"available_crw"
"254027_0_t1",171,"254027_0_t1_crw_171",6,"254027_0_t1_20240412T230000",2024-04-12 23:00:00,-122.598356172402,37.0244137083659,0,"available_crw"
"254027_0_t1",171,"254027_0_t1_crw_171",7,"254027_0_t1_20240413T050000",2024-04-13 05:00:00,-122.691692043193,37.1314609259769,0,"available_crw"
"254027_0_t1",171,"254027_0_t1_crw_171",8,"254027_0_t1_20240413T110000",2024-04-13 11:00:00,-122.77685325699,37.242856386548,0,"available_crw"
"254027_0_t1",171,"254027_0_t1_crw_171",9,"254027_0_t1_20240413T170000",2024-04-13 17:00:00,-122.905212821327,37.3390565010984,0,"available_crw"
"254027_0_t1",171,"254027_0_t1_crw_171",10,"254027_0_t1_20240413T230000",2024-04-13 23:00:00,-122.889844551726,37.3356478706403,0,"available_crw"
"254027_0_t1",171,"254027_0_t1_crw_171",11,"254027_0_t1_20240414T050000",2024-04-14 05:00:00,-122.95045726849,37.2808267726465,0,"available_crw"
"254027_0_t1",171,"254027_0_t1_crw_171",12,"254027_0_t1_20240414T110000",2024-04-14 11:00:00,-122.994468729675,37.1757597964451,0,"available_crw"
"254027_0_t1",171,"254027_0_t1_crw_171",13,"254027_0_t1_20240414T170000",2024-04-14 17:00:00,-123.092609185804,37.037347206618,0,"available_crw"
"254027_0_t1",171,"254027_0_t1_crw_171",14,"254027_0_t1_20240414T230000",2024-04-14 23:00:00,-123.092067936546,37.050076110066,0,"available_crw"
"254027_0_t1",171,"254027_0_t1_crw_171",15,"254027_0_t1_20240415T050000",2024-04-15 05:00:00,-123.09730621103,37.0163897847192,0,"available_crw"
"254027_0_t1",171,"254027_0_t1_crw_171",16,"254027_0_t1_20240415T110000",2024-04-15 11:00:00,-123.107537763491,36.9352761779131,0,"available_crw"
"254027_0_t1",171,"254027_0_t1_crw_171",17,"254027_0_t1_20240415T170000",2024-04-15 17:00:00,-123.185087102856,36.9737027099903,0,"available_crw"
"254027_0_t1",171,"254027_0_t1_crw_171",18,"254027_0_t1_20240415T230000",2024-04-15 23:00:00,-123.231368452041,37.0034770315132,0,"available_crw"
"254027_0_t1",171,"254027_0_t1_crw_171",19,"254027_0_t1_20240416T050000",2024-04-16 05:00:00,-123.3241278303,37.0663542221751,0,"available_crw"
"254027_0_t1",171,"254027_0_t1_crw_171",20,"254027_0_t1_20240416T110000",2024-04-16 11:00:00,-123.36444925631,37.1012997805086,0,"available_crw"
"254027_0_t1",171,"254027_0_t1_crw_171",21,"254027_0_t1_20240416T170000",2024-04-16 17:00:00,-123.349473481925,37.0970210315502,0,"available_crw"
"254027_0_t1",171,"254027_0_t1_crw_171",22,"254027_0_t1_20240416T230000",2024-04-16 23:00:00,-123.299507853417,37.1320099383776,0,"available_crw"
"254027_0_t1",171,"254027_0_t1_crw_171",23,"254027_0_t1_20240417T050000",2024-04-17 05:00:00,-123.20454972821,37.0452146872446,0,"available_crw"
"254027_0_t1",171,"254027_0_t1_crw_171",24,"254027_0_t1_20240417T110000",2024-04-17 11:00:00,-123.139681559323,37.0562680111303,0,"available_crw"
"254027_0_t1",171,"254027_0_t1_crw_171",25,"254027_0_t1_20240417T170000",2024-04-17 17:00:00,-122.978475313589,37.0753303425305,0,"available_crw"
"254027_0_t1",171,"254027_0_t1_crw_171",26,"254027_0_t1_20240417T230000",2024-04-17 23:00:00,-122.663223863098,37.1001730313542,0,"available_crw"
"254027_0_t1",171,"254027_0_t1_crw_171",27,"254027_0_t1_20240418T050000",2024-04-18 05:00:00,-122.500289312759,37.1045791294158,0,"available_crw"
"254027_0_t1",171,"254027_0_t1_crw_171",28,"254027_0_t1_20240418T110000",2024-04-18 11:00:00,-122.424327141376,36.9657138438895,0,"available_crw"
"254027_0_t1",171,"254027_0_t1_crw_171",29,"254027_0_t1_20240418T170000",2024-04-18 17:00:00,-122.55664805075,36.8575324600723,0,"available_crw"
"254027_0_t1",171,"254027_0_t1_crw_171",30,"254027_0_t1_20240418T230000",2024-04-18 23:00:00,-122.719825455361,36.7673996289672,0,"available_crw"
"254027_0_t1",171,"254027_0_t1_crw_171",31,"254027_0_t1_20240419T050000",2024-04-19 05:00:00,-122.876905446505,36.8513141067498,0,"available_crw"
"254027_0_t1",171,"254027_0_t1_crw_171",32,"254027_0_t1_20240419T110000",2024-04-19 11:00:00,-123.01797913381,36.9631342291409,0,"available_crw"
"254027_0_t1",172,"254027_0_t1_crw_172",1,"254027_0_t1_20240411T170000",2024-04-11 17:00:00,-121.8431658,36.81026373,0,"available_crw"
"254027_0_t1",172,"254027_0_t1_crw_172",2,"254027_0_t1_20240411T230000",2024-04-11 23:00:00,-121.944541246137,36.8092948300715,0,"available_crw"
"254027_0_t1",172,"254027_0_t1_crw_172",3,"254027_0_t1_20240412T050000",2024-04-12 05:00:00,-122.012554932206,36.8060470392244,0,"available_crw"
"254027_0_t1",172,"254027_0_t1_crw_172",4,"254027_0_t1_20240412T110000",2024-04-12 11:00:00,-122.174941668475,36.8062117908879,0,"available_crw"
"254027_0_t1",172,"254027_0_t1_crw_172",5,"254027_0_t1_20240412T170000",2024-04-12 17:00:00,-122.207177715317,36.759810549803,0,"available_crw"
"254027_0_t1",172,"254027_0_t1_crw_172",6,"254027_0_t1_20240412T230000",2024-04-12 23:00:00,-122.222237591076,36.6496685639283,0,"available_crw"
"254027_0_t1",172,"254027_0_t1_crw_172",7,"254027_0_t1_20240413T050000",2024-04-13 05:00:00,-122.182953162195,36.5434833998122,0,"available_crw"
"254027_0_t1",172,"254027_0_t1_crw_172",8,"254027_0_t1_20240413T110000",2024-04-13 11:00:00,-122.188012142479,36.5495467012292,0,"available_crw"
"254027_0_t1",172,"254027_0_t1_crw_172",9,"254027_0_t1_20240413T170000",2024-04-13 17:00:00,-122.25366380782,36.5451108296902,0,"available_crw"
"254027_0_t1",172,"254027_0_t1_crw_172",10,"254027_0_t1_20240413T230000",2024-04-13 23:00:00,-122.240337391785,36.5519378903229,0,"available_crw"
"254027_0_t1",172,"254027_0_t1_crw_172",11,"254027_0_t1_20240414T050000",2024-04-14 05:00:00,-122.18700937177,36.5722906946164,0,"available_crw"
"254027_0_t1",172,"254027_0_t1_crw_172",12,"254027_0_t1_20240414T110000",2024-04-14 11:00:00,-122.12699534562,36.5979724909275,0,"available_crw"
"254027_0_t1",172,"254027_0_t1_crw_172",13,"254027_0_t1_20240414T170000",2024-04-14 17:00:00,-121.904536322722,36.3936203011874,0,"available_crw"
"254027_0_t1",172,"254027_0_t1_crw_172",14,"254027_0_t1_20240414T230000",2024-04-14 23:00:00,-121.912253071315,36.3974284737612,0,"available_crw"
"254027_0_t1",172,"254027_0_t1_crw_172",15,"254027_0_t1_20240415T050000",2024-04-15 05:00:00,-122.172882129281,36.5391738398384,0,"available_crw"
"254027_0_t1",172,"254027_0_t1_crw_172",16,"254027_0_t1_20240415T110000",2024-04-15 11:00:00,-122.271320170022,36.5955568645562,0,"available_crw"
"254027_0_t1",172,"254027_0_t1_crw_172",17,"254027_0_t1_20240415T170000",2024-04-15 17:00:00,-122.407497878698,36.7108778056992,0,"available_crw"
"254027_0_t1",172,"254027_0_t1_crw_172",18,"254027_0_t1_20240415T230000",2024-04-15 23:00:00,-122.36934584632,36.6875662227035,0,"available_crw"
"254027_0_t1",172,"254027_0_t1_crw_172",19,"254027_0_t1_20240416T050000",2024-04-16 05:00:00,-122.246631892078,36.6022754271528,0,"available_crw"
"254027_0_t1",172,"254027_0_t1_crw_172",20,"254027_0_t1_20240416T110000",2024-04-16 11:00:00,-122.086710634037,36.3699802906684,0,"available_crw"
"254027_0_t1",172,"254027_0_t1_crw_172",21,"254027_0_t1_20240416T170000",2024-04-16 17:00:00,-121.91459086864,36.3990976909459,0,"available_crw"
"254027_0_t1",172,"254027_0_t1_crw_172",22,"254027_0_t1_20240416T230000",2024-04-16 23:00:00,-121.898035494737,36.5406470568019,0,"available_crw"
"254027_0_t1",172,"254027_0_t1_crw_172",23,"254027_0_t1_20240417T050000",2024-04-17 05:00:00,-122.099947133656,36.5560803707804,0,"available_crw"
"254027_0_t1",172,"254027_0_t1_crw_172",24,"254027_0_t1_20240417T110000",2024-04-17 11:00:00,-122.083295723633,36.525176422664,0,"available_crw"
"254027_0_t1",172,"254027_0_t1_crw_172",25,"254027_0_t1_20240417T170000",2024-04-17 17:00:00,-121.971654613025,36.2879797970907,0,"available_crw"
"254027_0_t1",172,"254027_0_t1_crw_172",26,"254027_0_t1_20240417T230000",2024-04-17 23:00:00,-121.94472254519,36.2377164504151,0,"available_crw"
"254027_0_t1",172,"254027_0_t1_crw_172",27,"254027_0_t1_20240418T050000",2024-04-18 05:00:00,-121.898522474393,36.0191699898178,0,"available_crw"
"254027_0_t1",172,"254027_0_t1_crw_172",28,"254027_0_t1_20240418T110000",2024-04-18 11:00:00,-121.923920445154,36.0547585670661,0,"available_crw"
"254027_0_t1",172,"254027_0_t1_crw_172",29,"254027_0_t1_20240418T170000",2024-04-18 17:00:00,-121.907610549165,36.0635042241458,0,"available_crw"
"254027_0_t1",172,"254027_0_t1_crw_172",30,"254027_0_t1_20240418T230000",2024-04-18 23:00:00,-121.829995126449,36.1390679634709,0,"available_crw"
"254027_0_t1",172,"254027_0_t1_crw_172",31,"254027_0_t1_20240419T050000",2024-04-19 05:00:00,-121.85957590635,36.1150563510509,0,"available_crw"
"254027_0_t1",172,"254027_0_t1_crw_172",32,"254027_0_t1_20240419T110000",2024-04-19 11:00:00,-121.905810025153,36.0857784167815,0,"available_crw"
"254027_0_t1",173,"254027_0_t1_crw_173",1,"254027_0_t1_20240411T170000",2024-04-11 17:00:00,-121.8431658,36.81026373,0,"available_crw"
"254027_0_t1",173,"254027_0_t1_crw_173",2,"254027_0_t1_20240411T230000",2024-04-11 23:00:00,-121.829045181328,36.8160322824237,0,"available_crw"
"254027_0_t1",173,"254027_0_t1_crw_173",3,"254027_0_t1_20240412T050000",2024-04-12 05:00:00,-121.835552751115,36.8109297681248,0,"available_crw"
"254027_0_t1",173,"254027_0_t1_crw_173",4,"254027_0_t1_20240412T110000",2024-04-12 11:00:00,-121.936067598853,36.8933526096024,0,"available_crw"
"254027_0_t1",173,"254027_0_t1_crw_173",5,"254027_0_t1_20240412T170000",2024-04-12 17:00:00,-122.063447846943,36.9359514180407,0,"available_crw"
"254027_0_t1",173,"254027_0_t1_crw_173",6,"254027_0_t1_20240412T230000",2024-04-12 23:00:00,-122.05693499275,36.9509340755743,0,"available_crw"
"254027_0_t1",173,"254027_0_t1_crw_173",7,"254027_0_t1_20240413T050000",2024-04-13 05:00:00,-122.24948924058,37.0048786215692,0,"available_crw"
"254027_0_t1",173,"254027_0_t1_crw_173",8,"254027_0_t1_20240413T110000",2024-04-13 11:00:00,-122.242438938341,36.9716597271132,0,"available_crw"
"254027_0_t1",173,"254027_0_t1_crw_173",9,"254027_0_t1_20240413T170000",2024-04-13 17:00:00,-122.261708644575,36.9680883030855,0,"available_crw"
"254027_0_t1",173,"254027_0_t1_crw_173",10,"254027_0_t1_20240413T230000",2024-04-13 23:00:00,-122.280145369107,36.9170359695975,0,"available_crw"
"254027_0_t1",173,"254027_0_t1_crw_173",11,"254027_0_t1_20240414T050000",2024-04-14 05:00:00,-122.334875733305,36.7940826246581,0,"available_crw"
"254027_0_t1",173,"254027_0_t1_crw_173",12,"254027_0_t1_20240414T110000",2024-04-14 11:00:00,-122.291405938093,36.7540496647531,0,"available_crw"
"254027_0_t1",173,"254027_0_t1_crw_173",13,"254027_0_t1_20240414T170000",2024-04-14 17:00:00,-122.25830685794,36.7146146729246,0,"available_crw"
"254027_0_t1",173,"254027_0_t1_crw_173",14,"254027_0_t1_20240414T230000",2024-04-14 23:00:00,-122.504224300203,36.482064238687,0,"available_crw"
"254027_0_t1",173,"254027_0_t1_crw_173",15,"254027_0_t1_20240415T050000",2024-04-15 05:00:00,-122.682354280091,36.530204584417,0,"available_crw"
"254027_0_t1",173,"254027_0_t1_crw_173",16,"254027_0_t1_20240415T110000",2024-04-15 11:00:00,-122.662348802249,36.8353944033806,0,"available_crw"
"254027_0_t1",173,"254027_0_t1_crw_173",17,"254027_0_t1_20240415T170000",2024-04-15 17:00:00,-122.64260582308,36.835478967551,0,"available_crw"
"254027_0_t1",173,"254027_0_t1_crw_173",18,"254027_0_t1_20240415T230000",2024-04-15 23:00:00,-122.591219744356,36.9715423148219,0,"available_crw"
"254027_0_t1",173,"254027_0_t1_crw_173",19,"254027_0_t1_20240416T050000",2024-04-16 05:00:00,-122.210520492674,36.9632101438652,0,"available_crw"
"254027_0_t1",173,"254027_0_t1_crw_173",20,"254027_0_t1_20240416T110000",2024-04-16 11:00:00,-122.089250249993,36.9662724053384,0,"available_crw"
"254027_0_t1",173,"254027_0_t1_crw_173",21,"254027_0_t1_20240416T170000",2024-04-16 17:00:00,-122.136424161781,36.958924206064,0,"available_crw"
"254027_0_t1",173,"254027_0_t1_crw_173",22,"254027_0_t1_20240416T230000",2024-04-16 23:00:00,-122.19558178873,36.9556516606606,0,"available_crw"
"254027_0_t1",173,"254027_0_t1_crw_173",23,"254027_0_t1_20240417T050000",2024-04-17 05:00:00,-122.263388052426,36.9493087096879,0,"available_crw"
"254027_0_t1",173,"254027_0_t1_crw_173",24,"254027_0_t1_20240417T110000",2024-04-17 11:00:00,-122.250274985505,36.9564811091549,0,"available_crw"
"254027_0_t1",173,"254027_0_t1_crw_173",25,"254027_0_t1_20240417T170000",2024-04-17 17:00:00,-121.960567519039,36.7585296766153,0,"available_crw"
"254027_0_t1",173,"254027_0_t1_crw_173",26,"254027_0_t1_20240417T230000",2024-04-17 23:00:00,-122.113656799181,36.5160501002917,0,"available_crw"
"254027_0_t1",173,"254027_0_t1_crw_173",27,"254027_0_t1_20240418T050000",2024-04-18 05:00:00,-122.141521494003,36.4660915293653,0,"available_crw"
"254027_0_t1",173,"254027_0_t1_crw_173",28,"254027_0_t1_20240418T110000",2024-04-18 11:00:00,-122.099933876966,36.468797866068,0,"available_crw"
"254027_0_t1",173,"254027_0_t1_crw_173",29,"254027_0_t1_20240418T170000",2024-04-18 17:00:00,-122.102614943803,36.4877197814304,0,"available_crw"
"254027_0_t1",173,"254027_0_t1_crw_173",30,"254027_0_t1_20240418T230000",2024-04-18 23:00:00,-122.079578773077,36.4510349867115,0,"available_crw"
"254027_0_t1",173,"254027_0_t1_crw_173",31,"254027_0_t1_20240419T050000",2024-04-19 05:00:00,-122.107710634325,36.482195267616,0,"available_crw"
"254027_0_t1",173,"254027_0_t1_crw_173",32,"254027_0_t1_20240419T110000",2024-04-19 11:00:00,-122.225425563283,36.5391969660883,0,"available_crw"
"254027_0_t1",174,"254027_0_t1_crw_174",1,"254027_0_t1_20240411T170000",2024-04-11 17:00:00,-121.8431658,36.81026373,0,"available_crw"
"254027_0_t1",174,"254027_0_t1_crw_174",2,"254027_0_t1_20240411T230000",2024-04-11 23:00:00,-121.960653455144,36.7829241368097,0,"available_crw"
"254027_0_t1",174,"254027_0_t1_crw_174",3,"254027_0_t1_20240412T050000",2024-04-12 05:00:00,-122.07456835628,36.7500669557742,0,"available_crw"
"254027_0_t1",174,"254027_0_t1_crw_174",4,"254027_0_t1_20240412T110000",2024-04-12 11:00:00,-122.172714844163,36.6914702620639,0,"available_crw"
"254027_0_t1",174,"254027_0_t1_crw_174",5,"254027_0_t1_20240412T170000",2024-04-12 17:00:00,-122.308499353926,36.6201713795773,0,"available_crw"
"254027_0_t1",174,"254027_0_t1_crw_174",6,"254027_0_t1_20240412T230000",2024-04-12 23:00:00,-122.554242028562,36.8069353965609,0,"available_crw"
"254027_0_t1",174,"254027_0_t1_crw_174",7,"254027_0_t1_20240413T050000",2024-04-13 05:00:00,-122.376149344297,37.0770348722439,0,"available_crw"
"254027_0_t1",174,"254027_0_t1_crw_174",8,"254027_0_t1_20240413T110000",2024-04-13 11:00:00,-122.41217600983,37.1216725022564,0,"available_crw"
"254027_0_t1",174,"254027_0_t1_crw_174",9,"254027_0_t1_20240413T170000",2024-04-13 17:00:00,-122.438073079391,37.1645074483107,0,"available_crw"
"254027_0_t1",174,"254027_0_t1_crw_174",10,"254027_0_t1_20240413T230000",2024-04-13 23:00:00,-122.423101380983,37.1327480613115,0,"available_crw"
"254027_0_t1",174,"254027_0_t1_crw_174",11,"254027_0_t1_20240414T050000",2024-04-14 05:00:00,-122.390172406294,36.9757805697609,0,"available_crw"
"254027_0_t1",174,"254027_0_t1_crw_174",12,"254027_0_t1_20240414T110000",2024-04-14 11:00:00,-122.551401370853,36.8967746903407,0,"available_crw"
"254027_0_t1",174,"254027_0_t1_crw_174",13,"254027_0_t1_20240414T170000",2024-04-14 17:00:00,-122.875580151779,36.8438856232501,0,"available_crw"
"254027_0_t1",174,"254027_0_t1_crw_174",14,"254027_0_t1_20240414T230000",2024-04-14 23:00:00,-122.983231210029,36.7971230513352,0,"available_crw"
"254027_0_t1",174,"254027_0_t1_crw_174",15,"254027_0_t1_20240415T050000",2024-04-15 05:00:00,-122.886797266634,36.6530530161568,0,"available_crw"
"254027_0_t1",174,"254027_0_t1_crw_174",16,"254027_0_t1_20240415T110000",2024-04-15 11:00:00,-123.160143288132,36.4414790602235,0,"available_crw"
"254027_0_t1",174,"254027_0_t1_crw_174",17,"254027_0_t1_20240415T170000",2024-04-15 17:00:00,-123.249136463763,36.3758197940124,0,"available_crw"
"254027_0_t1",174,"254027_0_t1_crw_174",18,"254027_0_t1_20240415T230000",2024-04-15 23:00:00,-123.340115982406,36.3120342150534,0,"available_crw"
"254027_0_t1",174,"254027_0_t1_crw_174",19,"254027_0_t1_20240416T050000",2024-04-16 05:00:00,-123.404976727866,36.22884536568,0,"available_crw"
"254027_0_t1",174,"254027_0_t1_crw_174",20,"254027_0_t1_20240416T110000",2024-04-16 11:00:00,-123.394522069593,36.2691019131313,0,"available_crw"
"254027_0_t1",174,"254027_0_t1_crw_174",21,"254027_0_t1_20240416T170000",2024-04-16 17:00:00,-123.548184533661,36.3380245069478,0,"available_crw"
"254027_0_t1",174,"254027_0_t1_crw_174",22,"254027_0_t1_20240416T230000",2024-04-16 23:00:00,-123.479286888976,36.4391187696886,0,"available_crw"
"254027_0_t1",174,"254027_0_t1_crw_174",23,"254027_0_t1_20240417T050000",2024-04-17 05:00:00,-123.514113825961,36.4842248446808,0,"available_crw"
"254027_0_t1",174,"254027_0_t1_crw_174",24,"254027_0_t1_20240417T110000",2024-04-17 11:00:00,-123.642205651764,36.5795651953184,0,"available_crw"
"254027_0_t1",174,"254027_0_t1_crw_174",25,"254027_0_t1_20240417T170000",2024-04-17 17:00:00,-123.694287099147,36.6147585983826,0,"available_crw"
"254027_0_t1",174,"254027_0_t1_crw_174",26,"254027_0_t1_20240417T230000",2024-04-17 23:00:00,-123.543204557584,36.8581446601452,0,"available_crw"
"254027_0_t1",174,"254027_0_t1_crw_174",27,"254027_0_t1_20240418T050000",2024-04-18 05:00:00,-123.72537019237,36.9314327113476,0,"available_crw"
"254027_0_t1",174,"254027_0_t1_crw_174",28,"254027_0_t1_20240418T110000",2024-04-18 11:00:00,-123.787790604285,36.9535995909487,0,"available_crw"
"254027_0_t1",174,"254027_0_t1_crw_174",29,"254027_0_t1_20240418T170000",2024-04-18 17:00:00,-123.731914760584,37.255883783194,0,"available_crw"
"254027_0_t1",174,"254027_0_t1_crw_174",30,"254027_0_t1_20240418T230000",2024-04-18 23:00:00,-123.352291628463,37.2925350503,0,"available_crw"
"254027_0_t1",174,"254027_0_t1_crw_174",31,"254027_0_t1_20240419T050000",2024-04-19 05:00:00,-123.394761596568,37.2915687856926,0,"available_crw"
"254027_0_t1",174,"254027_0_t1_crw_174",32,"254027_0_t1_20240419T110000",2024-04-19 11:00:00,-123.442267870231,37.1545625079815,0,"available_crw"
"254027_0_t1",175,"254027_0_t1_crw_175",1,"254027_0_t1_20240411T170000",2024-04-11 17:00:00,-121.8431658,36.81026373,0,"available_crw"
"254027_0_t1",175,"254027_0_t1_crw_175",2,"254027_0_t1_20240411T230000",2024-04-11 23:00:00,-121.944541246137,36.8092948300715,0,"available_crw"
"254027_0_t1",175,"254027_0_t1_crw_175",3,"254027_0_t1_20240412T050000",2024-04-12 05:00:00,-121.942261418374,36.6456702539827,0,"available_crw"
"254027_0_t1",175,"254027_0_t1_crw_175",4,"254027_0_t1_20240412T110000",2024-04-12 11:00:00,-121.961906388111,36.6445662988907,0,"available_crw"
"254027_0_t1",175,"254027_0_t1_crw_175",5,"254027_0_t1_20240412T170000",2024-04-12 17:00:00,-121.98996150149,36.5964630040203,0,"available_crw"
"254027_0_t1",175,"254027_0_t1_crw_175",6,"254027_0_t1_20240412T230000",2024-04-12 23:00:00,-122.363753694376,36.6475302492193,0,"available_crw"
"254027_0_t1",175,"254027_0_t1_crw_175",7,"254027_0_t1_20240413T050000",2024-04-13 05:00:00,-122.463916170106,36.659096191241,0,"available_crw"
"254027_0_t1",175,"254027_0_t1_crw_175",8,"254027_0_t1_20240413T110000",2024-04-13 11:00:00,-122.520929939183,36.6715605498038,0,"available_crw"
"254027_0_t1",175,"254027_0_t1_crw_175",9,"254027_0_t1_20240413T170000",2024-04-13 17:00:00,-122.698272738547,36.7419138325606,0,"available_crw"
"254027_0_t1",175,"254027_0_t1_crw_175",10,"254027_0_t1_20240413T230000",2024-04-13 23:00:00,-122.760720937945,36.7637544783619,0,"available_crw"
"254027_0_t1",175,"254027_0_t1_crw_175",11,"254027_0_t1_20240414T050000",2024-04-14 05:00:00,-122.755266004867,36.9153312314264,0,"available_crw"
"254027_0_t1",175,"254027_0_t1_crw_175",12,"254027_0_t1_20240414T110000",2024-04-14 11:00:00,-122.752804620836,36.9082942579216,0,"available_crw"
"254027_0_t1",175,"254027_0_t1_crw_175",13,"254027_0_t1_20240414T170000",2024-04-14 17:00:00,-122.723175482258,36.8138621911741,0,"available_crw"
"254027_0_t1",175,"254027_0_t1_crw_175",14,"254027_0_t1_20240414T230000",2024-04-14 23:00:00,-122.70041275885,36.8191336964756,0,"available_crw"
"254027_0_t1",175,"254027_0_t1_crw_175",15,"254027_0_t1_20240415T050000",2024-04-15 05:00:00,-122.693856947596,36.8041646647576,0,"available_crw"
"254027_0_t1",175,"254027_0_t1_crw_175",16,"254027_0_t1_20240415T110000",2024-04-15 11:00:00,-122.656740585187,36.7114684916283,0,"available_crw"
"254027_0_t1",175,"254027_0_t1_crw_175",17,"254027_0_t1_20240415T170000",2024-04-15 17:00:00,-122.634271842846,36.5415508222272,0,"available_crw"
"254027_0_t1",175,"254027_0_t1_crw_175",18,"254027_0_t1_20240415T230000",2024-04-15 23:00:00,-122.573693402902,36.5206739622525,0,"available_crw"
"254027_0_t1",175,"254027_0_t1_crw_175",19,"254027_0_t1_20240416T050000",2024-04-16 05:00:00,-122.580353224567,36.5057414814239,0,"available_crw"
"254027_0_t1",175,"254027_0_t1_crw_175",20,"254027_0_t1_20240416T110000",2024-04-16 11:00:00,-122.571566907752,36.5436511085428,0,"available_crw"
"254027_0_t1",175,"254027_0_t1_crw_175",21,"254027_0_t1_20240416T170000",2024-04-16 17:00:00,-122.622218083639,36.5776550311263,0,"available_crw"
"254027_0_t1",175,"254027_0_t1_crw_175",22,"254027_0_t1_20240416T230000",2024-04-16 23:00:00,-122.753768268892,36.6097082517259,0,"available_crw"
"254027_0_t1",175,"254027_0_t1_crw_175",23,"254027_0_t1_20240417T050000",2024-04-17 05:00:00,-122.807775992204,36.6289386058856,0,"available_crw"
"254027_0_t1",175,"254027_0_t1_crw_175",24,"254027_0_t1_20240417T110000",2024-04-17 11:00:00,-122.980443511132,36.7282212940643,0,"available_crw"
"254027_0_t1",175,"254027_0_t1_crw_175",25,"254027_0_t1_20240417T170000",2024-04-17 17:00:00,-123.083148143887,36.779709593769,0,"available_crw"
"254027_0_t1",175,"254027_0_t1_crw_175",26,"254027_0_t1_20240417T230000",2024-04-17 23:00:00,-123.201249240484,36.8053079082326,0,"available_crw"
"254027_0_t1",175,"254027_0_t1_crw_175",27,"254027_0_t1_20240418T050000",2024-04-18 05:00:00,-123.295335012845,36.6849562160451,0,"available_crw"
"254027_0_t1",175,"254027_0_t1_crw_175",28,"254027_0_t1_20240418T110000",2024-04-18 11:00:00,-123.269781228527,36.711957740011,0,"available_crw"
"254027_0_t1",175,"254027_0_t1_crw_175",29,"254027_0_t1_20240418T170000",2024-04-18 17:00:00,-123.193834022721,36.7877826801921,0,"available_crw"
"254027_0_t1",175,"254027_0_t1_crw_175",30,"254027_0_t1_20240418T230000",2024-04-18 23:00:00,-123.218527019249,36.8370932430351,0,"available_crw"
"254027_0_t1",175,"254027_0_t1_crw_175",31,"254027_0_t1_20240419T050000",2024-04-19 05:00:00,-123.407318285369,36.775983838985,0,"available_crw"
"254027_0_t1",175,"254027_0_t1_crw_175",32,"254027_0_t1_20240419T110000",2024-04-19 11:00:00,-123.737475375158,36.7666494069717,0,"available_crw"
"254027_0_t1",176,"254027_0_t1_crw_176",1,"254027_0_t1_20240411T170000",2024-04-11 17:00:00,-121.8431658,36.81026373,0,"available_crw"
"254027_0_t1",176,"254027_0_t1_crw_176",2,"254027_0_t1_20240411T230000",2024-04-11 23:00:00,-121.842644658615,36.7912249631954,0,"available_crw"
"254027_0_t1",176,"254027_0_t1_crw_176",3,"254027_0_t1_20240412T050000",2024-04-12 05:00:00,-121.83977673779,36.8250904785346,0,"available_crw"
"254027_0_t1",176,"254027_0_t1_crw_176",4,"254027_0_t1_20240412T110000",2024-04-12 11:00:00,-121.835341167735,36.7866948523115,0,"available_crw"
"254027_0_t1",176,"254027_0_t1_crw_176",5,"254027_0_t1_20240412T170000",2024-04-12 17:00:00,-121.855327380336,36.6283457347936,0,"available_crw"
"254027_0_t1",176,"254027_0_t1_crw_176",6,"254027_0_t1_20240412T230000",2024-04-12 23:00:00,-121.946907030511,36.4193072341767,0,"available_crw"
"254027_0_t1",176,"254027_0_t1_crw_176",7,"254027_0_t1_20240413T050000",2024-04-13 05:00:00,-121.903458775146,36.3794099014105,0,"available_crw"
"254027_0_t1",176,"254027_0_t1_crw_176",8,"254027_0_t1_20240413T110000",2024-04-13 11:00:00,-121.707664156545,36.1812388222899,0,"available_crw"
"254027_0_t1",176,"254027_0_t1_crw_176",9,"254027_0_t1_20240413T170000",2024-04-13 17:00:00,-121.627192599279,36.1089911425518,0,"available_crw"
"254027_0_t1",176,"254027_0_t1_crw_176",10,"254027_0_t1_20240413T230000",2024-04-13 23:00:00,-121.526467396305,35.9724504415944,0,"available_crw"
"254027_0_t1",176,"254027_0_t1_crw_176",11,"254027_0_t1_20240414T050000",2024-04-14 05:00:00,-121.616102590455,35.9660939165662,0,"available_crw"
"254027_0_t1",176,"254027_0_t1_crw_176",12,"254027_0_t1_20240414T110000",2024-04-14 11:00:00,-121.778207979447,35.9171350643023,0,"available_crw"
"254027_0_t1",176,"254027_0_t1_crw_176",13,"254027_0_t1_20240414T170000",2024-04-14 17:00:00,-121.998997409819,36.1646125919314,0,"available_crw"
"254027_0_t1",176,"254027_0_t1_crw_176",14,"254027_0_t1_20240414T230000",2024-04-14 23:00:00,-121.98492888617,36.1589484724358,0,"available_crw"
"254027_0_t1",176,"254027_0_t1_crw_176",15,"254027_0_t1_20240415T050000",2024-04-15 05:00:00,-121.82943928371,36.0618905662015,0,"available_crw"
"254027_0_t1",176,"254027_0_t1_crw_176",16,"254027_0_t1_20240415T110000",2024-04-15 11:00:00,-121.692627797781,35.9321293695322,0,"available_crw"
"254027_0_t1",176,"254027_0_t1_crw_176",17,"254027_0_t1_20240415T170000",2024-04-15 17:00:00,-121.700241338825,35.9360134789717,0,"available_crw"
"254027_0_t1",176,"254027_0_t1_crw_176",18,"254027_0_t1_20240415T230000",2024-04-15 23:00:00,-121.890690410351,36.094841276398,0,"available_crw"
"254027_0_t1",176,"254027_0_t1_crw_176",19,"254027_0_t1_20240416T050000",2024-04-16 05:00:00,-122.004169258528,36.2388280387409,0,"available_crw"
"254027_0_t1",176,"254027_0_t1_crw_176",20,"254027_0_t1_20240416T110000",2024-04-16 11:00:00,-122.029510991824,36.281767583952,0,"available_crw"
"254027_0_t1",176,"254027_0_t1_crw_176",21,"254027_0_t1_20240416T170000",2024-04-16 17:00:00,-122.090058923698,36.4028213233616,0,"available_crw"
"254027_0_t1",176,"254027_0_t1_crw_176",22,"254027_0_t1_20240416T230000",2024-04-16 23:00:00,-122.186995554885,36.4812100886391,0,"available_crw"
"254027_0_t1",176,"254027_0_t1_crw_176",23,"254027_0_t1_20240417T050000",2024-04-17 05:00:00,-122.399301567838,36.6685207999658,0,"available_crw"
"254027_0_t1",176,"254027_0_t1_crw_176",24,"254027_0_t1_20240417T110000",2024-04-17 11:00:00,-122.601737347485,36.8631501942587,0,"available_crw"
"254027_0_t1",176,"254027_0_t1_crw_176",25,"254027_0_t1_20240417T170000",2024-04-17 17:00:00,-122.677185455597,36.9393893681933,0,"available_crw"
"254027_0_t1",176,"254027_0_t1_crw_176",26,"254027_0_t1_20240417T230000",2024-04-17 23:00:00,-122.758450166425,37.0117018162048,0,"available_crw"
"254027_0_t1",176,"254027_0_t1_crw_176",27,"254027_0_t1_20240418T050000",2024-04-18 05:00:00,-122.775531382417,36.998471410224,0,"available_crw"
"254027_0_t1",176,"254027_0_t1_crw_176",28,"254027_0_t1_20240418T110000",2024-04-18 11:00:00,-122.790085204442,37.0092229579346,0,"available_crw"
"254027_0_t1",176,"254027_0_t1_crw_176",29,"254027_0_t1_20240418T170000",2024-04-18 17:00:00,-122.902960246501,37.1033940407023,0,"available_crw"
"254027_0_t1",176,"254027_0_t1_crw_176",30,"254027_0_t1_20240418T230000",2024-04-18 23:00:00,-122.707634878872,37.3660605657626,0,"available_crw"
"254027_0_t1",176,"254027_0_t1_crw_176",31,"254027_0_t1_20240419T050000",2024-04-19 05:00:00,-122.574220112277,37.4844330665814,0,"available_crw"
"254027_0_t1",176,"254027_0_t1_crw_176",32,"254027_0_t1_20240419T110000",2024-04-19 11:00:00,-122.595755797142,37.5347389840757,0,"available_crw"
"254027_0_t1",177,"254027_0_t1_crw_177",1,"254027_0_t1_20240411T170000",2024-04-11 17:00:00,-121.8431658,36.81026373,0,"available_crw"
"254027_0_t1",177,"254027_0_t1_crw_177",2,"254027_0_t1_20240411T230000",2024-04-11 23:00:00,-121.829045181328,36.8160322824237,0,"available_crw"
"254027_0_t1",177,"254027_0_t1_crw_177",3,"254027_0_t1_20240412T050000",2024-04-12 05:00:00,-121.868244316613,36.8034342143159,0,"available_crw"
"254027_0_t1",177,"254027_0_t1_crw_177",4,"254027_0_t1_20240412T110000",2024-04-12 11:00:00,-121.981788704611,36.7696446639594,0,"available_crw"
"254027_0_t1",177,"254027_0_t1_crw_177",5,"254027_0_t1_20240412T170000",2024-04-12 17:00:00,-122.031976001415,36.8777715130273,0,"available_crw"
"254027_0_t1",177,"254027_0_t1_crw_177",6,"254027_0_t1_20240412T230000",2024-04-12 23:00:00,-122.059300394416,36.8522094142941,0,"available_crw"
"254027_0_t1",177,"254027_0_t1_crw_177",7,"254027_0_t1_20240413T050000",2024-04-13 05:00:00,-122.10123395439,36.8090191949528,0,"available_crw"
"254027_0_t1",177,"254027_0_t1_crw_177",8,"254027_0_t1_20240413T110000",2024-04-13 11:00:00,-121.941141237162,36.7081057766076,0,"available_crw"
"254027_0_t1",177,"254027_0_t1_crw_177",9,"254027_0_t1_20240413T170000",2024-04-13 17:00:00,-121.860118195827,36.6592455317625,0,"available_crw"
"254027_0_t1",177,"254027_0_t1_crw_177",10,"254027_0_t1_20240413T230000",2024-04-13 23:00:00,-121.902528054643,36.6771288191112,0,"available_crw"
"254027_0_t1",177,"254027_0_t1_crw_177",11,"254027_0_t1_20240414T050000",2024-04-14 05:00:00,-122.073153794705,36.7069671022148,0,"available_crw"
"254027_0_t1",177,"254027_0_t1_crw_177",12,"254027_0_t1_20240414T110000",2024-04-14 11:00:00,-122.208342696156,36.6863193618215,0,"available_crw"
"254027_0_t1",177,"254027_0_t1_crw_177",13,"254027_0_t1_20240414T170000",2024-04-14 17:00:00,-122.227910380896,36.5450127956687,0,"available_crw"
"254027_0_t1",177,"254027_0_t1_crw_177",14,"254027_0_t1_20240414T230000",2024-04-14 23:00:00,-122.236777423418,36.4637979155871,0,"available_crw"
"254027_0_t1",177,"254027_0_t1_crw_177",15,"254027_0_t1_20240415T050000",2024-04-15 05:00:00,-122.073896819441,36.4099859257777,0,"available_crw"
"254027_0_t1",177,"254027_0_t1_crw_177",16,"254027_0_t1_20240415T110000",2024-04-15 11:00:00,-122.022596670687,36.3866409575715,0,"available_crw"
"254027_0_t1",177,"254027_0_t1_crw_177",17,"254027_0_t1_20240415T170000",2024-04-15 17:00:00,-121.873108876285,36.2831569069901,0,"available_crw"
"254027_0_t1",177,"254027_0_t1_crw_177",18,"254027_0_t1_20240415T230000",2024-04-15 23:00:00,-121.884972309884,36.2705246426984,0,"available_crw"
"254027_0_t1",177,"254027_0_t1_crw_177",19,"254027_0_t1_20240416T050000",2024-04-16 05:00:00,-121.998701756623,36.3401492561616,0,"available_crw"
"254027_0_t1",177,"254027_0_t1_crw_177",20,"254027_0_t1_20240416T110000",2024-04-16 11:00:00,-122.141138203448,36.2569398415823,0,"available_crw"
"254027_0_t1",177,"254027_0_t1_crw_177",21,"254027_0_t1_20240416T170000",2024-04-16 17:00:00,-122.105089434265,36.2742691453624,0,"available_crw"
"254027_0_t1",177,"254027_0_t1_crw_177",22,"254027_0_t1_20240416T230000",2024-04-16 23:00:00,-122.146233970954,36.4125067430789,0,"available_crw"
"254027_0_t1",177,"254027_0_t1_crw_177",23,"254027_0_t1_20240417T050000",2024-04-17 05:00:00,-122.174361406784,36.5411041182506,0,"available_crw"
"254027_0_t1",177,"254027_0_t1_crw_177",24,"254027_0_t1_20240417T110000",2024-04-17 11:00:00,-122.189289787015,36.5945555181438,0,"available_crw"
"254027_0_t1",177,"254027_0_t1_crw_177",25,"254027_0_t1_20240417T170000",2024-04-17 17:00:00,-122.101011486076,36.5777717109063,0,"available_crw"
"254027_0_t1",177,"254027_0_t1_crw_177",26,"254027_0_t1_20240417T230000",2024-04-17 23:00:00,-122.140944141158,36.5885069535255,0,"available_crw"
"254027_0_t1",177,"254027_0_t1_crw_177",27,"254027_0_t1_20240418T050000",2024-04-18 05:00:00,-122.374143503685,36.7062074662345,0,"available_crw"
"254027_0_t1",177,"254027_0_t1_crw_177",28,"254027_0_t1_20240418T110000",2024-04-18 11:00:00,-122.518675778325,36.8149008461876,0,"available_crw"
"254027_0_t1",177,"254027_0_t1_crw_177",29,"254027_0_t1_20240418T170000",2024-04-18 17:00:00,-122.506070522141,36.8271134625486,0,"available_crw"
"254027_0_t1",177,"254027_0_t1_crw_177",30,"254027_0_t1_20240418T230000",2024-04-18 23:00:00,-122.529918105395,36.8766947312641,0,"available_crw"
"254027_0_t1",177,"254027_0_t1_crw_177",31,"254027_0_t1_20240419T050000",2024-04-19 05:00:00,-122.605236079514,36.9542781721531,0,"available_crw"
"254027_0_t1",177,"254027_0_t1_crw_177",32,"254027_0_t1_20240419T110000",2024-04-19 11:00:00,-122.509965030452,37.0852617791797,0,"available_crw"
"254027_0_t1",178,"254027_0_t1_crw_178",1,"254027_0_t1_20240411T170000",2024-04-11 17:00:00,-121.8431658,36.81026373,0,"available_crw"
"254027_0_t1",178,"254027_0_t1_crw_178",2,"254027_0_t1_20240411T230000",2024-04-11 23:00:00,-121.802387385465,36.8756446011203,0,"available_crw"
"254027_0_t1",178,"254027_0_t1_crw_178",3,"254027_0_t1_20240412T050000",2024-04-12 05:00:00,-121.824638224552,36.8467918724134,0,"available_crw"
"254027_0_t1",178,"254027_0_t1_crw_178",4,"254027_0_t1_20240412T110000",2024-04-12 11:00:00,-121.861763035617,36.8097278062949,0,"available_crw"
"254027_0_t1",178,"254027_0_t1_crw_178",5,"254027_0_t1_20240412T170000",2024-04-12 17:00:00,-121.904246635605,36.776606175808,0,"available_crw"
"254027_0_t1",178,"254027_0_t1_crw_178",6,"254027_0_t1_20240412T230000",2024-04-12 23:00:00,-121.875605402514,36.8075311812256,0,"available_crw"
"254027_0_t1",178,"254027_0_t1_crw_178",7,"254027_0_t1_20240413T050000",2024-04-13 05:00:00,-121.833885208071,36.9000014511813,0,"available_crw"
"254027_0_t1",178,"254027_0_t1_crw_178",8,"254027_0_t1_20240413T110000",2024-04-13 11:00:00,-121.851804866904,36.8692613484648,0,"available_crw"
"254027_0_t1",178,"254027_0_t1_crw_178",9,"254027_0_t1_20240413T170000",2024-04-13 17:00:00,-122.227007384959,36.9198764064386,0,"available_crw"
"254027_0_t1",178,"254027_0_t1_crw_178",10,"254027_0_t1_20240413T230000",2024-04-13 23:00:00,-122.186095134532,36.9113257086999,0,"available_crw"
"254027_0_t1",178,"254027_0_t1_crw_178",11,"254027_0_t1_20240414T050000",2024-04-14 05:00:00,-122.196431126762,36.943984967257,0,"available_crw"
"254027_0_t1",178,"254027_0_t1_crw_178",12,"254027_0_t1_20240414T110000",2024-04-14 11:00:00,-122.233504645378,37.0366930762759,0,"available_crw"
"254027_0_t1",178,"254027_0_t1_crw_178",13,"254027_0_t1_20240414T170000",2024-04-14 17:00:00,-122.215040587838,37.042413655265,0,"available_crw"
"254027_0_t1",178,"254027_0_t1_crw_178",14,"254027_0_t1_20240414T230000",2024-04-14 23:00:00,-122.224347499867,37.0599357714571,0,"available_crw"
"254027_0_t1",178,"254027_0_t1_crw_178",15,"254027_0_t1_20240415T050000",2024-04-15 05:00:00,-122.412146007309,36.9958629652497,0,"available_crw"
"254027_0_t1",178,"254027_0_t1_crw_178",16,"254027_0_t1_20240415T110000",2024-04-15 11:00:00,-122.402098497756,36.9786080609861,0,"available_crw"
"254027_0_t1",178,"254027_0_t1_crw_178",17,"254027_0_t1_20240415T170000",2024-04-15 17:00:00,-122.429155169125,37.0104848799683,0,"available_crw"
"254027_0_t1",178,"254027_0_t1_crw_178",18,"254027_0_t1_20240415T230000",2024-04-15 23:00:00,-122.413474598436,37.0201655609927,0,"available_crw"
"254027_0_t1",178,"254027_0_t1_crw_178",19,"254027_0_t1_20240416T050000",2024-04-16 05:00:00,-122.36232866334,37.044317018178,0,"available_crw"
"254027_0_t1",178,"254027_0_t1_crw_178",20,"254027_0_t1_20240416T110000",2024-04-16 11:00:00,-122.403282887794,37.1826577955015,0,"available_crw"
"254027_0_t1",178,"254027_0_t1_crw_178",21,"254027_0_t1_20240416T170000",2024-04-16 17:00:00,-122.465050533965,37.2677211752914,0,"available_crw"
"254027_0_t1",178,"254027_0_t1_crw_178",22,"254027_0_t1_20240416T230000",2024-04-16 23:00:00,-122.53016272543,37.4181566611164,0,"available_crw"
"254027_0_t1",178,"254027_0_t1_crw_178",23,"254027_0_t1_20240417T050000",2024-04-17 05:00:00,-122.595777405969,37.4274600119144,0,"available_crw"
"254027_0_t1",178,"254027_0_t1_crw_178",24,"254027_0_t1_20240417T110000",2024-04-17 11:00:00,-122.677174088983,37.3009996776628,0,"available_crw"
"254027_0_t1",178,"254027_0_t1_crw_178",25,"254027_0_t1_20240417T170000",2024-04-17 17:00:00,-122.677297554025,37.313734905441,0,"available_crw"
"254027_0_t1",178,"254027_0_t1_crw_178",26,"254027_0_t1_20240417T230000",2024-04-17 23:00:00,-122.732338989141,37.4154539946289,0,"available_crw"
"254027_0_t1",178,"254027_0_t1_crw_178",27,"254027_0_t1_20240418T050000",2024-04-18 05:00:00,-122.909498280506,37.3999172470179,0,"available_crw"
"254027_0_t1",178,"254027_0_t1_crw_178",28,"254027_0_t1_20240418T110000",2024-04-18 11:00:00,-123.052083678825,37.6836157518531,0,"available_crw"
"254027_0_t1",178,"254027_0_t1_crw_178",29,"254027_0_t1_20240418T170000",2024-04-18 17:00:00,-123.046271648892,37.6779522694468,0,"available_crw"
"254027_0_t1",178,"254027_0_t1_crw_178",30,"254027_0_t1_20240418T230000",2024-04-18 23:00:00,-122.937065757678,37.4268302973827,0,"available_crw"
"254027_0_t1",178,"254027_0_t1_crw_178",31,"254027_0_t1_20240419T050000",2024-04-19 05:00:00,-122.908739788816,37.4518361383521,0,"available_crw"
"254027_0_t1",178,"254027_0_t1_crw_178",32,"254027_0_t1_20240419T110000",2024-04-19 11:00:00,-122.609809139651,37.321007361053,0,"available_crw"
"254027_0_t1",179,"254027_0_t1_crw_179",1,"254027_0_t1_20240411T170000",2024-04-11 17:00:00,-121.8431658,36.81026373,0,"available_crw"
"254027_0_t1",179,"254027_0_t1_crw_179",2,"254027_0_t1_20240411T230000",2024-04-11 23:00:00,-122.152628406773,36.9039795381729,0,"available_crw"
"254027_0_t1",179,"254027_0_t1_crw_179",3,"254027_0_t1_20240412T050000",2024-04-12 05:00:00,-122.224260731107,36.7508070168346,0,"available_crw"
"254027_0_t1",179,"254027_0_t1_crw_179",4,"254027_0_t1_20240412T110000",2024-04-12 11:00:00,-122.337629684269,36.606381766579,0,"available_crw"
"254027_0_t1",179,"254027_0_t1_crw_179",5,"254027_0_t1_20240412T170000",2024-04-12 17:00:00,-122.458921591009,36.6677542687833,0,"available_crw"
"254027_0_t1",179,"254027_0_t1_crw_179",6,"254027_0_t1_20240412T230000",2024-04-12 23:00:00,-122.516765353285,36.6421880363263,0,"available_crw"
"254027_0_t1",179,"254027_0_t1_crw_179",7,"254027_0_t1_20240413T050000",2024-04-13 05:00:00,-122.782279127354,36.5842832166303,0,"available_crw"
"254027_0_t1",179,"254027_0_t1_crw_179",8,"254027_0_t1_20240413T110000",2024-04-13 11:00:00,-122.788234301886,36.4421698352337,0,"available_crw"
"254027_0_t1",179,"254027_0_t1_crw_179",9,"254027_0_t1_20240413T170000",2024-04-13 17:00:00,-122.757087958683,36.3470665195435,0,"available_crw"
"254027_0_t1",179,"254027_0_t1_crw_179",10,"254027_0_t1_20240413T230000",2024-04-13 23:00:00,-122.673369784686,36.2593774294591,0,"available_crw"
"254027_0_t1",179,"254027_0_t1_crw_179",11,"254027_0_t1_20240414T050000",2024-04-14 05:00:00,-122.65678702075,36.2902895712656,0,"available_crw"
"254027_0_t1",179,"254027_0_t1_crw_179",12,"254027_0_t1_20240414T110000",2024-04-14 11:00:00,-122.668531758241,36.2529114094592,0,"available_crw"
"254027_0_t1",179,"254027_0_t1_crw_179",13,"254027_0_t1_20240414T170000",2024-04-14 17:00:00,-122.701234763436,36.1591893233104,0,"available_crw"
"254027_0_t1",179,"254027_0_t1_crw_179",14,"254027_0_t1_20240414T230000",2024-04-14 23:00:00,-122.686268218784,36.1908985781597,0,"available_crw"
"254027_0_t1",179,"254027_0_t1_crw_179",15,"254027_0_t1_20240415T050000",2024-04-15 05:00:00,-122.560649094767,36.423451928741,0,"available_crw"
"254027_0_t1",179,"254027_0_t1_crw_179",16,"254027_0_t1_20240415T110000",2024-04-15 11:00:00,-122.509313853605,36.5115769180753,0,"available_crw"
"254027_0_t1",179,"254027_0_t1_crw_179",17,"254027_0_t1_20240415T170000",2024-04-15 17:00:00,-122.136466180678,36.4591212425397,0,"available_crw"
"254027_0_t1",179,"254027_0_t1_crw_179",18,"254027_0_t1_20240415T230000",2024-04-15 23:00:00,-122.098072124285,36.3106920488131,0,"available_crw"
"254027_0_t1",179,"254027_0_t1_crw_179",19,"254027_0_t1_20240416T050000",2024-04-16 05:00:00,-122.074919128428,36.1814541678283,0,"available_crw"
"254027_0_t1",179,"254027_0_t1_crw_179",20,"254027_0_t1_20240416T110000",2024-04-16 11:00:00,-122.004295491541,36.0865972718433,0,"available_crw"
"254027_0_t1",179,"254027_0_t1_crw_179",21,"254027_0_t1_20240416T170000",2024-04-16 17:00:00,-121.950470827469,36.0177706138203,0,"available_crw"
"254027_0_t1",179,"254027_0_t1_crw_179",22,"254027_0_t1_20240416T230000",2024-04-16 23:00:00,-122.070187064305,35.9556699348875,0,"available_crw"
"254027_0_t1",179,"254027_0_t1_crw_179",23,"254027_0_t1_20240417T050000",2024-04-17 05:00:00,-121.96217481025,35.8176161987869,0,"available_crw"
"254027_0_t1",179,"254027_0_t1_crw_179",24,"254027_0_t1_20240417T110000",2024-04-17 11:00:00,-121.900785275096,35.7340521072181,0,"available_crw"
"254027_0_t1",179,"254027_0_t1_crw_179",25,"254027_0_t1_20240417T170000",2024-04-17 17:00:00,-121.833368503339,35.6536934947978,0,"available_crw"
"254027_0_t1",179,"254027_0_t1_crw_179",26,"254027_0_t1_20240417T230000",2024-04-17 23:00:00,-121.949856469195,35.5882913737248,0,"available_crw"
"254027_0_t1",179,"254027_0_t1_crw_179",27,"254027_0_t1_20240418T050000",2024-04-18 05:00:00,-121.913634906962,35.6049487236915,0,"available_crw"
"254027_0_t1",179,"254027_0_t1_crw_179",28,"254027_0_t1_20240418T110000",2024-04-18 11:00:00,-121.592286020246,35.6474802936318,0,"available_crw"
"254027_0_t1",179,"254027_0_t1_crw_179",29,"254027_0_t1_20240418T170000",2024-04-18 17:00:00,-121.633777076103,35.6451295756437,0,"available_crw"
"254027_0_t1",179,"254027_0_t1_crw_179",30,"254027_0_t1_20240418T230000",2024-04-18 23:00:00,-121.944599790754,35.6387476351106,0,"available_crw"
"254027_0_t1",179,"254027_0_t1_crw_179",31,"254027_0_t1_20240419T050000",2024-04-19 05:00:00,-121.948656571965,35.7541296821089,0,"available_crw"
"254027_0_t1",179,"254027_0_t1_crw_179",32,"254027_0_t1_20240419T110000",2024-04-19 11:00:00,-121.943253149369,36.0078930995596,0,"available_crw"
"254027_0_t1",180,"254027_0_t1_crw_180",1,"254027_0_t1_20240411T170000",2024-04-11 17:00:00,-121.8431658,36.81026373,0,"available_crw"
"254027_0_t1",180,"254027_0_t1_crw_180",2,"254027_0_t1_20240411T230000",2024-04-11 23:00:00,-121.960653455144,36.7829241368097,0,"available_crw"
"254027_0_t1",180,"254027_0_t1_crw_180",3,"254027_0_t1_20240412T050000",2024-04-12 05:00:00,-121.919227396891,36.789404105491,0,"available_crw"
"254027_0_t1",180,"254027_0_t1_crw_180",4,"254027_0_t1_20240412T110000",2024-04-12 11:00:00,-121.820182180709,36.8067505175689,0,"available_crw"
"254027_0_t1",180,"254027_0_t1_crw_180",5,"254027_0_t1_20240412T170000",2024-04-12 17:00:00,-121.81487780505,36.7914665938868,0,"available_crw"
"254027_0_t1",180,"254027_0_t1_crw_180",6,"254027_0_t1_20240412T230000",2024-04-12 23:00:00,-121.822526783577,36.8248484708056,0,"available_crw"
"254027_0_t1",180,"254027_0_t1_crw_180",7,"254027_0_t1_20240413T050000",2024-04-13 05:00:00,-121.818288685034,36.8183828887068,0,"available_crw"
"254027_0_t1",180,"254027_0_t1_crw_180",8,"254027_0_t1_20240413T110000",2024-04-13 11:00:00,-121.795235682775,36.8465244790637,0,"available_crw"
"254027_0_t1",180,"254027_0_t1_crw_180",9,"254027_0_t1_20240413T170000",2024-04-13 17:00:00,-121.837031795216,36.8491706778713,0,"available_crw"
"254027_0_t1",180,"254027_0_t1_crw_180",10,"254027_0_t1_20240413T230000",2024-04-13 23:00:00,-121.838089239712,36.8301464213733,0,"available_crw"
"254027_0_t1",180,"254027_0_t1_crw_180",11,"254027_0_t1_20240414T050000",2024-04-14 05:00:00,-121.981531378063,36.83498651591,0,"available_crw"
"254027_0_t1",180,"254027_0_t1_crw_180",12,"254027_0_t1_20240414T110000",2024-04-14 11:00:00,-122.082935369305,36.8364199250732,0,"available_crw"
"254027_0_t1",180,"254027_0_t1_crw_180",13,"254027_0_t1_20240414T170000",2024-04-14 17:00:00,-122.184355295423,36.8358847528688,0,"available_crw"
"254027_0_t1",180,"254027_0_t1_crw_180",14,"254027_0_t1_20240414T230000",2024-04-14 23:00:00,-122.379004686399,36.8653057335081,0,"available_crw"
"254027_0_t1",180,"254027_0_t1_crw_180",15,"254027_0_t1_20240415T050000",2024-04-15 05:00:00,-122.376510581778,36.8810481506221,0,"available_crw"
"254027_0_t1",180,"254027_0_t1_crw_180",16,"254027_0_t1_20240415T110000",2024-04-15 11:00:00,-122.374877588732,36.8425062675992,0,"available_crw"
"254027_0_t1",180,"254027_0_t1_crw_180",17,"254027_0_t1_20240415T170000",2024-04-15 17:00:00,-122.547403157297,36.7812678175707,0,"available_crw"
"254027_0_t1",180,"254027_0_t1_crw_180",18,"254027_0_t1_20240415T230000",2024-04-15 23:00:00,-122.526771387618,36.6400538912358,0,"available_crw"
"254027_0_t1",180,"254027_0_t1_crw_180",19,"254027_0_t1_20240416T050000",2024-04-16 05:00:00,-122.691951905234,36.5675319644628,0,"available_crw"
"254027_0_t1",180,"254027_0_t1_crw_180",20,"254027_0_t1_20240416T110000",2024-04-16 11:00:00,-122.81734063904,36.4698914617795,0,"available_crw"
"254027_0_t1",180,"254027_0_t1_crw_180",21,"254027_0_t1_20240416T170000",2024-04-16 17:00:00,-122.800509520944,36.4184991500336,0,"available_crw"
"254027_0_t1",180,"254027_0_t1_crw_180",22,"254027_0_t1_20240416T230000",2024-04-16 23:00:00,-122.772846234624,36.3237079702344,0,"available_crw"
"254027_0_t1",180,"254027_0_t1_crw_180",23,"254027_0_t1_20240417T050000",2024-04-17 05:00:00,-122.766500413442,36.2763897196258,0,"available_crw"
"254027_0_t1",180,"254027_0_t1_crw_180",24,"254027_0_t1_20240417T110000",2024-04-17 11:00:00,-122.783336624968,36.117777255181,0,"available_crw"
"254027_0_t1",180,"254027_0_t1_crw_180",25,"254027_0_t1_20240417T170000",2024-04-17 17:00:00,-122.79678607608,36.0209909433955,0,"available_crw"
"254027_0_t1",180,"254027_0_t1_crw_180",26,"254027_0_t1_20240417T230000",2024-04-17 23:00:00,-122.636477117154,35.963977444951,0,"available_crw"
"254027_0_t1",180,"254027_0_t1_crw_180",27,"254027_0_t1_20240418T050000",2024-04-18 05:00:00,-122.500168607753,35.9623849798156,0,"available_crw"
"254027_0_t1",180,"254027_0_t1_crw_180",28,"254027_0_t1_20240418T110000",2024-04-18 11:00:00,-122.500606171338,35.9814297107424,0,"available_crw"
"254027_0_t1",180,"254027_0_t1_crw_180",29,"254027_0_t1_20240418T170000",2024-04-18 17:00:00,-122.668801303349,36.0207144832036,0,"available_crw"
"254027_0_t1",180,"254027_0_t1_crw_180",30,"254027_0_t1_20240418T230000",2024-04-18 23:00:00,-122.629826434328,36.0084616313881,0,"available_crw"
"254027_0_t1",180,"254027_0_t1_crw_180",31,"254027_0_t1_20240419T050000",2024-04-19 05:00:00,-122.635378986082,36.0418622374746,0,"available_crw"
"254027_0_t1",180,"254027_0_t1_crw_180",32,"254027_0_t1_20240419T110000",2024-04-19 11:00:00,-122.62631605106,36.0314660686697,0,"available_crw"
"254027_0_t1",181,"254027_0_t1_crw_181",1,"254027_0_t1_20240411T170000",2024-04-11 17:00:00,-121.8431658,36.81026373,0,"available_crw"
"254027_0_t1",181,"254027_0_t1_crw_181",2,"254027_0_t1_20240411T230000",2024-04-11 23:00:00,-121.944541246137,36.8092948300715,0,"available_crw"
"254027_0_t1",181,"254027_0_t1_crw_181",3,"254027_0_t1_20240412T050000",2024-04-12 05:00:00,-122.065635397462,36.8106222001258,0,"available_crw"
"254027_0_t1",181,"254027_0_t1_crw_181",4,"254027_0_t1_20240412T110000",2024-04-12 11:00:00,-122.259446385873,36.843180721315,0,"available_crw"
"254027_0_t1",181,"254027_0_t1_crw_181",5,"254027_0_t1_20240412T170000",2024-04-12 17:00:00,-122.244203227726,36.8466614701054,0,"available_crw"
"254027_0_t1",181,"254027_0_t1_crw_181",6,"254027_0_t1_20240412T230000",2024-04-12 23:00:00,-122.046799174179,36.8596497067648,0,"available_crw"
"254027_0_t1",181,"254027_0_t1_crw_181",7,"254027_0_t1_20240413T050000",2024-04-13 05:00:00,-121.884326984131,36.8620028733261,0,"available_crw"
"254027_0_t1",181,"254027_0_t1_crw_181",8,"254027_0_t1_20240413T110000",2024-04-13 11:00:00,-121.898241713087,36.8559069260604,0,"available_crw"
"254027_0_t1",181,"254027_0_t1_crw_181",9,"254027_0_t1_20240413T170000",2024-04-13 17:00:00,-122.024120182237,36.7583089707032,0,"available_crw"
"254027_0_t1",181,"254027_0_t1_crw_181",10,"254027_0_t1_20240413T230000",2024-04-13 23:00:00,-122.09531112431,36.7003225642421,0,"available_crw"
"254027_0_t1",181,"254027_0_t1_crw_181",11,"254027_0_t1_20240414T050000",2024-04-14 05:00:00,-122.090678507496,36.7125000878781,0,"available_crw"
"254027_0_t1",181,"254027_0_t1_crw_181",12,"254027_0_t1_20240414T110000",2024-04-14 11:00:00,-122.097197773166,36.6742954696718,0,"available_crw"
"254027_0_t1",181,"254027_0_t1_crw_181",13,"254027_0_t1_20240414T170000",2024-04-14 17:00:00,-122.074473728049,36.5348765600959,0,"available_crw"
"254027_0_t1",181,"254027_0_t1_crw_181",14,"254027_0_t1_20240414T230000",2024-04-14 23:00:00,-122.047972619134,36.281996964448,0,"available_crw"
"254027_0_t1",181,"254027_0_t1_crw_181",15,"254027_0_t1_20240415T050000",2024-04-15 05:00:00,-122.18998256641,36.2719596179279,0,"available_crw"
"254027_0_t1",181,"254027_0_t1_crw_181",16,"254027_0_t1_20240415T110000",2024-04-15 11:00:00,-122.226799494431,36.1329318867688,0,"available_crw"
"254027_0_t1",181,"254027_0_t1_crw_181",17,"254027_0_t1_20240415T170000",2024-04-15 17:00:00,-122.306122094724,35.8874398651583,0,"available_crw"
"254027_0_t1",181,"254027_0_t1_crw_181",18,"254027_0_t1_20240415T230000",2024-04-15 23:00:00,-122.325246292467,35.8905606087605,0,"available_crw"
"254027_0_t1",181,"254027_0_t1_crw_181",19,"254027_0_t1_20240416T050000",2024-04-16 05:00:00,-122.316311949386,35.8913262281608,0,"available_crw"
"254027_0_t1",181,"254027_0_t1_crw_181",20,"254027_0_t1_20240416T110000",2024-04-16 11:00:00,-122.249732455015,35.8995737063054,0,"available_crw"
"254027_0_t1",181,"254027_0_t1_crw_181",21,"254027_0_t1_20240416T170000",2024-04-16 17:00:00,-122.254027811645,35.918298086958,0,"available_crw"
"254027_0_t1",181,"254027_0_t1_crw_181",22,"254027_0_t1_20240416T230000",2024-04-16 23:00:00,-122.235087363566,35.9221127461975,0,"available_crw"
"254027_0_t1",181,"254027_0_t1_crw_181",23,"254027_0_t1_20240417T050000",2024-04-17 05:00:00,-122.125900519528,35.9884477518213,0,"available_crw"
"254027_0_t1",181,"254027_0_t1_crw_181",24,"254027_0_t1_20240417T110000",2024-04-17 11:00:00,-121.991309605886,36.0598729875273,0,"available_crw"
"254027_0_t1",181,"254027_0_t1_crw_181",25,"254027_0_t1_20240417T170000",2024-04-17 17:00:00,-122.028233045161,36.0439497375848,0,"available_crw"
"254027_0_t1",181,"254027_0_t1_crw_181",26,"254027_0_t1_20240417T230000",2024-04-17 23:00:00,-122.292665652715,35.98897576418,0,"available_crw"
"254027_0_t1",181,"254027_0_t1_crw_181",27,"254027_0_t1_20240418T050000",2024-04-18 05:00:00,-122.409452116811,35.967169404972,0,"available_crw"
"254027_0_t1",181,"254027_0_t1_crw_181",28,"254027_0_t1_20240418T110000",2024-04-18 11:00:00,-122.558827859268,36.2107706801811,0,"available_crw"
"254027_0_t1",181,"254027_0_t1_crw_181",29,"254027_0_t1_20240418T170000",2024-04-18 17:00:00,-122.619600715688,36.4270000749261,0,"available_crw"
"254027_0_t1",181,"254027_0_t1_crw_181",30,"254027_0_t1_20240418T230000",2024-04-18 23:00:00,-122.31723104931,36.5470676945888,0,"available_crw"
"254027_0_t1",181,"254027_0_t1_crw_181",31,"254027_0_t1_20240419T050000",2024-04-19 05:00:00,-122.167667172313,36.5970641358381,0,"available_crw"
"254027_0_t1",181,"254027_0_t1_crw_181",32,"254027_0_t1_20240419T110000",2024-04-19 11:00:00,-122.036548202875,36.4884372224217,0,"available_crw"
"254027_0_t1",182,"254027_0_t1_crw_182",1,"254027_0_t1_20240411T170000",2024-04-11 17:00:00,-121.8431658,36.81026373,0,"available_crw"
"254027_0_t1",182,"254027_0_t1_crw_182",2,"254027_0_t1_20240411T230000",2024-04-11 23:00:00,-121.964089390817,36.8053723501031,0,"available_crw"
"254027_0_t1",182,"254027_0_t1_crw_182",3,"254027_0_t1_20240412T050000",2024-04-12 05:00:00,-122.023115075309,36.8088080873631,0,"available_crw"
"254027_0_t1",182,"254027_0_t1_crw_182",4,"254027_0_t1_20240412T110000",2024-04-12 11:00:00,-122.214207693088,36.8504922003458,0,"available_crw"
"254027_0_t1",182,"254027_0_t1_crw_182",5,"254027_0_t1_20240412T170000",2024-04-12 17:00:00,-122.392020373677,36.9207385443224,0,"available_crw"
"254027_0_t1",182,"254027_0_t1_crw_182",6,"254027_0_t1_20240412T230000",2024-04-12 23:00:00,-122.499507334744,36.9659035822246,0,"available_crw"
"254027_0_t1",182,"254027_0_t1_crw_182",7,"254027_0_t1_20240413T050000",2024-04-13 05:00:00,-122.77321385714,37.0933671215221,0,"available_crw"
"254027_0_t1",182,"254027_0_t1_crw_182",8,"254027_0_t1_20240413T110000",2024-04-13 11:00:00,-122.701175567471,37.1933397222983,0,"available_crw"
"254027_0_t1",182,"254027_0_t1_crw_182",9,"254027_0_t1_20240413T170000",2024-04-13 17:00:00,-122.652226884569,37.2648528723838,0,"available_crw"
"254027_0_t1",182,"254027_0_t1_crw_182",10,"254027_0_t1_20240413T230000",2024-04-13 23:00:00,-122.63428814747,37.2580529371166,0,"available_crw"
"254027_0_t1",182,"254027_0_t1_crw_182",11,"254027_0_t1_20240414T050000",2024-04-14 05:00:00,-122.580087032512,37.2888598069217,0,"available_crw"
"254027_0_t1",182,"254027_0_t1_crw_182",12,"254027_0_t1_20240414T110000",2024-04-14 11:00:00,-122.507133740546,37.3831116578915,0,"available_crw"
"254027_0_t1",182,"254027_0_t1_crw_182",13,"254027_0_t1_20240414T170000",2024-04-14 17:00:00,-122.549307816116,37.3848002597151,0,"available_crw"
"254027_0_t1",182,"254027_0_t1_crw_182",14,"254027_0_t1_20240414T230000",2024-04-14 23:00:00,-122.610182577421,37.2511981762585,0,"available_crw"
"254027_0_t1",182,"254027_0_t1_crw_182",15,"254027_0_t1_20240415T050000",2024-04-15 05:00:00,-122.629203788352,37.2557402528587,0,"available_crw"
"254027_0_t1",182,"254027_0_t1_crw_182",16,"254027_0_t1_20240415T110000",2024-04-15 11:00:00,-122.589775624674,37.2431374099695,0,"available_crw"
"254027_0_t1",182,"254027_0_t1_crw_182",17,"254027_0_t1_20240415T170000",2024-04-15 17:00:00,-122.477990795873,37.2045129648003,0,"available_crw"
"254027_0_t1",182,"254027_0_t1_crw_182",18,"254027_0_t1_20240415T230000",2024-04-15 23:00:00,-122.483219745007,37.0529411369173,0,"available_crw"
"254027_0_t1",182,"254027_0_t1_crw_182",19,"254027_0_t1_20240416T050000",2024-04-16 05:00:00,-122.481924137291,36.9981619739485,0,"available_crw"
"254027_0_t1",182,"254027_0_t1_crw_182",20,"254027_0_t1_20240416T110000",2024-04-16 11:00:00,-122.432509044035,36.8632564889386,0,"available_crw"
"254027_0_t1",182,"254027_0_t1_crw_182",21,"254027_0_t1_20240416T170000",2024-04-16 17:00:00,-122.580651529429,36.7694105393115,0,"available_crw"
"254027_0_t1",182,"254027_0_t1_crw_182",22,"254027_0_t1_20240416T230000",2024-04-16 23:00:00,-122.650618967549,36.6887536838514,0,"available_crw"
"254027_0_t1",182,"254027_0_t1_crw_182",23,"254027_0_t1_20240417T050000",2024-04-17 05:00:00,-122.792644913635,36.5781290514078,0,"available_crw"
"254027_0_t1",182,"254027_0_t1_crw_182",24,"254027_0_t1_20240417T110000",2024-04-17 11:00:00,-122.874008705332,36.5062169590177,0,"available_crw"
"254027_0_t1",182,"254027_0_t1_crw_182",25,"254027_0_t1_20240417T170000",2024-04-17 17:00:00,-122.842980840955,36.5291376960889,0,"available_crw"
"254027_0_t1",182,"254027_0_t1_crw_182",26,"254027_0_t1_20240417T230000",2024-04-17 23:00:00,-122.785647161642,36.6298452602146,0,"available_crw"
"254027_0_t1",182,"254027_0_t1_crw_182",27,"254027_0_t1_20240418T050000",2024-04-18 05:00:00,-122.76883824281,36.7272848857094,0,"available_crw"
"254027_0_t1",182,"254027_0_t1_crw_182",28,"254027_0_t1_20240418T110000",2024-04-18 11:00:00,-122.970231030398,36.7498483203655,0,"available_crw"
"254027_0_t1",182,"254027_0_t1_crw_182",29,"254027_0_t1_20240418T170000",2024-04-18 17:00:00,-122.955235970754,36.7183834874193,0,"available_crw"
"254027_0_t1",182,"254027_0_t1_crw_182",30,"254027_0_t1_20240418T230000",2024-04-18 23:00:00,-122.906692874799,36.5937845607334,0,"available_crw"
"254027_0_t1",182,"254027_0_t1_crw_182",31,"254027_0_t1_20240419T050000",2024-04-19 05:00:00,-122.730356412877,36.5942910391848,0,"available_crw"
"254027_0_t1",182,"254027_0_t1_crw_182",32,"254027_0_t1_20240419T110000",2024-04-19 11:00:00,-122.420824851553,36.5033452169112,0,"available_crw"
"254027_0_t1",183,"254027_0_t1_crw_183",1,"254027_0_t1_20240411T170000",2024-04-11 17:00:00,-121.8431658,36.81026373,0,"available_crw"
"254027_0_t1",183,"254027_0_t1_crw_183",2,"254027_0_t1_20240411T230000",2024-04-11 23:00:00,-121.80117156733,36.8068097746084,0,"available_crw"
"254027_0_t1",183,"254027_0_t1_crw_183",3,"254027_0_t1_20240412T050000",2024-04-12 05:00:00,-121.802036459254,36.7909570274882,0,"available_crw"
"254027_0_t1",183,"254027_0_t1_crw_183",4,"254027_0_t1_20240412T110000",2024-04-12 11:00:00,-121.807626942331,36.8292547349129,0,"available_crw"
"254027_0_t1",183,"254027_0_t1_crw_183",5,"254027_0_t1_20240412T170000",2024-04-12 17:00:00,-121.788189170978,36.8320183875626,0,"available_crw"
"254027_0_t1",183,"254027_0_t1_crw_183",6,"254027_0_t1_20240412T230000",2024-04-12 23:00:00,-121.800733783508,36.8242414147215,0,"available_crw"
"254027_0_t1",183,"254027_0_t1_crw_183",7,"254027_0_t1_20240413T050000",2024-04-13 05:00:00,-122.052503167299,36.7340201167619,0,"available_crw"
"254027_0_t1",183,"254027_0_t1_crw_183",8,"254027_0_t1_20240413T110000",2024-04-13 11:00:00,-122.109030175178,36.7200817810022,0,"available_crw"
"254027_0_t1",183,"254027_0_t1_crw_183",9,"254027_0_t1_20240413T170000",2024-04-13 17:00:00,-122.320332292751,36.7041377863871,0,"available_crw"
"254027_0_t1",183,"254027_0_t1_crw_183",10,"254027_0_t1_20240413T230000",2024-04-13 23:00:00,-122.346920021429,36.6554857443693,0,"available_crw"
"254027_0_t1",183,"254027_0_t1_crw_183",11,"254027_0_t1_20240414T050000",2024-04-14 05:00:00,-122.326546331706,36.6852024985322,0,"available_crw"
"254027_0_t1",183,"254027_0_t1_crw_183",12,"254027_0_t1_20240414T110000",2024-04-14 11:00:00,-122.29180376607,36.7237033648683,0,"available_crw"
"254027_0_t1",183,"254027_0_t1_crw_183",13,"254027_0_t1_20240414T170000",2024-04-14 17:00:00,-122.249115157513,36.6591423395037,0,"available_crw"
"254027_0_t1",183,"254027_0_t1_crw_183",14,"254027_0_t1_20240414T230000",2024-04-14 23:00:00,-122.370313456103,36.543188708849,0,"available_crw"
"254027_0_t1",183,"254027_0_t1_crw_183",15,"254027_0_t1_20240415T050000",2024-04-15 05:00:00,-122.329352244591,36.5366180092028,0,"available_crw"
"254027_0_t1",183,"254027_0_t1_crw_183",16,"254027_0_t1_20240415T110000",2024-04-15 11:00:00,-122.338358878601,36.5358418652641,0,"available_crw"
"254027_0_t1",183,"254027_0_t1_crw_183",17,"254027_0_t1_20240415T170000",2024-04-15 17:00:00,-122.292256807272,36.5460114377405,0,"available_crw"
"254027_0_t1",183,"254027_0_t1_crw_183",18,"254027_0_t1_20240415T230000",2024-04-15 23:00:00,-122.188850630795,36.5981684359391,0,"available_crw"
"254027_0_t1",183,"254027_0_t1_crw_183",19,"254027_0_t1_20240416T050000",2024-04-16 05:00:00,-122.177471523886,36.5852204883964,0,"available_crw"
"254027_0_t1",183,"254027_0_t1_crw_183",20,"254027_0_t1_20240416T110000",2024-04-16 11:00:00,-122.399253960296,36.3803985996312,0,"available_crw"
"254027_0_t1",183,"254027_0_t1_crw_183",21,"254027_0_t1_20240416T170000",2024-04-16 17:00:00,-122.507107498946,36.4560590608248,0,"available_crw"
"254027_0_t1",183,"254027_0_t1_crw_183",22,"254027_0_t1_20240416T230000",2024-04-16 23:00:00,-122.49176447258,36.4531246582163,0,"available_crw"
"254027_0_t1",183,"254027_0_t1_crw_183",23,"254027_0_t1_20240417T050000",2024-04-17 05:00:00,-122.491050327171,36.1810302151477,0,"available_crw"
"254027_0_t1",183,"254027_0_t1_crw_183",24,"254027_0_t1_20240417T110000",2024-04-17 11:00:00,-122.45467514697,36.1973523198711,0,"available_crw"
"254027_0_t1",183,"254027_0_t1_crw_183",25,"254027_0_t1_20240417T170000",2024-04-17 17:00:00,-122.309038427977,36.2533143115148,0,"available_crw"
"254027_0_t1",183,"254027_0_t1_crw_183",26,"254027_0_t1_20240417T230000",2024-04-17 23:00:00,-122.040724450431,36.2976866649039,0,"available_crw"
"254027_0_t1",183,"254027_0_t1_crw_183",27,"254027_0_t1_20240418T050000",2024-04-18 05:00:00,-121.870472595336,36.025035852341,0,"available_crw"
"254027_0_t1",183,"254027_0_t1_crw_183",28,"254027_0_t1_20240418T110000",2024-04-18 11:00:00,-121.837303998983,35.9773301870265,0,"available_crw"
"254027_0_t1",183,"254027_0_t1_crw_183",29,"254027_0_t1_20240418T170000",2024-04-18 17:00:00,-121.875985795784,36.0038600023229,0,"available_crw"
"254027_0_t1",183,"254027_0_t1_crw_183",30,"254027_0_t1_20240418T230000",2024-04-18 23:00:00,-121.793658899787,36.0334773294626,0,"available_crw"
"254027_0_t1",183,"254027_0_t1_crw_183",31,"254027_0_t1_20240419T050000",2024-04-19 05:00:00,-121.784729135189,36.0193621277871,0,"available_crw"
"254027_0_t1",183,"254027_0_t1_crw_183",32,"254027_0_t1_20240419T110000",2024-04-19 11:00:00,-121.655234311855,35.7884762531771,0,"available_crw"
"254027_0_t1",184,"254027_0_t1_crw_184",1,"254027_0_t1_20240411T170000",2024-04-11 17:00:00,-121.8431658,36.81026373,0,"available_crw"
"254027_0_t1",184,"254027_0_t1_crw_184",2,"254027_0_t1_20240411T230000",2024-04-11 23:00:00,-122.012275888198,36.774598486074,0,"available_crw"
"254027_0_t1",184,"254027_0_t1_crw_184",3,"254027_0_t1_20240412T050000",2024-04-12 05:00:00,-122.287832322801,36.7702632867573,0,"available_crw"
"254027_0_t1",184,"254027_0_t1_crw_184",4,"254027_0_t1_20240412T110000",2024-04-12 11:00:00,-122.266860068944,36.7410948699584,0,"available_crw"
"254027_0_t1",184,"254027_0_t1_crw_184",5,"254027_0_t1_20240412T170000",2024-04-12 17:00:00,-122.306262727462,36.7672979627054,0,"available_crw"
"254027_0_t1",184,"254027_0_t1_crw_184",6,"254027_0_t1_20240412T230000",2024-04-12 23:00:00,-122.431840721963,36.8903672807026,0,"available_crw"
"254027_0_t1",184,"254027_0_t1_crw_184",7,"254027_0_t1_20240413T050000",2024-04-13 05:00:00,-122.595567579149,36.8364344577108,0,"available_crw"
"254027_0_t1",184,"254027_0_t1_crw_184",8,"254027_0_t1_20240413T110000",2024-04-13 11:00:00,-122.55521417887,36.8464578147355,0,"available_crw"
"254027_0_t1",184,"254027_0_t1_crw_184",9,"254027_0_t1_20240413T170000",2024-04-13 17:00:00,-122.225016966589,36.8325162719796,0,"available_crw"
"254027_0_t1",184,"254027_0_t1_crw_184",10,"254027_0_t1_20240413T230000",2024-04-13 23:00:00,-122.224531941331,36.8515569074163,0,"available_crw"
"254027_0_t1",184,"254027_0_t1_crw_184",11,"254027_0_t1_20240414T050000",2024-04-14 05:00:00,-121.893493725391,36.908918763192,0,"available_crw"
"254027_0_t1",184,"254027_0_t1_crw_184",12,"254027_0_t1_20240414T110000",2024-04-14 11:00:00,-121.920990714446,36.9343737846861,0,"available_crw"
"254027_0_t1",184,"254027_0_t1_crw_184",13,"254027_0_t1_20240414T170000",2024-04-14 17:00:00,-121.906226006353,36.9297166176113,0,"available_crw"
"254027_0_t1",184,"254027_0_t1_crw_184",14,"254027_0_t1_20240414T230000",2024-04-14 23:00:00,-121.953169511596,36.9378890067832,0,"available_crw"
"254027_0_t1",184,"254027_0_t1_crw_184",15,"254027_0_t1_20240415T050000",2024-04-15 05:00:00,-121.941158926144,36.90560287849,0,"available_crw"
"254027_0_t1",184,"254027_0_t1_crw_184",16,"254027_0_t1_20240415T110000",2024-04-15 11:00:00,-121.899460895289,36.814192198044,0,"available_crw"
"254027_0_t1",184,"254027_0_t1_crw_184",17,"254027_0_t1_20240415T170000",2024-04-15 17:00:00,-121.798224962108,36.6995850663223,0,"available_crw"
"254027_0_t1",184,"254027_0_t1_crw_184",18,"254027_0_t1_20240415T230000",2024-04-15 23:00:00,-122.020079067376,36.4946117895898,0,"available_crw"
"254027_0_t1",184,"254027_0_t1_crw_184",19,"254027_0_t1_20240416T050000",2024-04-16 05:00:00,-122.084555132377,36.4318866492286,0,"available_crw"
"254027_0_t1",184,"254027_0_t1_crw_184",20,"254027_0_t1_20240416T110000",2024-04-16 11:00:00,-122.127439532123,36.3992739414942,0,"available_crw"
"254027_0_t1",184,"254027_0_t1_crw_184",21,"254027_0_t1_20240416T170000",2024-04-16 17:00:00,-122.251541515099,36.3157400280388,0,"available_crw"
"254027_0_t1",184,"254027_0_t1_crw_184",22,"254027_0_t1_20240416T230000",2024-04-16 23:00:00,-122.220270533238,36.3448464791668,0,"available_crw"
"254027_0_t1",184,"254027_0_t1_crw_184",23,"254027_0_t1_20240417T050000",2024-04-17 05:00:00,-122.178228785009,36.3878134301292,0,"available_crw"
"254027_0_t1",184,"254027_0_t1_crw_184",24,"254027_0_t1_20240417T110000",2024-04-17 11:00:00,-122.10089514716,36.4625030529016,0,"available_crw"
"254027_0_t1",184,"254027_0_t1_crw_184",25,"254027_0_t1_20240417T170000",2024-04-17 17:00:00,-122.256271817738,36.5676241052188,0,"available_crw"
"254027_0_t1",184,"254027_0_t1_crw_184",26,"254027_0_t1_20240417T230000",2024-04-17 23:00:00,-122.419655899365,36.7460528706934,0,"available_crw"
"254027_0_t1",184,"254027_0_t1_crw_184",27,"254027_0_t1_20240418T050000",2024-04-18 05:00:00,-122.438199860984,36.734221357626,0,"available_crw"
"254027_0_t1",184,"254027_0_t1_crw_184",28,"254027_0_t1_20240418T110000",2024-04-18 11:00:00,-122.57118209988,36.6594839066242,0,"available_crw"
"254027_0_t1",184,"254027_0_t1_crw_184",29,"254027_0_t1_20240418T170000",2024-04-18 17:00:00,-122.585416327117,36.7317265606227,0,"available_crw"
"254027_0_t1",184,"254027_0_t1_crw_184",30,"254027_0_t1_20240418T230000",2024-04-18 23:00:00,-122.575976290531,36.7215049390812,0,"available_crw"
"254027_0_t1",184,"254027_0_t1_crw_184",31,"254027_0_t1_20240419T050000",2024-04-19 05:00:00,-122.409348176052,36.7687778012089,0,"available_crw"
"254027_0_t1",184,"254027_0_t1_crw_184",32,"254027_0_t1_20240419T110000",2024-04-19 11:00:00,-122.10698388451,36.8414718914849,0,"available_crw"
"254027_0_t1",185,"254027_0_t1_crw_185",1,"254027_0_t1_20240411T170000",2024-04-11 17:00:00,-121.8431658,36.81026373,0,"available_crw"
"254027_0_t1",185,"254027_0_t1_crw_185",2,"254027_0_t1_20240411T230000",2024-04-11 23:00:00,-121.802387385465,36.8756446011203,0,"available_crw"
"254027_0_t1",185,"254027_0_t1_crw_185",3,"254027_0_t1_20240412T050000",2024-04-12 05:00:00,-121.807971361571,36.8347618499497,0,"available_crw"
"254027_0_t1",185,"254027_0_t1_crw_185",4,"254027_0_t1_20240412T110000",2024-04-12 11:00:00,-122.183021416799,36.7854240693386,0,"available_crw"
"254027_0_t1",185,"254027_0_t1_crw_185",5,"254027_0_t1_20240412T170000",2024-04-12 17:00:00,-122.150087950394,36.6239446963378,0,"available_crw"
"254027_0_t1",185,"254027_0_t1_crw_185",6,"254027_0_t1_20240412T230000",2024-04-12 23:00:00,-122.16929669744,36.6204658699744,0,"available_crw"
"254027_0_t1",185,"254027_0_t1_crw_185",7,"254027_0_t1_20240413T050000",2024-04-13 05:00:00,-122.275978915696,36.7454073589283,0,"available_crw"
"254027_0_t1",185,"254027_0_t1_crw_185",8,"254027_0_t1_20240413T110000",2024-04-13 11:00:00,-122.0491398814,36.9473456982693,0,"available_crw"
"254027_0_t1",185,"254027_0_t1_crw_185",9,"254027_0_t1_20240413T170000",2024-04-13 17:00:00,-121.942450152316,36.8700247367511,0,"available_crw"
"254027_0_t1",185,"254027_0_t1_crw_185",10,"254027_0_t1_20240413T230000",2024-04-13 23:00:00,-121.971136196846,36.8949485196651,0,"available_crw"
"254027_0_t1",185,"254027_0_t1_crw_185",11,"254027_0_t1_20240414T050000",2024-04-14 05:00:00,-122.035451913647,36.8824500582411,0,"available_crw"
"254027_0_t1",185,"254027_0_t1_crw_185",12,"254027_0_t1_20240414T110000",2024-04-14 11:00:00,-122.146205193325,36.8164603786058,0,"available_crw"
"254027_0_t1",185,"254027_0_t1_crw_185",13,"254027_0_t1_20240414T170000",2024-04-14 17:00:00,-122.087480146078,36.6823651872525,0,"available_crw"
"254027_0_t1",185,"254027_0_t1_crw_185",14,"254027_0_t1_20240414T230000",2024-04-14 23:00:00,-121.895628595767,36.7363677341379,0,"available_crw"
"254027_0_t1",185,"254027_0_t1_crw_185",15,"254027_0_t1_20240415T050000",2024-04-15 05:00:00,-121.884185177479,36.7887161121203,0,"available_crw"
"254027_0_t1",185,"254027_0_t1_crw_185",16,"254027_0_t1_20240415T110000",2024-04-15 11:00:00,-121.868913345211,36.8693063398641,0,"available_crw"
"254027_0_t1",185,"254027_0_t1_crw_185",17,"254027_0_t1_20240415T170000",2024-04-15 17:00:00,-121.861780215864,36.9237906916452,0,"available_crw"
"254027_0_t1",185,"254027_0_t1_crw_185",18,"254027_0_t1_20240415T230000",2024-04-15 23:00:00,-121.859990039809,36.9166250452879,0,"available_crw"
"254027_0_t1",185,"254027_0_t1_crw_185",19,"254027_0_t1_20240416T050000",2024-04-16 05:00:00,-121.861523294838,36.7457749239808,0,"available_crw"
"254027_0_t1",185,"254027_0_t1_crw_185",20,"254027_0_t1_20240416T110000",2024-04-16 11:00:00,-121.976683141393,36.4967557365418,0,"available_crw"
"254027_0_t1",185,"254027_0_t1_crw_185",21,"254027_0_t1_20240416T170000",2024-04-16 17:00:00,-122.089135844236,36.3520548934345,0,"available_crw"
"254027_0_t1",185,"254027_0_t1_crw_185",22,"254027_0_t1_20240416T230000",2024-04-16 23:00:00,-122.348093061554,36.1887400395304,0,"available_crw"
"254027_0_t1",185,"254027_0_t1_crw_185",23,"254027_0_t1_20240417T050000",2024-04-17 05:00:00,-122.312893634045,36.2071430215633,0,"available_crw"
"254027_0_t1",185,"254027_0_t1_crw_185",24,"254027_0_t1_20240417T110000",2024-04-17 11:00:00,-122.229572091567,36.2528672505797,0,"available_crw"
"254027_0_t1",185,"254027_0_t1_crw_185",25,"254027_0_t1_20240417T170000",2024-04-17 17:00:00,-122.235197880421,36.2471516876993,0,"available_crw"
"254027_0_t1",185,"254027_0_t1_crw_185",26,"254027_0_t1_20240417T230000",2024-04-17 23:00:00,-122.441060933346,36.0559875844428,0,"available_crw"
"254027_0_t1",185,"254027_0_t1_crw_185",27,"254027_0_t1_20240418T050000",2024-04-18 05:00:00,-122.483567801892,35.9506831321477,0,"available_crw"
"254027_0_t1",185,"254027_0_t1_crw_185",28,"254027_0_t1_20240418T110000",2024-04-18 11:00:00,-122.486460012079,35.8523248432843,0,"available_crw"
"254027_0_t1",185,"254027_0_t1_crw_185",29,"254027_0_t1_20240418T170000",2024-04-18 17:00:00,-122.486540649345,35.7707830778986,0,"available_crw"
"254027_0_t1",185,"254027_0_t1_crw_185",30,"254027_0_t1_20240418T230000",2024-04-18 23:00:00,-122.285707234385,35.7702864455582,0,"available_crw"
"254027_0_t1",185,"254027_0_t1_crw_185",31,"254027_0_t1_20240419T050000",2024-04-19 05:00:00,-122.286401022677,35.7893262153702,0,"available_crw"
"254027_0_t1",185,"254027_0_t1_crw_185",32,"254027_0_t1_20240419T110000",2024-04-19 11:00:00,-122.487189167095,35.7844983646322,0,"available_crw"
"254027_0_t1",186,"254027_0_t1_crw_186",1,"254027_0_t1_20240411T170000",2024-04-11 17:00:00,-121.8431658,36.81026373,0,"available_crw"
"254027_0_t1",186,"254027_0_t1_crw_186",2,"254027_0_t1_20240411T230000",2024-04-11 23:00:00,-121.964185643552,36.8139417624546,0,"available_crw"
"254027_0_t1",186,"254027_0_t1_crw_186",3,"254027_0_t1_20240412T050000",2024-04-12 05:00:00,-122.125820419642,36.8267290891184,0,"available_crw"
"254027_0_t1",186,"254027_0_t1_crw_186",4,"254027_0_t1_20240412T110000",2024-04-12 11:00:00,-122.286247281996,36.8472992573735,0,"available_crw"
"254027_0_t1",186,"254027_0_t1_crw_186",5,"254027_0_t1_20240412T170000",2024-04-12 17:00:00,-122.444900831734,36.8755801724165,0,"available_crw"
"254027_0_t1",186,"254027_0_t1_crw_186",6,"254027_0_t1_20240412T230000",2024-04-12 23:00:00,-122.750156445726,36.9412696966028,0,"available_crw"
"254027_0_t1",186,"254027_0_t1_crw_186",7,"254027_0_t1_20240413T050000",2024-04-13 05:00:00,-122.940577842036,37.017805244422,0,"available_crw"
"254027_0_t1",186,"254027_0_t1_crw_186",8,"254027_0_t1_20240413T110000",2024-04-13 11:00:00,-123.003071645871,37.0399743197477,0,"available_crw"
"254027_0_t1",186,"254027_0_t1_crw_186",9,"254027_0_t1_20240413T170000",2024-04-13 17:00:00,-122.933350947287,37.0871766576501,0,"available_crw"
"254027_0_t1",186,"254027_0_t1_crw_186",10,"254027_0_t1_20240413T230000",2024-04-13 23:00:00,-122.96804581537,37.0676932775947,0,"available_crw"
"254027_0_t1",186,"254027_0_t1_crw_186",11,"254027_0_t1_20240414T050000",2024-04-14 05:00:00,-123.049925050689,37.0193327969541,0,"available_crw"
"254027_0_t1",186,"254027_0_t1_crw_186",12,"254027_0_t1_20240414T110000",2024-04-14 11:00:00,-123.011763067604,37.0052252823616,0,"available_crw"
"254027_0_t1",186,"254027_0_t1_crw_186",13,"254027_0_t1_20240414T170000",2024-04-14 17:00:00,-123.027623815636,37.004590855995,0,"available_crw"
"254027_0_t1",186,"254027_0_t1_crw_186",14,"254027_0_t1_20240414T230000",2024-04-14 23:00:00,-123.344491136407,37.0827976850463,0,"available_crw"
"254027_0_t1",186,"254027_0_t1_crw_186",15,"254027_0_t1_20240415T050000",2024-04-15 05:00:00,-123.482043958595,37.0713636126132,0,"available_crw"
"254027_0_t1",186,"254027_0_t1_crw_186",16,"254027_0_t1_20240415T110000",2024-04-15 11:00:00,-123.582947612054,37.0609799792799,0,"available_crw"
"254027_0_t1",186,"254027_0_t1_crw_186",17,"254027_0_t1_20240415T170000",2024-04-15 17:00:00,-123.731194297372,37.3426107519254,0,"available_crw"
"254027_0_t1",186,"254027_0_t1_crw_186",18,"254027_0_t1_20240415T230000",2024-04-15 23:00:00,-123.695911233828,37.3126493553376,0,"available_crw"
"254027_0_t1",186,"254027_0_t1_crw_186",19,"254027_0_t1_20240416T050000",2024-04-16 05:00:00,-123.646682135051,37.2745108676133,0,"available_crw"
"254027_0_t1",186,"254027_0_t1_crw_186",20,"254027_0_t1_20240416T110000",2024-04-16 11:00:00,-123.527012274074,37.1329830649112,0,"available_crw"
"254027_0_t1",186,"254027_0_t1_crw_186",21,"254027_0_t1_20240416T170000",2024-04-16 17:00:00,-123.461719913617,37.0508406721988,0,"available_crw"
"254027_0_t1",186,"254027_0_t1_crw_186",22,"254027_0_t1_20240416T230000",2024-04-16 23:00:00,-123.697278191992,36.8551920678255,0,"available_crw"
"254027_0_t1",186,"254027_0_t1_crw_186",23,"254027_0_t1_20240417T050000",2024-04-17 05:00:00,-123.872716688101,36.7587877748901,0,"available_crw"
"254027_0_t1",186,"254027_0_t1_crw_186",24,"254027_0_t1_20240417T110000",2024-04-17 11:00:00,-123.968105626532,36.6989210690028,0,"available_crw"
"254027_0_t1",186,"254027_0_t1_crw_186",25,"254027_0_t1_20240417T170000",2024-04-17 17:00:00,-123.952936766427,36.684310765175,0,"available_crw"
"254027_0_t1",186,"254027_0_t1_crw_186",26,"254027_0_t1_20240417T230000",2024-04-17 23:00:00,-123.935314441925,36.6970103553056,0,"available_crw"
"254027_0_t1",186,"254027_0_t1_crw_186",27,"254027_0_t1_20240418T050000",2024-04-18 05:00:00,-123.616800818573,36.5312939456378,0,"available_crw"
"254027_0_t1",186,"254027_0_t1_crw_186",28,"254027_0_t1_20240418T110000",2024-04-18 11:00:00,-123.506154376635,36.6684888528573,0,"available_crw"
"254027_0_t1",186,"254027_0_t1_crw_186",29,"254027_0_t1_20240418T170000",2024-04-18 17:00:00,-123.54787540134,36.6709569831381,0,"available_crw"
"254027_0_t1",186,"254027_0_t1_crw_186",30,"254027_0_t1_20240418T230000",2024-04-18 23:00:00,-123.719098695253,36.6436957457505,0,"available_crw"
"254027_0_t1",186,"254027_0_t1_crw_186",31,"254027_0_t1_20240419T050000",2024-04-19 05:00:00,-123.67561131081,36.6652415715525,0,"available_crw"
"254027_0_t1",186,"254027_0_t1_crw_186",32,"254027_0_t1_20240419T110000",2024-04-19 11:00:00,-123.595594059369,36.7553980952915,0,"available_crw"
"254027_0_t1",187,"254027_0_t1_crw_187",1,"254027_0_t1_20240411T170000",2024-04-11 17:00:00,-121.8431658,36.81026373,0,"available_crw"
"254027_0_t1",187,"254027_0_t1_crw_187",2,"254027_0_t1_20240411T230000",2024-04-11 23:00:00,-121.911310012985,36.9516577363603,0,"available_crw"
"254027_0_t1",187,"254027_0_t1_crw_187",3,"254027_0_t1_20240412T050000",2024-04-12 05:00:00,-122.087990946587,36.9415398762746,0,"available_crw"
"254027_0_t1",187,"254027_0_t1_crw_187",4,"254027_0_t1_20240412T110000",2024-04-12 11:00:00,-122.065142415798,36.9132741728654,0,"available_crw"
"254027_0_t1",187,"254027_0_t1_crw_187",5,"254027_0_t1_20240412T170000",2024-04-12 17:00:00,-121.99147893676,36.7655292741465,0,"available_crw"
"254027_0_t1",187,"254027_0_t1_crw_187",6,"254027_0_t1_20240412T230000",2024-04-12 23:00:00,-122.082157369169,36.7707521370826,0,"available_crw"
"254027_0_t1",187,"254027_0_t1_crw_187",7,"254027_0_t1_20240413T050000",2024-04-13 05:00:00,-122.212455440174,36.7349137624302,0,"available_crw"
"254027_0_t1",187,"254027_0_t1_crw_187",8,"254027_0_t1_20240413T110000",2024-04-13 11:00:00,-122.205132497179,36.7392363114374,0,"available_crw"
"254027_0_t1",187,"254027_0_t1_crw_187",9,"254027_0_t1_20240413T170000",2024-04-13 17:00:00,-122.241241055409,36.7216969903185,0,"available_crw"
"254027_0_t1",187,"254027_0_t1_crw_187",10,"254027_0_t1_20240413T230000",2024-04-13 23:00:00,-122.204707266822,36.7466471331853,0,"available_crw"
"254027_0_t1",187,"254027_0_t1_crw_187",11,"254027_0_t1_20240414T050000",2024-04-14 05:00:00,-122.220617772169,36.7607465345349,0,"available_crw"
"254027_0_t1",187,"254027_0_t1_crw_187",12,"254027_0_t1_20240414T110000",2024-04-14 11:00:00,-122.380529453129,36.7003480020058,0,"available_crw"
"254027_0_t1",187,"254027_0_t1_crw_187",13,"254027_0_t1_20240414T170000",2024-04-14 17:00:00,-122.379332904457,36.7734860701433,0,"available_crw"
"254027_0_t1",187,"254027_0_t1_crw_187",14,"254027_0_t1_20240414T230000",2024-04-14 23:00:00,-122.372181987285,36.7621230810362,0,"available_crw"
"254027_0_t1",187,"254027_0_t1_crw_187",15,"254027_0_t1_20240415T050000",2024-04-15 05:00:00,-122.320471139656,36.6740835244625,0,"available_crw"
"254027_0_t1",187,"254027_0_t1_crw_187",16,"254027_0_t1_20240415T110000",2024-04-15 11:00:00,-122.607216919036,36.4743110559028,0,"available_crw"
"254027_0_t1",187,"254027_0_t1_crw_187",17,"254027_0_t1_20240415T170000",2024-04-15 17:00:00,-122.57309242187,36.4941410981253,0,"available_crw"
"254027_0_t1",187,"254027_0_t1_crw_187",18,"254027_0_t1_20240415T230000",2024-04-15 23:00:00,-122.414773300681,36.4126610258705,0,"available_crw"
"254027_0_t1",187,"254027_0_t1_crw_187",19,"254027_0_t1_20240416T050000",2024-04-16 05:00:00,-122.525574860821,36.1204980047811,0,"available_crw"
"254027_0_t1",187,"254027_0_t1_crw_187",20,"254027_0_t1_20240416T110000",2024-04-16 11:00:00,-122.591582070299,36.1703497886481,0,"available_crw"
"254027_0_t1",187,"254027_0_t1_crw_187",21,"254027_0_t1_20240416T170000",2024-04-16 17:00:00,-122.720049663966,36.2082574860981,0,"available_crw"
"254027_0_t1",187,"254027_0_t1_crw_187",22,"254027_0_t1_20240416T230000",2024-04-16 23:00:00,-122.772376302982,36.2298830177893,0,"available_crw"
"254027_0_t1",187,"254027_0_t1_crw_187",23,"254027_0_t1_20240417T050000",2024-04-17 05:00:00,-122.782337530751,36.2126300353231,0,"available_crw"
"254027_0_t1",187,"254027_0_t1_crw_187",24,"254027_0_t1_20240417T110000",2024-04-17 11:00:00,-122.836088295433,36.1255261497664,0,"available_crw"
"254027_0_t1",187,"254027_0_t1_crw_187",25,"254027_0_t1_20240417T170000",2024-04-17 17:00:00,-122.836374800807,36.1382622542142,0,"available_crw"
"254027_0_t1",187,"254027_0_t1_crw_187",26,"254027_0_t1_20240417T230000",2024-04-17 23:00:00,-122.8168644851,36.1394743841906,0,"available_crw"
"254027_0_t1",187,"254027_0_t1_crw_187",27,"254027_0_t1_20240418T050000",2024-04-18 05:00:00,-122.703690158478,36.1749167686019,0,"available_crw"
"254027_0_t1",187,"254027_0_t1_crw_187",28,"254027_0_t1_20240418T110000",2024-04-18 11:00:00,-122.563916142733,36.2582842691606,0,"available_crw"
"254027_0_t1",187,"254027_0_t1_crw_187",29,"254027_0_t1_20240418T170000",2024-04-18 17:00:00,-122.621632297352,36.3925932996487,0,"available_crw"
"254027_0_t1",187,"254027_0_t1_crw_187",30,"254027_0_t1_20240418T230000",2024-04-18 23:00:00,-122.531791196655,36.383963468218,0,"available_crw"
"254027_0_t1",187,"254027_0_t1_crw_187",31,"254027_0_t1_20240419T050000",2024-04-19 05:00:00,-122.400061007534,36.4146172349937,0,"available_crw"
"254027_0_t1",187,"254027_0_t1_crw_187",32,"254027_0_t1_20240419T110000",2024-04-19 11:00:00,-122.455812315944,36.5719584488299,0,"available_crw"
"254027_0_t1",188,"254027_0_t1_crw_188",1,"254027_0_t1_20240411T170000",2024-04-11 17:00:00,-121.8431658,36.81026373,0,"available_crw"
"254027_0_t1",188,"254027_0_t1_crw_188",2,"254027_0_t1_20240411T230000",2024-04-11 23:00:00,-122.110454562636,36.8650233612621,0,"available_crw"
"254027_0_t1",188,"254027_0_t1_crw_188",3,"254027_0_t1_20240412T050000",2024-04-12 05:00:00,-122.160611027433,36.7064350936492,0,"available_crw"
"254027_0_t1",188,"254027_0_t1_crw_188",4,"254027_0_t1_20240412T110000",2024-04-12 11:00:00,-122.540043646094,36.6995171460014,0,"available_crw"
"254027_0_t1",188,"254027_0_t1_crw_188",5,"254027_0_t1_20240412T170000",2024-04-12 17:00:00,-122.855163552942,36.704512274839,0,"available_crw"
"254027_0_t1",188,"254027_0_t1_crw_188",6,"254027_0_t1_20240412T230000",2024-04-12 23:00:00,-122.854792253425,36.6854684425194,0,"available_crw"
"254027_0_t1",188,"254027_0_t1_crw_188",7,"254027_0_t1_20240413T050000",2024-04-13 05:00:00,-122.818458020447,36.7021878563291,0,"available_crw"
"254027_0_t1",188,"254027_0_t1_crw_188",8,"254027_0_t1_20240413T110000",2024-04-13 11:00:00,-122.856977275867,36.8409587482181,0,"available_crw"
"254027_0_t1",188,"254027_0_t1_crw_188",9,"254027_0_t1_20240413T170000",2024-04-13 17:00:00,-123.055641451252,36.8052884987794,0,"available_crw"
"254027_0_t1",188,"254027_0_t1_crw_188",10,"254027_0_t1_20240413T230000",2024-04-13 23:00:00,-123.167667292103,36.74081005474,0,"available_crw"
"254027_0_t1",188,"254027_0_t1_crw_188",11,"254027_0_t1_20240414T050000",2024-04-14 05:00:00,-123.347494192504,36.6746636831639,0,"available_crw"
"254027_0_t1",188,"254027_0_t1_crw_188",12,"254027_0_t1_20240414T110000",2024-04-14 11:00:00,-123.454040332997,36.6287199748056,0,"available_crw"
"254027_0_t1",188,"254027_0_t1_crw_188",13,"254027_0_t1_20240414T170000",2024-04-14 17:00:00,-123.455188370583,36.5755693384165,0,"available_crw"
"254027_0_t1",188,"254027_0_t1_crw_188",14,"254027_0_t1_20240414T230000",2024-04-14 23:00:00,-123.524782268492,36.3610672142502,0,"available_crw"
"254027_0_t1",188,"254027_0_t1_crw_188",15,"254027_0_t1_20240415T050000",2024-04-15 05:00:00,-123.520243574011,36.3994599630052,0,"available_crw"
"254027_0_t1",188,"254027_0_t1_crw_188",16,"254027_0_t1_20240415T110000",2024-04-15 11:00:00,-123.516936417518,36.4541892534113,0,"available_crw"
"254027_0_t1",188,"254027_0_t1_crw_188",17,"254027_0_t1_20240415T170000",2024-04-15 17:00:00,-123.374221563356,36.4486958039025,0,"available_crw"
"254027_0_t1",188,"254027_0_t1_crw_188",18,"254027_0_t1_20240415T230000",2024-04-15 23:00:00,-123.421656655969,36.4443640609503,0,"available_crw"
"254027_0_t1",188,"254027_0_t1_crw_188",19,"254027_0_t1_20240416T050000",2024-04-16 05:00:00,-123.418215294698,36.4255214266235,0,"available_crw"
"254027_0_t1",188,"254027_0_t1_crw_188",20,"254027_0_t1_20240416T110000",2024-04-16 11:00:00,-123.386793332891,36.1729911027439,0,"available_crw"
"254027_0_t1",188,"254027_0_t1_crw_188",21,"254027_0_t1_20240416T170000",2024-04-16 17:00:00,-123.737794180866,36.0620428959825,0,"available_crw"
"254027_0_t1",188,"254027_0_t1_crw_188",22,"254027_0_t1_20240416T230000",2024-04-16 23:00:00,-123.929756298203,36.2852233863618,0,"available_crw"
"254027_0_t1",188,"254027_0_t1_crw_188",23,"254027_0_t1_20240417T050000",2024-04-17 05:00:00,-123.91436855818,36.2950560244495,0,"available_crw"
"254027_0_t1",188,"254027_0_t1_crw_188",24,"254027_0_t1_20240417T110000",2024-04-17 11:00:00,-123.651074843222,36.1262185939018,0,"available_crw"
"254027_0_t1",188,"254027_0_t1_crw_188",25,"254027_0_t1_20240417T170000",2024-04-17 17:00:00,-123.659482392228,36.1288480194964,0,"available_crw"
"254027_0_t1",188,"254027_0_t1_crw_188",26,"254027_0_t1_20240417T230000",2024-04-17 23:00:00,-123.612961606065,36.120902696591,0,"available_crw"
"254027_0_t1",188,"254027_0_t1_crw_188",27,"254027_0_t1_20240418T050000",2024-04-18 05:00:00,-123.641993546919,36.0079042374595,0,"available_crw"
"254027_0_t1",188,"254027_0_t1_crw_188",28,"254027_0_t1_20240418T110000",2024-04-18 11:00:00,-123.976704939922,35.9995076156118,0,"available_crw"
"254027_0_t1",188,"254027_0_t1_crw_188",29,"254027_0_t1_20240418T170000",2024-04-18 17:00:00,-123.970404936343,35.8359283942745,0,"available_crw"
"254027_0_t1",188,"254027_0_t1_crw_188",30,"254027_0_t1_20240418T230000",2024-04-18 23:00:00,-123.76949228499,35.8406789547007,0,"available_crw"
"254027_0_t1",188,"254027_0_t1_crw_188",31,"254027_0_t1_20240419T050000",2024-04-19 05:00:00,-123.65035898775,35.8493108380912,0,"available_crw"
"254027_0_t1",188,"254027_0_t1_crw_188",32,"254027_0_t1_20240419T110000",2024-04-19 11:00:00,-123.335288697984,35.7800150156842,0,"available_crw"
"254027_0_t1",189,"254027_0_t1_crw_189",1,"254027_0_t1_20240411T170000",2024-04-11 17:00:00,-121.8431658,36.81026373,0,"available_crw"
"254027_0_t1",189,"254027_0_t1_crw_189",2,"254027_0_t1_20240411T230000",2024-04-11 23:00:00,-122.110454562636,36.8650233612621,0,"available_crw"
"254027_0_t1",189,"254027_0_t1_crw_189",3,"254027_0_t1_20240412T050000",2024-04-12 05:00:00,-122.285417750856,36.8622061893486,0,"available_crw"
"254027_0_t1",189,"254027_0_t1_crw_189",4,"254027_0_t1_20240412T110000",2024-04-12 11:00:00,-122.333969987188,36.725491428701,0,"available_crw"
"254027_0_t1",189,"254027_0_t1_crw_189",5,"254027_0_t1_20240412T170000",2024-04-12 17:00:00,-122.337933193987,36.7665005937521,0,"available_crw"
"254027_0_t1",189,"254027_0_t1_crw_189",6,"254027_0_t1_20240412T230000",2024-04-12 23:00:00,-122.015782462254,36.8496510652978,0,"available_crw"
"254027_0_t1",189,"254027_0_t1_crw_189",7,"254027_0_t1_20240413T050000",2024-04-13 05:00:00,-122.002605091126,36.9017383340749,0,"available_crw"
"254027_0_t1",189,"254027_0_t1_crw_189",8,"254027_0_t1_20240413T110000",2024-04-13 11:00:00,-121.98304675985,36.8994863604077,0,"available_crw"
"254027_0_t1",189,"254027_0_t1_crw_189",9,"254027_0_t1_20240413T170000",2024-04-13 17:00:00,-122.024178969597,36.9072997819532,0,"available_crw"
"254027_0_t1",189,"254027_0_t1_crw_189",10,"254027_0_t1_20240413T230000",2024-04-13 23:00:00,-122.071177774507,36.7480858256224,0,"available_crw"
"254027_0_t1",189,"254027_0_t1_crw_189",11,"254027_0_t1_20240414T050000",2024-04-14 05:00:00,-122.257486524253,36.7255714745833,0,"available_crw"
"254027_0_t1",189,"254027_0_t1_crw_189",12,"254027_0_t1_20240414T110000",2024-04-14 11:00:00,-122.28373134417,36.5849682438049,0,"available_crw"
"254027_0_t1",189,"254027_0_t1_crw_189",13,"254027_0_t1_20240414T170000",2024-04-14 17:00:00,-122.619772136577,36.5612509866976,0,"available_crw"
"254027_0_t1",189,"254027_0_t1_crw_189",14,"254027_0_t1_20240414T230000",2024-04-14 23:00:00,-122.646644267017,36.5127153155067,0,"available_crw"
"254027_0_t1",189,"254027_0_t1_crw_189",15,"254027_0_t1_20240415T050000",2024-04-15 05:00:00,-122.68565519226,36.4375144692339,0,"available_crw"
"254027_0_t1",189,"254027_0_t1_crw_189",16,"254027_0_t1_20240415T110000",2024-04-15 11:00:00,-122.645083992273,36.395671614339,0,"available_crw"
"254027_0_t1",189,"254027_0_t1_crw_189",17,"254027_0_t1_20240415T170000",2024-04-15 17:00:00,-122.667913129317,36.4241692156445,0,"available_crw"
"254027_0_t1",189,"254027_0_t1_crw_189",18,"254027_0_t1_20240415T230000",2024-04-15 23:00:00,-122.578061051214,36.4330391187753,0,"available_crw"
"254027_0_t1",189,"254027_0_t1_crw_189",19,"254027_0_t1_20240416T050000",2024-04-16 05:00:00,-122.623283484716,36.4141574129169,0,"available_crw"
"254027_0_t1",189,"254027_0_t1_crw_189",20,"254027_0_t1_20240416T110000",2024-04-16 11:00:00,-122.880828629847,36.6382120132664,0,"available_crw"
"254027_0_t1",189,"254027_0_t1_crw_189",21,"254027_0_t1_20240416T170000",2024-04-16 17:00:00,-122.944891646443,36.6255634217954,0,"available_crw"
"254027_0_t1",189,"254027_0_t1_crw_189",22,"254027_0_t1_20240416T230000",2024-04-16 23:00:00,-123.003529890933,36.6199879727402,0,"available_crw"
"254027_0_t1",189,"254027_0_t1_crw_189",23,"254027_0_t1_20240417T050000",2024-04-17 05:00:00,-123.12236770005,36.6025839584878,0,"available_crw"
"254027_0_t1",189,"254027_0_t1_crw_189",24,"254027_0_t1_20240417T110000",2024-04-17 11:00:00,-123.095966540881,36.57645961533,0,"available_crw"
"254027_0_t1",189,"254027_0_t1_crw_189",25,"254027_0_t1_20240417T170000",2024-04-17 17:00:00,-122.932410375985,36.629647730508,0,"available_crw"
"254027_0_t1",189,"254027_0_t1_crw_189",26,"254027_0_t1_20240417T230000",2024-04-17 23:00:00,-122.93943150571,36.6250211391369,0,"available_crw"
"254027_0_t1",189,"254027_0_t1_crw_189",27,"254027_0_t1_20240418T050000",2024-04-18 05:00:00,-123.104274528684,36.698224959823,0,"available_crw"
"254027_0_t1",189,"254027_0_t1_crw_189",28,"254027_0_t1_20240418T110000",2024-04-18 11:00:00,-123.32188316948,36.8982574120458,0,"available_crw"
"254027_0_t1",189,"254027_0_t1_crw_189",29,"254027_0_t1_20240418T170000",2024-04-18 17:00:00,-123.284869085889,36.8736964424484,0,"available_crw"
"254027_0_t1",189,"254027_0_t1_crw_189",30,"254027_0_t1_20240418T230000",2024-04-18 23:00:00,-123.0513869487,36.7029821155364,0,"available_crw"
"254027_0_t1",189,"254027_0_t1_crw_189",31,"254027_0_t1_20240419T050000",2024-04-19 05:00:00,-123.036050847308,36.7174834985715,0,"available_crw"
"254027_0_t1",189,"254027_0_t1_crw_189",32,"254027_0_t1_20240419T110000",2024-04-19 11:00:00,-122.923315527083,36.8114353455906,0,"available_crw"
"254027_0_t1",190,"254027_0_t1_crw_190",1,"254027_0_t1_20240411T170000",2024-04-11 17:00:00,-121.8431658,36.81026373,0,"available_crw"
"254027_0_t1",190,"254027_0_t1_crw_190",2,"254027_0_t1_20240411T230000",2024-04-11 23:00:00,-122.037018718084,36.8426236931558,0,"available_crw"
"254027_0_t1",190,"254027_0_t1_crw_190",3,"254027_0_t1_20240412T050000",2024-04-12 05:00:00,-122.021781730348,36.8461198064341,0,"available_crw"
"254027_0_t1",190,"254027_0_t1_crw_190",4,"254027_0_t1_20240412T110000",2024-04-12 11:00:00,-121.824407713393,36.8593081022348,0,"available_crw"
"254027_0_t1",190,"254027_0_t1_crw_190",5,"254027_0_t1_20240412T170000",2024-04-12 17:00:00,-121.837801748287,36.8525015706994,0,"available_crw"
"254027_0_t1",190,"254027_0_t1_crw_190",6,"254027_0_t1_20240412T230000",2024-04-12 23:00:00,-121.847912064242,36.9251849972661,0,"available_crw"
"254027_0_t1",190,"254027_0_t1_crw_190",7,"254027_0_t1_20240413T050000",2024-04-13 05:00:00,-121.882183671714,36.905741332839,0,"available_crw"
"254027_0_t1",190,"254027_0_t1_crw_190",8,"254027_0_t1_20240413T110000",2024-04-13 11:00:00,-121.845607281286,36.9227577787402,0,"available_crw"
"254027_0_t1",190,"254027_0_t1_crw_190",9,"254027_0_t1_20240413T170000",2024-04-13 17:00:00,-121.851765326276,36.9173758592917,0,"available_crw"
"254027_0_t1",190,"254027_0_t1_crw_190",10,"254027_0_t1_20240413T230000",2024-04-13 23:00:00,-121.89815309337,36.8130358453156,0,"available_crw"
"254027_0_t1",190,"254027_0_t1_crw_190",11,"254027_0_t1_20240414T050000",2024-04-14 05:00:00,-121.961981543721,36.6929850513711,0,"available_crw"
"254027_0_t1",190,"254027_0_t1_crw_190",12,"254027_0_t1_20240414T110000",2024-04-14 11:00:00,-121.963213567675,36.7056820490672,0,"available_crw"
"254027_0_t1",190,"254027_0_t1_crw_190",13,"254027_0_t1_20240414T170000",2024-04-14 17:00:00,-122.02319738681,36.7278910935826,0,"available_crw"
"254027_0_t1",190,"254027_0_t1_crw_190",14,"254027_0_t1_20240414T230000",2024-04-14 23:00:00,-122.108136962457,36.5792492708613,0,"available_crw"
"254027_0_t1",190,"254027_0_t1_crw_190",15,"254027_0_t1_20240415T050000",2024-04-15 05:00:00,-122.086364492438,36.5718783008816,0,"available_crw"
"254027_0_t1",190,"254027_0_t1_crw_190",16,"254027_0_t1_20240415T110000",2024-04-15 11:00:00,-122.137315923828,36.5735932853628,0,"available_crw"
"254027_0_t1",190,"254027_0_t1_crw_190",17,"254027_0_t1_20240415T170000",2024-04-15 17:00:00,-122.298383837985,36.5869403573286,0,"available_crw"
"254027_0_t1",190,"254027_0_t1_crw_190",18,"254027_0_t1_20240415T230000",2024-04-15 23:00:00,-122.39917936768,36.5932882998826,0,"available_crw"
"254027_0_t1",190,"254027_0_t1_crw_190",19,"254027_0_t1_20240416T050000",2024-04-16 05:00:00,-122.381908852112,36.562601884991,0,"available_crw"
"254027_0_t1",190,"254027_0_t1_crw_190",20,"254027_0_t1_20240416T110000",2024-04-16 11:00:00,-122.512004055686,36.5146280661021,0,"available_crw"
"254027_0_t1",190,"254027_0_t1_crw_190",21,"254027_0_t1_20240416T170000",2024-04-16 17:00:00,-122.48922744517,36.3736304260845,0,"available_crw"
"254027_0_t1",190,"254027_0_t1_crw_190",22,"254027_0_t1_20240416T230000",2024-04-16 23:00:00,-122.65269310532,36.2994248644052,0,"available_crw"
"254027_0_t1",190,"254027_0_t1_crw_190",23,"254027_0_t1_20240417T050000",2024-04-17 05:00:00,-122.615669307321,36.1604244576008,0,"available_crw"
"254027_0_t1",190,"254027_0_t1_crw_190",24,"254027_0_t1_20240417T110000",2024-04-17 11:00:00,-122.66057850435,35.8971274509451,0,"available_crw"
"254027_0_t1",190,"254027_0_t1_crw_190",25,"254027_0_t1_20240417T170000",2024-04-17 17:00:00,-122.608454932616,35.8650777834376,0,"available_crw"
"254027_0_t1",190,"254027_0_t1_crw_190",26,"254027_0_t1_20240417T230000",2024-04-17 23:00:00,-122.49514934714,35.8308685891586,0,"available_crw"
"254027_0_t1",190,"254027_0_t1_crw_190",27,"254027_0_t1_20240418T050000",2024-04-18 05:00:00,-122.424792372568,35.9842041235569,0,"available_crw"
"254027_0_t1",190,"254027_0_t1_crw_190",28,"254027_0_t1_20240418T110000",2024-04-18 11:00:00,-122.359252668199,36.1034676904134,0,"available_crw"
"254027_0_t1",190,"254027_0_t1_crw_190",29,"254027_0_t1_20240418T170000",2024-04-18 17:00:00,-122.491199839996,36.1971111328855,0,"available_crw"
"254027_0_t1",190,"254027_0_t1_crw_190",30,"254027_0_t1_20240418T230000",2024-04-18 23:00:00,-122.500050263656,36.1641812502352,0,"available_crw"
"254027_0_t1",190,"254027_0_t1_crw_190",31,"254027_0_t1_20240419T050000",2024-04-19 05:00:00,-122.519500573561,36.1192752969128,0,"available_crw"
"254027_0_t1",190,"254027_0_t1_crw_190",32,"254027_0_t1_20240419T110000",2024-04-19 11:00:00,-122.538878383841,36.0667829098002,0,"available_crw"
"254027_0_t1",191,"254027_0_t1_crw_191",1,"254027_0_t1_20240411T170000",2024-04-11 17:00:00,-121.8431658,36.81026373,0,"available_crw"
"254027_0_t1",191,"254027_0_t1_crw_191",2,"254027_0_t1_20240411T230000",2024-04-11 23:00:00,-121.964185643552,36.8139417624546,0,"available_crw"
"254027_0_t1",191,"254027_0_t1_crw_191",3,"254027_0_t1_20240412T050000",2024-04-12 05:00:00,-122.032321498995,36.8134074807778,0,"available_crw"
"254027_0_t1",191,"254027_0_t1_crw_191",4,"254027_0_t1_20240412T110000",2024-04-12 11:00:00,-121.984540142165,36.8281044522554,0,"available_crw"
"254027_0_t1",191,"254027_0_t1_crw_191",5,"254027_0_t1_20240412T170000",2024-04-12 17:00:00,-121.82945116614,36.8670101329208,0,"available_crw"
"254027_0_t1",191,"254027_0_t1_crw_191",6,"254027_0_t1_20240412T230000",2024-04-12 23:00:00,-121.836934658105,36.8628560370168,0,"available_crw"
"254027_0_t1",191,"254027_0_t1_crw_191",7,"254027_0_t1_20240413T050000",2024-04-13 05:00:00,-122.018402108329,36.7991866995716,0,"available_crw"
"254027_0_t1",191,"254027_0_t1_crw_191",8,"254027_0_t1_20240413T110000",2024-04-13 11:00:00,-122.222940266756,37.0160602771431,0,"available_crw"
"254027_0_t1",191,"254027_0_t1_crw_191",9,"254027_0_t1_20240413T170000",2024-04-13 17:00:00,-122.252740860712,37.0572167123772,0,"available_crw"
"254027_0_t1",191,"254027_0_t1_crw_191",10,"254027_0_t1_20240413T230000",2024-04-13 23:00:00,-122.24601878462,37.0522779866814,0,"available_crw"
"254027_0_t1",191,"254027_0_t1_crw_191",11,"254027_0_t1_20240414T050000",2024-04-14 05:00:00,-122.133096045471,36.9582123393608,0,"available_crw"
"254027_0_t1",191,"254027_0_t1_crw_191",12,"254027_0_t1_20240414T110000",2024-04-14 11:00:00,-121.994575666765,36.7664592142201,0,"available_crw"
"254027_0_t1",191,"254027_0_t1_crw_191",13,"254027_0_t1_20240414T170000",2024-04-14 17:00:00,-121.936765404928,36.6809190868512,0,"available_crw"
"254027_0_t1",191,"254027_0_t1_crw_191",14,"254027_0_t1_20240414T230000",2024-04-14 23:00:00,-121.966078998042,36.7114122525541,0,"available_crw"
"254027_0_t1",191,"254027_0_t1_crw_191",15,"254027_0_t1_20240415T050000",2024-04-15 05:00:00,-121.931085605737,36.6850871366303,0,"available_crw"
"254027_0_t1",191,"254027_0_t1_crw_191",16,"254027_0_t1_20240415T110000",2024-04-15 11:00:00,-121.837945504596,36.6230614605009,0,"available_crw"
"254027_0_t1",191,"254027_0_t1_crw_191",17,"254027_0_t1_20240415T170000",2024-04-15 17:00:00,-121.879220501946,36.6425658762106,0,"available_crw"
"254027_0_t1",191,"254027_0_t1_crw_191",18,"254027_0_t1_20240415T230000",2024-04-15 23:00:00,-122.036699384868,36.7570778056355,0,"available_crw"
"254027_0_t1",191,"254027_0_t1_crw_191",19,"254027_0_t1_20240416T050000",2024-04-16 05:00:00,-122.191688098681,36.9918589955666,0,"available_crw"
"254027_0_t1",191,"254027_0_t1_crw_191",20,"254027_0_t1_20240416T110000",2024-04-16 11:00:00,-122.162641373341,36.9611352636071,0,"available_crw"
"254027_0_t1",191,"254027_0_t1_crw_191",21,"254027_0_t1_20240416T170000",2024-04-16 17:00:00,-122.144223320702,36.9731459364903,0,"available_crw"
"254027_0_t1",191,"254027_0_t1_crw_191",22,"254027_0_t1_20240416T230000",2024-04-16 23:00:00,-122.159806600309,36.9875115090374,0,"available_crw"
"254027_0_t1",191,"254027_0_t1_crw_191",23,"254027_0_t1_20240417T050000",2024-04-17 05:00:00,-122.224643214726,36.9765754269492,0,"available_crw"
"254027_0_t1",191,"254027_0_t1_crw_191",24,"254027_0_t1_20240417T110000",2024-04-17 11:00:00,-122.329702925572,37.1026625772744,0,"available_crw"
"254027_0_t1",191,"254027_0_t1_crw_191",25,"254027_0_t1_20240417T170000",2024-04-17 17:00:00,-122.349037857907,37.0727370545361,0,"available_crw"
"254027_0_t1",191,"254027_0_t1_crw_191",26,"254027_0_t1_20240417T230000",2024-04-17 23:00:00,-122.72249336515,37.135270966412,0,"available_crw"
"254027_0_t1",191,"254027_0_t1_crw_191",27,"254027_0_t1_20240418T050000",2024-04-18 05:00:00,-122.674373231933,37.1335854731022,0,"available_crw"
"254027_0_t1",191,"254027_0_t1_crw_191",28,"254027_0_t1_20240418T110000",2024-04-18 11:00:00,-122.544576072407,37.1721009741774,0,"available_crw"
"254027_0_t1",191,"254027_0_t1_crw_191",29,"254027_0_t1_20240418T170000",2024-04-18 17:00:00,-122.494346149461,37.0639253228752,0,"available_crw"
"254027_0_t1",191,"254027_0_t1_crw_191",30,"254027_0_t1_20240418T230000",2024-04-18 23:00:00,-122.455123929116,36.9717614877887,0,"available_crw"
"254027_0_t1",191,"254027_0_t1_crw_191",31,"254027_0_t1_20240419T050000",2024-04-19 05:00:00,-122.40904031441,36.8816998074281,0,"available_crw"
"254027_0_t1",191,"254027_0_t1_crw_191",32,"254027_0_t1_20240419T110000",2024-04-19 11:00:00,-122.331898305605,36.8053294922616,0,"available_crw"
"254027_0_t1",192,"254027_0_t1_crw_192",1,"254027_0_t1_20240411T170000",2024-04-11 17:00:00,-121.8431658,36.81026373,0,"available_crw"
"254027_0_t1",192,"254027_0_t1_crw_192",2,"254027_0_t1_20240411T230000",2024-04-11 23:00:00,-122.158295718461,36.8244748904702,0,"available_crw"
"254027_0_t1",192,"254027_0_t1_crw_192",3,"254027_0_t1_20240412T050000",2024-04-12 05:00:00,-122.277157870289,36.8011871094302,0,"available_crw"
"254027_0_t1",192,"254027_0_t1_crw_192",4,"254027_0_t1_20240412T110000",2024-04-12 11:00:00,-122.25790417935,36.8726731611163,0,"available_crw"
"254027_0_t1",192,"254027_0_t1_crw_192",5,"254027_0_t1_20240412T170000",2024-04-12 17:00:00,-122.45700727645,36.9073423821152,0,"available_crw"
"254027_0_t1",192,"254027_0_t1_crw_192",6,"254027_0_t1_20240412T230000",2024-04-12 23:00:00,-122.464555465409,37.1793361676939,0,"available_crw"
"254027_0_t1",192,"254027_0_t1_crw_192",7,"254027_0_t1_20240413T050000",2024-04-13 05:00:00,-122.474731171553,37.2763561286458,0,"available_crw"
"254027_0_t1",192,"254027_0_t1_crw_192",8,"254027_0_t1_20240413T110000",2024-04-13 11:00:00,-122.45507299144,37.2786005119097,0,"available_crw"
"254027_0_t1",192,"254027_0_t1_crw_192",9,"254027_0_t1_20240413T170000",2024-04-13 17:00:00,-122.463329690934,37.2754568473652,0,"available_crw"
"254027_0_t1",192,"254027_0_t1_crw_192",10,"254027_0_t1_20240413T230000",2024-04-13 23:00:00,-122.456621570891,37.2804249359654,0,"available_crw"
"254027_0_t1",192,"254027_0_t1_crw_192",11,"254027_0_t1_20240414T050000",2024-04-14 05:00:00,-122.3942542041,37.3652443585498,0,"available_crw"
"254027_0_t1",192,"254027_0_t1_crw_192",12,"254027_0_t1_20240414T110000",2024-04-14 11:00:00,-122.411745389348,37.3293004406486,0,"available_crw"
"254027_0_t1",192,"254027_0_t1_crw_192",13,"254027_0_t1_20240414T170000",2024-04-14 17:00:00,-122.401683291972,37.3670156371582,0,"available_crw"
"254027_0_t1",192,"254027_0_t1_crw_192",14,"254027_0_t1_20240414T230000",2024-04-14 23:00:00,-122.404060645105,37.3285011866613,0,"available_crw"
"254027_0_t1",192,"254027_0_t1_crw_192",15,"254027_0_t1_20240415T050000",2024-04-15 05:00:00,-122.738672527664,37.2778681740681,0,"available_crw"
"254027_0_t1",192,"254027_0_t1_crw_192",16,"254027_0_t1_20240415T110000",2024-04-15 11:00:00,-122.694633035734,37.2991661776527,0,"available_crw"
"254027_0_t1",192,"254027_0_t1_crw_192",17,"254027_0_t1_20240415T170000",2024-04-15 17:00:00,-122.732811082056,37.2842704018234,0,"available_crw"
"254027_0_t1",192,"254027_0_t1_crw_192",18,"254027_0_t1_20240415T230000",2024-04-15 23:00:00,-122.723362680715,37.2945275509811,0,"available_crw"
"254027_0_t1",192,"254027_0_t1_crw_192",19,"254027_0_t1_20240416T050000",2024-04-16 05:00:00,-122.74302872546,37.3052912837988,0,"available_crw"
"254027_0_t1",192,"254027_0_t1_crw_192",20,"254027_0_t1_20240416T110000",2024-04-16 11:00:00,-122.936877162785,37.5214308416892,0,"available_crw"
"254027_0_t1",192,"254027_0_t1_crw_192",21,"254027_0_t1_20240416T170000",2024-04-16 17:00:00,-123.019976003824,37.6662074911277,0,"available_crw"
"254027_0_t1",192,"254027_0_t1_crw_192",22,"254027_0_t1_20240416T230000",2024-04-16 23:00:00,-122.983441441679,37.637091121635,0,"available_crw"
"254027_0_t1",192,"254027_0_t1_crw_192",23,"254027_0_t1_20240417T050000",2024-04-17 05:00:00,-123.010753652432,37.6631791212583,0,"available_crw"
"254027_0_t1",192,"254027_0_t1_crw_192",24,"254027_0_t1_20240417T110000",2024-04-17 11:00:00,-122.986500020326,37.6352455965215,0,"available_crw"
"254027_0_t1",192,"254027_0_t1_crw_192",25,"254027_0_t1_20240417T170000",2024-04-17 17:00:00,-122.901885819191,37.5233776369935,0,"available_crw"
"254027_0_t1",192,"254027_0_t1_crw_192",26,"254027_0_t1_20240417T230000",2024-04-17 23:00:00,-122.835184655647,37.5250632032635,0,"available_crw"
"254027_0_t1",192,"254027_0_t1_crw_192",27,"254027_0_t1_20240418T050000",2024-04-18 05:00:00,-122.666364882549,37.5663138406752,0,"available_crw"
"254027_0_t1",192,"254027_0_t1_crw_192",28,"254027_0_t1_20240418T110000",2024-04-18 11:00:00,-122.569118729629,37.5919125327359,0,"available_crw"
"254027_0_t1",192,"254027_0_t1_crw_192",29,"254027_0_t1_20240418T170000",2024-04-18 17:00:00,-122.572603836005,37.7340507036817,0,"available_crw"
"254027_0_t1",192,"254027_0_t1_crw_192",30,"254027_0_t1_20240418T230000",2024-04-18 23:00:00,-122.631675717847,37.759041906072,0,"available_crw"
"254027_0_t1",192,"254027_0_t1_crw_192",31,"254027_0_t1_20240419T050000",2024-04-19 05:00:00,-122.623325723576,37.7734584506272,0,"available_crw"
"254027_0_t1",192,"254027_0_t1_crw_192",32,"254027_0_t1_20240419T110000",2024-04-19 11:00:00,-122.636292864185,37.7362989852637,0,"available_crw"
"254027_0_t1",193,"254027_0_t1_crw_193",1,"254027_0_t1_20240411T170000",2024-04-11 17:00:00,-121.8431658,36.81026373,0,"available_crw"
"254027_0_t1",193,"254027_0_t1_crw_193",2,"254027_0_t1_20240411T230000",2024-04-11 23:00:00,-121.795000753288,36.8241176235333,0,"available_crw"
"254027_0_t1",193,"254027_0_t1_crw_193",3,"254027_0_t1_20240412T050000",2024-04-12 05:00:00,-121.836992061279,36.8054890795284,0,"available_crw"
"254027_0_t1",193,"254027_0_t1_crw_193",4,"254027_0_t1_20240412T110000",2024-04-12 11:00:00,-121.944466866391,36.7606693413595,0,"available_crw"
"254027_0_t1",193,"254027_0_t1_crw_193",5,"254027_0_t1_20240412T170000",2024-04-12 17:00:00,-121.932861067236,36.7440726022085,0,"available_crw"
"254027_0_t1",193,"254027_0_t1_crw_193",6,"254027_0_t1_20240412T230000",2024-04-12 23:00:00,-121.912638373749,36.7539635902747,0,"available_crw"
"254027_0_t1",193,"254027_0_t1_crw_193",7,"254027_0_t1_20240413T050000",2024-04-13 05:00:00,-122.0182162419,36.8938616720515,0,"available_crw"
"254027_0_t1",193,"254027_0_t1_crw_193",8,"254027_0_t1_20240413T110000",2024-04-13 11:00:00,-121.927544682999,36.9006298192555,0,"available_crw"
"254027_0_t1",193,"254027_0_t1_crw_193",9,"254027_0_t1_20240413T170000",2024-04-13 17:00:00,-121.973697368226,36.8828145164919,0,"available_crw"
"254027_0_t1",193,"254027_0_t1_crw_193",10,"254027_0_t1_20240413T230000",2024-04-13 23:00:00,-122.033698537698,36.8567846886289,0,"available_crw"
"254027_0_t1",193,"254027_0_t1_crw_193",11,"254027_0_t1_20240414T050000",2024-04-14 05:00:00,-122.121766415763,36.8163508356656,0,"available_crw"
"254027_0_t1",193,"254027_0_t1_crw_193",12,"254027_0_t1_20240414T110000",2024-04-14 11:00:00,-122.084462635141,36.8405955541212,0,"available_crw"
"254027_0_t1",193,"254027_0_t1_crw_193",13,"254027_0_t1_20240414T170000",2024-04-14 17:00:00,-121.982119734511,36.954677090172,0,"available_crw"
"254027_0_t1",193,"254027_0_t1_crw_193",14,"254027_0_t1_20240414T230000",2024-04-14 23:00:00,-121.995750511606,36.9150299977341,0,"available_crw"
"254027_0_t1",193,"254027_0_t1_crw_193",15,"254027_0_t1_20240415T050000",2024-04-15 05:00:00,-121.990544804893,36.9533642801365,0,"available_crw"
"254027_0_t1",193,"254027_0_t1_crw_193",16,"254027_0_t1_20240415T110000",2024-04-15 11:00:00,-122.193251708166,36.9711268428885,0,"available_crw"
"254027_0_t1",193,"254027_0_t1_crw_193",17,"254027_0_t1_20240415T170000",2024-04-15 17:00:00,-122.145257546069,36.9731582369949,0,"available_crw"
"254027_0_t1",193,"254027_0_t1_crw_193",18,"254027_0_t1_20240415T230000",2024-04-15 23:00:00,-122.025197849069,36.683214465317,0,"available_crw"
"254027_0_t1",193,"254027_0_t1_crw_193",19,"254027_0_t1_20240416T050000",2024-04-16 05:00:00,-122.000790214199,36.5134850576121,0,"available_crw"
"254027_0_t1",193,"254027_0_t1_crw_193",20,"254027_0_t1_20240416T110000",2024-04-16 11:00:00,-122.077169355114,36.2549846062212,0,"available_crw"
"254027_0_t1",193,"254027_0_t1_crw_193",21,"254027_0_t1_20240416T170000",2024-04-16 17:00:00,-122.054125176133,36.2511920666972,0,"available_crw"
"254027_0_t1",193,"254027_0_t1_crw_193",22,"254027_0_t1_20240416T230000",2024-04-16 23:00:00,-122.042710250566,35.9792631037539,0,"available_crw"
"254027_0_t1",193,"254027_0_t1_crw_193",23,"254027_0_t1_20240417T050000",2024-04-17 05:00:00,-122.062153033735,35.9777984518052,0,"available_crw"
"254027_0_t1",193,"254027_0_t1_crw_193",24,"254027_0_t1_20240417T110000",2024-04-17 11:00:00,-122.332153454359,36.0099120961555,0,"available_crw"
"254027_0_t1",193,"254027_0_t1_crw_193",25,"254027_0_t1_20240417T170000",2024-04-17 17:00:00,-122.282645026932,36.0185418781378,0,"available_crw"
"254027_0_t1",193,"254027_0_t1_crw_193",26,"254027_0_t1_20240417T230000",2024-04-17 23:00:00,-122.184995489336,36.0374220541239,0,"available_crw"
"254027_0_t1",193,"254027_0_t1_crw_193",27,"254027_0_t1_20240418T050000",2024-04-18 05:00:00,-122.077593168327,35.9134191140773,0,"available_crw"
"254027_0_t1",193,"254027_0_t1_crw_193",28,"254027_0_t1_20240418T110000",2024-04-18 11:00:00,-122.298396021389,35.7092254314845,0,"available_crw"
"254027_0_t1",193,"254027_0_t1_crw_193",29,"254027_0_t1_20240418T170000",2024-04-18 17:00:00,-122.520817335998,35.581860241261,0,"available_crw"
"254027_0_t1",193,"254027_0_t1_crw_193",30,"254027_0_t1_20240418T230000",2024-04-18 23:00:00,-122.487024523492,35.6088056134168,0,"available_crw"
"254027_0_t1",193,"254027_0_t1_crw_193",31,"254027_0_t1_20240419T050000",2024-04-19 05:00:00,-122.434365847589,35.7109648390535,0,"available_crw"
"254027_0_t1",193,"254027_0_t1_crw_193",32,"254027_0_t1_20240419T110000",2024-04-19 11:00:00,-122.248444043898,35.7081392993796,0,"available_crw"
"254027_0_t1",194,"254027_0_t1_crw_194",1,"254027_0_t1_20240411T170000",2024-04-11 17:00:00,-121.8431658,36.81026373,0,"available_crw"
"254027_0_t1",194,"254027_0_t1_crw_194",2,"254027_0_t1_20240411T230000",2024-04-11 23:00:00,-121.964089390817,36.8053723501031,0,"available_crw"
"254027_0_t1",194,"254027_0_t1_crw_194",3,"254027_0_t1_20240412T050000",2024-04-12 05:00:00,-121.94203404801,36.7767231968636,0,"available_crw"
"254027_0_t1",194,"254027_0_t1_crw_194",4,"254027_0_t1_20240412T110000",2024-04-12 11:00:00,-121.922334158141,36.7872855562502,0,"available_crw"
"254027_0_t1",194,"254027_0_t1_crw_194",5,"254027_0_t1_20240412T170000",2024-04-12 17:00:00,-122.035145130768,36.9235104615039,0,"available_crw"
"254027_0_t1",194,"254027_0_t1_crw_194",6,"254027_0_t1_20240412T230000",2024-04-12 23:00:00,-122.019361986629,36.9330628206215,0,"available_crw"
"254027_0_t1",194,"254027_0_t1_crw_194",7,"254027_0_t1_20240413T050000",2024-04-13 05:00:00,-122.026161337958,36.921556687738,0,"available_crw"
"254027_0_t1",194,"254027_0_t1_crw_194",8,"254027_0_t1_20240413T110000",2024-04-13 11:00:00,-122.154401282651,36.7852737269246,0,"available_crw"
"254027_0_t1",194,"254027_0_t1_crw_194",9,"254027_0_t1_20240413T170000",2024-04-13 17:00:00,-122.139711040651,36.8246723166496,0,"available_crw"
"254027_0_t1",194,"254027_0_t1_crw_194",10,"254027_0_t1_20240413T230000",2024-04-13 23:00:00,-122.334730154564,36.8717130276068,0,"available_crw"
"254027_0_t1",194,"254027_0_t1_crw_194",11,"254027_0_t1_20240414T050000",2024-04-14 05:00:00,-122.487367680704,36.916679690098,0,"available_crw"
"254027_0_t1",194,"254027_0_t1_crw_194",12,"254027_0_t1_20240414T110000",2024-04-14 11:00:00,-122.600167044946,36.9525158298547,0,"available_crw"
"254027_0_t1",194,"254027_0_t1_crw_194",13,"254027_0_t1_20240414T170000",2024-04-14 17:00:00,-122.608134968978,36.9345766768957,0,"available_crw"
"254027_0_t1",194,"254027_0_t1_crw_194",14,"254027_0_t1_20240414T230000",2024-04-14 23:00:00,-122.67201061776,36.8144957055658,0,"available_crw"
"254027_0_t1",194,"254027_0_t1_crw_194",15,"254027_0_t1_20240415T050000",2024-04-15 05:00:00,-122.652001489548,36.8443911186933,0,"available_crw"
"254027_0_t1",194,"254027_0_t1_crw_194",16,"254027_0_t1_20240415T110000",2024-04-15 11:00:00,-122.617714499109,36.8831974090875,0,"available_crw"
"254027_0_t1",194,"254027_0_t1_crw_194",17,"254027_0_t1_20240415T170000",2024-04-15 17:00:00,-122.500514938028,36.8164911151855,0,"available_crw"
"254027_0_t1",194,"254027_0_t1_crw_194",18,"254027_0_t1_20240415T230000",2024-04-15 23:00:00,-122.543585309129,36.8334718024037,0,"available_crw"
"254027_0_t1",194,"254027_0_t1_crw_194",19,"254027_0_t1_20240416T050000",2024-04-16 05:00:00,-122.755848815442,36.9752681048257,0,"available_crw"
"254027_0_t1",194,"254027_0_t1_crw_194",20,"254027_0_t1_20240416T110000",2024-04-16 11:00:00,-122.598830287167,37.2537899433908,0,"available_crw"
"254027_0_t1",194,"254027_0_t1_crw_194",21,"254027_0_t1_20240416T170000",2024-04-16 17:00:00,-122.595323898792,37.3645557042128,0,"available_crw"
"254027_0_t1",194,"254027_0_t1_crw_194",22,"254027_0_t1_20240416T230000",2024-04-16 23:00:00,-122.546307452645,37.5308817400991,0,"available_crw"
"254027_0_t1",194,"254027_0_t1_crw_194",23,"254027_0_t1_20240417T050000",2024-04-17 05:00:00,-122.569756683595,37.53461232883,0,"available_crw"
"254027_0_t1",194,"254027_0_t1_crw_194",24,"254027_0_t1_20240417T110000",2024-04-17 11:00:00,-122.518753117538,37.5410927034754,0,"available_crw"
"254027_0_t1",194,"254027_0_t1_crw_194",25,"254027_0_t1_20240417T170000",2024-04-17 17:00:00,-122.201961887487,37.5690295247984,0,"available_crw"
"254027_0_t1",194,"254027_0_t1_crw_194",26,"254027_0_t1_20240417T230000",2024-04-17 23:00:00,-122.215249729803,37.561938264354,0,"available_crw"
"254027_0_t1",194,"254027_0_t1_crw_194",27,"254027_0_t1_20240418T050000",2024-04-18 05:00:00,-122.209495691695,37.567632871562,0,"available_crw"
"254027_0_t1",194,"254027_0_t1_crw_194",28,"254027_0_t1_20240418T110000",2024-04-18 11:00:00,-122.193263596481,37.5584238627708,0,"available_crw"
"254027_0_t1",194,"254027_0_t1_crw_194",29,"254027_0_t1_20240418T170000",2024-04-18 17:00:00,-122.089592066742,37.5068388059642,0,"available_crw"
"254027_0_t1",194,"254027_0_t1_crw_194",30,"254027_0_t1_20240418T230000",2024-04-18 23:00:00,-122.098466278955,37.5086905700755,0,"available_crw"
"254027_0_t1",194,"254027_0_t1_crw_194",31,"254027_0_t1_20240419T050000",2024-04-19 05:00:00,-122.153958331239,37.5263094625839,0,"available_crw"
"254027_0_t1",194,"254027_0_t1_crw_194",32,"254027_0_t1_20240419T110000",2024-04-19 11:00:00,-122.322063855013,37.6124806498868,0,"available_crw"
"254027_0_t1",195,"254027_0_t1_crw_195",1,"254027_0_t1_20240411T170000",2024-04-11 17:00:00,-121.8431658,36.81026373,0,"available_crw"
"254027_0_t1",195,"254027_0_t1_crw_195",2,"254027_0_t1_20240411T230000",2024-04-11 23:00:00,-121.901811714782,36.8166632319724,0,"available_crw"
"254027_0_t1",195,"254027_0_t1_crw_195",3,"254027_0_t1_20240412T050000",2024-04-12 05:00:00,-121.976043650495,36.6876468429168,0,"available_crw"
"254027_0_t1",195,"254027_0_t1_crw_195",4,"254027_0_t1_20240412T110000",2024-04-12 11:00:00,-121.9631481975,36.7247853478114,0,"available_crw"
"254027_0_t1",195,"254027_0_t1_crw_195",5,"254027_0_t1_20240412T170000",2024-04-12 17:00:00,-121.968501005949,36.6864643194222,0,"available_crw"
"254027_0_t1",195,"254027_0_t1_crw_195",6,"254027_0_t1_20240412T230000",2024-04-12 23:00:00,-122.027913549937,36.5346695710969,0,"available_crw"
"254027_0_t1",195,"254027_0_t1_crw_195",7,"254027_0_t1_20240413T050000",2024-04-13 05:00:00,-122.122192929063,36.394888705053,0,"available_crw"
"254027_0_t1",195,"254027_0_t1_crw_195",8,"254027_0_t1_20240413T110000",2024-04-13 11:00:00,-122.174782506715,36.4544204814604,0,"available_crw"
"254027_0_t1",195,"254027_0_t1_crw_195",9,"254027_0_t1_20240413T170000",2024-04-13 17:00:00,-122.277124813081,36.6602087747764,0,"available_crw"
"254027_0_t1",195,"254027_0_t1_crw_195",10,"254027_0_t1_20240413T230000",2024-04-13 23:00:00,-122.259304837276,36.666972186078,0,"available_crw"
"254027_0_t1",195,"254027_0_t1_crw_195",11,"254027_0_t1_20240414T050000",2024-04-14 05:00:00,-121.930638696134,36.6903795265193,0,"available_crw"
"254027_0_t1",195,"254027_0_t1_crw_195",12,"254027_0_t1_20240414T110000",2024-04-14 11:00:00,-121.83000872195,36.6992506067718,0,"available_crw"
"254027_0_t1",195,"254027_0_t1_crw_195",13,"254027_0_t1_20240414T170000",2024-04-14 17:00:00,-121.875672726641,36.6808329076587,0,"available_crw"
"254027_0_t1",195,"254027_0_t1_crw_195",14,"254027_0_t1_20240414T230000",2024-04-14 23:00:00,-122.016702778919,36.7813539976436,0,"available_crw"
"254027_0_t1",195,"254027_0_t1_crw_195",15,"254027_0_t1_20240415T050000",2024-04-15 05:00:00,-122.112198079729,36.8412151359312,0,"available_crw"
"254027_0_t1",195,"254027_0_t1_crw_195",16,"254027_0_t1_20240415T110000",2024-04-15 11:00:00,-122.030479677572,36.8734200058831,0,"available_crw"
"254027_0_t1",195,"254027_0_t1_crw_195",17,"254027_0_t1_20240415T170000",2024-04-15 17:00:00,-122.065724521937,36.8435940975991,0,"available_crw"
"254027_0_t1",195,"254027_0_t1_crw_195",18,"254027_0_t1_20240415T230000",2024-04-15 23:00:00,-122.061383555525,36.8558425813581,0,"available_crw"
"254027_0_t1",195,"254027_0_t1_crw_195",19,"254027_0_t1_20240416T050000",2024-04-16 05:00:00,-121.873669093652,36.871326614641,0,"available_crw"
"254027_0_t1",195,"254027_0_t1_crw_195",20,"254027_0_t1_20240416T110000",2024-04-16 11:00:00,-121.920020672357,36.8613307477189,0,"available_crw"
"254027_0_t1",195,"254027_0_t1_crw_195",21,"254027_0_t1_20240416T170000",2024-04-16 17:00:00,-121.912339578965,36.8652451084508,0,"available_crw"
"254027_0_t1",195,"254027_0_t1_crw_195",22,"254027_0_t1_20240416T230000",2024-04-16 23:00:00,-121.858785549406,36.8855747955327,0,"available_crw"
"254027_0_t1",195,"254027_0_t1_crw_195",23,"254027_0_t1_20240417T050000",2024-04-17 05:00:00,-121.84932665292,36.8716446192441,0,"available_crw"
"254027_0_t1",195,"254027_0_t1_crw_195",24,"254027_0_t1_20240417T110000",2024-04-17 11:00:00,-121.940254163279,36.8682025351489,0,"available_crw"
"254027_0_t1",195,"254027_0_t1_crw_195",25,"254027_0_t1_20240417T170000",2024-04-17 17:00:00,-121.918299976319,36.8394947901382,0,"available_crw"
"254027_0_t1",195,"254027_0_t1_crw_195",26,"254027_0_t1_20240417T230000",2024-04-17 23:00:00,-122.008846504573,36.8322879502381,0,"available_crw"
"254027_0_t1",195,"254027_0_t1_crw_195",27,"254027_0_t1_20240418T050000",2024-04-18 05:00:00,-121.966620227563,36.8325924553194,0,"available_crw"
"254027_0_t1",195,"254027_0_t1_crw_195",28,"254027_0_t1_20240418T110000",2024-04-18 11:00:00,-121.804427283723,36.8255605259573,0,"available_crw"
"254027_0_t1",195,"254027_0_t1_crw_195",29,"254027_0_t1_20240418T170000",2024-04-18 17:00:00,-121.84621135269,36.8304480139091,0,"available_crw"
"254027_0_t1",195,"254027_0_t1_crw_195",30,"254027_0_t1_20240418T230000",2024-04-18 23:00:00,-122.005263213674,36.8570575500322,0,"available_crw"
"254027_0_t1",195,"254027_0_t1_crw_195",31,"254027_0_t1_20240419T050000",2024-04-19 05:00:00,-122.18796899825,36.9186683162217,0,"available_crw"
"254027_0_t1",195,"254027_0_t1_crw_195",32,"254027_0_t1_20240419T110000",2024-04-19 11:00:00,-122.240042582963,36.8858602895294,0,"available_crw"
"254027_0_t1",196,"254027_0_t1_crw_196",1,"254027_0_t1_20240411T170000",2024-04-11 17:00:00,-121.8431658,36.81026373,0,"available_crw"
"254027_0_t1",196,"254027_0_t1_crw_196",2,"254027_0_t1_20240411T230000",2024-04-11 23:00:00,-121.844084534406,36.8261146303243,0,"available_crw"
"254027_0_t1",196,"254027_0_t1_crw_196",3,"254027_0_t1_20240412T050000",2024-04-12 05:00:00,-121.850424792401,36.8806620837463,0,"available_crw"
"254027_0_t1",196,"254027_0_t1_crw_196",4,"254027_0_t1_20240412T110000",2024-04-12 11:00:00,-121.85992757574,36.9349124961905,0,"available_crw"
"254027_0_t1",196,"254027_0_t1_crw_196",5,"254027_0_t1_20240412T170000",2024-04-12 17:00:00,-121.85602894117,36.9283082143562,0,"available_crw"
"254027_0_t1",196,"254027_0_t1_crw_196",6,"254027_0_t1_20240412T230000",2024-04-12 23:00:00,-121.837446853397,36.8831231772087,0,"available_crw"
"254027_0_t1",196,"254027_0_t1_crw_196",7,"254027_0_t1_20240413T050000",2024-04-13 05:00:00,-121.859603612141,36.9173321612426,0,"available_crw"
"254027_0_t1",196,"254027_0_t1_crw_196",8,"254027_0_t1_20240413T110000",2024-04-13 11:00:00,-121.853186330957,36.9121495017143,0,"available_crw"
"254027_0_t1",196,"254027_0_t1_crw_196",9,"254027_0_t1_20240413T170000",2024-04-13 17:00:00,-121.88018400942,36.9382710386122,0,"available_crw"
"254027_0_t1",196,"254027_0_t1_crw_196",10,"254027_0_t1_20240413T230000",2024-04-13 23:00:00,-121.895528611362,36.9069090398723,0,"available_crw"
"254027_0_t1",196,"254027_0_t1_crw_196",11,"254027_0_t1_20240414T050000",2024-04-14 05:00:00,-121.897232959939,36.9195703590566,0,"available_crw"
"254027_0_t1",196,"254027_0_t1_crw_196",12,"254027_0_t1_20240414T110000",2024-04-14 11:00:00,-121.907721185001,36.973704447363,0,"available_crw"
"254027_0_t1",196,"254027_0_t1_crw_196",13,"254027_0_t1_20240414T170000",2024-04-14 17:00:00,-121.931035906139,36.9701419599378,0,"available_crw"
"254027_0_t1",196,"254027_0_t1_crw_196",14,"254027_0_t1_20240414T230000",2024-04-14 23:00:00,-121.923003600773,36.9735882413083,0,"available_crw"
"254027_0_t1",196,"254027_0_t1_crw_196",15,"254027_0_t1_20240415T050000",2024-04-15 05:00:00,-121.961203050229,36.9501945329314,0,"available_crw"
"254027_0_t1",196,"254027_0_t1_crw_196",16,"254027_0_t1_20240415T110000",2024-04-15 11:00:00,-121.900128268891,36.8167576372707,0,"available_crw"
"254027_0_t1",196,"254027_0_t1_crw_196",17,"254027_0_t1_20240415T170000",2024-04-15 17:00:00,-121.872637928276,36.8421944386866,0,"available_crw"
"254027_0_t1",196,"254027_0_t1_crw_196",18,"254027_0_t1_20240415T230000",2024-04-15 23:00:00,-122.0263577671,36.9495797738336,0,"available_crw"
"254027_0_t1",196,"254027_0_t1_crw_196",19,"254027_0_t1_20240416T050000",2024-04-16 05:00:00,-122.176639793586,36.874408963957,0,"available_crw"
"254027_0_t1",196,"254027_0_t1_crw_196",20,"254027_0_t1_20240416T110000",2024-04-16 11:00:00,-122.163422053331,36.8586007927961,0,"available_crw"
"254027_0_t1",196,"254027_0_t1_crw_196",21,"254027_0_t1_20240416T170000",2024-04-16 17:00:00,-122.183738719319,36.8883646275656,0,"available_crw"
"254027_0_t1",196,"254027_0_t1_crw_196",22,"254027_0_t1_20240416T230000",2024-04-16 23:00:00,-122.234637539592,36.9589062595375,0,"available_crw"
"254027_0_t1",196,"254027_0_t1_crw_196",23,"254027_0_t1_20240417T050000",2024-04-17 05:00:00,-122.307501320319,37.0756835192844,0,"available_crw"
"254027_0_t1",196,"254027_0_t1_crw_196",24,"254027_0_t1_20240417T110000",2024-04-17 11:00:00,-122.292017733893,37.0440875887202,0,"available_crw"
"254027_0_t1",196,"254027_0_t1_crw_196",25,"254027_0_t1_20240417T170000",2024-04-17 17:00:00,-122.256252056899,36.8756517092759,0,"available_crw"
"254027_0_t1",196,"254027_0_t1_crw_196",26,"254027_0_t1_20240417T230000",2024-04-17 23:00:00,-122.264012367118,36.7048974434411,0,"available_crw"
"254027_0_t1",196,"254027_0_t1_crw_196",27,"254027_0_t1_20240418T050000",2024-04-18 05:00:00,-122.280044458985,36.7439531716508,0,"available_crw"
"254027_0_t1",196,"254027_0_t1_crw_196",28,"254027_0_t1_20240418T110000",2024-04-18 11:00:00,-121.963548892474,36.9132179616299,0,"available_crw"
"254027_0_t1",196,"254027_0_t1_crw_196",29,"254027_0_t1_20240418T170000",2024-04-18 17:00:00,-121.808379528093,36.8269253743614,0,"available_crw"
"254027_0_t1",196,"254027_0_t1_crw_196",30,"254027_0_t1_20240418T230000",2024-04-18 23:00:00,-121.857947846297,36.8371184196837,0,"available_crw"
"254027_0_t1",196,"254027_0_t1_crw_196",31,"254027_0_t1_20240419T050000",2024-04-19 05:00:00,-121.810168996745,36.8336612319535,0,"available_crw"
"254027_0_t1",196,"254027_0_t1_crw_196",32,"254027_0_t1_20240419T110000",2024-04-19 11:00:00,-121.810795065066,36.817801254718,0,"available_crw"
"254027_0_t1",197,"254027_0_t1_crw_197",1,"254027_0_t1_20240411T170000",2024-04-11 17:00:00,-121.8431658,36.81026373,0,"available_crw"
"254027_0_t1",197,"254027_0_t1_crw_197",2,"254027_0_t1_20240411T230000",2024-04-11 23:00:00,-121.911310012985,36.9516577363603,0,"available_crw"
"254027_0_t1",197,"254027_0_t1_crw_197",3,"254027_0_t1_20240412T050000",2024-04-12 05:00:00,-121.877330451913,36.9208758353932,0,"available_crw"
"254027_0_t1",197,"254027_0_t1_crw_197",4,"254027_0_t1_20240412T110000",2024-04-12 11:00:00,-122.084045699567,36.6644788829525,0,"available_crw"
"254027_0_t1",197,"254027_0_t1_crw_197",5,"254027_0_t1_20240412T170000",2024-04-12 17:00:00,-122.136983667355,36.5950091711684,0,"available_crw"
"254027_0_t1",197,"254027_0_t1_crw_197",6,"254027_0_t1_20240412T230000",2024-04-12 23:00:00,-122.331869222501,36.4387373236885,0,"available_crw"
"254027_0_t1",197,"254027_0_t1_crw_197",7,"254027_0_t1_20240413T050000",2024-04-13 05:00:00,-122.31409310302,36.3875567784873,0,"available_crw"
"254027_0_t1",197,"254027_0_t1_crw_197",8,"254027_0_t1_20240413T110000",2024-04-13 11:00:00,-122.305293930702,36.3404981273525,0,"available_crw"
"254027_0_t1",197,"254027_0_t1_crw_197",9,"254027_0_t1_20240413T170000",2024-04-13 17:00:00,-122.30781410556,36.3743862395685,0,"available_crw"
"254027_0_t1",197,"254027_0_t1_crw_197",10,"254027_0_t1_20240413T230000",2024-04-13 23:00:00,-122.277188982254,36.5434645499073,0,"available_crw"
"254027_0_t1",197,"254027_0_t1_crw_197",11,"254027_0_t1_20240414T050000",2024-04-14 05:00:00,-122.267039202464,36.640488533976,0,"available_crw"
"254027_0_t1",197,"254027_0_t1_crw_197",12,"254027_0_t1_20240414T110000",2024-04-14 11:00:00,-122.124322577989,36.630917108058,0,"available_crw"
"254027_0_t1",197,"254027_0_t1_crw_197",13,"254027_0_t1_20240414T170000",2024-04-14 17:00:00,-121.993587391432,36.6652695035325,0,"available_crw"
"254027_0_t1",197,"254027_0_t1_crw_197",14,"254027_0_t1_20240414T230000",2024-04-14 23:00:00,-122.036142159201,36.6476187787828,0,"available_crw"
"254027_0_t1",197,"254027_0_t1_crw_197",15,"254027_0_t1_20240415T050000",2024-04-15 05:00:00,-122.027044328514,36.6580335710979,0,"available_crw"
"254027_0_t1",197,"254027_0_t1_crw_197",16,"254027_0_t1_20240415T110000",2024-04-15 11:00:00,-122.055644403438,36.7059369624251,0,"available_crw"
"254027_0_t1",197,"254027_0_t1_crw_197",17,"254027_0_t1_20240415T170000",2024-04-15 17:00:00,-122.101673665629,36.7785588705479,0,"available_crw"
"254027_0_t1",197,"254027_0_t1_crw_197",18,"254027_0_t1_20240415T230000",2024-04-15 23:00:00,-122.16770701558,36.7805290876797,0,"available_crw"
"254027_0_t1",197,"254027_0_t1_crw_197",19,"254027_0_t1_20240416T050000",2024-04-16 05:00:00,-122.360434294365,36.8167773049181,0,"available_crw"
"254027_0_t1",197,"254027_0_t1_crw_197",20,"254027_0_t1_20240416T110000",2024-04-16 11:00:00,-122.357085710825,36.8324168322735,0,"available_crw"
"254027_0_t1",197,"254027_0_t1_crw_197",21,"254027_0_t1_20240416T170000",2024-04-16 17:00:00,-122.246915689697,37.0357364955344,0,"available_crw"
"254027_0_t1",197,"254027_0_t1_crw_197",22,"254027_0_t1_20240416T230000",2024-04-16 23:00:00,-122.2283406702,37.0302550032128,0,"available_crw"
"254027_0_t1",197,"254027_0_t1_crw_197",23,"254027_0_t1_20240417T050000",2024-04-17 05:00:00,-122.234658267953,37.0635688256988,0,"available_crw"
"254027_0_t1",197,"254027_0_t1_crw_197",24,"254027_0_t1_20240417T110000",2024-04-17 11:00:00,-122.232081146561,37.029686637645,0,"available_crw"
"254027_0_t1",197,"254027_0_t1_crw_197",25,"254027_0_t1_20240417T170000",2024-04-17 17:00:00,-122.223561353701,36.9484505238134,0,"available_crw"
"254027_0_t1",197,"254027_0_t1_crw_197",26,"254027_0_t1_20240417T230000",2024-04-17 23:00:00,-122.16325736487,36.9264972231009,0,"available_crw"
"254027_0_t1",197,"254027_0_t1_crw_197",27,"254027_0_t1_20240418T050000",2024-04-18 05:00:00,-122.025301026825,36.9234912745907,0,"available_crw"
"254027_0_t1",197,"254027_0_t1_crw_197",28,"254027_0_t1_20240418T110000",2024-04-18 11:00:00,-122.073794530202,36.9102432745606,0,"available_crw"
"254027_0_t1",197,"254027_0_t1_crw_197",29,"254027_0_t1_20240418T170000",2024-04-18 17:00:00,-122.034075514735,36.9362185562043,0,"available_crw"
"254027_0_t1",197,"254027_0_t1_crw_197",30,"254027_0_t1_20240418T230000",2024-04-18 23:00:00,-121.983829266113,36.9614797574766,0,"available_crw"
"254027_0_t1",197,"254027_0_t1_crw_197",31,"254027_0_t1_20240419T050000",2024-04-19 05:00:00,-122.015074198629,36.9288809762528,0,"available_crw"
"254027_0_t1",197,"254027_0_t1_crw_197",32,"254027_0_t1_20240419T110000",2024-04-19 11:00:00,-122.176233198371,36.8173949301432,0,"available_crw"
"254027_0_t1",198,"254027_0_t1_crw_198",1,"254027_0_t1_20240411T170000",2024-04-11 17:00:00,-121.8431658,36.81026373,0,"available_crw"
"254027_0_t1",198,"254027_0_t1_crw_198",2,"254027_0_t1_20240411T230000",2024-04-11 23:00:00,-122.005137456745,36.819744049659,0,"available_crw"
"254027_0_t1",198,"254027_0_t1_crw_198",3,"254027_0_t1_20240412T050000",2024-04-12 05:00:00,-122.176640779473,36.7923088281429,0,"available_crw"
"254027_0_t1",198,"254027_0_t1_crw_198",4,"254027_0_t1_20240412T110000",2024-04-12 11:00:00,-122.290493623614,36.7299676410523,0,"available_crw"
"254027_0_t1",198,"254027_0_t1_crw_198",5,"254027_0_t1_20240412T170000",2024-04-12 17:00:00,-122.344876816011,36.697028734899,0,"available_crw"
"254027_0_t1",198,"254027_0_t1_crw_198",6,"254027_0_t1_20240412T230000",2024-04-12 23:00:00,-122.309046111039,36.7149197066027,0,"available_crw"
"254027_0_t1",198,"254027_0_t1_crw_198",7,"254027_0_t1_20240413T050000",2024-04-13 05:00:00,-122.123935361312,36.7709800534625,0,"available_crw"
"254027_0_t1",198,"254027_0_t1_crw_198",8,"254027_0_t1_20240413T110000",2024-04-13 11:00:00,-122.02986815722,36.8013349592391,0,"available_crw"
"254027_0_t1",198,"254027_0_t1_crw_198",9,"254027_0_t1_20240413T170000",2024-04-13 17:00:00,-122.021476556578,36.7869728847351,0,"available_crw"
"254027_0_t1",198,"254027_0_t1_crw_198",10,"254027_0_t1_20240413T230000",2024-04-13 23:00:00,-121.972987122873,36.697754142292,0,"available_crw"
"254027_0_t1",198,"254027_0_t1_crw_198",11,"254027_0_t1_20240414T050000",2024-04-14 05:00:00,-121.986336999354,36.7299531400384,0,"available_crw"
"254027_0_t1",198,"254027_0_t1_crw_198",12,"254027_0_t1_20240414T110000",2024-04-14 11:00:00,-121.981024565558,36.7240259324103,0,"available_crw"
"254027_0_t1",198,"254027_0_t1_crw_198",13,"254027_0_t1_20240414T170000",2024-04-14 17:00:00,-121.915431347954,36.7301395762114,0,"available_crw"
"254027_0_t1",198,"254027_0_t1_crw_198",14,"254027_0_t1_20240414T230000",2024-04-14 23:00:00,-121.882966194706,36.8698933323144,0,"available_crw"
"254027_0_t1",198,"254027_0_t1_crw_198",15,"254027_0_t1_20240415T050000",2024-04-15 05:00:00,-121.863374812738,36.867888514638,0,"available_crw"
"254027_0_t1",198,"254027_0_t1_crw_198",16,"254027_0_t1_20240415T110000",2024-04-15 11:00:00,-121.864726014496,36.8520576395126,0,"available_crw"
"254027_0_t1",198,"254027_0_t1_crw_198",17,"254027_0_t1_20240415T170000",2024-04-15 17:00:00,-121.879224427126,36.8915024196762,0,"available_crw"
"254027_0_t1",198,"254027_0_t1_crw_198",18,"254027_0_t1_20240415T230000",2024-04-15 23:00:00,-122.05621653995,36.8931065604644,0,"available_crw"
"254027_0_t1",198,"254027_0_t1_crw_198",19,"254027_0_t1_20240416T050000",2024-04-16 05:00:00,-122.055662220202,36.8740678145074,0,"available_crw"
"254027_0_t1",198,"254027_0_t1_crw_198",20,"254027_0_t1_20240416T110000",2024-04-16 11:00:00,-122.229053345974,36.8143111058675,0,"available_crw"
"254027_0_t1",198,"254027_0_t1_crw_198",21,"254027_0_t1_20240416T170000",2024-04-16 17:00:00,-122.365620114316,36.7265475567119,0,"available_crw"
"254027_0_t1",198,"254027_0_t1_crw_198",22,"254027_0_t1_20240416T230000",2024-04-16 23:00:00,-122.468213010921,36.6127736843912,0,"available_crw"
"254027_0_t1",198,"254027_0_t1_crw_198",23,"254027_0_t1_20240417T050000",2024-04-17 05:00:00,-122.454490900642,36.6523934568436,0,"available_crw"
"254027_0_t1",198,"254027_0_t1_crw_198",24,"254027_0_t1_20240417T110000",2024-04-17 11:00:00,-122.401263263173,36.7757497728954,0,"available_crw"
"254027_0_t1",198,"254027_0_t1_crw_198",25,"254027_0_t1_20240417T170000",2024-04-17 17:00:00,-122.445193986602,36.8154654039709,0,"available_crw"
"254027_0_t1",198,"254027_0_t1_crw_198",26,"254027_0_t1_20240417T230000",2024-04-17 23:00:00,-122.523352549051,36.8898879345182,0,"available_crw"
"254027_0_t1",198,"254027_0_t1_crw_198",27,"254027_0_t1_20240418T050000",2024-04-18 05:00:00,-122.509025618724,36.9008163826896,0,"available_crw"
"254027_0_t1",198,"254027_0_t1_crw_198",28,"254027_0_t1_20240418T110000",2024-04-18 11:00:00,-122.649370343602,37.019537551175,0,"available_crw"
"254027_0_t1",198,"254027_0_t1_crw_198",29,"254027_0_t1_20240418T170000",2024-04-18 17:00:00,-122.713581435878,37.0063466065443,0,"available_crw"
"254027_0_t1",198,"254027_0_t1_crw_198",30,"254027_0_t1_20240418T230000",2024-04-18 23:00:00,-122.684804518691,36.9817953006002,0,"available_crw"
"254027_0_t1",198,"254027_0_t1_crw_198",31,"254027_0_t1_20240419T050000",2024-04-19 05:00:00,-122.771833402841,36.9600289695308,0,"available_crw"
"254027_0_t1",198,"254027_0_t1_crw_198",32,"254027_0_t1_20240419T110000",2024-04-19 11:00:00,-122.830181690406,36.9515340724793,0,"available_crw"
"254027_0_t1",199,"254027_0_t1_crw_199",1,"254027_0_t1_20240411T170000",2024-04-11 17:00:00,-121.8431658,36.81026373,0,"available_crw"
"254027_0_t1",199,"254027_0_t1_crw_199",2,"254027_0_t1_20240411T230000",2024-04-11 23:00:00,-121.901811714782,36.8166632319724,0,"available_crw"
"254027_0_t1",199,"254027_0_t1_crw_199",3,"254027_0_t1_20240412T050000",2024-04-12 05:00:00,-121.860657444878,36.8090973721468,0,"available_crw"
"254027_0_t1",199,"254027_0_t1_crw_199",4,"254027_0_t1_20240412T110000",2024-04-12 11:00:00,-121.872187292928,36.841492863909,0,"available_crw"
"254027_0_t1",199,"254027_0_t1_crw_199",5,"254027_0_t1_20240412T170000",2024-04-12 17:00:00,-121.907211847983,36.9689995270985,0,"available_crw"
"254027_0_t1",199,"254027_0_t1_crw_199",6,"254027_0_t1_20240412T230000",2024-04-12 23:00:00,-121.902686003091,36.9626573191774,0,"available_crw"
"254027_0_t1",199,"254027_0_t1_crw_199",7,"254027_0_t1_20240413T050000",2024-04-13 05:00:00,-122.170075522801,36.7453855547162,0,"available_crw"
"254027_0_t1",199,"254027_0_t1_crw_199",8,"254027_0_t1_20240413T110000",2024-04-13 11:00:00,-122.45991007276,36.8857963323366,0,"available_crw"
"254027_0_t1",199,"254027_0_t1_crw_199",9,"254027_0_t1_20240413T170000",2024-04-13 17:00:00,-122.607142483029,36.9924223773273,0,"available_crw"
"254027_0_t1",199,"254027_0_t1_crw_199",10,"254027_0_t1_20240413T230000",2024-04-13 23:00:00,-122.721278544849,37.0855903119277,0,"available_crw"
"254027_0_t1",199,"254027_0_t1_crw_199",11,"254027_0_t1_20240414T050000",2024-04-14 05:00:00,-122.6944156575,37.0593407261797,0,"available_crw"
"254027_0_t1",199,"254027_0_t1_crw_199",12,"254027_0_t1_20240414T110000",2024-04-14 11:00:00,-122.648685629366,37.0186223449425,0,"available_crw"
"254027_0_t1",199,"254027_0_t1_crw_199",13,"254027_0_t1_20240414T170000",2024-04-14 17:00:00,-122.6635729117,37.0230621012362,0,"available_crw"
"254027_0_t1",199,"254027_0_t1_crw_199",14,"254027_0_t1_20240414T230000",2024-04-14 23:00:00,-122.759700766252,37.049665250017,0,"available_crw"
"254027_0_t1",199,"254027_0_t1_crw_199",15,"254027_0_t1_20240415T050000",2024-04-15 05:00:00,-122.864239057662,36.9348420612949,0,"available_crw"
"254027_0_t1",199,"254027_0_t1_crw_199",16,"254027_0_t1_20240415T110000",2024-04-15 11:00:00,-123.0615718992,36.7367281547617,0,"available_crw"
"254027_0_t1",199,"254027_0_t1_crw_199",17,"254027_0_t1_20240415T170000",2024-04-15 17:00:00,-123.411166013745,36.856522727553,0,"available_crw"
"254027_0_t1",199,"254027_0_t1_crw_199",18,"254027_0_t1_20240415T230000",2024-04-15 23:00:00,-123.354929060235,37.1248240189486,0,"available_crw"
"254027_0_t1",199,"254027_0_t1_crw_199",19,"254027_0_t1_20240416T050000",2024-04-16 05:00:00,-122.975142158767,37.1555217337117,0,"available_crw"
"254027_0_t1",199,"254027_0_t1_crw_199",20,"254027_0_t1_20240416T110000",2024-04-16 11:00:00,-122.948609522139,37.2042525562965,0,"available_crw"
"254027_0_t1",199,"254027_0_t1_crw_199",21,"254027_0_t1_20240416T170000",2024-04-16 17:00:00,-122.874156389715,37.3204847238207,0,"available_crw"
"254027_0_t1",199,"254027_0_t1_crw_199",22,"254027_0_t1_20240416T230000",2024-04-16 23:00:00,-122.543472432846,37.2556403625219,0,"available_crw"
"254027_0_t1",199,"254027_0_t1_crw_199",23,"254027_0_t1_20240417T050000",2024-04-17 05:00:00,-122.583620395209,37.2667100558646,0,"available_crw"
"254027_0_t1",199,"254027_0_t1_crw_199",24,"254027_0_t1_20240417T110000",2024-04-17 11:00:00,-122.559642312771,37.5716856811598,0,"available_crw"
"254027_0_t1",199,"254027_0_t1_crw_199",25,"254027_0_t1_20240417T170000",2024-04-17 17:00:00,-122.597920605615,37.55730168093,0,"available_crw"
"254027_0_t1",199,"254027_0_t1_crw_199",26,"254027_0_t1_20240417T230000",2024-04-17 23:00:00,-122.60245979129,37.5042741353709,0,"available_crw"
"254027_0_t1",199,"254027_0_t1_crw_199",27,"254027_0_t1_20240418T050000",2024-04-18 05:00:00,-122.603274268803,37.4069183066954,0,"available_crw"
"254027_0_t1",199,"254027_0_t1_crw_199",28,"254027_0_t1_20240418T110000",2024-04-18 11:00:00,-122.642962325148,37.2509388896351,0,"available_crw"
"254027_0_t1",199,"254027_0_t1_crw_199",29,"254027_0_t1_20240418T170000",2024-04-18 17:00:00,-122.670334160726,37.1560511279781,0,"available_crw"
"254027_0_t1",199,"254027_0_t1_crw_199",30,"254027_0_t1_20240418T230000",2024-04-18 23:00:00,-122.810950805239,37.181682153782,0,"available_crw"
"254027_0_t1",199,"254027_0_t1_crw_199",31,"254027_0_t1_20240419T050000",2024-04-19 05:00:00,-122.933581781344,37.1747814476144,0,"available_crw"
"254027_0_t1",199,"254027_0_t1_crw_199",32,"254027_0_t1_20240419T110000",2024-04-19 11:00:00,-122.910707360699,37.1464906532408,0,"available_crw"
"254027_0_t1",200,"254027_0_t1_crw_200",1,"254027_0_t1_20240411T170000",2024-04-11 17:00:00,-121.8431658,36.81026373,0,"available_crw"
"254027_0_t1",200,"254027_0_t1_crw_200",2,"254027_0_t1_20240411T230000",2024-04-11 23:00:00,-122.110454562636,36.8650233612621,0,"available_crw"
"254027_0_t1",200,"254027_0_t1_crw_200",3,"254027_0_t1_20240412T050000",2024-04-12 05:00:00,-122.232747990596,36.8605750507476,0,"available_crw"
"254027_0_t1",200,"254027_0_t1_crw_200",4,"254027_0_t1_20240412T110000",2024-04-12 11:00:00,-122.548612975925,36.9398108828372,0,"available_crw"
"254027_0_t1",200,"254027_0_t1_crw_200",5,"254027_0_t1_20240412T170000",2024-04-12 17:00:00,-122.563679617495,37.09096238596,0,"available_crw"
"254027_0_t1",200,"254027_0_t1_crw_200",6,"254027_0_t1_20240412T230000",2024-04-12 23:00:00,-122.572305834392,37.14531374032,0,"available_crw"
"254027_0_t1",200,"254027_0_t1_crw_200",7,"254027_0_t1_20240413T050000",2024-04-13 05:00:00,-122.606308337159,37.1254540567983,0,"available_crw"
"254027_0_t1",200,"254027_0_t1_crw_200",8,"254027_0_t1_20240413T110000",2024-04-13 11:00:00,-122.800511299907,37.0548053079985,0,"available_crw"
"254027_0_t1",200,"254027_0_t1_crw_200",9,"254027_0_t1_20240413T170000",2024-04-13 17:00:00,-123.072131517315,37.0130408608327,0,"available_crw"
"254027_0_t1",200,"254027_0_t1_crw_200",10,"254027_0_t1_20240413T230000",2024-04-13 23:00:00,-123.229266138971,36.9507345157127,0,"available_crw"
"254027_0_t1",200,"254027_0_t1_crw_200",11,"254027_0_t1_20240414T050000",2024-04-14 05:00:00,-123.285227705698,36.9350122308261,0,"available_crw"
"254027_0_t1",200,"254027_0_t1_crw_200",12,"254027_0_t1_20240414T110000",2024-04-14 11:00:00,-123.278591607654,36.7929264415444,0,"available_crw"
"254027_0_t1",200,"254027_0_t1_crw_200",13,"254027_0_t1_20240414T170000",2024-04-14 17:00:00,-123.238976703037,36.6998610150525,0,"available_crw"
"254027_0_t1",200,"254027_0_t1_crw_200",14,"254027_0_t1_20240414T230000",2024-04-14 23:00:00,-123.212658576778,36.5303015475329,0,"available_crw"
"254027_0_t1",200,"254027_0_t1_crw_200",15,"254027_0_t1_20240415T050000",2024-04-15 05:00:00,-123.178857134636,36.5500958632416,0,"available_crw"
"254027_0_t1",200,"254027_0_t1_crw_200",16,"254027_0_t1_20240415T110000",2024-04-15 11:00:00,-123.193358667568,36.5651259358669,0,"available_crw"
"254027_0_t1",200,"254027_0_t1_crw_200",17,"254027_0_t1_20240415T170000",2024-04-15 17:00:00,-123.294589646001,36.8180983054755,0,"available_crw"
"254027_0_t1",200,"254027_0_t1_crw_200",18,"254027_0_t1_20240415T230000",2024-04-15 23:00:00,-123.276189404435,36.8238445028526,0,"available_crw"
"254027_0_t1",200,"254027_0_t1_crw_200",19,"254027_0_t1_20240416T050000",2024-04-16 05:00:00,-123.30834583063,36.8454667759241,0,"available_crw"
"254027_0_t1",200,"254027_0_t1_crw_200",20,"254027_0_t1_20240416T110000",2024-04-16 11:00:00,-123.43313622818,36.9691394968884,0,"available_crw"
"254027_0_t1",200,"254027_0_t1_crw_200",21,"254027_0_t1_20240416T170000",2024-04-16 17:00:00,-123.499012795177,37.0312256719856,0,"available_crw"
"254027_0_t1",200,"254027_0_t1_crw_200",22,"254027_0_t1_20240416T230000",2024-04-16 23:00:00,-123.602209175977,37.0844762654871,0,"available_crw"
"254027_0_t1",200,"254027_0_t1_crw_200",23,"254027_0_t1_20240417T050000",2024-04-17 05:00:00,-123.647850660552,37.1149405779974,0,"available_crw"
"254027_0_t1",200,"254027_0_t1_crw_200",24,"254027_0_t1_20240417T110000",2024-04-17 11:00:00,-123.73925233228,37.1791990039049,0,"available_crw"
"254027_0_t1",200,"254027_0_t1_crw_200",25,"254027_0_t1_20240417T170000",2024-04-17 17:00:00,-123.855179534062,37.2711522382614,0,"available_crw"
"254027_0_t1",200,"254027_0_t1_crw_200",26,"254027_0_t1_20240417T230000",2024-04-17 23:00:00,-123.753638597207,37.3532506111243,0,"available_crw"
"254027_0_t1",200,"254027_0_t1_crw_200",27,"254027_0_t1_20240418T050000",2024-04-18 05:00:00,-123.77215420536,37.404305265444,0,"available_crw"
"254027_0_t1",200,"254027_0_t1_crw_200",28,"254027_0_t1_20240418T110000",2024-04-18 11:00:00,-123.802999243508,37.4985211727311,0,"available_crw"
"254027_0_t1",200,"254027_0_t1_crw_200",29,"254027_0_t1_20240418T170000",2024-04-18 17:00:00,-123.825905464004,37.4930878954211,0,"available_crw"
"254027_0_t1",200,"254027_0_t1_crw_200",30,"254027_0_t1_20240418T230000",2024-04-18 23:00:00,-123.784646287529,37.5178066847734,0,"available_crw"
"254027_0_t1",200,"254027_0_t1_crw_200",31,"254027_0_t1_20240419T050000",2024-04-19 05:00:00,-123.622089378346,37.4390369187114,0,"available_crw"
"254027_0_t1",200,"254027_0_t1_crw_200",32,"254027_0_t1_20240419T110000",2024-04-19 11:00:00,-123.426087533494,37.2819431653496,0,"available_crw"
