"whale_id","iteration","sim_id","step_id","choice_id","dTime","long","lat","used","location_type"
"254026_0",1,"254026_0_crw_001",1,"254026_0_20240408T170000",2024-04-08 17:00:00,-122.0637,36.9493,0,"available_crw"
"254026_0",1,"254026_0_crw_001",2,"254026_0_20240408T230000",2024-04-08 23:00:00,-122.041116949982,36.9255096380072,0,"available_crw"
"254026_0",1,"254026_0_crw_001",3,"254026_0_20240409T050000",2024-04-09 05:00:00,-122.033955413299,36.8509452217981,0,"available_crw"
"254026_0",1,"254026_0_crw_001",4,"254026_0_20240409T110000",2024-04-09 11:00:00,-122.078288519334,36.7851984978588,0,"available_crw"
"254026_0",1,"254026_0_crw_001",5,"254026_0_20240409T170000",2024-04-09 17:00:00,-122.247915541208,36.6042485155194,0,"available_crw"
"254026_0",1,"254026_0_crw_001",6,"254026_0_20240409T230000",2024-04-09 23:00:00,-122.232430100656,36.6631585533634,0,"available_crw"
"254026_0",1,"254026_0_crw_001",7,"254026_0_20240410T050000",2024-04-10 05:00:00,-122.174825907377,36.6867895636072,0,"available_crw"
"254026_0",1,"254026_0_crw_001",8,"254026_0_20240410T110000",2024-04-10 11:00:00,-122.163185411408,36.7004524512017,0,"available_crw"
"254026_0",1,"254026_0_crw_001",9,"254026_0_20240410T170000",2024-04-10 17:00:00,-122.27957285782,36.67205805131,0,"available_crw"
"254026_0",1,"254026_0_crw_001",10,"254026_0_20240410T230000",2024-04-10 23:00:00,-122.33185696558,36.6244600577615,0,"available_crw"
"254026_0",1,"254026_0_crw_001",11,"254026_0_20240411T050000",2024-04-11 05:00:00,-122.555568356842,36.4609218897236,0,"available_crw"
"254026_0",1,"254026_0_crw_001",12,"254026_0_20240411T110000",2024-04-11 11:00:00,-122.496404421871,36.4747794855416,0,"available_crw"
"254026_0",1,"254026_0_crw_001",13,"254026_0_20240411T170000",2024-04-11 17:00:00,-122.469398999755,36.4813943584397,0,"available_crw"
"254026_0",1,"254026_0_crw_001",14,"254026_0_20240411T230000",2024-04-11 23:00:00,-122.424764946646,36.4934888182344,0,"available_crw"
"254026_0",1,"254026_0_crw_001",15,"254026_0_20240412T050000",2024-04-12 05:00:00,-122.416272117985,36.5099860839287,0,"available_crw"
"254026_0",1,"254026_0_crw_001",16,"254026_0_20240412T110000",2024-04-12 11:00:00,-122.418420463755,36.5264657623527,0,"available_crw"
"254026_0",1,"254026_0_crw_001",17,"254026_0_20240412T170000",2024-04-12 17:00:00,-122.416366873705,36.7700330898243,0,"available_crw"
"254026_0",1,"254026_0_crw_001",18,"254026_0_20240412T230000",2024-04-12 23:00:00,-122.41653301195,36.7928217290903,0,"available_crw"
"254026_0",1,"254026_0_crw_001",19,"254026_0_20240413T050000",2024-04-13 05:00:00,-122.435368590905,36.8186308338137,0,"available_crw"
"254026_0",1,"254026_0_crw_001",20,"254026_0_20240413T110000",2024-04-13 11:00:00,-122.36975575831,36.8305030382536,0,"available_crw"
"254026_0",1,"254026_0_crw_001",21,"254026_0_20240413T170000",2024-04-13 17:00:00,-122.363957376874,36.8145884575773,0,"available_crw"
"254026_0",1,"254026_0_crw_001",22,"254026_0_20240413T230000",2024-04-13 23:00:00,-122.52151891881,36.8111127772616,0,"available_crw"
"254026_0",1,"254026_0_crw_001",23,"254026_0_20240414T050000",2024-04-14 05:00:00,-122.539328287191,36.802777284651,0,"available_crw"
"254026_0",1,"254026_0_crw_001",24,"254026_0_20240414T110000",2024-04-14 11:00:00,-122.418896497022,36.7882094788664,0,"available_crw"
"254026_0",1,"254026_0_crw_001",25,"254026_0_20240414T170000",2024-04-14 17:00:00,-122.372176680874,36.7841323306855,0,"available_crw"
"254026_0",1,"254026_0_crw_001",26,"254026_0_20240414T230000",2024-04-14 23:00:00,-122.300752775956,36.8113533887993,0,"available_crw"
"254026_0",1,"254026_0_crw_001",27,"254026_0_20240415T050000",2024-04-15 05:00:00,-122.242412972892,36.7887641546311,0,"available_crw"
"254026_0",1,"254026_0_crw_001",28,"254026_0_20240415T110000",2024-04-15 11:00:00,-122.199264583262,36.7737958796597,0,"available_crw"
"254026_0",1,"254026_0_crw_001",29,"254026_0_20240415T170000",2024-04-15 17:00:00,-122.181835370976,36.7236493861022,0,"available_crw"
"254026_0",1,"254026_0_crw_001",30,"254026_0_20240415T230000",2024-04-15 23:00:00,-122.339250027601,36.7217290567273,0,"available_crw"
"254026_0",2,"254026_0_crw_002",1,"254026_0_20240408T170000",2024-04-08 17:00:00,-122.0637,36.9493,0,"available_crw"
"254026_0",2,"254026_0_crw_002",2,"254026_0_20240408T230000",2024-04-08 23:00:00,-121.937186075153,36.7279957569188,0,"available_crw"
"254026_0",2,"254026_0_crw_002",3,"254026_0_20240409T050000",2024-04-09 05:00:00,-121.994251576572,36.7669407888738,0,"available_crw"
"254026_0",2,"254026_0_crw_002",4,"254026_0_20240409T110000",2024-04-09 11:00:00,-121.971066620582,36.6707965083182,0,"available_crw"
"254026_0",2,"254026_0_crw_002",5,"254026_0_20240409T170000",2024-04-09 17:00:00,-121.95499642453,36.7188329097283,0,"available_crw"
"254026_0",2,"254026_0_crw_002",6,"254026_0_20240409T230000",2024-04-09 23:00:00,-121.967346994705,36.7336741180861,0,"available_crw"
"254026_0",2,"254026_0_crw_002",7,"254026_0_20240410T050000",2024-04-10 05:00:00,-122.06857161399,36.907564277069,0,"available_crw"
"254026_0",2,"254026_0_crw_002",8,"254026_0_20240410T110000",2024-04-10 11:00:00,-122.001803178262,36.9145094115256,0,"available_crw"
"254026_0",2,"254026_0_crw_002",9,"254026_0_20240410T170000",2024-04-10 17:00:00,-121.965590180931,36.9215187297917,0,"available_crw"
"254026_0",2,"254026_0_crw_002",10,"254026_0_20240410T230000",2024-04-10 23:00:00,-121.96904667224,36.7948236363034,0,"available_crw"
"254026_0",2,"254026_0_crw_002",11,"254026_0_20240411T050000",2024-04-11 05:00:00,-121.968679730391,36.7568127582269,0,"available_crw"
"254026_0",2,"254026_0_crw_002",12,"254026_0_20240411T110000",2024-04-11 11:00:00,-121.964640238056,36.7454718584055,0,"available_crw"
"254026_0",2,"254026_0_crw_002",13,"254026_0_20240411T170000",2024-04-11 17:00:00,-121.906371325259,36.7025798967393,0,"available_crw"
"254026_0",2,"254026_0_crw_002",14,"254026_0_20240411T230000",2024-04-11 23:00:00,-121.885256026713,36.6874101059677,0,"available_crw"
"254026_0",2,"254026_0_crw_002",15,"254026_0_20240412T050000",2024-04-12 05:00:00,-121.943046793296,36.6599164016335,0,"available_crw"
"254026_0",2,"254026_0_crw_002",16,"254026_0_20240412T110000",2024-04-12 11:00:00,-121.958009730228,36.7126212546582,0,"available_crw"
"254026_0",2,"254026_0_crw_002",17,"254026_0_20240412T170000",2024-04-12 17:00:00,-121.964987608006,36.7229955553866,0,"available_crw"
"254026_0",2,"254026_0_crw_002",18,"254026_0_20240412T230000",2024-04-12 23:00:00,-121.983612396082,36.7495969002232,0,"available_crw"
"254026_0",2,"254026_0_crw_002",19,"254026_0_20240413T050000",2024-04-13 05:00:00,-122.012598621854,36.7433746171918,0,"available_crw"
"254026_0",2,"254026_0_crw_002",20,"254026_0_20240413T110000",2024-04-13 11:00:00,-121.901293354786,36.7038309452869,0,"available_crw"
"254026_0",2,"254026_0_crw_002",21,"254026_0_20240413T170000",2024-04-13 17:00:00,-121.860477250629,36.6901480663514,0,"available_crw"
"254026_0",2,"254026_0_crw_002",22,"254026_0_20240413T230000",2024-04-13 23:00:00,-121.819312565912,36.6771754916265,0,"available_crw"
"254026_0",2,"254026_0_crw_002",23,"254026_0_20240414T050000",2024-04-14 05:00:00,-121.798904643492,36.6792492937037,0,"available_crw"
"254026_0",2,"254026_0_crw_002",24,"254026_0_20240414T110000",2024-04-14 11:00:00,-121.803314937574,36.6736745864536,0,"available_crw"
"254026_0",2,"254026_0_crw_002",25,"254026_0_20240414T170000",2024-04-14 17:00:00,-121.846286405833,36.7152117565591,0,"available_crw"
"254026_0",2,"254026_0_crw_002",26,"254026_0_20240414T230000",2024-04-14 23:00:00,-121.831600212571,36.6668903574402,0,"available_crw"
"254026_0",2,"254026_0_crw_002",27,"254026_0_20240415T050000",2024-04-15 05:00:00,-121.851239311198,36.6619264526119,0,"available_crw"
"254026_0",2,"254026_0_crw_002",28,"254026_0_20240415T110000",2024-04-15 11:00:00,-121.858646227514,36.6773979383167,0,"available_crw"
"254026_0",2,"254026_0_crw_002",29,"254026_0_20240415T170000",2024-04-15 17:00:00,-121.875460073953,36.7103252173187,0,"available_crw"
"254026_0",2,"254026_0_crw_002",30,"254026_0_20240415T230000",2024-04-15 23:00:00,-121.891440294296,36.7207655367136,0,"available_crw"
"254026_0",3,"254026_0_crw_003",1,"254026_0_20240408T170000",2024-04-08 17:00:00,-122.0637,36.9493,0,"available_crw"
"254026_0",3,"254026_0_crw_003",2,"254026_0_20240408T230000",2024-04-08 23:00:00,-122.112588686632,36.9444656021333,0,"available_crw"
"254026_0",3,"254026_0_crw_003",3,"254026_0_20240409T050000",2024-04-09 05:00:00,-122.054003740792,36.9282426343676,0,"available_crw"
"254026_0",3,"254026_0_crw_003",4,"254026_0_20240409T110000",2024-04-09 11:00:00,-122.09428064114,36.8849209479787,0,"available_crw"
"254026_0",3,"254026_0_crw_003",5,"254026_0_20240409T170000",2024-04-09 17:00:00,-121.967738510809,36.7674481709419,0,"available_crw"
"254026_0",3,"254026_0_crw_003",6,"254026_0_20240409T230000",2024-04-09 23:00:00,-121.932593148208,36.7576615646158,0,"available_crw"
"254026_0",3,"254026_0_crw_003",7,"254026_0_20240410T050000",2024-04-10 05:00:00,-121.896536629091,36.7481491373628,0,"available_crw"
"254026_0",3,"254026_0_crw_003",8,"254026_0_20240410T110000",2024-04-10 11:00:00,-121.873564092649,36.6994755260963,0,"available_crw"
"254026_0",3,"254026_0_crw_003",9,"254026_0_20240410T170000",2024-04-10 17:00:00,-121.867900697642,36.7490140941935,0,"available_crw"
"254026_0",3,"254026_0_crw_003",10,"254026_0_20240410T230000",2024-04-10 23:00:00,-121.865054143484,36.7794615682563,0,"available_crw"
"254026_0",3,"254026_0_crw_003",11,"254026_0_20240411T050000",2024-04-11 05:00:00,-122.05025237107,36.8238181434512,0,"available_crw"
"254026_0",3,"254026_0_crw_003",12,"254026_0_20240411T110000",2024-04-11 11:00:00,-122.329622463988,36.9183640206868,0,"available_crw"
"254026_0",3,"254026_0_crw_003",13,"254026_0_20240411T170000",2024-04-11 17:00:00,-122.350151677525,36.9166823053308,0,"available_crw"
"254026_0",3,"254026_0_crw_003",14,"254026_0_20240411T230000",2024-04-11 23:00:00,-122.354672058571,36.8928135354514,0,"available_crw"
"254026_0",3,"254026_0_crw_003",15,"254026_0_20240412T050000",2024-04-12 05:00:00,-122.415008346886,36.9168001208822,0,"available_crw"
"254026_0",3,"254026_0_crw_003",16,"254026_0_20240412T110000",2024-04-12 11:00:00,-122.462733023539,36.9810361998945,0,"available_crw"
"254026_0",3,"254026_0_crw_003",17,"254026_0_20240412T170000",2024-04-12 17:00:00,-122.477598950793,37.0004553902897,0,"available_crw"
"254026_0",3,"254026_0_crw_003",18,"254026_0_20240412T230000",2024-04-12 23:00:00,-122.499564026805,37.0034157226859,0,"available_crw"
"254026_0",3,"254026_0_crw_003",19,"254026_0_20240413T050000",2024-04-13 05:00:00,-122.534499685794,36.9929145164166,0,"available_crw"
"254026_0",3,"254026_0_crw_003",20,"254026_0_20240413T110000",2024-04-13 11:00:00,-122.506865062542,36.8391000452362,0,"available_crw"
"254026_0",3,"254026_0_crw_003",21,"254026_0_20240413T170000",2024-04-13 17:00:00,-122.499589056988,36.8039783313088,0,"available_crw"
"254026_0",3,"254026_0_crw_003",22,"254026_0_20240413T230000",2024-04-13 23:00:00,-122.306596340955,36.7960036368694,0,"available_crw"
"254026_0",3,"254026_0_crw_003",23,"254026_0_20240414T050000",2024-04-14 05:00:00,-122.263036493794,36.7964073414261,0,"available_crw"
"254026_0",3,"254026_0_crw_003",24,"254026_0_20240414T110000",2024-04-14 11:00:00,-122.330487909587,36.7702855762903,0,"available_crw"
"254026_0",3,"254026_0_crw_003",25,"254026_0_20240414T170000",2024-04-14 17:00:00,-122.268648258108,36.7699881961359,0,"available_crw"
"254026_0",3,"254026_0_crw_003",26,"254026_0_20240414T230000",2024-04-14 23:00:00,-122.363221759033,36.8317024423912,0,"available_crw"
"254026_0",3,"254026_0_crw_003",27,"254026_0_20240415T050000",2024-04-15 05:00:00,-122.398776057115,36.8519707126808,0,"available_crw"
"254026_0",3,"254026_0_crw_003",28,"254026_0_20240415T110000",2024-04-15 11:00:00,-122.57062897589,36.985478846086,0,"available_crw"
"254026_0",3,"254026_0_crw_003",29,"254026_0_20240415T170000",2024-04-15 17:00:00,-122.598454609233,37.0063181045013,0,"available_crw"
"254026_0",3,"254026_0_crw_003",30,"254026_0_20240415T230000",2024-04-15 23:00:00,-122.619474935446,37.0216534555961,0,"available_crw"
"254026_0",4,"254026_0_crw_004",1,"254026_0_20240408T170000",2024-04-08 17:00:00,-122.0637,36.9493,0,"available_crw"
"254026_0",4,"254026_0_crw_004",2,"254026_0_20240408T230000",2024-04-08 23:00:00,-121.993359964016,36.9201224209422,0,"available_crw"
"254026_0",4,"254026_0_crw_004",3,"254026_0_20240409T050000",2024-04-09 05:00:00,-121.980300812937,36.8691219407507,0,"available_crw"
"254026_0",4,"254026_0_crw_004",4,"254026_0_20240409T110000",2024-04-09 11:00:00,-121.974238933488,36.8468615184748,0,"available_crw"
"254026_0",4,"254026_0_crw_004",5,"254026_0_20240409T170000",2024-04-09 17:00:00,-121.967829618183,36.8246643242278,0,"available_crw"
"254026_0",4,"254026_0_crw_004",6,"254026_0_20240409T230000",2024-04-09 23:00:00,-122.12540085514,36.8283971790124,0,"available_crw"
"254026_0",4,"254026_0_crw_004",7,"254026_0_20240410T050000",2024-04-10 05:00:00,-122.172414440392,36.827879509472,0,"available_crw"
"254026_0",4,"254026_0_crw_004",8,"254026_0_20240410T110000",2024-04-10 11:00:00,-122.186785802674,36.8142552751678,0,"available_crw"
"254026_0",4,"254026_0_crw_004",9,"254026_0_20240410T170000",2024-04-10 17:00:00,-122.069669495691,36.6906900379129,0,"available_crw"
"254026_0",4,"254026_0_crw_004",10,"254026_0_20240410T230000",2024-04-10 23:00:00,-122.047537155689,36.6895026294497,0,"available_crw"
"254026_0",4,"254026_0_crw_004",11,"254026_0_20240411T050000",2024-04-11 05:00:00,-122.101121472396,36.714268634697,0,"available_crw"
"254026_0",4,"254026_0_crw_004",12,"254026_0_20240411T110000",2024-04-11 11:00:00,-122.051548603507,36.7507514972357,0,"available_crw"
"254026_0",4,"254026_0_crw_004",13,"254026_0_20240411T170000",2024-04-11 17:00:00,-122.110854840714,36.7367157883562,0,"available_crw"
"254026_0",4,"254026_0_crw_004",14,"254026_0_20240411T230000",2024-04-11 23:00:00,-122.199982935805,36.757901993177,0,"available_crw"
"254026_0",4,"254026_0_crw_004",15,"254026_0_20240412T050000",2024-04-12 05:00:00,-122.16225259538,36.8026462142631,0,"available_crw"
"254026_0",4,"254026_0_crw_004",16,"254026_0_20240412T110000",2024-04-12 11:00:00,-122.144486300499,36.7942290495317,0,"available_crw"
"254026_0",4,"254026_0_crw_004",17,"254026_0_20240412T170000",2024-04-12 17:00:00,-122.123896124251,36.7936690481815,0,"available_crw"
"254026_0",4,"254026_0_crw_004",18,"254026_0_20240412T230000",2024-04-12 23:00:00,-122.129356856774,36.7887281871343,0,"available_crw"
"254026_0",4,"254026_0_crw_004",19,"254026_0_20240413T050000",2024-04-13 05:00:00,-122.00928316412,36.8050728504796,0,"available_crw"
"254026_0",4,"254026_0_crw_004",20,"254026_0_20240413T110000",2024-04-13 11:00:00,-122.023621244726,36.6788700932282,0,"available_crw"
"254026_0",4,"254026_0_crw_004",21,"254026_0_20240413T170000",2024-04-13 17:00:00,-122.081100779634,36.492549424111,0,"available_crw"
"254026_0",4,"254026_0_crw_004",22,"254026_0_20240413T230000",2024-04-13 23:00:00,-121.984562948227,36.5518934015512,0,"available_crw"
"254026_0",4,"254026_0_crw_004",23,"254026_0_20240414T050000",2024-04-14 05:00:00,-121.970262457355,36.5795048470701,0,"available_crw"
"254026_0",4,"254026_0_crw_004",24,"254026_0_20240414T110000",2024-04-14 11:00:00,-122.128250023419,36.6685745220675,0,"available_crw"
"254026_0",4,"254026_0_crw_004",25,"254026_0_20240414T170000",2024-04-14 17:00:00,-122.160819002355,36.682943622941,0,"available_crw"
"254026_0",4,"254026_0_crw_004",26,"254026_0_20240414T230000",2024-04-14 23:00:00,-122.175083586339,36.6856270378667,0,"available_crw"
"254026_0",4,"254026_0_crw_004",27,"254026_0_20240415T050000",2024-04-15 05:00:00,-122.460389327261,36.7667412728958,0,"available_crw"
"254026_0",4,"254026_0_crw_004",28,"254026_0_20240415T110000",2024-04-15 11:00:00,-122.454808869173,36.7827056524193,0,"available_crw"
"254026_0",4,"254026_0_crw_004",29,"254026_0_20240415T170000",2024-04-15 17:00:00,-122.385022605918,36.8321498935323,0,"available_crw"
"254026_0",4,"254026_0_crw_004",30,"254026_0_20240415T230000",2024-04-15 23:00:00,-122.36398024894,36.8474230014504,0,"available_crw"
"254026_0",5,"254026_0_crw_005",1,"254026_0_20240408T170000",2024-04-08 17:00:00,-122.0637,36.9493,0,"available_crw"
"254026_0",5,"254026_0_crw_005",2,"254026_0_20240408T230000",2024-04-08 23:00:00,-122.04178220676,36.9461983322027,0,"available_crw"
"254026_0",5,"254026_0_crw_005",3,"254026_0_20240409T050000",2024-04-09 05:00:00,-121.81550285046,36.8841899288181,0,"available_crw"
"254026_0",5,"254026_0_crw_005",4,"254026_0_20240409T110000",2024-04-09 11:00:00,-121.820930362558,36.8681920165653,0,"available_crw"
"254026_0",5,"254026_0_crw_005",5,"254026_0_20240409T170000",2024-04-09 17:00:00,-121.82967228745,36.8338724845613,0,"available_crw"
"254026_0",5,"254026_0_crw_005",6,"254026_0_20240409T230000",2024-04-09 23:00:00,-121.926860519252,36.6210901324228,0,"available_crw"
"254026_0",5,"254026_0_crw_005",7,"254026_0_20240410T050000",2024-04-10 05:00:00,-121.930980020586,36.6268063207826,0,"available_crw"
"254026_0",5,"254026_0_crw_005",8,"254026_0_20240410T110000",2024-04-10 11:00:00,-122.000464539759,36.6568833798446,0,"available_crw"
"254026_0",5,"254026_0_crw_005",9,"254026_0_20240410T170000",2024-04-10 17:00:00,-122.02078173584,36.6391392370006,0,"available_crw"
"254026_0",5,"254026_0_crw_005",10,"254026_0_20240410T230000",2024-04-10 23:00:00,-122.053941428195,36.6861442061899,0,"available_crw"
"254026_0",5,"254026_0_crw_005",11,"254026_0_20240411T050000",2024-04-11 05:00:00,-122.073001655359,36.7032789605834,0,"available_crw"
"254026_0",5,"254026_0_crw_005",12,"254026_0_20240411T110000",2024-04-11 11:00:00,-122.098783951265,36.7256738028204,0,"available_crw"
"254026_0",5,"254026_0_crw_005",13,"254026_0_20240411T170000",2024-04-11 17:00:00,-122.174860815252,36.7427232810808,0,"available_crw"
"254026_0",5,"254026_0_crw_005",14,"254026_0_20240411T230000",2024-04-11 23:00:00,-122.095211212797,36.8520738829847,0,"available_crw"
"254026_0",5,"254026_0_crw_005",15,"254026_0_20240412T050000",2024-04-12 05:00:00,-122.237464035853,36.9574222078858,0,"available_crw"
"254026_0",5,"254026_0_crw_005",16,"254026_0_20240412T110000",2024-04-12 11:00:00,-122.250553088019,36.9627939000489,0,"available_crw"
"254026_0",5,"254026_0_crw_005",17,"254026_0_20240412T170000",2024-04-12 17:00:00,-122.264958665278,36.9651514897034,0,"available_crw"
"254026_0",5,"254026_0_crw_005",18,"254026_0_20240412T230000",2024-04-12 23:00:00,-122.292855904461,36.9694166995166,0,"available_crw"
"254026_0",5,"254026_0_crw_005",19,"254026_0_20240413T050000",2024-04-13 05:00:00,-122.26069734171,37.0169313690869,0,"available_crw"
"254026_0",5,"254026_0_crw_005",20,"254026_0_20240413T110000",2024-04-13 11:00:00,-122.257397870938,37.0284285345053,0,"available_crw"
"254026_0",5,"254026_0_crw_005",21,"254026_0_20240413T170000",2024-04-13 17:00:00,-122.432785933847,37.0947045922653,0,"available_crw"
"254026_0",5,"254026_0_crw_005",22,"254026_0_20240413T230000",2024-04-13 23:00:00,-122.550770525717,36.9714046451181,0,"available_crw"
"254026_0",5,"254026_0_crw_005",23,"254026_0_20240414T050000",2024-04-14 05:00:00,-122.615643670969,36.9700104157375,0,"available_crw"
"254026_0",5,"254026_0_crw_005",24,"254026_0_20240414T110000",2024-04-14 11:00:00,-122.657834851067,37.0095829397252,0,"available_crw"
"254026_0",5,"254026_0_crw_005",25,"254026_0_20240414T170000",2024-04-14 17:00:00,-122.689968398309,37.0372393309161,0,"available_crw"
"254026_0",5,"254026_0_crw_005",26,"254026_0_20240414T230000",2024-04-14 23:00:00,-122.721759715146,37.0612825547084,0,"available_crw"
"254026_0",5,"254026_0_crw_005",27,"254026_0_20240415T050000",2024-04-15 05:00:00,-122.71682394968,37.1132032424233,0,"available_crw"
"254026_0",5,"254026_0_crw_005",28,"254026_0_20240415T110000",2024-04-15 11:00:00,-122.800277820758,37.0416378569637,0,"available_crw"
"254026_0",5,"254026_0_crw_005",29,"254026_0_20240415T170000",2024-04-15 17:00:00,-122.833265508847,37.0888017818925,0,"available_crw"
"254026_0",5,"254026_0_crw_005",30,"254026_0_20240415T230000",2024-04-15 23:00:00,-122.827386560866,37.1634430398158,0,"available_crw"
"254026_0",6,"254026_0_crw_006",1,"254026_0_20240408T170000",2024-04-08 17:00:00,-122.0637,36.9493,0,"available_crw"
"254026_0",6,"254026_0_crw_006",2,"254026_0_20240408T230000",2024-04-08 23:00:00,-122.041116949982,36.9255096380072,0,"available_crw"
"254026_0",6,"254026_0_crw_006",3,"254026_0_20240409T050000",2024-04-09 05:00:00,-122.033955413299,36.8509452217981,0,"available_crw"
"254026_0",6,"254026_0_crw_006",4,"254026_0_20240409T110000",2024-04-09 11:00:00,-121.965181666085,36.9318160745491,0,"available_crw"
"254026_0",6,"254026_0_crw_006",5,"254026_0_20240409T170000",2024-04-09 17:00:00,-121.942904075751,36.9619407530673,0,"available_crw"
"254026_0",6,"254026_0_crw_006",6,"254026_0_20240409T230000",2024-04-09 23:00:00,-121.898205046151,36.9215004777614,0,"available_crw"
"254026_0",6,"254026_0_crw_006",7,"254026_0_20240410T050000",2024-04-10 05:00:00,-121.871431430341,36.932489619009,0,"available_crw"
"254026_0",6,"254026_0_crw_006",8,"254026_0_20240410T110000",2024-04-10 11:00:00,-121.86087790011,36.9182363603442,0,"available_crw"
"254026_0",6,"254026_0_crw_006",9,"254026_0_20240410T170000",2024-04-10 17:00:00,-122.012575170884,36.8833650025048,0,"available_crw"
"254026_0",6,"254026_0_crw_006",10,"254026_0_20240410T230000",2024-04-10 23:00:00,-122.053629105093,36.8715538595836,0,"available_crw"
"254026_0",6,"254026_0_crw_006",11,"254026_0_20240411T050000",2024-04-11 05:00:00,-122.095000244747,36.8588035708031,0,"available_crw"
"254026_0",6,"254026_0_crw_006",12,"254026_0_20240411T110000",2024-04-11 11:00:00,-122.103612136115,36.8738733500707,0,"available_crw"
"254026_0",6,"254026_0_crw_006",13,"254026_0_20240411T170000",2024-04-11 17:00:00,-122.090286374635,36.9478903486792,0,"available_crw"
"254026_0",6,"254026_0_crw_006",14,"254026_0_20240411T230000",2024-04-11 23:00:00,-122.104157371596,36.9756659772168,0,"available_crw"
"254026_0",6,"254026_0_crw_006",15,"254026_0_20240412T050000",2024-04-12 05:00:00,-122.108706586627,36.9260517827239,0,"available_crw"
"254026_0",6,"254026_0_crw_006",16,"254026_0_20240412T110000",2024-04-12 11:00:00,-122.092456621114,36.8991234487442,0,"available_crw"
"254026_0",6,"254026_0_crw_006",17,"254026_0_20240412T170000",2024-04-12 17:00:00,-122.070999720055,36.8944216155652,0,"available_crw"
"254026_0",6,"254026_0_crw_006",18,"254026_0_20240412T230000",2024-04-12 23:00:00,-121.789523489629,36.8041898617336,0,"available_crw"
"254026_0",6,"254026_0_crw_006",19,"254026_0_20240413T050000",2024-04-13 05:00:00,-121.774941587631,36.8028985541461,0,"available_crw"
"254026_0",6,"254026_0_crw_006",20,"254026_0_20240413T110000",2024-04-13 11:00:00,-121.775885859601,36.7863344005396,0,"available_crw"
"254026_0",6,"254026_0_crw_006",21,"254026_0_20240413T170000",2024-04-13 17:00:00,-121.776060402892,36.7485396952526,0,"available_crw"
"254026_0",6,"254026_0_crw_006",22,"254026_0_20240413T230000",2024-04-13 23:00:00,-121.759391223534,36.7367455571116,0,"available_crw"
"254026_0",6,"254026_0_crw_006",23,"254026_0_20240414T050000",2024-04-14 05:00:00,-121.746193200963,36.7316149329689,0,"available_crw"
"254026_0",6,"254026_0_crw_006",24,"254026_0_20240414T110000",2024-04-14 11:00:00,-121.798617206632,36.8200034444261,0,"available_crw"
"254026_0",6,"254026_0_crw_006",25,"254026_0_20240414T170000",2024-04-14 17:00:00,-121.828086830766,36.8153764115135,0,"available_crw"
"254026_0",6,"254026_0_crw_006",26,"254026_0_20240414T230000",2024-04-14 23:00:00,-121.854362714941,36.8062798777199,0,"available_crw"
"254026_0",6,"254026_0_crw_006",27,"254026_0_20240415T050000",2024-04-15 05:00:00,-121.79257154568,36.8038762647989,0,"available_crw"
"254026_0",6,"254026_0_crw_006",28,"254026_0_20240415T110000",2024-04-15 11:00:00,-121.846777452029,36.8278608464742,0,"available_crw"
"254026_0",6,"254026_0_crw_006",29,"254026_0_20240415T170000",2024-04-15 17:00:00,-121.811180024346,36.7871743845571,0,"available_crw"
"254026_0",6,"254026_0_crw_006",30,"254026_0_20240415T230000",2024-04-15 23:00:00,-121.788833061884,36.7624947793984,0,"available_crw"
"254026_0",7,"254026_0_crw_007",1,"254026_0_20240408T170000",2024-04-08 17:00:00,-122.0637,36.9493,0,"available_crw"
"254026_0",7,"254026_0_crw_007",2,"254026_0_20240408T230000",2024-04-08 23:00:00,-122.037704116488,36.9177874740022,0,"available_crw"
"254026_0",7,"254026_0_crw_007",3,"254026_0_20240409T050000",2024-04-09 05:00:00,-121.919338740936,36.7120204732564,0,"available_crw"
"254026_0",7,"254026_0_crw_007",4,"254026_0_20240409T110000",2024-04-09 11:00:00,-121.968441511121,36.7115372349303,0,"available_crw"
"254026_0",7,"254026_0_crw_007",5,"254026_0_20240409T170000",2024-04-09 17:00:00,-121.986387508248,36.7034291613342,0,"available_crw"
"254026_0",7,"254026_0_crw_007",6,"254026_0_20240409T230000",2024-04-09 23:00:00,-121.942769592946,36.7523469046141,0,"available_crw"
"254026_0",7,"254026_0_crw_007",7,"254026_0_20240410T050000",2024-04-10 05:00:00,-122.0721320679,36.8677970062709,0,"available_crw"
"254026_0",7,"254026_0_crw_007",8,"254026_0_20240410T110000",2024-04-10 11:00:00,-122.105096626256,36.8947660126126,0,"available_crw"
"254026_0",7,"254026_0_crw_007",9,"254026_0_20240410T170000",2024-04-10 17:00:00,-122.09131994791,36.9071173498299,0,"available_crw"
"254026_0",7,"254026_0_crw_007",10,"254026_0_20240410T230000",2024-04-10 23:00:00,-122.072650415138,36.9242794092422,0,"available_crw"
"254026_0",7,"254026_0_crw_007",11,"254026_0_20240411T050000",2024-04-11 05:00:00,-122.056262506434,36.9141883494416,0,"available_crw"
"254026_0",7,"254026_0_crw_007",12,"254026_0_20240411T110000",2024-04-11 11:00:00,-122.030357926165,36.9043686488535,0,"available_crw"
"254026_0",7,"254026_0_crw_007",13,"254026_0_20240411T170000",2024-04-11 17:00:00,-122.131824050581,36.807355202084,0,"available_crw"
"254026_0",7,"254026_0_crw_007",14,"254026_0_20240411T230000",2024-04-11 23:00:00,-122.128394914604,36.7897055703556,0,"available_crw"
"254026_0",7,"254026_0_crw_007",15,"254026_0_20240412T050000",2024-04-12 05:00:00,-122.28514937725,36.8026746368221,0,"available_crw"
"254026_0",7,"254026_0_crw_007",16,"254026_0_20240412T110000",2024-04-12 11:00:00,-122.21442221545,36.8224709155857,0,"available_crw"
"254026_0",7,"254026_0_crw_007",17,"254026_0_20240412T170000",2024-04-12 17:00:00,-121.91877263322,36.8759647954125,0,"available_crw"
"254026_0",7,"254026_0_crw_007",18,"254026_0_20240412T230000",2024-04-12 23:00:00,-121.924818815482,36.7493327795576,0,"available_crw"
"254026_0",7,"254026_0_crw_007",19,"254026_0_20240413T050000",2024-04-13 05:00:00,-121.922221912368,36.7194955904914,0,"available_crw"
"254026_0",7,"254026_0_crw_007",20,"254026_0_20240413T110000",2024-04-13 11:00:00,-121.987479198369,36.7322838753055,0,"available_crw"
"254026_0",7,"254026_0_crw_007",21,"254026_0_20240413T170000",2024-04-13 17:00:00,-121.913291311117,36.6546783694708,0,"available_crw"
"254026_0",7,"254026_0_crw_007",22,"254026_0_20240413T230000",2024-04-13 23:00:00,-121.878951692464,36.6432873371378,0,"available_crw"
"254026_0",7,"254026_0_crw_007",23,"254026_0_20240414T050000",2024-04-14 05:00:00,-121.937732696626,36.7290232932707,0,"available_crw"
"254026_0",7,"254026_0_crw_007",24,"254026_0_20240414T110000",2024-04-14 11:00:00,-121.951741185195,36.7488261397784,0,"available_crw"
"254026_0",7,"254026_0_crw_007",25,"254026_0_20240414T170000",2024-04-14 17:00:00,-121.943652379058,36.7476740657934,0,"available_crw"
"254026_0",7,"254026_0_crw_007",26,"254026_0_20240414T230000",2024-04-14 23:00:00,-121.929060004985,36.7488061048006,0,"available_crw"
"254026_0",7,"254026_0_crw_007",27,"254026_0_20240415T050000",2024-04-15 05:00:00,-121.892662311505,36.7548687401943,0,"available_crw"
"254026_0",7,"254026_0_crw_007",28,"254026_0_20240415T110000",2024-04-15 11:00:00,-122.001131439782,36.7993449210714,0,"available_crw"
"254026_0",7,"254026_0_crw_007",29,"254026_0_20240415T170000",2024-04-15 17:00:00,-121.95107517065,36.7100723927025,0,"available_crw"
"254026_0",7,"254026_0_crw_007",30,"254026_0_20240415T230000",2024-04-15 23:00:00,-121.762163179238,36.7420511901584,0,"available_crw"
"254026_0",8,"254026_0_crw_008",1,"254026_0_20240408T170000",2024-04-08 17:00:00,-122.0637,36.9493,0,"available_crw"
"254026_0",8,"254026_0_crw_008",2,"254026_0_20240408T230000",2024-04-08 23:00:00,-122.031043274964,36.9348689984628,0,"available_crw"
"254026_0",8,"254026_0_crw_008",3,"254026_0_20240409T050000",2024-04-09 05:00:00,-121.997429960903,36.9205841768825,0,"available_crw"
"254026_0",8,"254026_0_crw_008",4,"254026_0_20240409T110000",2024-04-09 11:00:00,-122.104343514297,36.8274078393779,0,"available_crw"
"254026_0",8,"254026_0_crw_008",5,"254026_0_20240409T170000",2024-04-09 17:00:00,-122.332639226309,36.6675032416046,0,"available_crw"
"254026_0",8,"254026_0_crw_008",6,"254026_0_20240409T230000",2024-04-09 23:00:00,-122.533758435611,36.5646340875959,0,"available_crw"
"254026_0",8,"254026_0_crw_008",7,"254026_0_20240410T050000",2024-04-10 05:00:00,-122.572747207062,36.5432845479506,0,"available_crw"
"254026_0",8,"254026_0_crw_008",8,"254026_0_20240410T110000",2024-04-10 11:00:00,-122.451751528693,36.5354571318168,0,"available_crw"
"254026_0",8,"254026_0_crw_008",9,"254026_0_20240410T170000",2024-04-10 17:00:00,-122.521666422669,36.5144239582192,0,"available_crw"
"254026_0",8,"254026_0_crw_008",10,"254026_0_20240410T230000",2024-04-10 23:00:00,-122.554777650452,36.500993671906,0,"available_crw"
"254026_0",8,"254026_0_crw_008",11,"254026_0_20240411T050000",2024-04-11 05:00:00,-122.646889929684,36.5090368805663,0,"available_crw"
"254026_0",8,"254026_0_crw_008",12,"254026_0_20240411T110000",2024-04-11 11:00:00,-122.717976796357,36.4817102722606,0,"available_crw"
"254026_0",8,"254026_0_crw_008",13,"254026_0_20240411T170000",2024-04-11 17:00:00,-123.00274131204,36.4017212656465,0,"available_crw"
"254026_0",8,"254026_0_crw_008",14,"254026_0_20240411T230000",2024-04-11 23:00:00,-123.046653344558,36.3881173552727,0,"available_crw"
"254026_0",8,"254026_0_crw_008",15,"254026_0_20240412T050000",2024-04-12 05:00:00,-122.985358103398,36.3837015152981,0,"available_crw"
"254026_0",8,"254026_0_crw_008",16,"254026_0_20240412T110000",2024-04-12 11:00:00,-122.975342303782,36.4064496383758,0,"available_crw"
"254026_0",8,"254026_0_crw_008",17,"254026_0_20240412T170000",2024-04-12 17:00:00,-122.986161134029,36.422029703964,0,"available_crw"
"254026_0",8,"254026_0_crw_008",18,"254026_0_20240412T230000",2024-04-12 23:00:00,-123.010762998236,36.4541837551625,0,"available_crw"
"254026_0",8,"254026_0_crw_008",19,"254026_0_20240413T050000",2024-04-13 05:00:00,-122.945811902927,36.4672699184463,0,"available_crw"
"254026_0",8,"254026_0_crw_008",20,"254026_0_20240413T110000",2024-04-13 11:00:00,-123.056014215296,36.5082105858941,0,"available_crw"
"254026_0",8,"254026_0_crw_008",21,"254026_0_20240413T170000",2024-04-13 17:00:00,-122.981415625155,36.5085741058761,0,"available_crw"
"254026_0",8,"254026_0_crw_008",22,"254026_0_20240413T230000",2024-04-13 23:00:00,-123.001156037501,36.4723864071169,0,"available_crw"
"254026_0",8,"254026_0_crw_008",23,"254026_0_20240414T050000",2024-04-14 05:00:00,-122.991763439441,36.4562111270005,0,"available_crw"
"254026_0",8,"254026_0_crw_008",24,"254026_0_20240414T110000",2024-04-14 11:00:00,-122.804055351469,36.4904643500162,0,"available_crw"
"254026_0",8,"254026_0_crw_008",25,"254026_0_20240414T170000",2024-04-14 17:00:00,-122.803113251678,36.5145981560387,0,"available_crw"
"254026_0",8,"254026_0_crw_008",26,"254026_0_20240414T230000",2024-04-14 23:00:00,-122.802554516538,36.5451332540537,0,"available_crw"
"254026_0",8,"254026_0_crw_008",27,"254026_0_20240415T050000",2024-04-15 05:00:00,-122.802629373,36.5756714647236,0,"available_crw"
"254026_0",8,"254026_0_crw_008",28,"254026_0_20240415T110000",2024-04-15 11:00:00,-122.769479342543,36.8177822119406,0,"available_crw"
"254026_0",8,"254026_0_crw_008",29,"254026_0_20240415T170000",2024-04-15 17:00:00,-122.769415168382,36.8476952345441,0,"available_crw"
"254026_0",8,"254026_0_crw_008",30,"254026_0_20240415T230000",2024-04-15 23:00:00,-122.810752704284,36.9018951732734,0,"available_crw"
"254026_0",9,"254026_0_crw_009",1,"254026_0_20240408T170000",2024-04-08 17:00:00,-122.0637,36.9493,0,"available_crw"
"254026_0",9,"254026_0_crw_009",2,"254026_0_20240408T230000",2024-04-08 23:00:00,-122.044034444237,36.9325675630446,0,"available_crw"
"254026_0",9,"254026_0_crw_009",3,"254026_0_20240409T050000",2024-04-09 05:00:00,-121.967607808685,36.9159965926806,0,"available_crw"
"254026_0",9,"254026_0_crw_009",4,"254026_0_20240409T110000",2024-04-09 11:00:00,-122.004102315931,36.870569183471,0,"available_crw"
"254026_0",9,"254026_0_crw_009",5,"254026_0_20240409T170000",2024-04-09 17:00:00,-122.014170153276,36.8490352248288,0,"available_crw"
"254026_0",9,"254026_0_crw_009",6,"254026_0_20240409T230000",2024-04-09 23:00:00,-122.029474639288,36.8130691132289,0,"available_crw"
"254026_0",9,"254026_0_crw_009",7,"254026_0_20240410T050000",2024-04-10 05:00:00,-122.102491641583,36.7667628160959,0,"available_crw"
"254026_0",9,"254026_0_crw_009",8,"254026_0_20240410T110000",2024-04-10 11:00:00,-122.359120839897,36.6378367383951,0,"available_crw"
"254026_0",9,"254026_0_crw_009",9,"254026_0_20240410T170000",2024-04-10 17:00:00,-122.238430375303,36.6263701352669,0,"available_crw"
"254026_0",9,"254026_0_crw_009",10,"254026_0_20240410T230000",2024-04-10 23:00:00,-122.221992678762,36.6383546358843,0,"available_crw"
"254026_0",9,"254026_0_crw_009",11,"254026_0_20240411T050000",2024-04-11 05:00:00,-122.194273792928,36.5891201351584,0,"available_crw"
"254026_0",9,"254026_0_crw_009",12,"254026_0_20240411T110000",2024-04-11 11:00:00,-122.202181813031,36.5908631444454,0,"available_crw"
"254026_0",9,"254026_0_crw_009",13,"254026_0_20240411T170000",2024-04-11 17:00:00,-122.244743095829,36.5979076428075,0,"available_crw"
"254026_0",9,"254026_0_crw_009",14,"254026_0_20240411T230000",2024-04-11 23:00:00,-122.216124313865,36.6300182178861,0,"available_crw"
"254026_0",9,"254026_0_crw_009",15,"254026_0_20240412T050000",2024-04-12 05:00:00,-122.345228488071,36.7455188134268,0,"available_crw"
"254026_0",9,"254026_0_crw_009",16,"254026_0_20240412T110000",2024-04-12 11:00:00,-122.368435227359,36.758954060262,0,"available_crw"
"254026_0",9,"254026_0_crw_009",17,"254026_0_20240412T170000",2024-04-12 17:00:00,-122.382199282897,36.7630226417894,0,"available_crw"
"254026_0",9,"254026_0_crw_009",18,"254026_0_20240412T230000",2024-04-12 23:00:00,-122.339436593793,36.7270933006946,0,"available_crw"
"254026_0",9,"254026_0_crw_009",19,"254026_0_20240413T050000",2024-04-13 05:00:00,-122.174503500187,36.807982875618,0,"available_crw"
"254026_0",9,"254026_0_crw_009",20,"254026_0_20240413T110000",2024-04-13 11:00:00,-122.081533194585,36.8058960506026,0,"available_crw"
"254026_0",9,"254026_0_crw_009",21,"254026_0_20240413T170000",2024-04-13 17:00:00,-122.063164250794,36.813404117773,0,"available_crw"
"254026_0",9,"254026_0_crw_009",22,"254026_0_20240413T230000",2024-04-13 23:00:00,-122.182436405117,36.833347593027,0,"available_crw"
"254026_0",9,"254026_0_crw_009",23,"254026_0_20240414T050000",2024-04-14 05:00:00,-122.256781320538,36.8117196810079,0,"available_crw"
"254026_0",9,"254026_0_crw_009",24,"254026_0_20240414T110000",2024-04-14 11:00:00,-122.283300546224,36.8036830808329,0,"available_crw"
"254026_0",9,"254026_0_crw_009",25,"254026_0_20240414T170000",2024-04-14 17:00:00,-122.280345688489,36.8431500583512,0,"available_crw"
"254026_0",9,"254026_0_crw_009",26,"254026_0_20240414T230000",2024-04-14 23:00:00,-122.252790836538,36.7871579039683,0,"available_crw"
"254026_0",9,"254026_0_crw_009",27,"254026_0_20240415T050000",2024-04-15 05:00:00,-122.236975811699,36.7765410559763,0,"available_crw"
"254026_0",9,"254026_0_crw_009",28,"254026_0_20240415T110000",2024-04-15 11:00:00,-122.237968252879,36.7244757503601,0,"available_crw"
"254026_0",9,"254026_0_crw_009",29,"254026_0_20240415T170000",2024-04-15 17:00:00,-122.219845808816,36.6983490081677,0,"available_crw"
"254026_0",9,"254026_0_crw_009",30,"254026_0_20240415T230000",2024-04-15 23:00:00,-122.372238899406,36.666783543738,0,"available_crw"
"254026_0",10,"254026_0_crw_010",1,"254026_0_20240408T170000",2024-04-08 17:00:00,-122.0637,36.9493,0,"available_crw"
"254026_0",10,"254026_0_crw_010",2,"254026_0_20240408T230000",2024-04-08 23:00:00,-121.972982897655,36.7716866011714,0,"available_crw"
"254026_0",10,"254026_0_crw_010",3,"254026_0_20240409T050000",2024-04-09 05:00:00,-122.129133233173,36.7550686177472,0,"available_crw"
"254026_0",10,"254026_0_crw_010",4,"254026_0_20240409T110000",2024-04-09 11:00:00,-122.133152716337,36.7713330640017,0,"available_crw"
"254026_0",10,"254026_0_crw_010",5,"254026_0_20240409T170000",2024-04-09 17:00:00,-122.125927838647,36.76818396128,0,"available_crw"
"254026_0",10,"254026_0_crw_010",6,"254026_0_20240409T230000",2024-04-09 23:00:00,-122.174374475209,36.7307239098979,0,"available_crw"
"254026_0",10,"254026_0_crw_010",7,"254026_0_20240410T050000",2024-04-10 05:00:00,-122.190996700695,36.7679307681171,0,"available_crw"
"254026_0",10,"254026_0_crw_010",8,"254026_0_20240410T110000",2024-04-10 11:00:00,-122.172084351959,36.7745263219071,0,"available_crw"
"254026_0",10,"254026_0_crw_010",9,"254026_0_20240410T170000",2024-04-10 17:00:00,-121.899383018369,36.8320461566095,0,"available_crw"
"254026_0",10,"254026_0_crw_010",10,"254026_0_20240410T230000",2024-04-10 23:00:00,-121.872908145186,36.8530831648646,0,"available_crw"
"254026_0",10,"254026_0_crw_010",11,"254026_0_20240411T050000",2024-04-11 05:00:00,-121.866962430858,36.8689475575016,0,"available_crw"
"254026_0",10,"254026_0_crw_010",12,"254026_0_20240411T110000",2024-04-11 11:00:00,-121.857083535463,36.9030682416865,0,"available_crw"
"254026_0",10,"254026_0_crw_010",13,"254026_0_20240411T170000",2024-04-11 17:00:00,-121.83671648763,36.9003489537656,0,"available_crw"
"254026_0",10,"254026_0_crw_010",14,"254026_0_20240411T230000",2024-04-11 23:00:00,-121.842940820927,36.896024104616,0,"available_crw"
"254026_0",10,"254026_0_crw_010",15,"254026_0_20240412T050000",2024-04-12 05:00:00,-121.855107292969,36.867743394581,0,"available_crw"
"254026_0",10,"254026_0_crw_010",16,"254026_0_20240412T110000",2024-04-12 11:00:00,-121.866909588937,36.8387208912788,0,"available_crw"
"254026_0",10,"254026_0_crw_010",17,"254026_0_20240412T170000",2024-04-12 17:00:00,-121.848477397578,36.7769148414154,0,"available_crw"
"254026_0",10,"254026_0_crw_010",18,"254026_0_20240412T230000",2024-04-12 23:00:00,-121.895122735851,36.8240141181398,0,"available_crw"
"254026_0",10,"254026_0_crw_010",19,"254026_0_20240413T050000",2024-04-13 05:00:00,-121.922537954748,36.8141654733349,0,"available_crw"
"254026_0",10,"254026_0_crw_010",20,"254026_0_20240413T110000",2024-04-13 11:00:00,-121.883264938213,36.6620175963055,0,"available_crw"
"254026_0",10,"254026_0_crw_010",21,"254026_0_20240413T170000",2024-04-13 17:00:00,-121.873341339414,36.6273242612113,0,"available_crw"
"254026_0",10,"254026_0_crw_010",22,"254026_0_20240413T230000",2024-04-13 23:00:00,-121.859368229896,36.675781912565,0,"available_crw"
"254026_0",10,"254026_0_crw_010",23,"254026_0_20240414T050000",2024-04-14 05:00:00,-121.884423521852,36.7360548572714,0,"available_crw"
"254026_0",10,"254026_0_crw_010",24,"254026_0_20240414T110000",2024-04-14 11:00:00,-121.861333903671,36.8084961572395,0,"available_crw"
"254026_0",10,"254026_0_crw_010",25,"254026_0_20240414T170000",2024-04-14 17:00:00,-121.860254335705,36.8314827137363,0,"available_crw"
"254026_0",10,"254026_0_crw_010",26,"254026_0_20240414T230000",2024-04-14 23:00:00,-121.859870811872,36.8694921382072,0,"available_crw"
"254026_0",10,"254026_0_crw_010",27,"254026_0_20240415T050000",2024-04-15 05:00:00,-121.869589417669,36.8841052315689,0,"available_crw"
"254026_0",10,"254026_0_crw_010",28,"254026_0_20240415T110000",2024-04-15 11:00:00,-121.890589543272,36.9088049962558,0,"available_crw"
"254026_0",10,"254026_0_crw_010",29,"254026_0_20240415T170000",2024-04-15 17:00:00,-121.918862362224,36.90060292849,0,"available_crw"
"254026_0",10,"254026_0_crw_010",30,"254026_0_20240415T230000",2024-04-15 23:00:00,-121.803511873616,36.8688985825529,0,"available_crw"
"254026_0",11,"254026_0_crw_011",1,"254026_0_20240408T170000",2024-04-08 17:00:00,-122.0637,36.9493,0,"available_crw"
"254026_0",11,"254026_0_crw_011",2,"254026_0_20240408T230000",2024-04-08 23:00:00,-122.129215532388,36.9367507128748,0,"available_crw"
"254026_0",11,"254026_0_crw_011",3,"254026_0_20240409T050000",2024-04-09 05:00:00,-122.170919197656,36.9264340374272,0,"available_crw"
"254026_0",11,"254026_0_crw_011",4,"254026_0_20240409T110000",2024-04-09 11:00:00,-122.170249474125,36.9804962054463,0,"available_crw"
"254026_0",11,"254026_0_crw_011",5,"254026_0_20240409T170000",2024-04-09 17:00:00,-122.174050940347,36.9918927843086,0,"available_crw"
"254026_0",11,"254026_0_crw_011",6,"254026_0_20240409T230000",2024-04-09 23:00:00,-122.125390106817,36.985616373884,0,"available_crw"
"254026_0",11,"254026_0_crw_011",7,"254026_0_20240410T050000",2024-04-10 05:00:00,-121.897856782811,36.9263300290121,0,"available_crw"
"254026_0",11,"254026_0_crw_011",8,"254026_0_20240410T110000",2024-04-10 11:00:00,-121.861400082413,36.9325507582972,0,"available_crw"
"254026_0",11,"254026_0_crw_011",9,"254026_0_20240410T170000",2024-04-10 17:00:00,-121.860091749641,36.9566689278831,0,"available_crw"
"254026_0",11,"254026_0_crw_011",10,"254026_0_20240410T230000",2024-04-10 23:00:00,-121.888865087335,36.9637133799632,0,"available_crw"
"254026_0",11,"254026_0_crw_011",11,"254026_0_20240411T050000",2024-04-11 05:00:00,-121.925485171557,36.9692884756569,0,"available_crw"
"254026_0",11,"254026_0_crw_011",12,"254026_0_20240411T110000",2024-04-11 11:00:00,-122.001225780187,36.8262955940108,0,"available_crw"
"254026_0",11,"254026_0_crw_011",13,"254026_0_20240411T170000",2024-04-11 17:00:00,-122.052211780981,36.8615618009441,0,"available_crw"
"254026_0",11,"254026_0_crw_011",14,"254026_0_20240411T230000",2024-04-11 23:00:00,-122.089142862638,36.8849759015982,0,"available_crw"
"254026_0",11,"254026_0_crw_011",15,"254026_0_20240412T050000",2024-04-12 05:00:00,-122.305276355074,37.0559810676892,0,"available_crw"
"254026_0",11,"254026_0_crw_011",16,"254026_0_20240412T110000",2024-04-12 11:00:00,-122.341431570175,37.06345191536,0,"available_crw"
"254026_0",11,"254026_0_crw_011",17,"254026_0_20240412T170000",2024-04-12 17:00:00,-122.378371625636,37.0677346541624,0,"available_crw"
"254026_0",11,"254026_0_crw_011",18,"254026_0_20240412T230000",2024-04-12 23:00:00,-122.295011909859,36.9961404894993,0,"available_crw"
"254026_0",11,"254026_0_crw_011",19,"254026_0_20240413T050000",2024-04-13 05:00:00,-122.355934264297,36.9730222727648,0,"available_crw"
"254026_0",11,"254026_0_crw_011",20,"254026_0_20240413T110000",2024-04-13 11:00:00,-122.626379689878,36.9076300980445,0,"available_crw"
"254026_0",11,"254026_0_crw_011",21,"254026_0_20240413T170000",2024-04-13 17:00:00,-122.863020791025,36.8804236146624,0,"available_crw"
"254026_0",11,"254026_0_crw_011",22,"254026_0_20240413T230000",2024-04-13 23:00:00,-122.879536196682,36.8704977642796,0,"available_crw"
"254026_0",11,"254026_0_crw_011",23,"254026_0_20240414T050000",2024-04-14 05:00:00,-122.84414664023,36.923585737575,0,"available_crw"
"254026_0",11,"254026_0_crw_011",24,"254026_0_20240414T110000",2024-04-14 11:00:00,-122.728784763551,36.8371343527504,0,"available_crw"
"254026_0",11,"254026_0_crw_011",25,"254026_0_20240414T170000",2024-04-14 17:00:00,-122.693290645174,36.8120159962126,0,"available_crw"
"254026_0",11,"254026_0_crw_011",26,"254026_0_20240414T230000",2024-04-14 23:00:00,-122.656908971573,36.7877435731798,0,"available_crw"
"254026_0",11,"254026_0_crw_011",27,"254026_0_20240415T050000",2024-04-15 05:00:00,-122.636694524093,36.7845481885774,0,"available_crw"
"254026_0",11,"254026_0_crw_011",28,"254026_0_20240415T110000",2024-04-15 11:00:00,-122.639371291526,36.76810474852,0,"available_crw"
"254026_0",11,"254026_0_crw_011",29,"254026_0_20240415T170000",2024-04-15 17:00:00,-122.694531814242,36.7408733948696,0,"available_crw"
"254026_0",11,"254026_0_crw_011",30,"254026_0_20240415T230000",2024-04-15 23:00:00,-122.698216407839,36.7232561429633,0,"available_crw"
"254026_0",12,"254026_0_crw_012",1,"254026_0_20240408T170000",2024-04-08 17:00:00,-122.0637,36.9493,0,"available_crw"
"254026_0",12,"254026_0_crw_012",2,"254026_0_20240408T230000",2024-04-08 23:00:00,-122.045880689006,36.9409363638888,0,"available_crw"
"254026_0",12,"254026_0_crw_012",3,"254026_0_20240409T050000",2024-04-09 05:00:00,-122.120580937333,36.9464553285585,0,"available_crw"
"254026_0",12,"254026_0_crw_012",4,"254026_0_20240409T110000",2024-04-09 11:00:00,-122.193924544655,36.9926036039687,0,"available_crw"
"254026_0",12,"254026_0_crw_012",5,"254026_0_20240409T170000",2024-04-09 17:00:00,-122.357915750076,37.1325643525452,0,"available_crw"
"254026_0",12,"254026_0_crw_012",6,"254026_0_20240409T230000",2024-04-09 23:00:00,-122.493937955165,37.2907567198978,0,"available_crw"
"254026_0",12,"254026_0_crw_012",7,"254026_0_20240410T050000",2024-04-10 05:00:00,-122.485697410391,37.2901647457861,0,"available_crw"
"254026_0",12,"254026_0_crw_012",8,"254026_0_20240410T110000",2024-04-10 11:00:00,-122.511954851913,37.2403396558156,0,"available_crw"
"254026_0",12,"254026_0_crw_012",9,"254026_0_20240410T170000",2024-04-10 17:00:00,-122.52832296806,37.2072298947618,0,"available_crw"
"254026_0",12,"254026_0_crw_012",10,"254026_0_20240410T230000",2024-04-10 23:00:00,-122.541773733417,37.1738903484368,0,"available_crw"
"254026_0",12,"254026_0_crw_012",11,"254026_0_20240411T050000",2024-04-11 05:00:00,-122.551155558912,37.2336348693593,0,"available_crw"
"254026_0",12,"254026_0_crw_012",12,"254026_0_20240411T110000",2024-04-11 11:00:00,-122.503860909004,37.2221059376572,0,"available_crw"
"254026_0",12,"254026_0_crw_012",13,"254026_0_20240411T170000",2024-04-11 17:00:00,-122.542302201473,37.1776376713535,0,"available_crw"
"254026_0",12,"254026_0_crw_012",14,"254026_0_20240411T230000",2024-04-11 23:00:00,-122.560103280595,37.1513374126845,0,"available_crw"
"254026_0",12,"254026_0_crw_012",15,"254026_0_20240412T050000",2024-04-12 05:00:00,-122.555749113933,37.0878711898208,0,"available_crw"
"254026_0",12,"254026_0_crw_012",16,"254026_0_20240412T110000",2024-04-12 11:00:00,-122.602024607119,37.0229260719459,0,"available_crw"
"254026_0",12,"254026_0_crw_012",17,"254026_0_20240412T170000",2024-04-12 17:00:00,-122.780583692405,36.8260172934633,0,"available_crw"
"254026_0",12,"254026_0_crw_012",18,"254026_0_20240412T230000",2024-04-12 23:00:00,-122.775625791618,36.8086027264385,0,"available_crw"
"254026_0",12,"254026_0_crw_012",19,"254026_0_20240413T050000",2024-04-13 05:00:00,-122.754837314033,36.582485292115,0,"available_crw"
"254026_0",12,"254026_0_crw_012",20,"254026_0_20240413T110000",2024-04-13 11:00:00,-122.749420273614,36.5449371269804,0,"available_crw"
"254026_0",12,"254026_0_crw_012",21,"254026_0_20240413T170000",2024-04-13 17:00:00,-122.74389905258,36.5340114650672,0,"available_crw"
"254026_0",12,"254026_0_crw_012",22,"254026_0_20240413T230000",2024-04-13 23:00:00,-122.678339926744,36.3135423044613,0,"available_crw"
"254026_0",12,"254026_0_crw_012",23,"254026_0_20240414T050000",2024-04-14 05:00:00,-122.726369817321,36.3208119498752,0,"available_crw"
"254026_0",12,"254026_0_crw_012",24,"254026_0_20240414T110000",2024-04-14 11:00:00,-122.991189901793,36.3952039369314,0,"available_crw"
"254026_0",12,"254026_0_crw_012",25,"254026_0_20240414T170000",2024-04-14 17:00:00,-122.957710398091,36.4240366298811,0,"available_crw"
"254026_0",12,"254026_0_crw_012",26,"254026_0_20240414T230000",2024-04-14 23:00:00,-122.927144450401,36.452656074027,0,"available_crw"
"254026_0",12,"254026_0_crw_012",27,"254026_0_20240415T050000",2024-04-15 05:00:00,-122.838258311054,36.473629497842,0,"available_crw"
"254026_0",12,"254026_0_crw_012",28,"254026_0_20240415T110000",2024-04-15 11:00:00,-122.785396881648,36.5207414965988,0,"available_crw"
"254026_0",12,"254026_0_crw_012",29,"254026_0_20240415T170000",2024-04-15 17:00:00,-122.76669647853,36.5378189821938,0,"available_crw"
"254026_0",12,"254026_0_crw_012",30,"254026_0_20240415T230000",2024-04-15 23:00:00,-122.737165142332,36.5671666521392,0,"available_crw"
"254026_0",13,"254026_0_crw_013",1,"254026_0_20240408T170000",2024-04-08 17:00:00,-122.0637,36.9493,0,"available_crw"
"254026_0",13,"254026_0_crw_013",2,"254026_0_20240408T230000",2024-04-08 23:00:00,-121.972982897655,36.7716866011714,0,"available_crw"
"254026_0",13,"254026_0_crw_013",3,"254026_0_20240409T050000",2024-04-09 05:00:00,-122.03996837645,36.767350717264,0,"available_crw"
"254026_0",13,"254026_0_crw_013",4,"254026_0_20240409T110000",2024-04-09 11:00:00,-122.042938340668,36.7837602500836,0,"available_crw"
"254026_0",13,"254026_0_crw_013",5,"254026_0_20240409T170000",2024-04-09 17:00:00,-121.886435820187,36.76927759571,0,"available_crw"
"254026_0",13,"254026_0_crw_013",6,"254026_0_20240409T230000",2024-04-09 23:00:00,-121.848669072613,36.7662658714999,0,"available_crw"
"254026_0",13,"254026_0_crw_013",7,"254026_0_20240410T050000",2024-04-10 05:00:00,-121.777586870489,36.7940187327617,0,"available_crw"
"254026_0",13,"254026_0_crw_013",8,"254026_0_20240410T110000",2024-04-10 11:00:00,-121.839440981866,36.7941623960422,0,"available_crw"
"254026_0",13,"254026_0_crw_013",9,"254026_0_20240410T170000",2024-04-10 17:00:00,-121.853582026931,36.7910281722274,0,"available_crw"
"254026_0",13,"254026_0_crw_013",10,"254026_0_20240410T230000",2024-04-10 23:00:00,-122.090620708065,36.7685873570567,0,"available_crw"
"254026_0",13,"254026_0_crw_013",11,"254026_0_20240411T050000",2024-04-11 05:00:00,-122.393347038077,36.7665510396551,0,"available_crw"
"254026_0",13,"254026_0_crw_013",12,"254026_0_20240411T110000",2024-04-11 11:00:00,-122.407775017535,36.7529725763231,0,"available_crw"
"254026_0",13,"254026_0_crw_013",13,"254026_0_20240411T170000",2024-04-11 17:00:00,-122.424265860311,36.7629196275914,0,"available_crw"
"254026_0",13,"254026_0_crw_013",14,"254026_0_20240411T230000",2024-04-11 23:00:00,-122.447148221603,36.7763526930392,0,"available_crw"
"254026_0",13,"254026_0_crw_013",15,"254026_0_20240412T050000",2024-04-12 05:00:00,-122.415337041353,36.6818130688253,0,"available_crw"
"254026_0",13,"254026_0_crw_013",16,"254026_0_20240412T110000",2024-04-12 11:00:00,-122.404823651129,36.652474314336,0,"available_crw"
"254026_0",13,"254026_0_crw_013",17,"254026_0_20240412T170000",2024-04-12 17:00:00,-122.471903007759,36.6539735387024,0,"available_crw"
"254026_0",13,"254026_0_crw_013",18,"254026_0_20240412T230000",2024-04-12 23:00:00,-122.490223844255,36.6464470617791,0,"available_crw"
"254026_0",13,"254026_0_crw_013",19,"254026_0_20240413T050000",2024-04-13 05:00:00,-122.531290217254,36.5921800117373,0,"available_crw"
"254026_0",13,"254026_0_crw_013",20,"254026_0_20240413T110000",2024-04-13 11:00:00,-122.595294967171,36.5852743872594,0,"available_crw"
"254026_0",13,"254026_0_crw_013",21,"254026_0_20240413T170000",2024-04-13 17:00:00,-122.583564810816,36.6385117023947,0,"available_crw"
"254026_0",13,"254026_0_crw_013",22,"254026_0_20240413T230000",2024-04-13 23:00:00,-122.581056914611,36.6683569854955,0,"available_crw"
"254026_0",13,"254026_0_crw_013",23,"254026_0_20240414T050000",2024-04-14 05:00:00,-122.528148944095,36.6982868178029,0,"available_crw"
"254026_0",13,"254026_0_crw_013",24,"254026_0_20240414T110000",2024-04-14 11:00:00,-122.528811060345,36.6916971769834,0,"available_crw"
"254026_0",13,"254026_0_crw_013",25,"254026_0_20240414T170000",2024-04-14 17:00:00,-122.58391322331,36.5048949953263,0,"available_crw"
"254026_0",13,"254026_0_crw_013",26,"254026_0_20240414T230000",2024-04-14 23:00:00,-122.544762215744,36.543327479175,0,"available_crw"
"254026_0",13,"254026_0_crw_013",27,"254026_0_20240415T050000",2024-04-15 05:00:00,-122.519373841451,36.5717540503652,0,"available_crw"
"254026_0",13,"254026_0_crw_013",28,"254026_0_20240415T110000",2024-04-15 11:00:00,-122.517318217265,36.5653540494326,0,"available_crw"
"254026_0",13,"254026_0_crw_013",29,"254026_0_20240415T170000",2024-04-15 17:00:00,-122.5053185604,36.5310884452433,0,"available_crw"
"254026_0",13,"254026_0_crw_013",30,"254026_0_20240415T230000",2024-04-15 23:00:00,-122.494427433806,36.5018433339803,0,"available_crw"
"254026_0",14,"254026_0_crw_014",1,"254026_0_20240408T170000",2024-04-08 17:00:00,-122.0637,36.9493,0,"available_crw"
"254026_0",14,"254026_0_crw_014",2,"254026_0_20240408T230000",2024-04-08 23:00:00,-122.112588686632,36.9444656021333,0,"available_crw"
"254026_0",14,"254026_0_crw_014",3,"254026_0_20240409T050000",2024-04-09 05:00:00,-122.156478044354,36.9393209223346,0,"available_crw"
"254026_0",14,"254026_0_crw_014",4,"254026_0_20240409T110000",2024-04-09 11:00:00,-122.169917120031,36.9345458343291,0,"available_crw"
"254026_0",14,"254026_0_crw_014",5,"254026_0_20240409T170000",2024-04-09 17:00:00,-122.182491946891,36.9214076540116,0,"available_crw"
"254026_0",14,"254026_0_crw_014",6,"254026_0_20240409T230000",2024-04-09 23:00:00,-122.220902343426,36.9658205743638,0,"available_crw"
"254026_0",14,"254026_0_crw_014",7,"254026_0_20240410T050000",2024-04-10 05:00:00,-122.239360075912,36.9732492581814,0,"available_crw"
"254026_0",14,"254026_0_crw_014",8,"254026_0_20240410T110000",2024-04-10 11:00:00,-122.25379018091,36.9755161589039,0,"available_crw"
"254026_0",14,"254026_0_crw_014",9,"254026_0_20240410T170000",2024-04-10 17:00:00,-122.479071835693,37.040478519121,0,"available_crw"
"254026_0",14,"254026_0_crw_014",10,"254026_0_20240410T230000",2024-04-10 23:00:00,-122.515146099302,37.0502879410171,0,"available_crw"
"254026_0",14,"254026_0_crw_014",11,"254026_0_20240411T050000",2024-04-11 05:00:00,-122.475060728997,37.0937783215981,0,"available_crw"
"254026_0",14,"254026_0_crw_014",12,"254026_0_20240411T110000",2024-04-11 11:00:00,-122.456240002611,37.1196131681213,0,"available_crw"
"254026_0",14,"254026_0_crw_014",13,"254026_0_20240411T170000",2024-04-11 17:00:00,-122.434175338515,37.1530280256733,0,"available_crw"
"254026_0",14,"254026_0_crw_014",14,"254026_0_20240411T230000",2024-04-11 23:00:00,-122.442184369009,37.1697018074072,0,"available_crw"
"254026_0",14,"254026_0_crw_014",15,"254026_0_20240412T050000",2024-04-12 05:00:00,-122.46054599654,37.2047605547676,0,"available_crw"
"254026_0",14,"254026_0_crw_014",16,"254026_0_20240412T110000",2024-04-12 11:00:00,-122.476718154466,37.2151149093026,0,"available_crw"
"254026_0",14,"254026_0_crw_014",17,"254026_0_20240412T170000",2024-04-12 17:00:00,-122.512609525369,37.235203405053,0,"available_crw"
"254026_0",14,"254026_0_crw_014",18,"254026_0_20240412T230000",2024-04-12 23:00:00,-122.545405306254,37.249596752541,0,"available_crw"
"254026_0",14,"254026_0_crw_014",19,"254026_0_20240413T050000",2024-04-13 05:00:00,-122.537713872863,37.2520248935681,0,"available_crw"
"254026_0",14,"254026_0_crw_014",20,"254026_0_20240413T110000",2024-04-13 11:00:00,-122.539916501707,37.21252728208,0,"available_crw"
"254026_0",14,"254026_0_crw_014",21,"254026_0_20240413T170000",2024-04-13 17:00:00,-122.540823779475,37.1897511317642,0,"available_crw"
"254026_0",14,"254026_0_crw_014",22,"254026_0_20240413T230000",2024-04-13 23:00:00,-122.535633460191,37.1671251425625,0,"available_crw"
"254026_0",14,"254026_0_crw_014",23,"254026_0_20240414T050000",2024-04-14 05:00:00,-122.525682913723,37.129956253049,0,"available_crw"
"254026_0",14,"254026_0_crw_014",24,"254026_0_20240414T110000",2024-04-14 11:00:00,-122.5087331653,36.9036439379393,0,"available_crw"
"254026_0",14,"254026_0_crw_014",25,"254026_0_20240414T170000",2024-04-14 17:00:00,-122.502500813794,36.8741536036232,0,"available_crw"
"254026_0",14,"254026_0_crw_014",26,"254026_0_20240414T230000",2024-04-14 23:00:00,-122.539222595431,36.8054323415074,0,"available_crw"
"254026_0",14,"254026_0_crw_014",27,"254026_0_20240415T050000",2024-04-15 05:00:00,-122.688549458057,36.5936072162102,0,"available_crw"
"254026_0",14,"254026_0_crw_014",28,"254026_0_20240415T110000",2024-04-15 11:00:00,-122.835869697564,36.4428389306396,0,"available_crw"
"254026_0",14,"254026_0_crw_014",29,"254026_0_20240415T170000",2024-04-15 17:00:00,-122.930359329793,36.5440513714112,0,"available_crw"
"254026_0",14,"254026_0_crw_014",30,"254026_0_20240415T230000",2024-04-15 23:00:00,-122.918617944865,36.4952064405869,0,"available_crw"
"254026_0",15,"254026_0_crw_015",1,"254026_0_20240408T170000",2024-04-08 17:00:00,-122.0637,36.9493,0,"available_crw"
"254026_0",15,"254026_0_crw_015",2,"254026_0_20240408T230000",2024-04-08 23:00:00,-122.129215532388,36.9367507128748,0,"available_crw"
"254026_0",15,"254026_0_crw_015",3,"254026_0_20240409T050000",2024-04-09 05:00:00,-122.36754654116,36.920874995484,0,"available_crw"
"254026_0",15,"254026_0_crw_015",4,"254026_0_20240409T110000",2024-04-09 11:00:00,-122.670808728966,36.9272049742701,0,"available_crw"
"254026_0",15,"254026_0_crw_015",5,"254026_0_20240409T170000",2024-04-09 17:00:00,-122.689167007619,36.9196347577798,0,"available_crw"
"254026_0",15,"254026_0_crw_015",6,"254026_0_20240409T230000",2024-04-09 23:00:00,-122.714243064764,36.9089622853015,0,"available_crw"
"254026_0",15,"254026_0_crw_015",7,"254026_0_20240410T050000",2024-04-10 05:00:00,-122.662316587456,36.7592614921007,0,"available_crw"
"254026_0",15,"254026_0_crw_015",8,"254026_0_20240410T110000",2024-04-10 11:00:00,-122.66981548256,36.7619637944784,0,"available_crw"
"254026_0",15,"254026_0_crw_015",9,"254026_0_20240410T170000",2024-04-10 17:00:00,-122.614324755082,36.674796519748,0,"available_crw"
"254026_0",15,"254026_0_crw_015",10,"254026_0_20240410T230000",2024-04-10 23:00:00,-122.583108290004,36.658574070562,0,"available_crw"
"254026_0",15,"254026_0_crw_015",11,"254026_0_20240411T050000",2024-04-11 05:00:00,-122.55092829829,36.642443994732,0,"available_crw"
"254026_0",15,"254026_0_crw_015",12,"254026_0_20240411T110000",2024-04-11 11:00:00,-122.526733644099,36.6306469763323,0,"available_crw"
"254026_0",15,"254026_0_crw_015",13,"254026_0_20240411T170000",2024-04-11 17:00:00,-122.567047397472,36.6081206055903,0,"available_crw"
"254026_0",15,"254026_0_crw_015",14,"254026_0_20240411T230000",2024-04-11 23:00:00,-122.602769210162,36.5871868399142,0,"available_crw"
"254026_0",15,"254026_0_crw_015",15,"254026_0_20240412T050000",2024-04-12 05:00:00,-122.602243914897,36.5937845911377,0,"available_crw"
"254026_0",15,"254026_0_crw_015",16,"254026_0_20240412T110000",2024-04-12 11:00:00,-122.78760619304,36.6365088888044,0,"available_crw"
"254026_0",15,"254026_0_crw_015",17,"254026_0_20240412T170000",2024-04-12 17:00:00,-122.863529353981,36.6193011056344,0,"available_crw"
"254026_0",15,"254026_0_crw_015",18,"254026_0_20240412T230000",2024-04-12 23:00:00,-122.905769396718,36.6088916656332,0,"available_crw"
"254026_0",15,"254026_0_crw_015",19,"254026_0_20240413T050000",2024-04-13 05:00:00,-122.941795771089,36.5994645454549,0,"available_crw"
"254026_0",15,"254026_0_crw_015",20,"254026_0_20240413T110000",2024-04-13 11:00:00,-122.977612223419,36.5895414831608,0,"available_crw"
"254026_0",15,"254026_0_crw_015",21,"254026_0_20240413T170000",2024-04-13 17:00:00,-122.991479462833,36.5773134277259,0,"available_crw"
"254026_0",15,"254026_0_crw_015",22,"254026_0_20240413T230000",2024-04-13 23:00:00,-122.999429296114,36.5480812108835,0,"available_crw"
"254026_0",15,"254026_0_crw_015",23,"254026_0_20240414T050000",2024-04-14 05:00:00,-122.986252837979,36.5337236063958,0,"available_crw"
"254026_0",15,"254026_0_crw_015",24,"254026_0_20240414T110000",2024-04-14 11:00:00,-122.913186542199,36.509992355253,0,"available_crw"
"254026_0",15,"254026_0_crw_015",25,"254026_0_20240414T170000",2024-04-14 17:00:00,-122.919628837942,36.4942442079755,0,"available_crw"
"254026_0",15,"254026_0_crw_015",26,"254026_0_20240414T230000",2024-04-14 23:00:00,-122.979949404193,36.4758229329211,0,"available_crw"
"254026_0",15,"254026_0_crw_015",27,"254026_0_20240415T050000",2024-04-15 05:00:00,-122.988433431264,36.4909265638549,0,"available_crw"
"254026_0",15,"254026_0_crw_015",28,"254026_0_20240415T110000",2024-04-15 11:00:00,-122.974751363141,36.5649042897268,0,"available_crw"
"254026_0",15,"254026_0_crw_015",29,"254026_0_20240415T170000",2024-04-15 17:00:00,-122.93346458385,36.5435957584167,0,"available_crw"
"254026_0",15,"254026_0_crw_015",30,"254026_0_20240415T230000",2024-04-15 23:00:00,-122.755223672473,36.4165026970702,0,"available_crw"
"254026_0",16,"254026_0_crw_016",1,"254026_0_20240408T170000",2024-04-08 17:00:00,-122.0637,36.9493,0,"available_crw"
"254026_0",16,"254026_0_crw_016",2,"254026_0_20240408T230000",2024-04-08 23:00:00,-122.031043274964,36.9348689984628,0,"available_crw"
"254026_0",16,"254026_0_crw_016",3,"254026_0_20240409T050000",2024-04-09 05:00:00,-122.139865089979,36.8431124982835,0,"available_crw"
"254026_0",16,"254026_0_crw_016",4,"254026_0_20240409T110000",2024-04-09 11:00:00,-122.140829016085,36.8496776224162,0,"available_crw"
"254026_0",16,"254026_0_crw_016",5,"254026_0_20240409T170000",2024-04-09 17:00:00,-122.205328115756,36.7665957197322,0,"available_crw"
"254026_0",16,"254026_0_crw_016",6,"254026_0_20240409T230000",2024-04-09 23:00:00,-122.214976900392,36.7449407693798,0,"available_crw"
"254026_0",16,"254026_0_crw_016",7,"254026_0_20240410T050000",2024-04-10 05:00:00,-122.219156997762,36.7506317853168,0,"available_crw"
"254026_0",16,"254026_0_crw_016",8,"254026_0_20240410T110000",2024-04-10 11:00:00,-122.243675417292,36.7795847657823,0,"available_crw"
"254026_0",16,"254026_0_crw_016",9,"254026_0_20240410T170000",2024-04-10 17:00:00,-122.227414496224,36.7897790808431,0,"available_crw"
"254026_0",16,"254026_0_crw_016",10,"254026_0_20240410T230000",2024-04-10 23:00:00,-122.213468071407,36.8175224338429,0,"available_crw"
"254026_0",16,"254026_0_crw_016",11,"254026_0_20240411T050000",2024-04-11 05:00:00,-122.087402386014,36.7415143597389,0,"available_crw"
"254026_0",16,"254026_0_crw_016",12,"254026_0_20240411T110000",2024-04-11 11:00:00,-122.048813474682,36.7196010990793,0,"available_crw"
"254026_0",16,"254026_0_crw_016",13,"254026_0_20240411T170000",2024-04-11 17:00:00,-122.009359754585,36.6991181120114,0,"available_crw"
"254026_0",16,"254026_0_crw_016",14,"254026_0_20240411T230000",2024-04-11 23:00:00,-121.987319000175,36.7154865731704,0,"available_crw"
"254026_0",16,"254026_0_crw_016",15,"254026_0_20240412T050000",2024-04-12 05:00:00,-121.895764491636,36.7281710316725,0,"available_crw"
"254026_0",16,"254026_0_crw_016",16,"254026_0_20240412T110000",2024-04-12 11:00:00,-121.955089414858,36.7421319502875,0,"available_crw"
"254026_0",16,"254026_0_crw_016",17,"254026_0_20240412T170000",2024-04-12 17:00:00,-121.973782603258,36.732501780209,0,"available_crw"
"254026_0",16,"254026_0_crw_016",18,"254026_0_20240412T230000",2024-04-12 23:00:00,-121.977052583539,36.7148333051478,0,"available_crw"
"254026_0",16,"254026_0_crw_016",19,"254026_0_20240413T050000",2024-04-13 05:00:00,-122.018447731379,36.7361127068897,0,"available_crw"
"254026_0",16,"254026_0_crw_016",20,"254026_0_20240413T110000",2024-04-13 11:00:00,-122.056256928894,36.7545997632071,0,"available_crw"
"254026_0",16,"254026_0_crw_016",21,"254026_0_20240413T170000",2024-04-13 17:00:00,-122.089933131252,36.7672676821427,0,"available_crw"
"254026_0",16,"254026_0_crw_016",22,"254026_0_20240413T230000",2024-04-13 23:00:00,-122.11574711683,36.7766497856489,0,"available_crw"
"254026_0",16,"254026_0_crw_016",23,"254026_0_20240414T050000",2024-04-14 05:00:00,-122.166161087353,36.8394984638544,0,"available_crw"
"254026_0",16,"254026_0_crw_016",24,"254026_0_20240414T110000",2024-04-14 11:00:00,-122.282031311757,37.0462578147416,0,"available_crw"
"254026_0",16,"254026_0_crw_016",25,"254026_0_20240414T170000",2024-04-14 17:00:00,-122.302507902681,37.0772096852905,0,"available_crw"
"254026_0",16,"254026_0_crw_016",26,"254026_0_20240414T230000",2024-04-14 23:00:00,-122.32092995881,37.1039406127836,0,"available_crw"
"254026_0",16,"254026_0_crw_016",27,"254026_0_20240415T050000",2024-04-15 05:00:00,-122.390020609823,37.1352267698206,0,"available_crw"
"254026_0",16,"254026_0_crw_016",28,"254026_0_20240415T110000",2024-04-15 11:00:00,-122.427393483322,37.1349079929983,0,"available_crw"
"254026_0",16,"254026_0_crw_016",29,"254026_0_20240415T170000",2024-04-15 17:00:00,-122.471026194257,37.1322767871617,0,"available_crw"
"254026_0",16,"254026_0_crw_016",30,"254026_0_20240415T230000",2024-04-15 23:00:00,-122.710147787419,37.14693157575,0,"available_crw"
"254026_0",17,"254026_0_crw_017",1,"254026_0_20240408T170000",2024-04-08 17:00:00,-122.0637,36.9493,0,"available_crw"
"254026_0",17,"254026_0_crw_017",2,"254026_0_20240408T230000",2024-04-08 23:00:00,-122.066585972615,36.874549838707,0,"available_crw"
"254026_0",17,"254026_0_crw_017",3,"254026_0_20240409T050000",2024-04-09 05:00:00,-122.063089857866,36.8630915717645,0,"available_crw"
"254026_0",17,"254026_0_crw_017",4,"254026_0_20240409T110000",2024-04-09 11:00:00,-122.006840977926,36.8184158576934,0,"available_crw"
"254026_0",17,"254026_0_crw_017",5,"254026_0_20240409T170000",2024-04-09 17:00:00,-121.981055862458,36.8307906147151,0,"available_crw"
"254026_0",17,"254026_0_crw_017",6,"254026_0_20240409T230000",2024-04-09 23:00:00,-121.977091120902,36.8483672189004,0,"available_crw"
"254026_0",17,"254026_0_crw_017",7,"254026_0_20240410T050000",2024-04-10 05:00:00,-122.004372922227,36.8584747085654,0,"available_crw"
"254026_0",17,"254026_0_crw_017",8,"254026_0_20240410T110000",2024-04-10 11:00:00,-122.020311230657,36.9089442975472,0,"available_crw"
"254026_0",17,"254026_0_crw_017",9,"254026_0_20240410T170000",2024-04-10 17:00:00,-122.000660473868,36.9140399005451,0,"available_crw"
"254026_0",17,"254026_0_crw_017",10,"254026_0_20240410T230000",2024-04-10 23:00:00,-121.988399624774,36.9205403545023,0,"available_crw"
"254026_0",17,"254026_0_crw_017",11,"254026_0_20240411T050000",2024-04-11 05:00:00,-121.975945340059,36.9073134737765,0,"available_crw"
"254026_0",17,"254026_0_crw_017",12,"254026_0_20240411T110000",2024-04-11 11:00:00,-121.946305656637,36.8776809856114,0,"available_crw"
"254026_0",17,"254026_0_crw_017",13,"254026_0_20240411T170000",2024-04-11 17:00:00,-121.928269097777,36.8600958843989,0,"available_crw"
"254026_0",17,"254026_0_crw_017",14,"254026_0_20240411T230000",2024-04-11 23:00:00,-121.903626178996,36.8368568801147,0,"available_crw"
"254026_0",17,"254026_0_crw_017",15,"254026_0_20240412T050000",2024-04-12 05:00:00,-121.871663851266,36.8091401033114,0,"available_crw"
"254026_0",17,"254026_0_crw_017",16,"254026_0_20240412T110000",2024-04-12 11:00:00,-121.838528866255,36.7820348262651,0,"available_crw"
"254026_0",17,"254026_0_crw_017",17,"254026_0_20240412T170000",2024-04-12 17:00:00,-121.819826067369,36.7087806428682,0,"available_crw"
"254026_0",17,"254026_0_crw_017",18,"254026_0_20240412T230000",2024-04-12 23:00:00,-121.827069575754,36.711892681845,0,"available_crw"
"254026_0",17,"254026_0_crw_017",19,"254026_0_20240413T050000",2024-04-13 05:00:00,-121.861548185351,36.7230336525203,0,"available_crw"
"254026_0",17,"254026_0_crw_017",20,"254026_0_20240413T110000",2024-04-13 11:00:00,-121.767434594055,36.8246531730389,0,"available_crw"
"254026_0",17,"254026_0_crw_017",21,"254026_0_20240413T170000",2024-04-13 17:00:00,-121.822439362718,36.8018781843349,0,"available_crw"
"254026_0",17,"254026_0_crw_017",22,"254026_0_20240413T230000",2024-04-13 23:00:00,-121.859795925706,36.7838632248046,0,"available_crw"
"254026_0",17,"254026_0_crw_017",23,"254026_0_20240414T050000",2024-04-14 05:00:00,-121.863706433672,36.7662795078226,0,"available_crw"
"254026_0",17,"254026_0_crw_017",24,"254026_0_20240414T110000",2024-04-14 11:00:00,-121.869760031002,36.7361370505299,0,"available_crw"
"254026_0",17,"254026_0_crw_017",25,"254026_0_20240414T170000",2024-04-14 17:00:00,-121.842289756409,36.7264459364614,0,"available_crw"
"254026_0",17,"254026_0_crw_017",26,"254026_0_20240414T230000",2024-04-14 23:00:00,-121.798508466355,36.7122130977304,0,"available_crw"
"254026_0",17,"254026_0_crw_017",27,"254026_0_20240415T050000",2024-04-15 05:00:00,-121.858052069547,36.7976280425471,0,"available_crw"
"254026_0",17,"254026_0_crw_017",28,"254026_0_20240415T110000",2024-04-15 11:00:00,-121.872237290587,36.8173544333144,0,"available_crw"
"254026_0",17,"254026_0_crw_017",29,"254026_0_20240415T170000",2024-04-15 17:00:00,-121.896431010401,36.8464919528531,0,"available_crw"
"254026_0",17,"254026_0_crw_017",30,"254026_0_20240415T230000",2024-04-15 23:00:00,-121.923857567008,36.8774621924439,0,"available_crw"
"254026_0",18,"254026_0_crw_018",1,"254026_0_20240408T170000",2024-04-08 17:00:00,-122.0637,36.9493,0,"available_crw"
"254026_0",18,"254026_0_crw_018",2,"254026_0_20240408T230000",2024-04-08 23:00:00,-122.037704116488,36.9177874740022,0,"available_crw"
"254026_0",18,"254026_0_crw_018",3,"254026_0_20240409T050000",2024-04-09 05:00:00,-122.012431443398,36.888536850019,0,"available_crw"
"254026_0",18,"254026_0_crw_018",4,"254026_0_20240409T110000",2024-04-09 11:00:00,-121.991499544365,36.8728397254464,0,"available_crw"
"254026_0",18,"254026_0_crw_018",5,"254026_0_20240409T170000",2024-04-09 17:00:00,-121.8169656747,36.6948303154664,0,"available_crw"
"254026_0",18,"254026_0_crw_018",6,"254026_0_20240409T230000",2024-04-09 23:00:00,-121.883758030508,36.7219116235084,0,"available_crw"
"254026_0",18,"254026_0_crw_018",7,"254026_0_20240410T050000",2024-04-10 05:00:00,-121.920864119364,36.7201537999825,0,"available_crw"
"254026_0",18,"254026_0_crw_018",8,"254026_0_20240410T110000",2024-04-10 11:00:00,-121.949097036315,36.7185189073833,0,"available_crw"
"254026_0",18,"254026_0_crw_018",9,"254026_0_20240410T170000",2024-04-10 17:00:00,-121.97983685927,36.7017005269594,0,"available_crw"
"254026_0",18,"254026_0_crw_018",10,"254026_0_20240410T230000",2024-04-10 23:00:00,-121.992480729469,36.7147902706796,0,"available_crw"
"254026_0",18,"254026_0_crw_018",11,"254026_0_20240411T050000",2024-04-11 05:00:00,-121.984273853658,36.7145805300436,0,"available_crw"
"254026_0",18,"254026_0_crw_018",12,"254026_0_20240411T110000",2024-04-11 11:00:00,-122.006707056099,36.6636230272069,0,"available_crw"
"254026_0",18,"254026_0_crw_018",13,"254026_0_20240411T170000",2024-04-11 17:00:00,-122.06016832534,36.6963168427756,0,"available_crw"
"254026_0",18,"254026_0_crw_018",14,"254026_0_20240411T230000",2024-04-11 23:00:00,-122.138728394994,36.7025019575294,0,"available_crw"
"254026_0",18,"254026_0_crw_018",15,"254026_0_20240412T050000",2024-04-12 05:00:00,-122.132897099962,36.7071556357773,0,"available_crw"
"254026_0",18,"254026_0_crw_018",16,"254026_0_20240412T110000",2024-04-12 11:00:00,-122.191415646111,36.6911987837162,0,"available_crw"
"254026_0",18,"254026_0_crw_018",17,"254026_0_20240412T170000",2024-04-12 17:00:00,-122.218094813309,36.6836067965416,0,"available_crw"
"254026_0",18,"254026_0_crw_018",18,"254026_0_20240412T230000",2024-04-12 23:00:00,-122.156736508785,36.6778855210696,0,"available_crw"
"254026_0",18,"254026_0_crw_018",19,"254026_0_20240413T050000",2024-04-13 05:00:00,-122.145941514701,36.700409296576,0,"available_crw"
"254026_0",18,"254026_0_crw_018",20,"254026_0_20240413T110000",2024-04-13 11:00:00,-122.132873821325,36.7290750163445,0,"available_crw"
"254026_0",18,"254026_0_crw_018",21,"254026_0_20240413T170000",2024-04-13 17:00:00,-122.113121474601,36.7243650250797,0,"available_crw"
"254026_0",18,"254026_0_crw_018",22,"254026_0_20240413T230000",2024-04-13 23:00:00,-122.092992453683,36.7278283725534,0,"available_crw"
"254026_0",18,"254026_0_crw_018",23,"254026_0_20240414T050000",2024-04-14 05:00:00,-122.057700939633,36.7371964422161,0,"available_crw"
"254026_0",18,"254026_0_crw_018",24,"254026_0_20240414T110000",2024-04-14 11:00:00,-122.003332186076,36.7089881827096,0,"available_crw"
"254026_0",18,"254026_0_crw_018",25,"254026_0_20240414T170000",2024-04-14 17:00:00,-122.077438756487,36.7171131959703,0,"available_crw"
"254026_0",18,"254026_0_crw_018",26,"254026_0_20240414T230000",2024-04-14 23:00:00,-122.306265248273,36.7714345006331,0,"available_crw"
"254026_0",18,"254026_0_crw_018",27,"254026_0_20240415T050000",2024-04-15 05:00:00,-122.331160868016,36.8195029258945,0,"available_crw"
"254026_0",18,"254026_0_crw_018",28,"254026_0_20240415T110000",2024-04-15 11:00:00,-122.351062325255,36.8537494632198,0,"available_crw"
"254026_0",18,"254026_0_crw_018",29,"254026_0_20240415T170000",2024-04-15 17:00:00,-122.448264021179,37.084483182542,0,"available_crw"
"254026_0",18,"254026_0_crw_018",30,"254026_0_20240415T230000",2024-04-15 23:00:00,-122.380790164294,37.0854043985246,0,"available_crw"
"254026_0",19,"254026_0_crw_019",1,"254026_0_20240408T170000",2024-04-08 17:00:00,-122.0637,36.9493,0,"available_crw"
"254026_0",19,"254026_0_crw_019",2,"254026_0_20240408T230000",2024-04-08 23:00:00,-122.08066858826,36.9398414033531,0,"available_crw"
"254026_0",19,"254026_0_crw_019",3,"254026_0_20240409T050000",2024-04-09 05:00:00,-122.116522852612,36.9188886087991,0,"available_crw"
"254026_0",19,"254026_0_crw_019",4,"254026_0_20240409T110000",2024-04-09 11:00:00,-122.1253593194,36.9039160543408,0,"available_crw"
"254026_0",19,"254026_0_crw_019",5,"254026_0_20240409T170000",2024-04-09 17:00:00,-122.102279726848,36.8884486396085,0,"available_crw"
"254026_0",19,"254026_0_crw_019",6,"254026_0_20240409T230000",2024-04-09 23:00:00,-122.114465952664,36.8750641828518,0,"available_crw"
"254026_0",19,"254026_0_crw_019",7,"254026_0_20240410T050000",2024-04-10 05:00:00,-121.996729018526,36.9005140737481,0,"available_crw"
"254026_0",19,"254026_0_crw_019",8,"254026_0_20240410T110000",2024-04-10 11:00:00,-121.95540558523,36.911737724288,0,"available_crw"
"254026_0",19,"254026_0_crw_019",9,"254026_0_20240410T170000",2024-04-10 17:00:00,-121.941398040094,36.9239035927715,0,"available_crw"
"254026_0",19,"254026_0_crw_019",10,"254026_0_20240410T230000",2024-04-10 23:00:00,-121.943778012017,36.9416638681543,0,"available_crw"
"254026_0",19,"254026_0_crw_019",11,"254026_0_20240411T050000",2024-04-11 05:00:00,-121.973537139488,36.9451618648491,0,"available_crw"
"254026_0",19,"254026_0_crw_019",12,"254026_0_20240411T110000",2024-04-11 11:00:00,-122.010775800532,36.9462618037461,0,"available_crw"
"254026_0",19,"254026_0_crw_019",13,"254026_0_20240411T170000",2024-04-11 17:00:00,-122.0292506751,36.9388723885653,0,"available_crw"
"254026_0",19,"254026_0_crw_019",14,"254026_0_20240411T230000",2024-04-11 23:00:00,-122.054491115141,36.9284468702639,0,"available_crw"
"254026_0",19,"254026_0_crw_019",15,"254026_0_20240412T050000",2024-04-12 05:00:00,-122.076608298809,36.9138245081588,0,"available_crw"
"254026_0",19,"254026_0_crw_019",16,"254026_0_20240412T110000",2024-04-12 11:00:00,-121.988491869287,36.7755026923422,0,"available_crw"
"254026_0",19,"254026_0_crw_019",17,"254026_0_20240412T170000",2024-04-12 17:00:00,-121.966948551153,36.7711743563424,0,"available_crw"
"254026_0",19,"254026_0_crw_019",18,"254026_0_20240412T230000",2024-04-12 23:00:00,-121.930117834265,36.7670962753791,0,"available_crw"
"254026_0",19,"254026_0_crw_019",19,"254026_0_20240413T050000",2024-04-13 05:00:00,-121.883145735695,36.7630156974852,0,"available_crw"
"254026_0",19,"254026_0_crw_019",20,"254026_0_20240413T110000",2024-04-13 11:00:00,-121.889042455501,36.7584127342257,0,"available_crw"
"254026_0",19,"254026_0_crw_019",21,"254026_0_20240413T170000",2024-04-13 17:00:00,-121.905881937512,36.7955556151483,0,"available_crw"
"254026_0",19,"254026_0_crw_019",22,"254026_0_20240413T230000",2024-04-13 23:00:00,-121.967871709675,36.8349967869737,0,"available_crw"
"254026_0",19,"254026_0_crw_019",23,"254026_0_20240414T050000",2024-04-14 05:00:00,-122.160678297356,37.0006179042908,0,"available_crw"
"254026_0",19,"254026_0_crw_019",24,"254026_0_20240414T110000",2024-04-14 11:00:00,-122.182935968583,36.9999855585548,0,"available_crw"
"254026_0",19,"254026_0_crw_019",25,"254026_0_20240414T170000",2024-04-14 17:00:00,-122.219840726261,36.9956935937754,0,"available_crw"
"254026_0",19,"254026_0_crw_019",26,"254026_0_20240414T230000",2024-04-14 23:00:00,-122.263613154593,36.9897981788385,0,"available_crw"
"254026_0",19,"254026_0_crw_019",27,"254026_0_20240415T050000",2024-04-15 05:00:00,-122.566722644883,36.9760297456973,0,"available_crw"
"254026_0",19,"254026_0_crw_019",28,"254026_0_20240415T110000",2024-04-15 11:00:00,-122.572539400368,36.9523416723502,0,"available_crw"
"254026_0",19,"254026_0_crw_019",29,"254026_0_20240415T170000",2024-04-15 17:00:00,-122.577672587422,36.9299284883884,0,"available_crw"
"254026_0",19,"254026_0_crw_019",30,"254026_0_20240415T230000",2024-04-15 23:00:00,-122.66514485474,36.6967328865755,0,"available_crw"
"254026_0",20,"254026_0_crw_020",1,"254026_0_20240408T170000",2024-04-08 17:00:00,-122.0637,36.9493,0,"available_crw"
"254026_0",20,"254026_0_crw_020",2,"254026_0_20240408T230000",2024-04-08 23:00:00,-122.053010738527,36.9412026864883,0,"available_crw"
"254026_0",20,"254026_0_crw_020",3,"254026_0_20240409T050000",2024-04-09 05:00:00,-122.111930128044,36.9150220543989,0,"available_crw"
"254026_0",20,"254026_0_crw_020",4,"254026_0_20240409T110000",2024-04-09 11:00:00,-122.150227594943,36.8970862065842,0,"available_crw"
"254026_0",20,"254026_0_crw_020",5,"254026_0_20240409T170000",2024-04-09 17:00:00,-122.186408461589,36.8775237889835,0,"available_crw"
"254026_0",20,"254026_0_crw_020",6,"254026_0_20240409T230000",2024-04-09 23:00:00,-122.18558580412,36.8841013591915,0,"available_crw"
"254026_0",20,"254026_0_crw_020",7,"254026_0_20240410T050000",2024-04-10 05:00:00,-122.220106771861,36.9412996368704,0,"available_crw"
"254026_0",20,"254026_0_crw_020",8,"254026_0_20240410T110000",2024-04-10 11:00:00,-122.239898373362,36.966644501713,0,"available_crw"
"254026_0",20,"254026_0_crw_020",9,"254026_0_20240410T170000",2024-04-10 17:00:00,-122.310915902685,36.9948197222872,0,"available_crw"
"254026_0",20,"254026_0_crw_020",10,"254026_0_20240410T230000",2024-04-10 23:00:00,-122.431669830065,36.8733559103033,0,"available_crw"
"254026_0",20,"254026_0_crw_020",11,"254026_0_20240411T050000",2024-04-11 05:00:00,-122.454284430364,36.908475104135,0,"available_crw"
"254026_0",20,"254026_0_crw_020",12,"254026_0_20240411T110000",2024-04-11 11:00:00,-122.405126348136,36.9107095442356,0,"available_crw"
"254026_0",20,"254026_0_crw_020",13,"254026_0_20240411T170000",2024-04-11 17:00:00,-122.124139482977,36.8889374636717,0,"available_crw"
"254026_0",20,"254026_0_crw_020",14,"254026_0_20240411T230000",2024-04-11 23:00:00,-122.129987667563,36.8842864479295,0,"available_crw"
"254026_0",20,"254026_0_crw_020",15,"254026_0_20240412T050000",2024-04-12 05:00:00,-122.145421657303,36.8952996054778,0,"available_crw"
"254026_0",20,"254026_0_crw_020",16,"254026_0_20240412T110000",2024-04-12 11:00:00,-122.170364277397,36.8818290200542,0,"available_crw"
"254026_0",20,"254026_0_crw_020",17,"254026_0_20240412T170000",2024-04-12 17:00:00,-122.201538411339,36.8643624555626,0,"available_crw"
"254026_0",20,"254026_0_crw_020",18,"254026_0_20240412T230000",2024-04-12 23:00:00,-122.221012670952,36.8475014853588,0,"available_crw"
"254026_0",20,"254026_0_crw_020",19,"254026_0_20240413T050000",2024-04-13 05:00:00,-122.305483119684,36.9545459777937,0,"available_crw"
"254026_0",20,"254026_0_crw_020",20,"254026_0_20240413T110000",2024-04-13 11:00:00,-122.256729233266,36.9602352187785,0,"available_crw"
"254026_0",20,"254026_0_crw_020",21,"254026_0_20240413T170000",2024-04-13 17:00:00,-122.252461453921,36.9440101704272,0,"available_crw"
"254026_0",20,"254026_0_crw_020",22,"254026_0_20240413T230000",2024-04-13 23:00:00,-122.24568249491,36.9335422903663,0,"available_crw"
"254026_0",20,"254026_0_crw_020",23,"254026_0_20240414T050000",2024-04-14 05:00:00,-122.221830312511,37.0295940037072,0,"available_crw"
"254026_0",20,"254026_0_crw_020",24,"254026_0_20240414T110000",2024-04-14 11:00:00,-122.203971991984,36.9711088146843,0,"available_crw"
"254026_0",20,"254026_0_crw_020",25,"254026_0_20240414T170000",2024-04-14 17:00:00,-122.190861378164,36.9348059984416,0,"available_crw"
"254026_0",20,"254026_0_crw_020",26,"254026_0_20240414T230000",2024-04-14 23:00:00,-122.139556184206,36.694767131621,0,"available_crw"
"254026_0",20,"254026_0_crw_020",27,"254026_0_20240415T050000",2024-04-15 05:00:00,-122.129683070634,36.6578149176953,0,"available_crw"
"254026_0",20,"254026_0_crw_020",28,"254026_0_20240415T110000",2024-04-15 11:00:00,-121.936805422679,36.6571312854499,0,"available_crw"
"254026_0",20,"254026_0_crw_020",29,"254026_0_20240415T170000",2024-04-15 17:00:00,-121.859173693571,36.6161588956732,0,"available_crw"
"254026_0",20,"254026_0_crw_020",30,"254026_0_20240415T230000",2024-04-15 23:00:00,-121.896826341365,36.7092807240709,0,"available_crw"
"254026_0",21,"254026_0_crw_021",1,"254026_0_20240408T170000",2024-04-08 17:00:00,-122.0637,36.9493,0,"available_crw"
"254026_0",21,"254026_0_crw_021",2,"254026_0_20240408T230000",2024-04-08 23:00:00,-122.045880689006,36.9409363638888,0,"available_crw"
"254026_0",21,"254026_0_crw_021",3,"254026_0_20240409T050000",2024-04-09 05:00:00,-122.053619896398,36.9386768831148,0,"available_crw"
"254026_0",21,"254026_0_crw_021",4,"254026_0_20240409T110000",2024-04-09 11:00:00,-122.065577896555,36.9318189576099,0,"available_crw"
"254026_0",21,"254026_0_crw_021",5,"254026_0_20240409T170000",2024-04-09 17:00:00,-121.989435363742,36.7889735910057,0,"available_crw"
"254026_0",21,"254026_0_crw_021",6,"254026_0_20240409T230000",2024-04-09 23:00:00,-121.969779274375,36.7577125051417,0,"available_crw"
"254026_0",21,"254026_0_crw_021",7,"254026_0_20240410T050000",2024-04-10 05:00:00,-121.946845797264,36.724728865043,0,"available_crw"
"254026_0",21,"254026_0_crw_021",8,"254026_0_20240410T110000",2024-04-10 11:00:00,-121.952775139654,36.6500942982234,0,"available_crw"
"254026_0",21,"254026_0_crw_021",9,"254026_0_20240410T170000",2024-04-10 17:00:00,-121.944112935763,36.6350674300616,0,"available_crw"
"254026_0",21,"254026_0_crw_021",10,"254026_0_20240410T230000",2024-04-10 23:00:00,-122.010661854071,36.6282672519169,0,"available_crw"
"254026_0",21,"254026_0_crw_021",11,"254026_0_20240411T050000",2024-04-11 05:00:00,-122.291889395875,36.6334980217968,0,"available_crw"
"254026_0",21,"254026_0_crw_021",12,"254026_0_20240411T110000",2024-04-11 11:00:00,-122.338779722774,36.6327148182739,0,"available_crw"
"254026_0",21,"254026_0_crw_021",13,"254026_0_20240411T170000",2024-04-11 17:00:00,-122.575018631986,36.657772320337,0,"available_crw"
"254026_0",21,"254026_0_crw_021",14,"254026_0_20240411T230000",2024-04-11 23:00:00,-122.60885131189,36.7021469458844,0,"available_crw"
"254026_0",21,"254026_0_crw_021",15,"254026_0_20240412T050000",2024-04-12 05:00:00,-122.592025491379,36.7117118207864,0,"available_crw"
"254026_0",21,"254026_0_crw_021",16,"254026_0_20240412T110000",2024-04-12 11:00:00,-122.653026421847,36.7037719983511,0,"available_crw"
"254026_0",21,"254026_0_crw_021",17,"254026_0_20240412T170000",2024-04-12 17:00:00,-122.681793696466,36.6848272927647,0,"available_crw"
"254026_0",21,"254026_0_crw_021",18,"254026_0_20240412T230000",2024-04-12 23:00:00,-122.621649882077,36.6961992187845,0,"available_crw"
"254026_0",21,"254026_0_crw_021",19,"254026_0_20240413T050000",2024-04-13 05:00:00,-122.680359027807,36.6589146632893,0,"available_crw"
"254026_0",21,"254026_0_crw_021",20,"254026_0_20240413T110000",2024-04-13 11:00:00,-122.709711391429,36.6395976930423,0,"available_crw"
"254026_0",21,"254026_0_crw_021",21,"254026_0_20240413T170000",2024-04-13 17:00:00,-122.717470464704,36.6242522306726,0,"available_crw"
"254026_0",21,"254026_0_crw_021",22,"254026_0_20240413T230000",2024-04-13 23:00:00,-122.712371989109,36.5946089083709,0,"available_crw"
"254026_0",21,"254026_0_crw_021",23,"254026_0_20240414T050000",2024-04-14 05:00:00,-122.703664441952,36.5602826954635,0,"available_crw"
"254026_0",21,"254026_0_crw_021",24,"254026_0_20240414T110000",2024-04-14 11:00:00,-122.751515646646,36.5688592434689,0,"available_crw"
"254026_0",21,"254026_0_crw_021",25,"254026_0_20240414T170000",2024-04-14 17:00:00,-122.794439309704,36.5742360521735,0,"available_crw"
"254026_0",21,"254026_0_crw_021",26,"254026_0_20240414T230000",2024-04-14 23:00:00,-122.867087461897,36.5496112174596,0,"available_crw"
"254026_0",21,"254026_0_crw_021",27,"254026_0_20240415T050000",2024-04-15 05:00:00,-123.15642220467,36.4804133261914,0,"available_crw"
"254026_0",21,"254026_0_crw_021",28,"254026_0_20240415T110000",2024-04-15 11:00:00,-123.165599339279,36.4641572793106,0,"available_crw"
"254026_0",21,"254026_0_crw_021",29,"254026_0_20240415T170000",2024-04-15 17:00:00,-123.1559119823,36.4010707548846,0,"available_crw"
"254026_0",21,"254026_0_crw_021",30,"254026_0_20240415T230000",2024-04-15 23:00:00,-123.176068206418,36.3979802347345,0,"available_crw"
"254026_0",22,"254026_0_crw_022",1,"254026_0_20240408T170000",2024-04-08 17:00:00,-122.0637,36.9493,0,"available_crw"
"254026_0",22,"254026_0_crw_022",2,"254026_0_20240408T230000",2024-04-08 23:00:00,-122.08066858826,36.9398414033531,0,"available_crw"
"254026_0",22,"254026_0_crw_022",3,"254026_0_20240409T050000",2024-04-09 05:00:00,-122.079963787969,36.9464276511393,0,"available_crw"
"254026_0",22,"254026_0_crw_022",4,"254026_0_20240409T110000",2024-04-09 11:00:00,-121.931411493622,36.903596538484,0,"available_crw"
"254026_0",22,"254026_0_crw_022",5,"254026_0_20240409T170000",2024-04-09 17:00:00,-121.853925447125,36.9165528597207,0,"available_crw"
"254026_0",22,"254026_0_crw_022",6,"254026_0_20240409T230000",2024-04-09 23:00:00,-121.840867713454,36.9219607175213,0,"available_crw"
"254026_0",22,"254026_0_crw_022",7,"254026_0_20240410T050000",2024-04-10 05:00:00,-121.842637166084,36.9155049998368,0,"available_crw"
"254026_0",22,"254026_0_crw_022",8,"254026_0_20240410T110000",2024-04-10 11:00:00,-121.90089514649,36.9426193231115,0,"available_crw"
"254026_0",22,"254026_0_crw_022",9,"254026_0_20240410T170000",2024-04-10 17:00:00,-121.925641116947,36.9537881530389,0,"available_crw"
"254026_0",22,"254026_0_crw_022",10,"254026_0_20240410T230000",2024-04-10 23:00:00,-121.946283485982,36.9540077185301,0,"available_crw"
"254026_0",22,"254026_0_crw_022",11,"254026_0_20240411T050000",2024-04-11 05:00:00,-121.983381312921,36.9511609605292,0,"available_crw"
"254026_0",22,"254026_0_crw_022",12,"254026_0_20240411T110000",2024-04-11 11:00:00,-122.286813256539,36.9546934738198,0,"available_crw"
"254026_0",22,"254026_0_crw_022",13,"254026_0_20240411T170000",2024-04-11 17:00:00,-122.324860279696,36.9545702836882,0,"available_crw"
"254026_0",22,"254026_0_crw_022",14,"254026_0_20240411T230000",2024-04-11 23:00:00,-122.36189333182,36.9512063656183,0,"available_crw"
"254026_0",22,"254026_0_crw_022",15,"254026_0_20240412T050000",2024-04-12 05:00:00,-122.424224774071,36.9120107479098,0,"available_crw"
"254026_0",22,"254026_0_crw_022",16,"254026_0_20240412T110000",2024-04-12 11:00:00,-122.432934194921,36.9025092989586,0,"available_crw"
"254026_0",22,"254026_0_crw_022",17,"254026_0_20240412T170000",2024-04-12 17:00:00,-122.497702395662,36.900113121206,0,"available_crw"
"254026_0",22,"254026_0_crw_022",18,"254026_0_20240412T230000",2024-04-12 23:00:00,-122.515341386952,36.8915196667076,0,"available_crw"
"254026_0",22,"254026_0_crw_022",19,"254026_0_20240413T050000",2024-04-13 05:00:00,-122.525396277596,36.8829193769313,0,"available_crw"
"254026_0",22,"254026_0_crw_022",20,"254026_0_20240413T110000",2024-04-13 11:00:00,-122.713373664987,36.7644768370266,0,"available_crw"
"254026_0",22,"254026_0_crw_022",21,"254026_0_20240413T170000",2024-04-13 17:00:00,-122.747560715233,36.7418708170728,0,"available_crw"
"254026_0",22,"254026_0_crw_022",22,"254026_0_20240413T230000",2024-04-13 23:00:00,-122.760547993842,36.7800056198857,0,"available_crw"
"254026_0",22,"254026_0_crw_022",23,"254026_0_20240414T050000",2024-04-14 05:00:00,-122.773188026464,36.8141300398895,0,"available_crw"
"254026_0",22,"254026_0_crw_022",24,"254026_0_20240414T110000",2024-04-14 11:00:00,-122.786767474891,36.8480216191557,0,"available_crw"
"254026_0",22,"254026_0_crw_022",25,"254026_0_20240414T170000",2024-04-14 17:00:00,-122.802772421351,36.8806118085789,0,"available_crw"
"254026_0",22,"254026_0_crw_022",26,"254026_0_20240414T230000",2024-04-14 23:00:00,-122.794952737167,36.878551732215,0,"available_crw"
"254026_0",22,"254026_0_crw_022",27,"254026_0_20240415T050000",2024-04-15 05:00:00,-122.519544737364,36.7770186736896,0,"available_crw"
"254026_0",22,"254026_0_crw_022",28,"254026_0_20240415T110000",2024-04-15 11:00:00,-122.498992709496,36.7781321953799,0,"available_crw"
"254026_0",22,"254026_0_crw_022",29,"254026_0_20240415T170000",2024-04-15 17:00:00,-122.503805118826,36.7727731915985,0,"available_crw"
"254026_0",22,"254026_0_crw_022",30,"254026_0_20240415T230000",2024-04-15 23:00:00,-122.489765792018,36.8319231549137,0,"available_crw"
"254026_0",23,"254026_0_crw_023",1,"254026_0_20240408T170000",2024-04-08 17:00:00,-122.0637,36.9493,0,"available_crw"
"254026_0",23,"254026_0_crw_023",2,"254026_0_20240408T230000",2024-04-08 23:00:00,-122.053010738527,36.9412026864883,0,"available_crw"
"254026_0",23,"254026_0_crw_023",3,"254026_0_20240409T050000",2024-04-09 05:00:00,-122.186994081672,36.8742453496022,0,"available_crw"
"254026_0",23,"254026_0_crw_023",4,"254026_0_20240409T110000",2024-04-09 11:00:00,-122.233539926638,36.9953411122547,0,"available_crw"
"254026_0",23,"254026_0_crw_023",5,"254026_0_20240409T170000",2024-04-09 17:00:00,-122.184613587245,36.9905537413286,0,"available_crw"
"254026_0",23,"254026_0_crw_023",6,"254026_0_20240409T230000",2024-04-09 23:00:00,-122.185805547261,36.9739989433229,0,"available_crw"
"254026_0",23,"254026_0_crw_023",7,"254026_0_20240410T050000",2024-04-10 05:00:00,-122.187362531409,36.9434901537634,0,"available_crw"
"254026_0",23,"254026_0_crw_023",8,"254026_0_20240410T110000",2024-04-10 11:00:00,-122.241070050926,36.8823892970029,0,"available_crw"
"254026_0",23,"254026_0_crw_023",9,"254026_0_20240410T170000",2024-04-10 17:00:00,-122.266208577215,36.9163835497718,0,"available_crw"
"254026_0",23,"254026_0_crw_023",10,"254026_0_20240410T230000",2024-04-10 23:00:00,-122.290859391812,36.945292480358,0,"available_crw"
"254026_0",23,"254026_0_crw_023",11,"254026_0_20240411T050000",2024-04-11 05:00:00,-122.319135683052,36.9370633128842,0,"available_crw"
"254026_0",23,"254026_0_crw_023",12,"254026_0_20240411T110000",2024-04-11 11:00:00,-122.345694633686,36.9290185844945,0,"available_crw"
"254026_0",23,"254026_0_crw_023",13,"254026_0_20240411T170000",2024-04-11 17:00:00,-122.343011825598,36.9352686932154,0,"available_crw"
"254026_0",23,"254026_0_crw_023",14,"254026_0_20240411T230000",2024-04-11 23:00:00,-122.346441691059,36.9516077133617,0,"available_crw"
"254026_0",23,"254026_0_crw_023",15,"254026_0_20240412T050000",2024-04-12 05:00:00,-122.339317873685,36.9482893690702,0,"available_crw"
"254026_0",23,"254026_0_crw_023",16,"254026_0_20240412T110000",2024-04-12 11:00:00,-122.31868154804,36.9478381309165,0,"available_crw"
"254026_0",23,"254026_0_crw_023",17,"254026_0_20240412T170000",2024-04-12 17:00:00,-122.271320614197,36.9479162439737,0,"available_crw"
"254026_0",23,"254026_0_crw_023",18,"254026_0_20240412T230000",2024-04-12 23:00:00,-122.243318800697,36.9528256281209,0,"available_crw"
"254026_0",23,"254026_0_crw_023",19,"254026_0_20240413T050000",2024-04-13 05:00:00,-122.19271653891,36.9202493407354,0,"available_crw"
"254026_0",23,"254026_0_crw_023",20,"254026_0_20240413T110000",2024-04-13 11:00:00,-122.172405233465,36.9173232275828,0,"available_crw"
"254026_0",23,"254026_0_crw_023",21,"254026_0_20240413T170000",2024-04-13 17:00:00,-122.104404092735,36.8662368340957,0,"available_crw"
"254026_0",23,"254026_0_crw_023",22,"254026_0_20240413T230000",2024-04-13 23:00:00,-122.149759345747,36.8509113771731,0,"available_crw"
"254026_0",23,"254026_0_crw_023",23,"254026_0_20240414T050000",2024-04-14 05:00:00,-122.175750644035,36.841804635745,0,"available_crw"
"254026_0",23,"254026_0_crw_023",24,"254026_0_20240414T110000",2024-04-14 11:00:00,-122.175287728606,36.8813404040342,0,"available_crw"
"254026_0",23,"254026_0_crw_023",25,"254026_0_20240414T170000",2024-04-14 17:00:00,-122.169005724033,36.8770704827046,0,"available_crw"
"254026_0",23,"254026_0_crw_023",26,"254026_0_20240414T230000",2024-04-14 23:00:00,-122.131854101713,36.8538856972752,0,"available_crw"
"254026_0",23,"254026_0_crw_023",27,"254026_0_20240415T050000",2024-04-15 05:00:00,-122.257085236082,36.7769275525023,0,"available_crw"
"254026_0",23,"254026_0_crw_023",28,"254026_0_20240415T110000",2024-04-15 11:00:00,-122.196446968217,36.7867252226006,0,"available_crw"
"254026_0",23,"254026_0_crw_023",29,"254026_0_20240415T170000",2024-04-15 17:00:00,-122.146650387503,36.7534623841956,0,"available_crw"
"254026_0",23,"254026_0_crw_023",30,"254026_0_20240415T230000",2024-04-15 23:00:00,-122.219054880583,36.7686962003472,0,"available_crw"
"254026_0",24,"254026_0_crw_024",1,"254026_0_20240408T170000",2024-04-08 17:00:00,-122.0637,36.9493,0,"available_crw"
"254026_0",24,"254026_0_crw_024",2,"254026_0_20240408T230000",2024-04-08 23:00:00,-122.041116949982,36.9255096380072,0,"available_crw"
"254026_0",24,"254026_0_crw_024",3,"254026_0_20240409T050000",2024-04-09 05:00:00,-122.011333467552,36.8959651676246,0,"available_crw"
"254026_0",24,"254026_0_crw_024",4,"254026_0_20240409T110000",2024-04-09 11:00:00,-121.89130716936,36.729994714536,0,"available_crw"
"254026_0",24,"254026_0_crw_024",5,"254026_0_20240409T170000",2024-04-09 17:00:00,-121.876785808386,36.7104346238899,0,"available_crw"
"254026_0",24,"254026_0_crw_024",6,"254026_0_20240409T230000",2024-04-09 23:00:00,-121.853285335432,36.680278437175,0,"available_crw"
"254026_0",24,"254026_0_crw_024",7,"254026_0_20240410T050000",2024-04-10 05:00:00,-121.901889568082,36.6747643434248,0,"available_crw"
"254026_0",24,"254026_0_crw_024",8,"254026_0_20240410T110000",2024-04-10 11:00:00,-121.843171505357,36.6593591839357,0,"available_crw"
"254026_0",24,"254026_0_crw_024",9,"254026_0_20240410T170000",2024-04-10 17:00:00,-121.909836689855,36.7412737387205,0,"available_crw"
"254026_0",24,"254026_0_crw_024",10,"254026_0_20240410T230000",2024-04-10 23:00:00,-121.921413951008,36.6437801649267,0,"available_crw"
"254026_0",24,"254026_0_crw_024",11,"254026_0_20240411T050000",2024-04-11 05:00:00,-121.978947893645,36.5851111752599,0,"available_crw"
"254026_0",24,"254026_0_crw_024",12,"254026_0_20240411T110000",2024-04-11 11:00:00,-121.991486378788,36.5644488984519,0,"available_crw"
"254026_0",24,"254026_0_crw_024",13,"254026_0_20240411T170000",2024-04-11 17:00:00,-122.07088669527,36.525861044141,0,"available_crw"
"254026_0",24,"254026_0_crw_024",14,"254026_0_20240411T230000",2024-04-11 23:00:00,-122.106541464971,36.5058821467008,0,"available_crw"
"254026_0",24,"254026_0_crw_024",15,"254026_0_20240412T050000",2024-04-12 05:00:00,-122.105839890177,36.5124688497589,0,"available_crw"
"254026_0",24,"254026_0_crw_024",16,"254026_0_20240412T110000",2024-04-12 11:00:00,-122.044030238202,36.4916548036677,0,"available_crw"
"254026_0",24,"254026_0_crw_024",17,"254026_0_20240412T170000",2024-04-12 17:00:00,-122.023617944671,36.4933615005223,0,"available_crw"
"254026_0",24,"254026_0_crw_024",18,"254026_0_20240412T230000",2024-04-12 23:00:00,-122.03890153702,36.4557985253792,0,"available_crw"
"254026_0",24,"254026_0_crw_024",19,"254026_0_20240413T050000",2024-04-13 05:00:00,-122.099151727873,36.4373032285777,0,"available_crw"
"254026_0",24,"254026_0_crw_024",20,"254026_0_20240413T110000",2024-04-13 11:00:00,-122.154866537696,36.4634878359963,0,"available_crw"
"254026_0",24,"254026_0_crw_024",21,"254026_0_20240413T170000",2024-04-13 17:00:00,-122.18196500466,36.4705727140804,0,"available_crw"
"254026_0",24,"254026_0_crw_024",22,"254026_0_20240413T230000",2024-04-13 23:00:00,-122.115370755609,36.3887338293637,0,"available_crw"
"254026_0",24,"254026_0_crw_024",23,"254026_0_20240414T050000",2024-04-14 05:00:00,-122.089313115024,36.360743016728,0,"available_crw"
"254026_0",24,"254026_0_crw_024",24,"254026_0_20240414T110000",2024-04-14 11:00:00,-122.059674634806,36.3315204985708,0,"available_crw"
"254026_0",24,"254026_0_crw_024",25,"254026_0_20240414T170000",2024-04-14 17:00:00,-122.041541509673,36.3140835831499,0,"available_crw"
"254026_0",24,"254026_0_crw_024",26,"254026_0_20240414T230000",2024-04-14 23:00:00,-122.012494985927,36.2873441132015,0,"available_crw"
"254026_0",24,"254026_0_crw_024",27,"254026_0_20240415T050000",2024-04-15 05:00:00,-121.980232422416,36.2600244068376,0,"available_crw"
"254026_0",24,"254026_0_crw_024",28,"254026_0_20240415T110000",2024-04-15 11:00:00,-122.049552039185,36.2818298216692,0,"available_crw"
"254026_0",24,"254026_0_crw_024",29,"254026_0_20240415T170000",2024-04-15 17:00:00,-122.086071326258,36.2772168559209,0,"available_crw"
"254026_0",24,"254026_0_crw_024",30,"254026_0_20240415T230000",2024-04-15 23:00:00,-122.097834633358,36.2621029879493,0,"available_crw"
"254026_0",25,"254026_0_crw_025",1,"254026_0_20240408T170000",2024-04-08 17:00:00,-122.0637,36.9493,0,"available_crw"
"254026_0",25,"254026_0_crw_025",2,"254026_0_20240408T230000",2024-04-08 23:00:00,-122.044034444237,36.9325675630446,0,"available_crw"
"254026_0",25,"254026_0_crw_025",3,"254026_0_20240409T050000",2024-04-09 05:00:00,-122.024301792076,36.9161889014396,0,"available_crw"
"254026_0",25,"254026_0_crw_025",4,"254026_0_20240409T110000",2024-04-09 11:00:00,-121.861177725376,36.7312612839533,0,"available_crw"
"254026_0",25,"254026_0_crw_025",5,"254026_0_20240409T170000",2024-04-09 17:00:00,-121.871109714954,36.7803627438786,0,"available_crw"
"254026_0",25,"254026_0_crw_025",6,"254026_0_20240409T230000",2024-04-09 23:00:00,-121.877838347485,36.8104127686012,0,"available_crw"
"254026_0",25,"254026_0_crw_025",7,"254026_0_20240410T050000",2024-04-10 05:00:00,-121.886644615802,36.8453038049845,0,"available_crw"
"254026_0",25,"254026_0_crw_025",8,"254026_0_20240410T110000",2024-04-10 11:00:00,-122.079976619124,36.8474944522498,0,"available_crw"
"254026_0",25,"254026_0_crw_025",9,"254026_0_20240410T170000",2024-04-10 17:00:00,-122.094804245858,36.8341876658537,0,"available_crw"
"254026_0",25,"254026_0_crw_025",10,"254026_0_20240410T230000",2024-04-10 23:00:00,-122.078154830288,36.8140952484916,0,"available_crw"
"254026_0",25,"254026_0_crw_025",11,"254026_0_20240411T050000",2024-04-11 05:00:00,-122.050803144921,36.7830933966804,0,"available_crw"
"254026_0",25,"254026_0_crw_025",12,"254026_0_20240411T110000",2024-04-11 11:00:00,-122.043622080443,36.8808618161789,0,"available_crw"
"254026_0",25,"254026_0_crw_025",13,"254026_0_20240411T170000",2024-04-11 17:00:00,-122.015977139105,36.8248969560551,0,"available_crw"
"254026_0",25,"254026_0_crw_025",14,"254026_0_20240411T230000",2024-04-11 23:00:00,-121.986770163575,36.806351335739,0,"available_crw"
"254026_0",25,"254026_0_crw_025",15,"254026_0_20240412T050000",2024-04-12 05:00:00,-121.964932976456,36.8096318372247,0,"available_crw"
"254026_0",25,"254026_0_crw_025",16,"254026_0_20240412T110000",2024-04-12 11:00:00,-121.922700642567,36.8182464780336,0,"available_crw"
"254026_0",25,"254026_0_crw_025",17,"254026_0_20240412T170000",2024-04-12 17:00:00,-121.896051725152,36.8391373398579,0,"available_crw"
"254026_0",25,"254026_0_crw_025",18,"254026_0_20240412T230000",2024-04-12 23:00:00,-121.880251648978,36.8583179033919,0,"available_crw"
"254026_0",25,"254026_0_crw_025",19,"254026_0_20240413T050000",2024-04-13 05:00:00,-121.996270717559,36.8283796437235,0,"available_crw"
"254026_0",25,"254026_0_crw_025",20,"254026_0_20240413T110000",2024-04-13 11:00:00,-122.086132225803,36.847768518418,0,"available_crw"
"254026_0",25,"254026_0_crw_025",21,"254026_0_20240413T170000",2024-04-13 17:00:00,-122.122993987539,36.8551702195497,0,"available_crw"
"254026_0",25,"254026_0_crw_025",22,"254026_0_20240413T230000",2024-04-13 23:00:00,-122.092610789417,36.886271208858,0,"available_crw"
"254026_0",25,"254026_0_crw_025",23,"254026_0_20240414T050000",2024-04-14 05:00:00,-122.069695627894,36.8512829408887,0,"available_crw"
"254026_0",25,"254026_0_crw_025",24,"254026_0_20240414T110000",2024-04-14 11:00:00,-122.135932061913,36.8418396791833,0,"available_crw"
"254026_0",25,"254026_0_crw_025",25,"254026_0_20240414T170000",2024-04-14 17:00:00,-122.171649983088,36.833447947915,0,"available_crw"
"254026_0",25,"254026_0_crw_025",26,"254026_0_20240414T230000",2024-04-14 23:00:00,-122.115383385205,36.8732119032686,0,"available_crw"
"254026_0",25,"254026_0_crw_025",27,"254026_0_20240415T050000",2024-04-15 05:00:00,-122.087252542217,36.8937469632895,0,"available_crw"
"254026_0",25,"254026_0_crw_025",28,"254026_0_20240415T110000",2024-04-15 11:00:00,-122.071924582246,36.856176871324,0,"available_crw"
"254026_0",25,"254026_0_crw_025",29,"254026_0_20240415T170000",2024-04-15 17:00:00,-122.06275569912,36.8346136872338,0,"available_crw"
"254026_0",25,"254026_0_crw_025",30,"254026_0_20240415T230000",2024-04-15 23:00:00,-122.047524792178,36.8011826018283,0,"available_crw"
"254026_0",26,"254026_0_crw_026",1,"254026_0_20240408T170000",2024-04-08 17:00:00,-122.0637,36.9493,0,"available_crw"
"254026_0",26,"254026_0_crw_026",2,"254026_0_20240408T230000",2024-04-08 23:00:00,-122.053010738527,36.9412026864883,0,"available_crw"
"254026_0",26,"254026_0_crw_026",3,"254026_0_20240409T050000",2024-04-09 05:00:00,-122.032124812398,36.9257711495559,0,"available_crw"
"254026_0",26,"254026_0_crw_026",4,"254026_0_20240409T110000",2024-04-09 11:00:00,-121.855910648945,36.7487563178128,0,"available_crw"
"254026_0",26,"254026_0_crw_026",5,"254026_0_20240409T170000",2024-04-09 17:00:00,-121.833734521345,36.7479784855078,0,"available_crw"
"254026_0",26,"254026_0_crw_026",6,"254026_0_20240409T230000",2024-04-09 23:00:00,-121.856927960929,36.6972413525632,0,"available_crw"
"254026_0",26,"254026_0_crw_026",7,"254026_0_20240410T050000",2024-04-10 05:00:00,-121.909924423843,36.7304436781646,0,"available_crw"
"254026_0",26,"254026_0_crw_026",8,"254026_0_20240410T110000",2024-04-10 11:00:00,-121.866555734464,36.7490122369518,0,"available_crw"
"254026_0",26,"254026_0_crw_026",9,"254026_0_20240410T170000",2024-04-10 17:00:00,-121.855212936465,36.7628401015696,0,"available_crw"
"254026_0",26,"254026_0_crw_026",10,"254026_0_20240410T230000",2024-04-10 23:00:00,-121.990133316473,36.8741088711122,0,"available_crw"
"254026_0",26,"254026_0_crw_026",11,"254026_0_20240411T050000",2024-04-11 05:00:00,-121.929945634993,36.8983033904142,0,"available_crw"
"254026_0",26,"254026_0_crw_026",12,"254026_0_20240411T110000",2024-04-11 11:00:00,-121.927829323229,36.8588043665316,0,"available_crw"
"254026_0",26,"254026_0_crw_026",13,"254026_0_20240411T170000",2024-04-11 17:00:00,-121.920571223741,36.8365531147134,0,"available_crw"
"254026_0",26,"254026_0_crw_026",14,"254026_0_20240411T230000",2024-04-11 23:00:00,-121.91318116671,36.8263606816057,0,"available_crw"
"254026_0",26,"254026_0_crw_026",15,"254026_0_20240412T050000",2024-04-12 05:00:00,-121.825996039657,36.6476556567005,0,"available_crw"
"254026_0",26,"254026_0_crw_026",16,"254026_0_20240412T110000",2024-04-12 11:00:00,-121.982189563653,36.6329574551906,0,"available_crw"
"254026_0",26,"254026_0_crw_026",17,"254026_0_20240412T170000",2024-04-12 17:00:00,-122.010225421305,36.6300057741679,0,"available_crw"
"254026_0",26,"254026_0_crw_026",18,"254026_0_20240412T230000",2024-04-12 23:00:00,-122.026848946514,36.6202587684853,0,"available_crw"
"254026_0",26,"254026_0_crw_026",19,"254026_0_20240413T050000",2024-04-13 05:00:00,-122.035658914455,36.6052887121948,0,"available_crw"
"254026_0",26,"254026_0_crw_026",20,"254026_0_20240413T110000",2024-04-13 11:00:00,-122.06753293133,36.6353407602236,0,"available_crw"
"254026_0",26,"254026_0_crw_026",21,"254026_0_20240413T170000",2024-04-13 17:00:00,-122.102560491173,36.6452735214054,0,"available_crw"
"254026_0",26,"254026_0_crw_026",22,"254026_0_20240413T230000",2024-04-13 23:00:00,-122.06208078212,36.6883984234506,0,"available_crw"
"254026_0",26,"254026_0_crw_026",23,"254026_0_20240414T050000",2024-04-14 05:00:00,-121.890647595165,36.821934078651,0,"available_crw"
"254026_0",26,"254026_0_crw_026",24,"254026_0_20240414T110000",2024-04-14 11:00:00,-121.863773982696,36.8435123467379,0,"available_crw"
"254026_0",26,"254026_0_crw_026",25,"254026_0_20240414T170000",2024-04-14 17:00:00,-121.879013450259,36.8643168278013,0,"available_crw"
"254026_0",26,"254026_0_crw_026",26,"254026_0_20240414T230000",2024-04-14 23:00:00,-121.904573152687,36.8960480565941,0,"available_crw"
"254026_0",26,"254026_0_crw_026",27,"254026_0_20240415T050000",2024-04-15 05:00:00,-121.839606836651,36.9102100662028,0,"available_crw"
"254026_0",26,"254026_0_crw_026",28,"254026_0_20240415T110000",2024-04-15 11:00:00,-121.847249043531,36.8711547421241,0,"available_crw"
"254026_0",26,"254026_0_crw_026",29,"254026_0_20240415T170000",2024-04-15 17:00:00,-121.853200716082,36.8334462927061,0,"available_crw"
"254026_0",26,"254026_0_crw_026",30,"254026_0_20240415T230000",2024-04-15 23:00:00,-121.913098741982,36.7762383893626,0,"available_crw"
"254026_0",27,"254026_0_crw_027",1,"254026_0_20240408T170000",2024-04-08 17:00:00,-122.0637,36.9493,0,"available_crw"
"254026_0",27,"254026_0_crw_027",2,"254026_0_20240408T230000",2024-04-08 23:00:00,-122.044034444237,36.9325675630446,0,"available_crw"
"254026_0",27,"254026_0_crw_027",3,"254026_0_20240409T050000",2024-04-09 05:00:00,-122.01291448412,36.9072062491869,0,"available_crw"
"254026_0",27,"254026_0_crw_027",4,"254026_0_20240409T110000",2024-04-09 11:00:00,-121.936084871199,36.8919653721517,0,"available_crw"
"254026_0",27,"254026_0_crw_027",5,"254026_0_20240409T170000",2024-04-09 17:00:00,-121.983584270487,36.9238998942401,0,"available_crw"
"254026_0",27,"254026_0_crw_027",6,"254026_0_20240409T230000",2024-04-09 23:00:00,-122.061921260811,36.9330911298877,0,"available_crw"
"254026_0",27,"254026_0_crw_027",7,"254026_0_20240410T050000",2024-04-10 05:00:00,-122.332307432236,36.9988516929955,0,"available_crw"
"254026_0",27,"254026_0_crw_027",8,"254026_0_20240410T110000",2024-04-10 11:00:00,-122.377963142102,37.0082231454105,0,"available_crw"
"254026_0",27,"254026_0_crw_027",9,"254026_0_20240410T170000",2024-04-10 17:00:00,-122.40662827931,37.009068451012,0,"available_crw"
"254026_0",27,"254026_0_crw_027",10,"254026_0_20240410T230000",2024-04-10 23:00:00,-122.451019520755,37.0095823137638,0,"available_crw"
"254026_0",27,"254026_0_crw_027",11,"254026_0_20240411T050000",2024-04-11 05:00:00,-122.479135646037,37.0050265403148,0,"available_crw"
"254026_0",27,"254026_0_crw_027",12,"254026_0_20240411T110000",2024-04-11 11:00:00,-122.522440892508,36.9971986110119,0,"available_crw"
"254026_0",27,"254026_0_crw_027",13,"254026_0_20240411T170000",2024-04-11 17:00:00,-122.53302800537,36.9814823757518,0,"available_crw"
"254026_0",27,"254026_0_crw_027",14,"254026_0_20240411T230000",2024-04-11 23:00:00,-122.705743370534,36.7812958468323,0,"available_crw"
"254026_0",27,"254026_0_crw_027",15,"254026_0_20240412T050000",2024-04-12 05:00:00,-122.707930322976,36.7648191443459,0,"available_crw"
"254026_0",27,"254026_0_crw_027",16,"254026_0_20240412T110000",2024-04-12 11:00:00,-122.673954555312,36.707435201637,0,"available_crw"
"254026_0",27,"254026_0_crw_027",17,"254026_0_20240412T170000",2024-04-12 17:00:00,-122.652009636356,36.6740205362293,0,"available_crw"
"254026_0",27,"254026_0_crw_027",18,"254026_0_20240412T230000",2024-04-12 23:00:00,-122.630421405153,36.6699284694966,0,"available_crw"
"254026_0",27,"254026_0_crw_027",19,"254026_0_20240413T050000",2024-04-13 05:00:00,-122.610582114588,36.6743076842153,0,"available_crw"
"254026_0",27,"254026_0_crw_027",20,"254026_0_20240413T110000",2024-04-13 11:00:00,-122.373703301389,36.6959673249614,0,"available_crw"
"254026_0",27,"254026_0_crw_027",21,"254026_0_20240413T170000",2024-04-13 17:00:00,-122.311462438732,36.7350767676118,0,"available_crw"
"254026_0",27,"254026_0_crw_027",22,"254026_0_20240413T230000",2024-04-13 23:00:00,-122.302742680947,36.7445608624937,0,"available_crw"
"254026_0",27,"254026_0_crw_027",23,"254026_0_20240414T050000",2024-04-14 05:00:00,-122.276405588885,36.7758606456406,0,"available_crw"
"254026_0",27,"254026_0_crw_027",24,"254026_0_20240414T110000",2024-04-14 11:00:00,-122.274420230323,36.7923531330617,0,"available_crw"
"254026_0",27,"254026_0_crw_027",25,"254026_0_20240414T170000",2024-04-14 17:00:00,-122.212667117338,36.7710035776715,0,"available_crw"
"254026_0",27,"254026_0_crw_027",26,"254026_0_20240414T230000",2024-04-14 23:00:00,-122.171649765848,36.7592419994415,0,"available_crw"
"254026_0",27,"254026_0_crw_027",27,"254026_0_20240415T050000",2024-04-15 05:00:00,-121.96199685924,36.6677449261491,0,"available_crw"
"254026_0",27,"254026_0_crw_027",28,"254026_0_20240415T110000",2024-04-15 11:00:00,-121.941207938869,36.6739623148715,0,"available_crw"
"254026_0",27,"254026_0_crw_027",29,"254026_0_20240415T170000",2024-04-15 17:00:00,-121.892537930754,36.7240013021664,0,"available_crw"
"254026_0",27,"254026_0_crw_027",30,"254026_0_20240415T230000",2024-04-15 23:00:00,-121.886920698281,36.7348978526495,0,"available_crw"
"254026_0",28,"254026_0_crw_028",1,"254026_0_20240408T170000",2024-04-08 17:00:00,-122.0637,36.9493,0,"available_crw"
"254026_0",28,"254026_0_crw_028",2,"254026_0_20240408T230000",2024-04-08 23:00:00,-122.12603374735,36.9828221901849,0,"available_crw"
"254026_0",28,"254026_0_crw_028",3,"254026_0_20240409T050000",2024-04-09 05:00:00,-122.089440727045,36.8893932089142,0,"available_crw"
"254026_0",28,"254026_0_crw_028",4,"254026_0_20240409T110000",2024-04-09 11:00:00,-122.10869857502,36.8834203018188,0,"available_crw"
"254026_0",28,"254026_0_crw_028",5,"254026_0_20240409T170000",2024-04-09 17:00:00,-122.164903486027,36.909370418472,0,"available_crw"
"254026_0",28,"254026_0_crw_028",6,"254026_0_20240409T230000",2024-04-09 23:00:00,-122.203831675462,36.9264175666799,0,"available_crw"
"254026_0",28,"254026_0_crw_028",7,"254026_0_20240410T050000",2024-04-10 05:00:00,-122.195122907648,36.9414543662831,0,"available_crw"
"254026_0",28,"254026_0_crw_028",8,"254026_0_20240410T110000",2024-04-10 11:00:00,-122.243263194803,36.9101301644422,0,"available_crw"
"254026_0",28,"254026_0_crw_028",9,"254026_0_20240410T170000",2024-04-10 17:00:00,-122.449502466136,36.8131730522725,0,"available_crw"
"254026_0",28,"254026_0_crw_028",10,"254026_0_20240410T230000",2024-04-10 23:00:00,-122.460123603128,36.7989738163723,0,"available_crw"
"254026_0",28,"254026_0_crw_028",11,"254026_0_20240411T050000",2024-04-11 05:00:00,-122.483264491992,36.7658279031275,0,"available_crw"
"254026_0",28,"254026_0_crw_028",12,"254026_0_20240411T110000",2024-04-11 11:00:00,-122.482774615894,36.7359048119678,0,"available_crw"
"254026_0",28,"254026_0_crw_028",13,"254026_0_20240411T170000",2024-04-11 17:00:00,-122.478273859719,36.7062120632205,0,"available_crw"
"254026_0",28,"254026_0_crw_028",14,"254026_0_20240411T230000",2024-04-11 23:00:00,-122.485802354087,36.5142965029937,0,"available_crw"
"254026_0",28,"254026_0_crw_028",15,"254026_0_20240412T050000",2024-04-12 05:00:00,-122.529873750394,36.5315663868733,0,"available_crw"
"254026_0",28,"254026_0_crw_028",16,"254026_0_20240412T110000",2024-04-12 11:00:00,-122.577963896815,36.595514744498,0,"available_crw"
"254026_0",28,"254026_0_crw_028",17,"254026_0_20240412T170000",2024-04-12 17:00:00,-122.427154447641,36.6313237030432,0,"available_crw"
"254026_0",28,"254026_0_crw_028",18,"254026_0_20240412T230000",2024-04-12 23:00:00,-122.148282131766,36.6614348537508,0,"available_crw"
"254026_0",28,"254026_0_crw_028",19,"254026_0_20240413T050000",2024-04-13 05:00:00,-122.110795542441,36.6659466105057,0,"available_crw"
"254026_0",28,"254026_0_crw_028",20,"254026_0_20240413T110000",2024-04-13 11:00:00,-122.169682564073,36.6809484074809,0,"available_crw"
"254026_0",28,"254026_0_crw_028",21,"254026_0_20240413T170000",2024-04-13 17:00:00,-122.198122525249,36.6830720310676,0,"available_crw"
"254026_0",28,"254026_0_crw_028",22,"254026_0_20240413T230000",2024-04-13 23:00:00,-122.212536186598,36.6809693814729,0,"available_crw"
"254026_0",28,"254026_0_crw_028",23,"254026_0_20240414T050000",2024-04-14 05:00:00,-122.298283372273,36.7097012601056,0,"available_crw"
"254026_0",28,"254026_0_crw_028",24,"254026_0_20240414T110000",2024-04-14 11:00:00,-122.239912342828,36.6237827710371,0,"available_crw"
"254026_0",28,"254026_0_crw_028",25,"254026_0_20240414T170000",2024-04-14 17:00:00,-122.158998115166,36.4432203029266,0,"available_crw"
"254026_0",28,"254026_0_crw_028",26,"254026_0_20240414T230000",2024-04-14 23:00:00,-122.315230199995,36.4319424255953,0,"available_crw"
"254026_0",28,"254026_0_crw_028",27,"254026_0_20240415T050000",2024-04-15 05:00:00,-122.299331973854,36.4693393227457,0,"available_crw"
"254026_0",28,"254026_0_crw_028",28,"254026_0_20240415T110000",2024-04-15 11:00:00,-122.324281609486,36.4826422794027,0,"available_crw"
"254026_0",28,"254026_0_crw_028",29,"254026_0_20240415T170000",2024-04-15 17:00:00,-122.272125181454,36.516559605435,0,"available_crw"
"254026_0",28,"254026_0_crw_028",30,"254026_0_20240415T230000",2024-04-15 23:00:00,-122.065999312978,36.6125689897161,0,"available_crw"
"254026_0",29,"254026_0_crw_029",1,"254026_0_20240408T170000",2024-04-08 17:00:00,-122.0637,36.9493,0,"available_crw"
"254026_0",29,"254026_0_crw_029",2,"254026_0_20240408T230000",2024-04-08 23:00:00,-121.956081092278,36.7397385411542,0,"available_crw"
"254026_0",29,"254026_0_crw_029",3,"254026_0_20240409T050000",2024-04-09 05:00:00,-121.97298210715,36.6661999593264,0,"available_crw"
"254026_0",29,"254026_0_crw_029",4,"254026_0_20240409T110000",2024-04-09 11:00:00,-121.959205687978,36.6522030532221,0,"available_crw"
"254026_0",29,"254026_0_crw_029",5,"254026_0_20240409T170000",2024-04-09 17:00:00,-121.941359216928,36.6345265814006,0,"available_crw"
"254026_0",29,"254026_0_crw_029",6,"254026_0_20240409T230000",2024-04-09 23:00:00,-121.949561246099,36.6345916465098,0,"available_crw"
"254026_0",29,"254026_0_crw_029",7,"254026_0_20240410T050000",2024-04-10 05:00:00,-122.227374580571,36.6705671484569,0,"available_crw"
"254026_0",29,"254026_0_crw_029",8,"254026_0_20240410T110000",2024-04-10 11:00:00,-122.264906307819,36.6748574062473,0,"available_crw"
"254026_0",29,"254026_0_crw_029",9,"254026_0_20240410T170000",2024-04-10 17:00:00,-122.311605802558,36.6785723428792,0,"available_crw"
"254026_0",29,"254026_0_crw_029",10,"254026_0_20240410T230000",2024-04-10 23:00:00,-122.284999856873,36.7282150503724,0,"available_crw"
"254026_0",29,"254026_0_crw_029",11,"254026_0_20240411T050000",2024-04-11 05:00:00,-122.267566785197,36.7635456918659,0,"available_crw"
"254026_0",29,"254026_0_crw_029",12,"254026_0_20240411T110000",2024-04-11 11:00:00,-122.257443101003,36.7848293320218,0,"available_crw"
"254026_0",29,"254026_0_crw_029",13,"254026_0_20240411T170000",2024-04-11 17:00:00,-122.117881886842,36.9818857865887,0,"available_crw"
"254026_0",29,"254026_0_crw_029",14,"254026_0_20240411T230000",2024-04-11 23:00:00,-122.005307691417,36.8930414398948,0,"available_crw"
"254026_0",29,"254026_0_crw_029",15,"254026_0_20240412T050000",2024-04-12 05:00:00,-122.025893525123,36.9399628644576,0,"available_crw"
"254026_0",29,"254026_0_crw_029",16,"254026_0_20240412T110000",2024-04-12 11:00:00,-122.055857032912,36.9378837606404,0,"available_crw"
"254026_0",29,"254026_0_crw_029",17,"254026_0_20240412T170000",2024-04-12 17:00:00,-122.102889133347,36.9334737088862,0,"available_crw"
"254026_0",29,"254026_0_crw_029",18,"254026_0_20240412T230000",2024-04-12 23:00:00,-122.145815313423,36.9271725208821,0,"available_crw"
"254026_0",29,"254026_0_crw_029",19,"254026_0_20240413T050000",2024-04-13 05:00:00,-122.188142056781,36.9186616050993,0,"available_crw"
"254026_0",29,"254026_0_crw_029",20,"254026_0_20240413T110000",2024-04-13 11:00:00,-122.21557917798,36.9128374687325,0,"available_crw"
"254026_0",29,"254026_0_crw_029",21,"254026_0_20240413T170000",2024-04-13 17:00:00,-122.21211575817,36.91883472617,0,"available_crw"
"254026_0",29,"254026_0_crw_029",22,"254026_0_20240413T230000",2024-04-13 23:00:00,-122.192864396989,36.9128322680198,0,"available_crw"
"254026_0",29,"254026_0_crw_029",23,"254026_0_20240414T050000",2024-04-14 05:00:00,-122.267681976776,36.908803224896,0,"available_crw"
"254026_0",29,"254026_0_crw_029",24,"254026_0_20240414T110000",2024-04-14 11:00:00,-122.505946667437,36.9250016009086,0,"available_crw"
"254026_0",29,"254026_0_crw_029",25,"254026_0_20240414T170000",2024-04-14 17:00:00,-122.524826750948,36.9183109515087,0,"available_crw"
"254026_0",29,"254026_0_crw_029",26,"254026_0_20240414T230000",2024-04-14 23:00:00,-122.524585318749,36.9578492431935,0,"available_crw"
"254026_0",29,"254026_0_crw_029",27,"254026_0_20240415T050000",2024-04-15 05:00:00,-122.479720950702,36.9415181803443,0,"available_crw"
"254026_0",29,"254026_0_crw_029",28,"254026_0_20240415T110000",2024-04-15 11:00:00,-122.429421331672,36.8785730321511,0,"available_crw"
"254026_0",29,"254026_0_crw_029",29,"254026_0_20240415T170000",2024-04-15 17:00:00,-122.408375571982,36.853147001092,0,"available_crw"
"254026_0",29,"254026_0_crw_029",30,"254026_0_20240415T230000",2024-04-15 23:00:00,-122.416533547986,36.9024646067728,0,"available_crw"
"254026_0",30,"254026_0_crw_030",1,"254026_0_20240408T170000",2024-04-08 17:00:00,-122.0637,36.9493,0,"available_crw"
"254026_0",30,"254026_0_crw_030",2,"254026_0_20240408T230000",2024-04-08 23:00:00,-122.12603374735,36.9828221901849,0,"available_crw"
"254026_0",30,"254026_0_crw_030",3,"254026_0_20240409T050000",2024-04-09 05:00:00,-122.2052038443,36.9852659628921,0,"available_crw"
"254026_0",30,"254026_0_crw_030",4,"254026_0_20240409T110000",2024-04-09 11:00:00,-122.199703274973,36.9901882826924,0,"available_crw"
"254026_0",30,"254026_0_crw_030",5,"254026_0_20240409T170000",2024-04-09 17:00:00,-122.320131508809,36.974131841517,0,"available_crw"
"254026_0",30,"254026_0_crw_030",6,"254026_0_20240409T230000",2024-04-09 23:00:00,-122.602662265884,36.9705479812141,0,"available_crw"
"254026_0",30,"254026_0_crw_030",7,"254026_0_20240410T050000",2024-04-10 05:00:00,-122.597510227233,36.9757070648914,0,"available_crw"
"254026_0",30,"254026_0_crw_030",8,"254026_0_20240410T110000",2024-04-10 11:00:00,-122.574204700848,36.9998503864775,0,"available_crw"
"254026_0",30,"254026_0_crw_030",9,"254026_0_20240410T170000",2024-04-10 17:00:00,-122.546294599389,37.030576954421,0,"available_crw"
"254026_0",30,"254026_0_crw_030",10,"254026_0_20240410T230000",2024-04-10 23:00:00,-122.528835741575,37.0216863857209,0,"available_crw"
"254026_0",30,"254026_0_crw_030",11,"254026_0_20240411T050000",2024-04-11 05:00:00,-122.501913047399,37.0137406194231,0,"available_crw"
"254026_0",30,"254026_0_crw_030",12,"254026_0_20240411T110000",2024-04-11 11:00:00,-122.456970915336,37.0016605024055,0,"available_crw"
"254026_0",30,"254026_0_crw_030",13,"254026_0_20240411T170000",2024-04-11 17:00:00,-122.24452149376,36.9133741135284,0,"available_crw"
"254026_0",30,"254026_0_crw_030",14,"254026_0_20240411T230000",2024-04-11 23:00:00,-122.21687931811,36.9073347234629,0,"available_crw"
"254026_0",30,"254026_0_crw_030",15,"254026_0_20240412T050000",2024-04-12 05:00:00,-122.288719745287,36.9865018076656,0,"available_crw"
"254026_0",30,"254026_0_crw_030",16,"254026_0_20240412T110000",2024-04-12 11:00:00,-122.316661245099,37.0134292594897,0,"available_crw"
"254026_0",30,"254026_0_crw_030",17,"254026_0_20240412T170000",2024-04-12 17:00:00,-122.484218569001,37.2166830712523,0,"available_crw"
"254026_0",30,"254026_0_crw_030",18,"254026_0_20240412T230000",2024-04-12 23:00:00,-122.51275783246,37.2088190172938,0,"available_crw"
"254026_0",30,"254026_0_crw_030",19,"254026_0_20240413T050000",2024-04-13 05:00:00,-122.510370374631,37.1847521862582,0,"available_crw"
"254026_0",30,"254026_0_crw_030",20,"254026_0_20240413T110000",2024-04-13 11:00:00,-122.487551237457,37.2310319570102,0,"available_crw"
"254026_0",30,"254026_0_crw_030",21,"254026_0_20240413T170000",2024-04-13 17:00:00,-122.490093978538,37.2474755453511,0,"available_crw"
"254026_0",30,"254026_0_crw_030",22,"254026_0_20240413T230000",2024-04-13 23:00:00,-122.498674044934,37.2765890685231,0,"available_crw"
"254026_0",30,"254026_0_crw_030",23,"254026_0_20240414T050000",2024-04-14 05:00:00,-122.431227124865,37.2723739670523,0,"available_crw"
"254026_0",30,"254026_0_crw_030",24,"254026_0_20240414T110000",2024-04-14 11:00:00,-122.4167385642,37.2746358009096,0,"available_crw"
"254026_0",30,"254026_0_crw_030",25,"254026_0_20240414T170000",2024-04-14 17:00:00,-122.390293054723,37.2837229673581,0,"available_crw"
"254026_0",30,"254026_0_crw_030",26,"254026_0_20240414T230000",2024-04-14 23:00:00,-122.394905992441,37.3075818069009,0,"available_crw"
"254026_0",30,"254026_0_crw_030",27,"254026_0_20240415T050000",2024-04-15 05:00:00,-122.403566370525,37.3449584605466,0,"available_crw"
"254026_0",30,"254026_0_crw_030",28,"254026_0_20240415T110000",2024-04-15 11:00:00,-122.416646280272,37.3578222276709,0,"available_crw"
"254026_0",30,"254026_0_crw_030",29,"254026_0_20240415T170000",2024-04-15 17:00:00,-122.40138614097,37.3690736550887,0,"available_crw"
"254026_0",30,"254026_0_crw_030",30,"254026_0_20240415T230000",2024-04-15 23:00:00,-122.461084686798,37.3547865620223,0,"available_crw"
"254026_0",31,"254026_0_crw_031",1,"254026_0_20240408T170000",2024-04-08 17:00:00,-122.0637,36.9493,0,"available_crw"
"254026_0",31,"254026_0_crw_031",2,"254026_0_20240408T230000",2024-04-08 23:00:00,-122.041116949982,36.9255096380072,0,"available_crw"
"254026_0",31,"254026_0_crw_031",3,"254026_0_20240409T050000",2024-04-09 05:00:00,-122.017574051529,36.9015320576363,0,"available_crw"
"254026_0",31,"254026_0_crw_031",4,"254026_0_20240409T110000",2024-04-09 11:00:00,-121.995359715615,36.9006397416753,0,"available_crw"
"254026_0",31,"254026_0_crw_031",5,"254026_0_20240409T170000",2024-04-09 17:00:00,-122.017676404218,36.8654016393218,0,"available_crw"
"254026_0",31,"254026_0_crw_031",6,"254026_0_20240409T230000",2024-04-09 23:00:00,-122.098116989745,36.827805719336,0,"available_crw"
"254026_0",31,"254026_0_crw_031",7,"254026_0_20240410T050000",2024-04-10 05:00:00,-122.089981177467,36.8045661228552,0,"available_crw"
"254026_0",31,"254026_0_crw_031",8,"254026_0_20240410T110000",2024-04-10 11:00:00,-122.076578502386,36.7842437744794,0,"available_crw"
"254026_0",31,"254026_0_crw_031",9,"254026_0_20240410T170000",2024-04-10 17:00:00,-122.084592013062,36.7097339944189,0,"available_crw"
"254026_0",31,"254026_0_crw_031",10,"254026_0_20240410T230000",2024-04-10 23:00:00,-122.10518308899,36.7101028441848,0,"available_crw"
"254026_0",31,"254026_0_crw_031",11,"254026_0_20240411T050000",2024-04-11 05:00:00,-122.148656967786,36.7086253226841,0,"available_crw"
"254026_0",31,"254026_0_crw_031",12,"254026_0_20240411T110000",2024-04-11 11:00:00,-122.192784821646,36.7063275506687,0,"available_crw"
"254026_0",31,"254026_0_crw_031",13,"254026_0_20240411T170000",2024-04-11 17:00:00,-122.236651830103,36.744596276301,0,"available_crw"
"254026_0",31,"254026_0_crw_031",14,"254026_0_20240411T230000",2024-04-11 23:00:00,-122.260054200101,36.7578090094143,0,"available_crw"
"254026_0",31,"254026_0_crw_031",15,"254026_0_20240412T050000",2024-04-12 05:00:00,-122.230189276198,36.7142499216682,0,"available_crw"
"254026_0",31,"254026_0_crw_031",16,"254026_0_20240412T110000",2024-04-12 11:00:00,-122.206177286991,36.6815208495882,0,"available_crw"
"254026_0",31,"254026_0_crw_031",17,"254026_0_20240412T170000",2024-04-12 17:00:00,-122.13642642699,36.6518076920195,0,"available_crw"
"254026_0",31,"254026_0_crw_031",18,"254026_0_20240412T230000",2024-04-12 23:00:00,-122.057700177575,36.6558770970689,0,"available_crw"
"254026_0",31,"254026_0_crw_031",19,"254026_0_20240413T050000",2024-04-13 05:00:00,-122.019923259576,36.6583235515254,0,"available_crw"
"254026_0",31,"254026_0_crw_031",20,"254026_0_20240413T110000",2024-04-13 11:00:00,-121.938232938049,36.6228357924354,0,"available_crw"
"254026_0",31,"254026_0_crw_031",21,"254026_0_20240413T170000",2024-04-13 17:00:00,-121.985613761005,36.7130315995402,0,"available_crw"
"254026_0",31,"254026_0_crw_031",22,"254026_0_20240413T230000",2024-04-13 23:00:00,-121.996983365435,36.7339005197717,0,"available_crw"
"254026_0",31,"254026_0_crw_031",23,"254026_0_20240414T050000",2024-04-14 05:00:00,-121.989088991675,36.7320771616981,0,"available_crw"
"254026_0",31,"254026_0_crw_031",24,"254026_0_20240414T110000",2024-04-14 11:00:00,-121.952474549548,36.7269754256491,0,"available_crw"
"254026_0",31,"254026_0_crw_031",25,"254026_0_20240414T170000",2024-04-14 17:00:00,-122.033081448824,36.8003642023315,0,"available_crw"
"254026_0",31,"254026_0_crw_031",26,"254026_0_20240414T230000",2024-04-14 23:00:00,-121.892184871004,36.8572022066692,0,"available_crw"
"254026_0",31,"254026_0_crw_031",27,"254026_0_20240415T050000",2024-04-15 05:00:00,-121.894047393832,36.8507635371528,0,"available_crw"
"254026_0",31,"254026_0_crw_031",28,"254026_0_20240415T110000",2024-04-15 11:00:00,-121.994804078385,36.6211106083875,0,"available_crw"
"254026_0",31,"254026_0_crw_031",29,"254026_0_20240415T170000",2024-04-15 17:00:00,-121.891536247149,36.6727591837616,0,"available_crw"
"254026_0",31,"254026_0_crw_031",30,"254026_0_20240415T230000",2024-04-15 23:00:00,-121.83051884782,36.655592666603,0,"available_crw"
"254026_0",32,"254026_0_crw_032",1,"254026_0_20240408T170000",2024-04-08 17:00:00,-122.0637,36.9493,0,"available_crw"
"254026_0",32,"254026_0_crw_032",2,"254026_0_20240408T230000",2024-04-08 23:00:00,-122.04872703058,36.9299402179283,0,"available_crw"
"254026_0",32,"254026_0_crw_032",3,"254026_0_20240409T050000",2024-04-09 05:00:00,-122.02224799934,36.8986916720404,0,"available_crw"
"254026_0",32,"254026_0_crw_032",4,"254026_0_20240409T110000",2024-04-09 11:00:00,-121.919736247625,36.7252956969636,0,"available_crw"
"254026_0",32,"254026_0_crw_032",5,"254026_0_20240409T170000",2024-04-09 17:00:00,-121.889122701409,36.7083262347523,0,"available_crw"
"254026_0",32,"254026_0_crw_032",6,"254026_0_20240409T230000",2024-04-09 23:00:00,-121.810292549232,36.705003240518,0,"available_crw"
"254026_0",32,"254026_0_crw_032",7,"254026_0_20240410T050000",2024-04-10 05:00:00,-121.864307784456,36.7291650382162,0,"available_crw"
"254026_0",32,"254026_0_crw_032",8,"254026_0_20240410T110000",2024-04-10 11:00:00,-121.943189231996,36.7263193516889,0,"available_crw"
"254026_0",32,"254026_0_crw_032",9,"254026_0_20240410T170000",2024-04-10 17:00:00,-121.960799440668,36.7177430030443,0,"available_crw"
"254026_0",32,"254026_0_crw_032",10,"254026_0_20240410T230000",2024-04-10 23:00:00,-121.899248179643,36.7221709598924,0,"available_crw"
"254026_0",32,"254026_0_crw_032",11,"254026_0_20240411T050000",2024-04-11 05:00:00,-121.956968610196,36.7399569852396,0,"available_crw"
"254026_0",32,"254026_0_crw_032",12,"254026_0_20240411T110000",2024-04-11 11:00:00,-121.993674802024,36.7352008295505,0,"available_crw"
"254026_0",32,"254026_0_crw_032",13,"254026_0_20240411T170000",2024-04-11 17:00:00,-122.005415943112,36.7200422280905,0,"available_crw"
"254026_0",32,"254026_0_crw_032",14,"254026_0_20240411T230000",2024-04-11 23:00:00,-122.008003770152,36.7263160563939,0,"available_crw"
"254026_0",32,"254026_0_crw_032",15,"254026_0_20240412T050000",2024-04-12 05:00:00,-122.037926102152,36.724675034687,0,"available_crw"
"254026_0",32,"254026_0_crw_032",16,"254026_0_20240412T110000",2024-04-12 11:00:00,-122.066141391865,36.7228308866885,0,"available_crw"
"254026_0",32,"254026_0_crw_032",17,"254026_0_20240412T170000",2024-04-12 17:00:00,-122.112735647923,36.7181750136967,0,"available_crw"
"254026_0",32,"254026_0_crw_032",18,"254026_0_20240412T230000",2024-04-12 23:00:00,-122.351144662984,36.7235674706353,0,"available_crw"
"254026_0",32,"254026_0_crw_032",19,"254026_0_20240413T050000",2024-04-13 05:00:00,-122.388178878136,36.7211286921801,0,"available_crw"
"254026_0",32,"254026_0_crw_032",20,"254026_0_20240413T110000",2024-04-13 11:00:00,-122.401350044137,36.7067516105053,0,"available_crw"
"254026_0",32,"254026_0_crw_032",21,"254026_0_20240413T170000",2024-04-13 17:00:00,-122.406566543438,36.695726185835,0,"available_crw"
"254026_0",32,"254026_0_crw_032",22,"254026_0_20240413T230000",2024-04-13 23:00:00,-122.38211230087,36.6817596211878,0,"available_crw"
"254026_0",32,"254026_0_crw_032",23,"254026_0_20240414T050000",2024-04-14 05:00:00,-122.211273593117,36.5479703154629,0,"available_crw"
"254026_0",32,"254026_0_crw_032",24,"254026_0_20240414T110000",2024-04-14 11:00:00,-122.176560180854,36.5222720354629,0,"available_crw"
"254026_0",32,"254026_0_crw_032",25,"254026_0_20240414T170000",2024-04-14 17:00:00,-122.140940915013,36.4974051545278,0,"available_crw"
"254026_0",32,"254026_0_crw_032",26,"254026_0_20240414T230000",2024-04-14 23:00:00,-122.149018095792,36.4963202588489,0,"available_crw"
"254026_0",32,"254026_0_crw_032",27,"254026_0_20240415T050000",2024-04-15 05:00:00,-122.151640804318,36.4722690972148,0,"available_crw"
"254026_0",32,"254026_0_crw_032",28,"254026_0_20240415T110000",2024-04-15 11:00:00,-122.154375602964,36.4343179953991,0,"available_crw"
"254026_0",32,"254026_0_crw_032",29,"254026_0_20240415T170000",2024-04-15 17:00:00,-122.174898584375,36.4342199974248,0,"available_crw"
"254026_0",32,"254026_0_crw_032",30,"254026_0_20240415T230000",2024-04-15 23:00:00,-122.20683229322,36.4190675113797,0,"available_crw"
"254026_0",33,"254026_0_crw_033",1,"254026_0_20240408T170000",2024-04-08 17:00:00,-122.0637,36.9493,0,"available_crw"
"254026_0",33,"254026_0_crw_033",2,"254026_0_20240408T230000",2024-04-08 23:00:00,-122.039962132268,36.9192265417833,0,"available_crw"
"254026_0",33,"254026_0_crw_033",3,"254026_0_20240409T050000",2024-04-09 05:00:00,-122.105096766404,36.905539511039,0,"available_crw"
"254026_0",33,"254026_0_crw_033",4,"254026_0_20240409T110000",2024-04-09 11:00:00,-122.101616553732,36.9115302477339,0,"available_crw"
"254026_0",33,"254026_0_crw_033",5,"254026_0_20240409T170000",2024-04-09 17:00:00,-122.095276093872,36.9339635309419,0,"available_crw"
"254026_0",33,"254026_0_crw_033",6,"254026_0_20240409T230000",2024-04-09 23:00:00,-122.088359591586,36.9685534878101,0,"available_crw"
"254026_0",33,"254026_0_crw_033",7,"254026_0_20240410T050000",2024-04-10 05:00:00,-122.124054407131,36.927882655672,0,"available_crw"
"254026_0",33,"254026_0_crw_033",8,"254026_0_20240410T110000",2024-04-10 11:00:00,-122.12735673613,36.8980769648351,0,"available_crw"
"254026_0",33,"254026_0_crw_033",9,"254026_0_20240410T170000",2024-04-10 17:00:00,-122.126628540687,36.8681719477786,0,"available_crw"
"254026_0",33,"254026_0_crw_033",10,"254026_0_20240410T230000",2024-04-10 23:00:00,-122.147195006302,36.8667872723853,0,"available_crw"
"254026_0",33,"254026_0_crw_033",11,"254026_0_20240411T050000",2024-04-11 05:00:00,-122.082162411291,36.8967280557581,0,"available_crw"
"254026_0",33,"254026_0_crw_033",12,"254026_0_20240411T110000",2024-04-11 11:00:00,-122.021747550944,36.8778585670429,0,"available_crw"
"254026_0",33,"254026_0_crw_033",13,"254026_0_20240411T170000",2024-04-11 17:00:00,-121.984936871482,36.8824305888315,0,"available_crw"
"254026_0",33,"254026_0_crw_033",14,"254026_0_20240411T230000",2024-04-11 23:00:00,-121.947472633156,36.8875888486892,0,"available_crw"
"254026_0",33,"254026_0_crw_033",15,"254026_0_20240412T050000",2024-04-12 05:00:00,-121.903957237205,36.89435673618,0,"available_crw"
"254026_0",33,"254026_0_crw_033",16,"254026_0_20240412T110000",2024-04-12 11:00:00,-121.892782176565,36.9098010929396,0,"available_crw"
"254026_0",33,"254026_0_crw_033",17,"254026_0_20240412T170000",2024-04-12 17:00:00,-121.892717496344,36.9397230573224,0,"available_crw"
"254026_0",33,"254026_0_crw_033",18,"254026_0_20240412T230000",2024-04-12 23:00:00,-121.893288403717,36.9702523223869,0,"available_crw"
"254026_0",33,"254026_0_crw_033",19,"254026_0_20240413T050000",2024-04-13 05:00:00,-121.886871380873,36.9661071819942,0,"available_crw"
"254026_0",33,"254026_0_crw_033",20,"254026_0_20240413T110000",2024-04-13 11:00:00,-121.894944491462,36.9647924125543,0,"available_crw"
"254026_0",33,"254026_0_crw_033",21,"254026_0_20240413T170000",2024-04-13 17:00:00,-121.922697563915,36.9599730583842,0,"available_crw"
"254026_0",33,"254026_0_crw_033",22,"254026_0_20240413T230000",2024-04-13 23:00:00,-122.20460137417,36.9455317123725,0,"available_crw"
"254026_0",33,"254026_0_crw_033",23,"254026_0_20240414T050000",2024-04-14 05:00:00,-122.218105992001,36.9313333895258,0,"available_crw"
"254026_0",33,"254026_0_crw_033",24,"254026_0_20240414T110000",2024-04-14 11:00:00,-122.237374818466,36.9057345587304,0,"available_crw"
"254026_0",33,"254026_0_crw_033",25,"254026_0_20240414T170000",2024-04-14 17:00:00,-122.246657908686,36.8839721076158,0,"available_crw"
"254026_0",33,"254026_0_crw_033",26,"254026_0_20240414T230000",2024-04-14 23:00:00,-122.239452950659,36.8546131819368,0,"available_crw"
"254026_0",33,"254026_0_crw_033",27,"254026_0_20240415T050000",2024-04-15 05:00:00,-122.228427226371,36.8178689677186,0,"available_crw"
"254026_0",33,"254026_0_crw_033",28,"254026_0_20240415T110000",2024-04-15 11:00:00,-122.276778207137,36.8250943742021,0,"available_crw"
"254026_0",33,"254026_0_crw_033",29,"254026_0_20240415T170000",2024-04-15 17:00:00,-122.313881169058,36.8273374038123,0,"available_crw"
"254026_0",33,"254026_0_crw_033",30,"254026_0_20240415T230000",2024-04-15 23:00:00,-122.388051880192,36.8725085164375,0,"available_crw"
"254026_0",34,"254026_0_crw_034",1,"254026_0_20240408T170000",2024-04-08 17:00:00,-122.0637,36.9493,0,"available_crw"
"254026_0",34,"254026_0_crw_034",2,"254026_0_20240408T230000",2024-04-08 23:00:00,-122.038809429567,36.9205246392105,0,"available_crw"
"254026_0",34,"254026_0_crw_034",3,"254026_0_20240409T050000",2024-04-09 05:00:00,-121.966320074086,36.8950083304217,0,"available_crw"
"254026_0",34,"254026_0_crw_034",4,"254026_0_20240409T110000",2024-04-09 11:00:00,-121.915076544392,36.8325791897882,0,"available_crw"
"254026_0",34,"254026_0_crw_034",5,"254026_0_20240409T170000",2024-04-09 17:00:00,-121.888819599062,36.8046222272954,0,"available_crw"
"254026_0",34,"254026_0_crw_034",6,"254026_0_20240409T230000",2024-04-09 23:00:00,-121.866661971206,36.8033572984351,0,"available_crw"
"254026_0",34,"254026_0_crw_034",7,"254026_0_20240410T050000",2024-04-10 05:00:00,-121.819682261969,36.8022558125063,0,"available_crw"
"254026_0",34,"254026_0_crw_034",8,"254026_0_20240410T110000",2024-04-10 11:00:00,-121.805439303634,36.8050820816087,0,"available_crw"
"254026_0",34,"254026_0_crw_034",9,"254026_0_20240410T170000",2024-04-10 17:00:00,-121.808025827853,36.6783756472182,0,"available_crw"
"254026_0",34,"254026_0_crw_034",10,"254026_0_20240410T230000",2024-04-10 23:00:00,-121.871636548575,36.6956455824288,0,"available_crw"
"254026_0",34,"254026_0_crw_034",11,"254026_0_20240411T050000",2024-04-11 05:00:00,-121.78486606218,36.8013958548865,0,"available_crw"
"254026_0",34,"254026_0_crw_034",12,"254026_0_20240411T110000",2024-04-11 11:00:00,-121.790778301352,36.8186141239327,0,"available_crw"
"254026_0",34,"254026_0_crw_034",13,"254026_0_20240411T170000",2024-04-11 17:00:00,-121.805099049286,36.8305285010085,0,"available_crw"
"254026_0",34,"254026_0_crw_034",14,"254026_0_20240411T230000",2024-04-11 23:00:00,-121.837338181793,36.8541030164381,0,"available_crw"
"254026_0",34,"254026_0_crw_034",15,"254026_0_20240412T050000",2024-04-12 05:00:00,-121.862116270381,36.8656222703771,0,"available_crw"
"254026_0",34,"254026_0_crw_034",16,"254026_0_20240412T110000",2024-04-12 11:00:00,-121.87217973421,36.9170576246238,0,"available_crw"
"254026_0",34,"254026_0_crw_034",17,"254026_0_20240412T170000",2024-04-12 17:00:00,-121.852025086951,36.9206721786305,0,"available_crw"
"254026_0",34,"254026_0_crw_034",18,"254026_0_20240412T230000",2024-04-12 23:00:00,-121.912287780337,36.9322433027418,0,"available_crw"
"254026_0",34,"254026_0_crw_034",19,"254026_0_20240413T050000",2024-04-13 05:00:00,-121.949250309782,36.9360010898274,0,"available_crw"
"254026_0",34,"254026_0_crw_034",20,"254026_0_20240413T110000",2024-04-13 11:00:00,-122.013881468883,36.789539955414,0,"available_crw"
"254026_0",34,"254026_0_crw_034",21,"254026_0_20240413T170000",2024-04-13 17:00:00,-121.997354926607,36.7273857110869,0,"available_crw"
"254026_0",34,"254026_0_crw_034",22,"254026_0_20240413T230000",2024-04-13 23:00:00,-122.017182301839,36.7228870835299,0,"available_crw"
"254026_0",34,"254026_0_crw_034",23,"254026_0_20240414T050000",2024-04-14 05:00:00,-122.296560916253,36.6945532539794,0,"available_crw"
"254026_0",34,"254026_0_crw_034",24,"254026_0_20240414T110000",2024-04-14 11:00:00,-122.534921047535,36.6993656197821,0,"available_crw"
"254026_0",34,"254026_0_crw_034",25,"254026_0_20240414T170000",2024-04-14 17:00:00,-122.480092101783,36.6764427093122,0,"available_crw"
"254026_0",34,"254026_0_crw_034",26,"254026_0_20240414T230000",2024-04-14 23:00:00,-122.253058210122,36.5426320678448,0,"available_crw"
"254026_0",34,"254026_0_crw_034",27,"254026_0_20240415T050000",2024-04-15 05:00:00,-122.22217029733,36.5249923729255,0,"available_crw"
"254026_0",34,"254026_0_crw_034",28,"254026_0_20240415T110000",2024-04-15 11:00:00,-122.182947418337,36.5039508139967,0,"available_crw"
"254026_0",34,"254026_0_crw_034",29,"254026_0_20240415T170000",2024-04-15 17:00:00,-122.156417142762,36.4955567591841,0,"available_crw"
"254026_0",34,"254026_0_crw_034",30,"254026_0_20240415T230000",2024-04-15 23:00:00,-122.112157688366,36.4832446989547,0,"available_crw"
"254026_0",35,"254026_0_crw_035",1,"254026_0_20240408T170000",2024-04-08 17:00:00,-122.0637,36.9493,0,"available_crw"
"254026_0",35,"254026_0_crw_035",2,"254026_0_20240408T230000",2024-04-08 23:00:00,-121.993359964016,36.9201224209422,0,"available_crw"
"254026_0",35,"254026_0_crw_035",3,"254026_0_20240409T050000",2024-04-09 05:00:00,-121.972665741772,36.9266817396461,0,"available_crw"
"254026_0",35,"254026_0_crw_035",4,"254026_0_20240409T110000",2024-04-09 11:00:00,-121.929152231169,36.9416695392108,0,"available_crw"
"254026_0",35,"254026_0_crw_035",5,"254026_0_20240409T170000",2024-04-09 17:00:00,-121.88619386437,36.9576702908802,0,"available_crw"
"254026_0",35,"254026_0_crw_035",6,"254026_0_20240409T230000",2024-04-09 23:00:00,-121.877786919106,36.9040311523936,0,"available_crw"
"254026_0",35,"254026_0_crw_035",7,"254026_0_20240410T050000",2024-04-10 05:00:00,-122.034219871944,36.9207558756485,0,"available_crw"
"254026_0",35,"254026_0_crw_035",8,"254026_0_20240410T110000",2024-04-10 11:00:00,-122.106486794828,36.8948338354106,0,"available_crw"
"254026_0",35,"254026_0_crw_035",9,"254026_0_20240410T170000",2024-04-10 17:00:00,-122.146538794016,36.8795848783407,0,"available_crw"
"254026_0",35,"254026_0_crw_035",10,"254026_0_20240410T230000",2024-04-10 23:00:00,-122.184655437601,36.8625704205686,0,"available_crw"
"254026_0",35,"254026_0_crw_035",11,"254026_0_20240411T050000",2024-04-11 05:00:00,-122.140695048765,36.911343568641,0,"available_crw"
"254026_0",35,"254026_0_crw_035",12,"254026_0_20240411T110000",2024-04-11 11:00:00,-122.258266061141,36.8853471528984,0,"available_crw"
"254026_0",35,"254026_0_crw_035",13,"254026_0_20240411T170000",2024-04-11 17:00:00,-122.254883780312,36.8913738291019,0,"available_crw"
"254026_0",35,"254026_0_crw_035",14,"254026_0_20240411T230000",2024-04-11 23:00:00,-122.239836788606,36.9194159777009,0,"available_crw"
"254026_0",35,"254026_0_crw_035",15,"254026_0_20240412T050000",2024-04-12 05:00:00,-122.228870656564,36.9480021545749,0,"available_crw"
"254026_0",35,"254026_0_crw_035",16,"254026_0_20240412T110000",2024-04-12 11:00:00,-122.208778379222,36.9441414611088,0,"available_crw"
"254026_0",35,"254026_0_crw_035",17,"254026_0_20240412T170000",2024-04-12 17:00:00,-122.162567503123,36.9368832070841,0,"available_crw"
"254026_0",35,"254026_0_crw_035",18,"254026_0_20240412T230000",2024-04-12 23:00:00,-122.144984357196,36.9478333823432,0,"available_crw"
"254026_0",35,"254026_0_crw_035",19,"254026_0_20240413T050000",2024-04-13 05:00:00,-122.110529548107,36.970261890592,0,"available_crw"
"254026_0",35,"254026_0_crw_035",20,"254026_0_20240413T110000",2024-04-13 11:00:00,-122.170936340328,36.9590691738223,0,"available_crw"
"254026_0",35,"254026_0_crw_035",21,"254026_0_20240413T170000",2024-04-13 17:00:00,-122.472294447904,36.9305857428054,0,"available_crw"
"254026_0",35,"254026_0_crw_035",22,"254026_0_20240413T230000",2024-04-13 23:00:00,-122.519121688506,36.9249541430144,0,"available_crw"
"254026_0",35,"254026_0_crw_035",23,"254026_0_20240414T050000",2024-04-14 05:00:00,-122.52223651611,36.9009403796291,0,"available_crw"
"254026_0",35,"254026_0_crw_035",24,"254026_0_20240414T110000",2024-04-14 11:00:00,-122.564863346566,36.9207302386887,0,"available_crw"
"254026_0",35,"254026_0_crw_035",25,"254026_0_20240414T170000",2024-04-14 17:00:00,-122.524949627316,36.9438952242111,0,"available_crw"
"254026_0",35,"254026_0_crw_035",26,"254026_0_20240414T230000",2024-04-14 23:00:00,-122.522912642499,36.9616845071724,0,"available_crw"
"254026_0",35,"254026_0_crw_035",27,"254026_0_20240415T050000",2024-04-15 05:00:00,-122.519820384975,36.9972026071366,0,"available_crw"
"254026_0",35,"254026_0_crw_035",28,"254026_0_20240415T110000",2024-04-15 11:00:00,-122.521256985973,37.0270920592538,0,"available_crw"
"254026_0",35,"254026_0_crw_035",29,"254026_0_20240415T170000",2024-04-15 17:00:00,-122.531836160602,37.0413262375734,0,"available_crw"
"254026_0",35,"254026_0_crw_035",30,"254026_0_20240415T230000",2024-04-15 23:00:00,-122.560739124882,37.0345421771825,0,"available_crw"
"254026_0",36,"254026_0_crw_036",1,"254026_0_20240408T170000",2024-04-08 17:00:00,-122.0637,36.9493,0,"available_crw"
"254026_0",36,"254026_0_crw_036",2,"254026_0_20240408T230000",2024-04-08 23:00:00,-122.039962132268,36.9192265417833,0,"available_crw"
"254026_0",36,"254026_0_crw_036",3,"254026_0_20240409T050000",2024-04-09 05:00:00,-122.013131555724,36.8881740388169,0,"available_crw"
"254026_0",36,"254026_0_crw_036",4,"254026_0_20240409T110000",2024-04-09 11:00:00,-121.996671522656,36.869615954073,0,"available_crw"
"254026_0",36,"254026_0_crw_036",5,"254026_0_20240409T170000",2024-04-09 17:00:00,-122.012679157413,36.8591502604264,0,"available_crw"
"254026_0",36,"254026_0_crw_036",6,"254026_0_20240409T230000",2024-04-09 23:00:00,-122.021164152459,36.849522894464,0,"available_crw"
"254026_0",36,"254026_0_crw_036",7,"254026_0_20240410T050000",2024-04-10 05:00:00,-121.966820035432,36.8733556945682,0,"available_crw"
"254026_0",36,"254026_0_crw_036",8,"254026_0_20240410T110000",2024-04-10 11:00:00,-121.962955099313,36.8339418314482,0,"available_crw"
"254026_0",36,"254026_0_crw_036",9,"254026_0_20240410T170000",2024-04-10 17:00:00,-122.028445768537,36.8462725927433,0,"available_crw"
"254026_0",36,"254026_0_crw_036",10,"254026_0_20240410T230000",2024-04-10 23:00:00,-122.021888910009,36.8502638753274,0,"available_crw"
"254026_0",36,"254026_0_crw_036",11,"254026_0_20240411T050000",2024-04-11 05:00:00,-122.013408560679,36.8653662849829,0,"available_crw"
"254026_0",36,"254026_0_crw_036",12,"254026_0_20240411T110000",2024-04-11 11:00:00,-122.012424754264,36.8051582835932,0,"available_crw"
"254026_0",36,"254026_0_crw_036",13,"254026_0_20240411T170000",2024-04-11 17:00:00,-122.00830706345,36.7938349850009,0,"available_crw"
"254026_0",36,"254026_0_crw_036",14,"254026_0_20240411T230000",2024-04-11 23:00:00,-121.981386049397,36.7731832173282,0,"available_crw"
"254026_0",36,"254026_0_crw_036",15,"254026_0_20240412T050000",2024-04-12 05:00:00,-122.002849770845,36.8198410522276,0,"available_crw"
"254026_0",36,"254026_0_crw_036",16,"254026_0_20240412T110000",2024-04-12 11:00:00,-122.032722052427,36.8173858451078,0,"available_crw"
"254026_0",36,"254026_0_crw_036",17,"254026_0_20240412T170000",2024-04-12 17:00:00,-122.05991930404,36.810246164499,0,"available_crw"
"254026_0",36,"254026_0_crw_036",18,"254026_0_20240412T230000",2024-04-12 23:00:00,-122.058029908612,36.7861514457885,0,"available_crw"
"254026_0",36,"254026_0_crw_036",19,"254026_0_20240413T050000",2024-04-13 05:00:00,-122.050227887753,36.764020202363,0,"available_crw"
"254026_0",36,"254026_0_crw_036",20,"254026_0_20240413T110000",2024-04-13 11:00:00,-122.20771147331,36.7616358678033,0,"available_crw"
"254026_0",36,"254026_0_crw_036",21,"254026_0_20240413T170000",2024-04-13 17:00:00,-122.254598565747,36.7592950231468,0,"available_crw"
"254026_0",36,"254026_0_crw_036",22,"254026_0_20240413T230000",2024-04-13 23:00:00,-122.298690742247,36.7562941698143,0,"available_crw"
"254026_0",36,"254026_0_crw_036",23,"254026_0_20240414T050000",2024-04-14 05:00:00,-122.301741539923,36.7726947869904,0,"available_crw"
"254026_0",36,"254026_0_crw_036",24,"254026_0_20240414T110000",2024-04-14 11:00:00,-122.31295844414,37.0160876579359,0,"available_crw"
"254026_0",36,"254026_0_crw_036",25,"254026_0_20240414T170000",2024-04-14 17:00:00,-122.15883240863,36.9881743515509,0,"available_crw"
"254026_0",36,"254026_0_crw_036",26,"254026_0_20240414T230000",2024-04-14 23:00:00,-122.232166371692,36.9753543848021,0,"available_crw"
"254026_0",36,"254026_0_crw_036",27,"254026_0_20240415T050000",2024-04-15 05:00:00,-122.242886138929,36.9596981247195,0,"available_crw"
"254026_0",36,"254026_0_crw_036",28,"254026_0_20240415T110000",2024-04-15 11:00:00,-122.26140320821,36.9279737296504,0,"available_crw"
"254026_0",36,"254026_0_crw_036",29,"254026_0_20240415T170000",2024-04-15 17:00:00,-122.261329040758,36.9881881872729,0,"available_crw"
"254026_0",36,"254026_0_crw_036",30,"254026_0_20240415T230000",2024-04-15 23:00:00,-122.264084126841,37.0231516321111,0,"available_crw"
"254026_0",37,"254026_0_crw_037",1,"254026_0_20240408T170000",2024-04-08 17:00:00,-122.0637,36.9493,0,"available_crw"
"254026_0",37,"254026_0_crw_037",2,"254026_0_20240408T230000",2024-04-08 23:00:00,-122.12603374735,36.9828221901849,0,"available_crw"
"254026_0",37,"254026_0_crw_037",3,"254026_0_20240409T050000",2024-04-09 05:00:00,-122.166176777027,37.0030220175212,0,"available_crw"
"254026_0",37,"254026_0_crw_037",4,"254026_0_20240409T110000",2024-04-09 11:00:00,-122.190441465107,37.0148790463313,0,"available_crw"
"254026_0",37,"254026_0_crw_037",5,"254026_0_20240409T170000",2024-04-09 17:00:00,-122.148863486907,36.9227979725551,0,"available_crw"
"254026_0",37,"254026_0_crw_037",6,"254026_0_20240409T230000",2024-04-09 23:00:00,-122.156611021404,36.9250357627951,0,"available_crw"
"254026_0",37,"254026_0_crw_037",7,"254026_0_20240410T050000",2024-04-10 05:00:00,-122.405276469431,37.032732242464,0,"available_crw"
"254026_0",37,"254026_0_crw_037",8,"254026_0_20240410T110000",2024-04-10 11:00:00,-122.396656589174,37.0478066623702,0,"available_crw"
"254026_0",37,"254026_0_crw_037",9,"254026_0_20240410T170000",2024-04-10 17:00:00,-122.405818205192,37.0640914847536,0,"available_crw"
"254026_0",37,"254026_0_crw_037",10,"254026_0_20240410T230000",2024-04-10 23:00:00,-122.391826034335,37.1380343805241,0,"available_crw"
"254026_0",37,"254026_0_crw_037",11,"254026_0_20240411T050000",2024-04-11 05:00:00,-122.481720634008,37.0716413181905,0,"available_crw"
"254026_0",37,"254026_0_crw_037",12,"254026_0_20240411T110000",2024-04-11 11:00:00,-122.510252303937,37.1206388389847,0,"available_crw"
"254026_0",37,"254026_0_crw_037",13,"254026_0_20240411T170000",2024-04-11 17:00:00,-122.590243887745,37.3381414112772,0,"available_crw"
"254026_0",37,"254026_0_crw_037",14,"254026_0_20240411T230000",2024-04-11 23:00:00,-122.604653652056,37.365750948892,0,"available_crw"
"254026_0",37,"254026_0_crw_037",15,"254026_0_20240412T050000",2024-04-12 05:00:00,-122.447324052593,37.3828952930243,0,"available_crw"
"254026_0",37,"254026_0_crw_037",16,"254026_0_20240412T110000",2024-04-12 11:00:00,-122.443220976095,37.3666399533913,0,"available_crw"
"254026_0",37,"254026_0_crw_037",17,"254026_0_20240412T170000",2024-04-12 17:00:00,-122.48804785344,37.4150771564245,0,"available_crw"
"254026_0",37,"254026_0_crw_037",18,"254026_0_20240412T230000",2024-04-12 23:00:00,-122.499704836972,37.4223386616584,0,"available_crw"
"254026_0",37,"254026_0_crw_037",19,"254026_0_20240413T050000",2024-04-13 05:00:00,-122.649468365864,37.3230324177972,0,"available_crw"
"254026_0",37,"254026_0_crw_037",20,"254026_0_20240413T110000",2024-04-13 11:00:00,-122.892128017042,37.2056238103812,0,"available_crw"
"254026_0",37,"254026_0_crw_037",21,"254026_0_20240413T170000",2024-04-13 17:00:00,-122.916287369635,37.1935488523133,0,"available_crw"
"254026_0",37,"254026_0_crw_037",22,"254026_0_20240413T230000",2024-04-13 23:00:00,-122.951850910378,37.1731111487423,0,"available_crw"
"254026_0",37,"254026_0_crw_037",23,"254026_0_20240414T050000",2024-04-14 05:00:00,-122.951275398495,37.1797058727971,0,"available_crw"
"254026_0",37,"254026_0_crw_037",24,"254026_0_20240414T110000",2024-04-14 11:00:00,-122.896205625539,37.419253774682,0,"available_crw"
"254026_0",37,"254026_0_crw_037",25,"254026_0_20240414T170000",2024-04-14 17:00:00,-122.897113831245,37.4422458345067,0,"available_crw"
"254026_0",37,"254026_0_crw_037",26,"254026_0_20240414T230000",2024-04-14 23:00:00,-122.91693526521,37.4676561692401,0,"available_crw"
"254026_0",37,"254026_0_crw_037",27,"254026_0_20240415T050000",2024-04-15 05:00:00,-122.867786442828,37.4729981838737,0,"available_crw"
"254026_0",37,"254026_0_crw_037",28,"254026_0_20240415T110000",2024-04-15 11:00:00,-122.782876541266,37.4412001008579,0,"available_crw"
"254026_0",37,"254026_0_crw_037",29,"254026_0_20240415T170000",2024-04-15 17:00:00,-122.5471129593,37.3147173875199,0,"available_crw"
"254026_0",37,"254026_0_crw_037",30,"254026_0_20240415T230000",2024-04-15 23:00:00,-122.621594143142,37.3240522975435,0,"available_crw"
"254026_0",38,"254026_0_crw_038",1,"254026_0_20240408T170000",2024-04-08 17:00:00,-122.0637,36.9493,0,"available_crw"
"254026_0",38,"254026_0_crw_038",2,"254026_0_20240408T230000",2024-04-08 23:00:00,-122.039962132268,36.9192265417833,0,"available_crw"
"254026_0",38,"254026_0_crw_038",3,"254026_0_20240409T050000",2024-04-09 05:00:00,-122.024475678991,36.9001320031749,0,"available_crw"
"254026_0",38,"254026_0_crw_038",4,"254026_0_20240409T110000",2024-04-09 11:00:00,-122.002452717258,36.8976340819318,0,"available_crw"
"254026_0",38,"254026_0_crw_038",5,"254026_0_20240409T170000",2024-04-09 17:00:00,-121.955623151425,36.8939145539555,0,"available_crw"
"254026_0",38,"254026_0_crw_038",6,"254026_0_20240409T230000",2024-04-09 23:00:00,-121.884427112249,36.9216776397175,0,"available_crw"
"254026_0",38,"254026_0_crw_038",7,"254026_0_20240410T050000",2024-04-10 05:00:00,-121.872429355917,36.9351580486424,0,"available_crw"
"254026_0",38,"254026_0_crw_038",8,"254026_0_20240410T110000",2024-04-10 11:00:00,-121.869923170009,36.951603438356,0,"available_crw"
"254026_0",38,"254026_0_crw_038",9,"254026_0_20240410T170000",2024-04-10 17:00:00,-121.872115110981,36.9632684713765,0,"available_crw"
"254026_0",38,"254026_0_crw_038",10,"254026_0_20240410T230000",2024-04-10 23:00:00,-121.890885393272,36.9728715540526,0,"available_crw"
"254026_0",38,"254026_0_crw_038",11,"254026_0_20240411T050000",2024-04-11 05:00:00,-121.912242775492,36.9678319356738,0,"available_crw"
"254026_0",38,"254026_0_crw_038",12,"254026_0_20240411T110000",2024-04-11 11:00:00,-121.908984166497,36.9739031021621,0,"available_crw"
"254026_0",38,"254026_0_crw_038",13,"254026_0_20240411T170000",2024-04-11 17:00:00,-121.956007417982,36.9414894341571,0,"available_crw"
"254026_0",38,"254026_0_crw_038",14,"254026_0_20240411T230000",2024-04-11 23:00:00,-121.987207138817,36.9169977707523,0,"available_crw"
"254026_0",38,"254026_0_crw_038",15,"254026_0_20240412T050000",2024-04-12 05:00:00,-121.987877963914,36.9235861998154,0,"available_crw"
"254026_0",38,"254026_0_crw_038",16,"254026_0_20240412T110000",2024-04-12 11:00:00,-121.922287118855,36.9113748914147,0,"available_crw"
"254026_0",38,"254026_0_crw_038",17,"254026_0_20240412T170000",2024-04-12 17:00:00,-121.885113790037,36.9049614262824,0,"available_crw"
"254026_0",38,"254026_0_crw_038",18,"254026_0_20240412T230000",2024-04-12 23:00:00,-121.914203050615,36.8730698274954,0,"available_crw"
"254026_0",38,"254026_0_crw_038",19,"254026_0_20240413T050000",2024-04-13 05:00:00,-121.932819902585,36.8471700512313,0,"available_crw"
"254026_0",38,"254026_0_crw_038",20,"254026_0_20240413T110000",2024-04-13 11:00:00,-121.911394308748,36.8302512727671,0,"available_crw"
"254026_0",38,"254026_0_crw_038",21,"254026_0_20240413T170000",2024-04-13 17:00:00,-122.04682893776,36.7654706189834,0,"available_crw"
"254026_0",38,"254026_0_crw_038",22,"254026_0_20240413T230000",2024-04-13 23:00:00,-122.079097269411,36.7494014694437,0,"available_crw"
"254026_0",38,"254026_0_crw_038",23,"254026_0_20240414T050000",2024-04-14 05:00:00,-122.11455893034,36.7290841561085,0,"available_crw"
"254026_0",38,"254026_0_crw_038",24,"254026_0_20240414T110000",2024-04-14 11:00:00,-122.129956918109,36.7018483226698,0,"available_crw"
"254026_0",38,"254026_0_crw_038",25,"254026_0_20240414T170000",2024-04-14 17:00:00,-122.179739615396,36.738139597288,0,"available_crw"
"254026_0",38,"254026_0_crw_038",26,"254026_0_20240414T230000",2024-04-14 23:00:00,-122.215865616634,36.7622967787074,0,"available_crw"
"254026_0",38,"254026_0_crw_038",27,"254026_0_20240415T050000",2024-04-15 05:00:00,-122.236072409128,36.7654955973212,0,"available_crw"
"254026_0",38,"254026_0_crw_038",28,"254026_0_20240415T110000",2024-04-15 11:00:00,-122.460664097023,36.830623299013,0,"available_crw"
"254026_0",38,"254026_0_crw_038",29,"254026_0_20240415T170000",2024-04-15 17:00:00,-122.496628330784,36.8404594892695,0,"available_crw"
"254026_0",38,"254026_0_crw_038",30,"254026_0_20240415T230000",2024-04-15 23:00:00,-122.516942360005,36.837638131527,0,"available_crw"
"254026_0",39,"254026_0_crw_039",1,"254026_0_20240408T170000",2024-04-08 17:00:00,-122.0637,36.9493,0,"available_crw"
"254026_0",39,"254026_0_crw_039",2,"254026_0_20240408T230000",2024-04-08 23:00:00,-122.129215532388,36.9367507128748,0,"available_crw"
"254026_0",39,"254026_0_crw_039",3,"254026_0_20240409T050000",2024-04-09 05:00:00,-122.125572832035,36.9426794161869,0,"available_crw"
"254026_0",39,"254026_0_crw_039",4,"254026_0_20240409T110000",2024-04-09 11:00:00,-122.094158659287,36.9122315802308,0,"available_crw"
"254026_0",39,"254026_0_crw_039",5,"254026_0_20240409T170000",2024-04-09 17:00:00,-122.109187854552,36.9008603311695,0,"available_crw"
"254026_0",39,"254026_0_crw_039",6,"254026_0_20240409T230000",2024-04-09 23:00:00,-122.129585191235,36.885021615296,0,"available_crw"
"254026_0",39,"254026_0_crw_039",7,"254026_0_20240410T050000",2024-04-10 05:00:00,-122.102799057657,36.9412624646417,0,"available_crw"
"254026_0",39,"254026_0_crw_039",8,"254026_0_20240410T110000",2024-04-10 11:00:00,-122.208035194131,36.8917464699185,0,"available_crw"
"254026_0",39,"254026_0_crw_039",9,"254026_0_20240410T170000",2024-04-10 17:00:00,-122.218246254575,36.8832663313768,0,"available_crw"
"254026_0",39,"254026_0_crw_039",10,"254026_0_20240410T230000",2024-04-10 23:00:00,-122.193822362462,36.9401972420445,0,"available_crw"
"254026_0",39,"254026_0_crw_039",11,"254026_0_20240411T050000",2024-04-11 05:00:00,-122.179719263778,36.9764856021867,0,"available_crw"
"254026_0",39,"254026_0_crw_039",12,"254026_0_20240411T110000",2024-04-11 11:00:00,-122.124566259118,36.945435823095,0,"available_crw"
"254026_0",39,"254026_0_crw_039",13,"254026_0_20240411T170000",2024-04-11 17:00:00,-122.245151474367,36.8636898065321,0,"available_crw"
"254026_0",39,"254026_0_crw_039",14,"254026_0_20240411T230000",2024-04-11 23:00:00,-122.270811446782,36.842022638538,0,"available_crw"
"254026_0",39,"254026_0_crw_039",15,"254026_0_20240412T050000",2024-04-12 05:00:00,-122.254922681708,36.8215344414175,0,"available_crw"
"254026_0",39,"254026_0_crw_039",16,"254026_0_20240412T110000",2024-04-12 11:00:00,-122.22206437924,36.807481240771,0,"available_crw"
"254026_0",39,"254026_0_crw_039",17,"254026_0_20240412T170000",2024-04-12 17:00:00,-121.972636267124,36.6695689412627,0,"available_crw"
"254026_0",39,"254026_0_crw_039",18,"254026_0_20240412T230000",2024-04-12 23:00:00,-121.933011159097,36.6489353381684,0,"available_crw"
"254026_0",39,"254026_0_crw_039",19,"254026_0_20240413T050000",2024-04-13 05:00:00,-121.984831919074,36.6146031792681,0,"available_crw"
"254026_0",39,"254026_0_crw_039",20,"254026_0_20240413T110000",2024-04-13 11:00:00,-122.048114897753,36.6250486622444,0,"available_crw"
"254026_0",39,"254026_0_crw_039",21,"254026_0_20240413T170000",2024-04-13 17:00:00,-121.970537460729,36.5496915105658,0,"available_crw"
"254026_0",39,"254026_0_crw_039",22,"254026_0_20240413T230000",2024-04-13 23:00:00,-121.972555815016,36.6476190191916,0,"available_crw"
"254026_0",39,"254026_0_crw_039",23,"254026_0_20240414T050000",2024-04-14 05:00:00,-121.975308846212,36.685351144935,0,"available_crw"
"254026_0",39,"254026_0_crw_039",24,"254026_0_20240414T110000",2024-04-14 11:00:00,-121.995783940233,36.7103226013971,0,"available_crw"
"254026_0",39,"254026_0_crw_039",25,"254026_0_20240414T170000",2024-04-14 17:00:00,-121.996682521343,36.78510624293,0,"available_crw"
"254026_0",39,"254026_0_crw_039",26,"254026_0_20240414T230000",2024-04-14 23:00:00,-122.00105954265,36.8148088478237,0,"available_crw"
"254026_0",39,"254026_0_crw_039",27,"254026_0_20240415T050000",2024-04-15 05:00:00,-122.004753189407,36.8374019533229,0,"available_crw"
"254026_0",39,"254026_0_crw_039",28,"254026_0_20240415T110000",2024-04-15 11:00:00,-121.964810106312,36.90495179458,0,"available_crw"
"254026_0",39,"254026_0_crw_039",29,"254026_0_20240415T170000",2024-04-15 17:00:00,-122.074496648306,36.8621963161113,0,"available_crw"
"254026_0",39,"254026_0_crw_039",30,"254026_0_20240415T230000",2024-04-15 23:00:00,-122.08468598886,36.8766169421892,0,"available_crw"
"254026_0",40,"254026_0_crw_040",1,"254026_0_20240408T170000",2024-04-08 17:00:00,-122.0637,36.9493,0,"available_crw"
"254026_0",40,"254026_0_crw_040",2,"254026_0_20240408T230000",2024-04-08 23:00:00,-121.993359964016,36.9201224209422,0,"available_crw"
"254026_0",40,"254026_0_crw_040",3,"254026_0_20240409T050000",2024-04-09 05:00:00,-121.953545470858,36.9044582821198,0,"available_crw"
"254026_0",40,"254026_0_crw_040",4,"254026_0_20240409T110000",2024-04-09 11:00:00,-121.991364128244,36.8791532487255,0,"available_crw"
"254026_0",40,"254026_0_crw_040",5,"254026_0_20240409T170000",2024-04-09 17:00:00,-121.869474330262,36.8809411999288,0,"available_crw"
"254026_0",40,"254026_0_crw_040",6,"254026_0_20240409T230000",2024-04-09 23:00:00,-121.837565820097,36.8963812858441,0,"available_crw"
"254026_0",40,"254026_0_crw_040",7,"254026_0_20240410T050000",2024-04-10 05:00:00,-121.793468967504,36.7747177108572,0,"available_crw"
"254026_0",40,"254026_0_crw_040",8,"254026_0_20240410T110000",2024-04-10 11:00:00,-121.779285359678,36.7470712764411,0,"available_crw"
"254026_0",40,"254026_0_crw_040",9,"254026_0_20240410T170000",2024-04-10 17:00:00,-121.810238663268,36.7013533760791,0,"available_crw"
"254026_0",40,"254026_0_crw_040",10,"254026_0_20240410T230000",2024-04-10 23:00:00,-121.92474755535,36.7883415401313,0,"available_crw"
"254026_0",40,"254026_0_crw_040",11,"254026_0_20240411T050000",2024-04-11 05:00:00,-121.946943302971,36.8609668380397,0,"available_crw"
"254026_0",40,"254026_0_crw_040",12,"254026_0_20240411T110000",2024-04-11 11:00:00,-121.907729904919,36.9024239535168,0,"available_crw"
"254026_0",40,"254026_0_crw_040",13,"254026_0_20240411T170000",2024-04-11 17:00:00,-121.890843045141,36.9207364463718,0,"available_crw"
"254026_0",40,"254026_0_crw_040",14,"254026_0_20240411T230000",2024-04-11 23:00:00,-121.864432268426,36.9520247710895,0,"available_crw"
"254026_0",40,"254026_0_crw_040",15,"254026_0_20240412T050000",2024-04-12 05:00:00,-121.838508991019,36.9184104676694,0,"available_crw"
"254026_0",40,"254026_0_crw_040",16,"254026_0_20240412T110000",2024-04-12 11:00:00,-121.812086032738,36.8871354508249,0,"available_crw"
"254026_0",40,"254026_0_crw_040",17,"254026_0_20240412T170000",2024-04-12 17:00:00,-121.860544152547,36.8802277957312,0,"available_crw"
"254026_0",40,"254026_0_crw_040",18,"254026_0_20240412T230000",2024-04-12 23:00:00,-121.919618772084,36.8379640587444,0,"available_crw"
"254026_0",40,"254026_0_crw_040",19,"254026_0_20240413T050000",2024-04-13 05:00:00,-121.927558282619,36.828042117881,0,"available_crw"
"254026_0",40,"254026_0_crw_040",20,"254026_0_20240413T110000",2024-04-13 11:00:00,-122.118332600256,36.6389909767792,0,"available_crw"
"254026_0",40,"254026_0_crw_040",21,"254026_0_20240413T170000",2024-04-13 17:00:00,-122.140518599153,36.674258063173,0,"available_crw"
"254026_0",40,"254026_0_crw_040",22,"254026_0_20240413T230000",2024-04-13 23:00:00,-122.132516014817,36.6727922764086,0,"available_crw"
"254026_0",40,"254026_0_crw_040",23,"254026_0_20240414T050000",2024-04-14 05:00:00,-122.114591433229,36.6833124177471,0,"available_crw"
"254026_0",40,"254026_0_crw_040",24,"254026_0_20240414T110000",2024-04-14 11:00:00,-122.021873543304,36.6874328243027,0,"available_crw"
"254026_0",40,"254026_0_crw_040",25,"254026_0_20240414T170000",2024-04-14 17:00:00,-122.039434690195,36.6505126097367,0,"available_crw"
"254026_0",40,"254026_0_crw_040",26,"254026_0_20240414T230000",2024-04-14 23:00:00,-122.043455889774,36.6562749340835,0,"available_crw"
"254026_0",40,"254026_0_crw_040",27,"254026_0_20240415T050000",2024-04-15 05:00:00,-122.227787493071,36.6106644730297,0,"available_crw"
"254026_0",40,"254026_0_crw_040",28,"254026_0_20240415T110000",2024-04-15 11:00:00,-122.226407620655,36.5865460545474,0,"available_crw"
"254026_0",40,"254026_0_crw_040",29,"254026_0_20240415T170000",2024-04-15 17:00:00,-122.23295050554,36.5905292910171,0,"available_crw"
"254026_0",40,"254026_0_crw_040",30,"254026_0_20240415T230000",2024-04-15 23:00:00,-122.271527949136,36.6120072418485,0,"available_crw"
"254026_0",41,"254026_0_crw_041",1,"254026_0_20240408T170000",2024-04-08 17:00:00,-122.0637,36.9493,0,"available_crw"
"254026_0",41,"254026_0_crw_041",2,"254026_0_20240408T230000",2024-04-08 23:00:00,-121.993359964016,36.9201224209422,0,"available_crw"
"254026_0",41,"254026_0_crw_041",3,"254026_0_20240409T050000",2024-04-09 05:00:00,-121.972729355098,36.9204763250006,0,"available_crw"
"254026_0",41,"254026_0_crw_041",4,"254026_0_20240409T110000",2024-04-09 11:00:00,-121.95866040714,36.9238788584357,0,"available_crw"
"254026_0",41,"254026_0_crw_041",5,"254026_0_20240409T170000",2024-04-09 17:00:00,-121.96186842217,36.917790956963,0,"available_crw"
"254026_0",41,"254026_0_crw_041",6,"254026_0_20240409T230000",2024-04-09 23:00:00,-122.110014797489,36.7053570800417,0,"available_crw"
"254026_0",41,"254026_0_crw_041",7,"254026_0_20240410T050000",2024-04-10 05:00:00,-122.13183121327,36.6716476923685,0,"available_crw"
"254026_0",41,"254026_0_crw_041",8,"254026_0_20240410T110000",2024-04-10 11:00:00,-122.020488956671,36.7110444541703,0,"available_crw"
"254026_0",41,"254026_0_crw_041",9,"254026_0_20240410T170000",2024-04-10 17:00:00,-122.020845324565,36.6715079412731,0,"available_crw"
"254026_0",41,"254026_0_crw_041",10,"254026_0_20240410T230000",2024-04-10 23:00:00,-122.015001328957,36.648990627672,0,"available_crw"
"254026_0",41,"254026_0_crw_041",11,"254026_0_20240411T050000",2024-04-11 05:00:00,-121.9865647291,36.4065123022785,0,"available_crw"
"254026_0",41,"254026_0_crw_041",12,"254026_0_20240411T110000",2024-04-11 11:00:00,-121.980755567238,36.3687890055549,0,"available_crw"
"254026_0",41,"254026_0_crw_041",13,"254026_0_20240411T170000",2024-04-11 17:00:00,-122.046476079603,36.3787284777653,0,"available_crw"
"254026_0",41,"254026_0_crw_041",14,"254026_0_20240411T230000",2024-04-11 23:00:00,-121.974354971861,36.3937510245126,0,"available_crw"
"254026_0",41,"254026_0_crw_041",15,"254026_0_20240412T050000",2024-04-12 05:00:00,-121.981365817439,36.5490536720193,0,"available_crw"
"254026_0",41,"254026_0_crw_041",16,"254026_0_20240412T110000",2024-04-12 11:00:00,-121.984479530304,36.5869840456227,0,"available_crw"
"254026_0",41,"254026_0_crw_041",17,"254026_0_20240412T170000",2024-04-12 17:00:00,-121.989544067941,36.6245605736223,0,"available_crw"
"254026_0",41,"254026_0_crw_041",18,"254026_0_20240412T230000",2024-04-12 23:00:00,-121.996570949718,36.6619315388701,0,"available_crw"
"254026_0",41,"254026_0_crw_041",19,"254026_0_20240413T050000",2024-04-13 05:00:00,-122.006734415166,36.6834295463526,0,"available_crw"
"254026_0",41,"254026_0_crw_041",20,"254026_0_20240413T110000",2024-04-13 11:00:00,-121.957726020355,36.6811777290052,0,"available_crw"
"254026_0",41,"254026_0_crw_041",21,"254026_0_20240413T170000",2024-04-13 17:00:00,-122.048160482141,36.7466838608101,0,"available_crw"
"254026_0",41,"254026_0_crw_041",22,"254026_0_20240413T230000",2024-04-13 23:00:00,-122.227373747636,36.9217486254245,0,"available_crw"
"254026_0",41,"254026_0_crw_041",23,"254026_0_20240414T050000",2024-04-14 05:00:00,-122.159681472166,36.8958484426314,0,"available_crw"
"254026_0",41,"254026_0_crw_041",24,"254026_0_20240414T110000",2024-04-14 11:00:00,-122.116398660765,36.8810206590822,0,"available_crw"
"254026_0",41,"254026_0_crw_041",25,"254026_0_20240414T170000",2024-04-14 17:00:00,-122.213201104238,36.7809938850836,0,"available_crw"
"254026_0",41,"254026_0_crw_041",26,"254026_0_20240414T230000",2024-04-14 23:00:00,-122.417246664521,36.6247564665175,0,"available_crw"
"254026_0",41,"254026_0_crw_041",27,"254026_0_20240415T050000",2024-04-15 05:00:00,-122.446578614141,36.6733865629119,0,"available_crw"
"254026_0",41,"254026_0_crw_041",28,"254026_0_20240415T110000",2024-04-15 11:00:00,-122.475953837019,36.6685905554563,0,"available_crw"
"254026_0",41,"254026_0_crw_041",29,"254026_0_20240415T170000",2024-04-15 17:00:00,-122.503755721384,36.6487452946813,0,"available_crw"
"254026_0",41,"254026_0_crw_041",30,"254026_0_20240415T230000",2024-04-15 23:00:00,-122.44424486962,36.6620223325209,0,"available_crw"
"254026_0",42,"254026_0_crw_042",1,"254026_0_20240408T170000",2024-04-08 17:00:00,-122.0637,36.9493,0,"available_crw"
"254026_0",42,"254026_0_crw_042",2,"254026_0_20240408T230000",2024-04-08 23:00:00,-122.066585972615,36.874549838707,0,"available_crw"
"254026_0",42,"254026_0_crw_042",3,"254026_0_20240409T050000",2024-04-09 05:00:00,-122.130042671187,36.8925648285941,0,"available_crw"
"254026_0",42,"254026_0_crw_042",4,"254026_0_20240409T110000",2024-04-09 11:00:00,-122.065802398936,36.8093375690248,0,"available_crw"
"254026_0",42,"254026_0_crw_042",5,"254026_0_20240409T170000",2024-04-09 17:00:00,-122.082598696349,36.7997171471418,0,"available_crw"
"254026_0",42,"254026_0_crw_042",6,"254026_0_20240409T230000",2024-04-09 23:00:00,-122.091826661721,36.7905461156293,0,"available_crw"
"254026_0",42,"254026_0_crw_042",7,"254026_0_20240410T050000",2024-04-10 05:00:00,-122.088001710443,36.7729493652115,0,"available_crw"
"254026_0",42,"254026_0_crw_042",8,"254026_0_20240410T110000",2024-04-10 11:00:00,-122.135656216405,36.7826285977459,0,"available_crw"
"254026_0",42,"254026_0_crw_042",9,"254026_0_20240410T170000",2024-04-10 17:00:00,-122.355708140418,36.8572199591573,0,"available_crw"
"254026_0",42,"254026_0_crw_042",10,"254026_0_20240410T230000",2024-04-10 23:00:00,-122.373900429307,36.8380069720975,0,"available_crw"
"254026_0",42,"254026_0_crw_042",11,"254026_0_20240411T050000",2024-04-11 05:00:00,-122.390775825,36.8196959342353,0,"available_crw"
"254026_0",42,"254026_0_crw_042",12,"254026_0_20240411T110000",2024-04-11 11:00:00,-122.386017279314,36.8022460860958,0,"available_crw"
"254026_0",42,"254026_0_crw_042",13,"254026_0_20240411T170000",2024-04-11 17:00:00,-122.367799082892,36.5759922081221,0,"available_crw"
"254026_0",42,"254026_0_crw_042",14,"254026_0_20240411T230000",2024-04-11 23:00:00,-122.415242259226,36.5406823680384,0,"available_crw"
"254026_0",42,"254026_0_crw_042",15,"254026_0_20240412T050000",2024-04-12 05:00:00,-122.442610001511,36.5195941633172,0,"available_crw"
"254026_0",42,"254026_0_crw_042",16,"254026_0_20240412T110000",2024-04-12 11:00:00,-122.47382618638,36.494438271297,0,"available_crw"
"254026_0",42,"254026_0_crw_042",17,"254026_0_20240412T170000",2024-04-12 17:00:00,-122.483400591857,36.4655273101786,0,"available_crw"
"254026_0",42,"254026_0_crw_042",18,"254026_0_20240412T230000",2024-04-12 23:00:00,-122.385601309911,36.5234821239994,0,"available_crw"
"254026_0",42,"254026_0_crw_042",19,"254026_0_20240413T050000",2024-04-13 05:00:00,-122.376865976891,36.5384782949847,0,"available_crw"
"254026_0",42,"254026_0_crw_042",20,"254026_0_20240413T110000",2024-04-13 11:00:00,-122.365171767946,36.5592231260648,0,"available_crw"
"254026_0",42,"254026_0_crw_042",21,"254026_0_20240413T170000",2024-04-13 17:00:00,-122.3459558317,36.5533330471904,0,"available_crw"
"254026_0",42,"254026_0_crw_042",22,"254026_0_20240413T230000",2024-04-13 23:00:00,-122.331393491547,36.5522505954601,0,"available_crw"
"254026_0",42,"254026_0_crw_042",23,"254026_0_20240414T050000",2024-04-14 05:00:00,-122.385213210413,36.4331919043498,0,"available_crw"
"254026_0",42,"254026_0_crw_042",24,"254026_0_20240414T110000",2024-04-14 11:00:00,-122.4203444416,36.4607224961426,0,"available_crw"
"254026_0",42,"254026_0_crw_042",25,"254026_0_20240414T170000",2024-04-14 17:00:00,-122.452667050071,36.4849383040688,0,"available_crw"
"254026_0",42,"254026_0_crw_042",26,"254026_0_20240414T230000",2024-04-14 23:00:00,-122.407603437487,36.5004167377702,0,"available_crw"
"254026_0",42,"254026_0_crw_042",27,"254026_0_20240415T050000",2024-04-15 05:00:00,-122.375265098576,36.5150219134606,0,"available_crw"
"254026_0",42,"254026_0_crw_042",28,"254026_0_20240415T110000",2024-04-15 11:00:00,-122.152185875946,36.5818832309799,0,"available_crw"
"254026_0",42,"254026_0_crw_042",29,"254026_0_20240415T170000",2024-04-15 17:00:00,-122.108947426042,36.5964761858498,0,"available_crw"
"254026_0",42,"254026_0_crw_042",30,"254026_0_20240415T230000",2024-04-15 23:00:00,-122.159141268741,36.5518998090076,0,"available_crw"
"254026_0",43,"254026_0_crw_043",1,"254026_0_20240408T170000",2024-04-08 17:00:00,-122.0637,36.9493,0,"available_crw"
"254026_0",43,"254026_0_crw_043",2,"254026_0_20240408T230000",2024-04-08 23:00:00,-121.956081092278,36.7397385411542,0,"available_crw"
"254026_0",43,"254026_0_crw_043",3,"254026_0_20240409T050000",2024-04-09 05:00:00,-121.926606172012,36.7215033714587,0,"available_crw"
"254026_0",43,"254026_0_crw_043",4,"254026_0_20240409T110000",2024-04-09 11:00:00,-121.913019637335,36.7170822527453,0,"available_crw"
"254026_0",43,"254026_0_crw_043",5,"254026_0_20240409T170000",2024-04-09 17:00:00,-121.884863416706,36.713169249822,0,"available_crw"
"254026_0",43,"254026_0_crw_043",6,"254026_0_20240409T230000",2024-04-09 23:00:00,-121.950293778698,36.5979265837849,0,"available_crw"
"254026_0",43,"254026_0_crw_043",7,"254026_0_20240410T050000",2024-04-10 05:00:00,-121.948854898932,36.5813980476865,0,"available_crw"
"254026_0",43,"254026_0_crw_043",8,"254026_0_20240410T110000",2024-04-10 11:00:00,-121.943611367143,36.543837795091,0,"available_crw"
"254026_0",43,"254026_0_crw_043",9,"254026_0_20240410T170000",2024-04-10 17:00:00,-121.984878873514,36.4768772204172,0,"available_crw"
"254026_0",43,"254026_0_crw_043",10,"254026_0_20240410T230000",2024-04-10 23:00:00,-121.976430172605,36.4603676462133,0,"available_crw"
"254026_0",43,"254026_0_crw_043",11,"254026_0_20240411T050000",2024-04-11 05:00:00,-121.946828970923,36.4637130582497,0,"available_crw"
"254026_0",43,"254026_0_crw_043",12,"254026_0_20240411T110000",2024-04-11 11:00:00,-121.918938449716,36.4671500362406,0,"available_crw"
"254026_0",43,"254026_0_crw_043",13,"254026_0_20240411T170000",2024-04-11 17:00:00,-121.931960301914,36.4290369817222,0,"available_crw"
"254026_0",43,"254026_0_crw_043",14,"254026_0_20240411T230000",2024-04-11 23:00:00,-122.029123216515,36.253859785769,0,"available_crw"
"254026_0",43,"254026_0_crw_043",15,"254026_0_20240412T050000",2024-04-12 05:00:00,-122.030296825228,36.3140711777532,0,"available_crw"
"254026_0",43,"254026_0_crw_043",16,"254026_0_20240412T110000",2024-04-12 11:00:00,-122.032999055312,36.3518076588722,0,"available_crw"
"254026_0",43,"254026_0_crw_043",17,"254026_0_20240412T170000",2024-04-12 17:00:00,-121.968266732425,36.3383513406335,0,"available_crw"
"254026_0",43,"254026_0_crw_043",18,"254026_0_20240412T230000",2024-04-12 23:00:00,-121.932643777259,36.3464112787681,0,"available_crw"
"254026_0",43,"254026_0_crw_043",19,"254026_0_20240413T050000",2024-04-13 05:00:00,-121.935977658561,36.340375513505,0,"available_crw"
"254026_0",43,"254026_0_crw_043",20,"254026_0_20240413T110000",2024-04-13 11:00:00,-121.99816780951,36.3269732521104,0,"available_crw"
"254026_0",43,"254026_0_crw_043",21,"254026_0_20240413T170000",2024-04-13 17:00:00,-122.004704696678,36.3426908858301,0,"available_crw"
"254026_0",43,"254026_0_crw_043",22,"254026_0_20240413T230000",2024-04-13 23:00:00,-122.012676708834,36.2933582640325,0,"available_crw"
"254026_0",43,"254026_0_crw_043",23,"254026_0_20240414T050000",2024-04-14 05:00:00,-122.017378384116,36.255533846152,0,"available_crw"
"254026_0",43,"254026_0_crw_043",24,"254026_0_20240414T110000",2024-04-14 11:00:00,-122.023106285564,36.2602441805051,0,"available_crw"
"254026_0",43,"254026_0_crw_043",25,"254026_0_20240414T170000",2024-04-14 17:00:00,-122.045124852022,36.2591634917732,0,"available_crw"
"254026_0",43,"254026_0_crw_043",26,"254026_0_20240414T230000",2024-04-14 23:00:00,-122.088047390164,36.2547966886338,0,"available_crw"
"254026_0",43,"254026_0_crw_043",27,"254026_0_20240415T050000",2024-04-15 05:00:00,-122.091897470294,36.2710850574636,0,"available_crw"
"254026_0",43,"254026_0_crw_043",28,"254026_0_20240415T110000",2024-04-15 11:00:00,-122.102600910438,36.3078789840964,0,"available_crw"
"254026_0",43,"254026_0_crw_043",29,"254026_0_20240415T170000",2024-04-15 17:00:00,-122.071523848422,36.3783201929404,0,"available_crw"
"254026_0",43,"254026_0_crw_043",30,"254026_0_20240415T230000",2024-04-15 23:00:00,-122.059590965651,36.4120014266148,0,"available_crw"
"254026_0",44,"254026_0_crw_044",1,"254026_0_20240408T170000",2024-04-08 17:00:00,-122.0637,36.9493,0,"available_crw"
"254026_0",44,"254026_0_crw_044",2,"254026_0_20240408T230000",2024-04-08 23:00:00,-122.071844125396,36.950286231022,0,"available_crw"
"254026_0",44,"254026_0_crw_044",3,"254026_0_20240409T050000",2024-04-09 05:00:00,-122.020860824532,36.9220043976445,0,"available_crw"
"254026_0",44,"254026_0_crw_044",4,"254026_0_20240409T110000",2024-04-09 11:00:00,-121.983713419874,36.9196011049187,0,"available_crw"
"254026_0",44,"254026_0_crw_044",5,"254026_0_20240409T170000",2024-04-09 17:00:00,-121.936435215292,36.9176559007546,0,"available_crw"
"254026_0",44,"254026_0_crw_044",6,"254026_0_20240409T230000",2024-04-09 23:00:00,-122.005897052796,36.8949883541187,0,"available_crw"
"254026_0",44,"254026_0_crw_044",7,"254026_0_20240410T050000",2024-04-10 05:00:00,-122.029534884136,36.8820020101483,0,"available_crw"
"254026_0",44,"254026_0_crw_044",8,"254026_0_20240410T110000",2024-04-10 11:00:00,-122.042257091177,36.8950610706353,0,"available_crw"
"254026_0",44,"254026_0_crw_044",9,"254026_0_20240410T170000",2024-04-10 17:00:00,-122.066192750814,36.9187854629401,0,"available_crw"
"254026_0",44,"254026_0_crw_044",10,"254026_0_20240410T230000",2024-04-10 23:00:00,-122.09735452825,36.9471184761606,0,"available_crw"
"254026_0",44,"254026_0_crw_044",11,"254026_0_20240411T050000",2024-04-11 05:00:00,-122.266336983239,36.8713875865252,0,"available_crw"
"254026_0",44,"254026_0_crw_044",12,"254026_0_20240411T110000",2024-04-11 11:00:00,-122.279771363791,36.9243661768888,0,"available_crw"
"254026_0",44,"254026_0_crw_044",13,"254026_0_20240411T170000",2024-04-11 17:00:00,-122.309802353795,36.9256113602583,0,"available_crw"
"254026_0",44,"254026_0_crw_044",14,"254026_0_20240411T230000",2024-04-11 23:00:00,-122.357139119575,36.9264302726811,0,"available_crw"
"254026_0",44,"254026_0_crw_044",15,"254026_0_20240412T050000",2024-04-12 05:00:00,-122.396869419945,36.9675941192324,0,"available_crw"
"254026_0",44,"254026_0_crw_044",16,"254026_0_20240412T110000",2024-04-12 11:00:00,-122.51314795421,37.1354529893666,0,"available_crw"
"254026_0",44,"254026_0_crw_044",17,"254026_0_20240412T170000",2024-04-12 17:00:00,-122.537450597868,37.168111017777,0,"available_crw"
"254026_0",44,"254026_0_crw_044",18,"254026_0_20240412T230000",2024-04-12 23:00:00,-122.64449444727,37.3780642593685,0,"available_crw"
"254026_0",44,"254026_0_crw_044",19,"254026_0_20240413T050000",2024-04-13 05:00:00,-122.674471103801,37.374817717766,0,"available_crw"
"254026_0",44,"254026_0_crw_044",20,"254026_0_20240413T110000",2024-04-13 11:00:00,-122.678022071479,37.3508425453636,0,"available_crw"
"254026_0",44,"254026_0_crw_044",21,"254026_0_20240413T170000",2024-04-13 17:00:00,-122.663007041407,37.3375991630387,0,"available_crw"
"254026_0",44,"254026_0_crw_044",22,"254026_0_20240413T230000",2024-04-13 23:00:00,-122.627326993748,37.3284524754905,0,"available_crw"
"254026_0",44,"254026_0_crw_044",23,"254026_0_20240414T050000",2024-04-14 05:00:00,-122.584596637788,37.3183017354354,0,"available_crw"
"254026_0",44,"254026_0_crw_044",24,"254026_0_20240414T110000",2024-04-14 11:00:00,-122.507711612916,37.3347332433952,0,"available_crw"
"254026_0",44,"254026_0_crw_044",25,"254026_0_20240414T170000",2024-04-14 17:00:00,-122.464892856152,37.3446676748385,0,"available_crw"
"254026_0",44,"254026_0_crw_044",26,"254026_0_20240414T230000",2024-04-14 23:00:00,-122.468194524482,37.3386056190861,0,"available_crw"
"254026_0",44,"254026_0_crw_044",27,"254026_0_20240415T050000",2024-04-15 05:00:00,-122.501594326682,37.3677976099913,0,"available_crw"
"254026_0",44,"254026_0_crw_044",28,"254026_0_20240415T110000",2024-04-15 11:00:00,-122.529720799262,37.387565744955,0,"available_crw"
"254026_0",44,"254026_0_crw_044",29,"254026_0_20240415T170000",2024-04-15 17:00:00,-122.484637252571,37.4039751793581,0,"available_crw"
"254026_0",44,"254026_0_crw_044",30,"254026_0_20240415T230000",2024-04-15 23:00:00,-122.458796245992,37.4136873830468,0,"available_crw"
"254026_0",45,"254026_0_crw_045",1,"254026_0_20240408T170000",2024-04-08 17:00:00,-122.0637,36.9493,0,"available_crw"
"254026_0",45,"254026_0_crw_045",2,"254026_0_20240408T230000",2024-04-08 23:00:00,-122.037704116488,36.9177874740022,0,"available_crw"
"254026_0",45,"254026_0_crw_045",3,"254026_0_20240409T050000",2024-04-09 05:00:00,-122.019472285579,36.9100290938211,0,"available_crw"
"254026_0",45,"254026_0_crw_045",4,"254026_0_20240409T110000",2024-04-09 11:00:00,-121.998699177681,36.9164201379192,0,"available_crw"
"254026_0",45,"254026_0_crw_045",5,"254026_0_20240409T170000",2024-04-09 17:00:00,-121.975251637087,36.9396795459287,0,"available_crw"
"254026_0",45,"254026_0_crw_045",6,"254026_0_20240409T230000",2024-04-09 23:00:00,-121.938295934379,36.8944878146418,0,"available_crw"
"254026_0",45,"254026_0_crw_045",7,"254026_0_20240410T050000",2024-04-10 05:00:00,-121.927240806138,36.8867210323678,0,"available_crw"
"254026_0",45,"254026_0_crw_045",8,"254026_0_20240410T110000",2024-04-10 11:00:00,-121.905658448612,36.8719350592771,0,"available_crw"
"254026_0",45,"254026_0_crw_045",9,"254026_0_20240410T170000",2024-04-10 17:00:00,-121.876343172271,36.8525082792932,0,"available_crw"
"254026_0",45,"254026_0_crw_045",10,"254026_0_20240410T230000",2024-04-10 23:00:00,-121.852034829987,36.8666948927082,0,"available_crw"
"254026_0",45,"254026_0_crw_045",11,"254026_0_20240411T050000",2024-04-11 05:00:00,-121.818458083248,36.8890457934949,0,"available_crw"
"254026_0",45,"254026_0_crw_045",12,"254026_0_20240411T110000",2024-04-11 11:00:00,-121.805283836234,36.8509544813396,0,"available_crw"
"254026_0",45,"254026_0_crw_045",13,"254026_0_20240411T170000",2024-04-11 17:00:00,-121.824768837979,36.8455027340529,0,"available_crw"
"254026_0",45,"254026_0_crw_045",14,"254026_0_20240411T230000",2024-04-11 23:00:00,-121.868480697932,36.8315738110221,0,"available_crw"
"254026_0",45,"254026_0_crw_045",15,"254026_0_20240412T050000",2024-04-12 05:00:00,-121.901375013684,36.8176002665004,0,"available_crw"
"254026_0",45,"254026_0_crw_045",16,"254026_0_20240412T110000",2024-04-12 11:00:00,-121.994041586003,36.8241150814478,0,"available_crw"
"254026_0",45,"254026_0_crw_045",17,"254026_0_20240412T170000",2024-04-12 17:00:00,-122.010042177697,36.8117214477364,0,"available_crw"
"254026_0",45,"254026_0_crw_045",18,"254026_0_20240412T230000",2024-04-12 23:00:00,-122.020294638023,36.7829564416049,0,"available_crw"
"254026_0",45,"254026_0_crw_045",19,"254026_0_20240413T050000",2024-04-13 05:00:00,-122.011251458899,36.7539308365098,0,"available_crw"
"254026_0",45,"254026_0_crw_045",20,"254026_0_20240413T110000",2024-04-13 11:00:00,-122.059638675034,36.7608085960353,0,"available_crw"
"254026_0",45,"254026_0_crw_045",21,"254026_0_20240413T170000",2024-04-13 17:00:00,-122.132915542182,36.61704634003,0,"available_crw"
"254026_0",45,"254026_0_crw_045",22,"254026_0_20240413T230000",2024-04-13 23:00:00,-122.136496280993,36.6771935827943,0,"available_crw"
"254026_0",45,"254026_0_crw_045",23,"254026_0_20240414T050000",2024-04-14 05:00:00,-122.140156235164,36.7150928780195,0,"available_crw"
"254026_0",45,"254026_0_crw_045",24,"254026_0_20240414T110000",2024-04-14 11:00:00,-122.119763973249,36.717430777262,0,"available_crw"
"254026_0",45,"254026_0_crw_045",25,"254026_0_20240414T170000",2024-04-14 17:00:00,-122.116429226467,36.7414242066368,0,"available_crw"
"254026_0",45,"254026_0_crw_045",26,"254026_0_20240414T230000",2024-04-14 23:00:00,-122.11631165391,36.7713353715668,0,"available_crw"
"254026_0",45,"254026_0_crw_045",27,"254026_0_20240415T050000",2024-04-15 05:00:00,-122.065544849729,36.8339975525008,0,"available_crw"
"254026_0",45,"254026_0_crw_045",28,"254026_0_20240415T110000",2024-04-15 11:00:00,-121.959977869001,36.739921972036,0,"available_crw"
"254026_0",45,"254026_0_crw_045",29,"254026_0_20240415T170000",2024-04-15 17:00:00,-122.006707737093,36.7277369671279,0,"available_crw"
"254026_0",45,"254026_0_crw_045",30,"254026_0_20240415T230000",2024-04-15 23:00:00,-121.892989168524,36.6929678790113,0,"available_crw"
"254026_0",46,"254026_0_crw_046",1,"254026_0_20240408T170000",2024-04-08 17:00:00,-122.0637,36.9493,0,"available_crw"
"254026_0",46,"254026_0_crw_046",2,"254026_0_20240408T230000",2024-04-08 23:00:00,-121.956081092278,36.7397385411542,0,"available_crw"
"254026_0",46,"254026_0_crw_046",3,"254026_0_20240409T050000",2024-04-09 05:00:00,-121.926606172012,36.7215033714587,0,"available_crw"
"254026_0",46,"254026_0_crw_046",4,"254026_0_20240409T110000",2024-04-09 11:00:00,-121.888346938995,36.6992318624961,0,"available_crw"
"254026_0",46,"254026_0_crw_046",5,"254026_0_20240409T170000",2024-04-09 17:00:00,-121.865213376972,36.6861100649101,0,"available_crw"
"254026_0",46,"254026_0_crw_046",6,"254026_0_20240409T230000",2024-04-09 23:00:00,-121.87313600342,36.6843830622261,0,"available_crw"
"254026_0",46,"254026_0_crw_046",7,"254026_0_20240410T050000",2024-04-10 05:00:00,-121.9155356577,36.6743211276221,0,"available_crw"
"254026_0",46,"254026_0_crw_046",8,"254026_0_20240410T110000",2024-04-10 11:00:00,-121.914035728346,36.7283721448832,0,"available_crw"
"254026_0",46,"254026_0_crw_046",9,"254026_0_20240410T170000",2024-04-10 17:00:00,-121.94239778859,36.6841746571237,0,"available_crw"
"254026_0",46,"254026_0_crw_046",10,"254026_0_20240410T230000",2024-04-10 23:00:00,-121.962151144429,36.6498907301796,0,"available_crw"
"254026_0",46,"254026_0_crw_046",11,"254026_0_20240411T050000",2024-04-11 05:00:00,-121.95880417435,36.6200886849728,0,"available_crw"
"254026_0",46,"254026_0_crw_046",12,"254026_0_20240411T110000",2024-04-11 11:00:00,-121.965561323583,36.6238349133442,0,"available_crw"
"254026_0",46,"254026_0_crw_046",13,"254026_0_20240411T170000",2024-04-11 17:00:00,-121.998235860744,36.6380175798952,0,"available_crw"
"254026_0",46,"254026_0_crw_046",14,"254026_0_20240411T230000",2024-04-11 23:00:00,-122.037762086834,36.6526075170158,0,"available_crw"
"254026_0",46,"254026_0_crw_046",15,"254026_0_20240412T050000",2024-04-12 05:00:00,-122.056646600748,36.6338644556046,0,"available_crw"
"254026_0",46,"254026_0_crw_046",16,"254026_0_20240412T110000",2024-04-12 11:00:00,-122.081815858082,36.605302837845,0,"available_crw"
"254026_0",46,"254026_0_crw_046",17,"254026_0_20240412T170000",2024-04-12 17:00:00,-122.282603952295,36.4234855520866,0,"available_crw"
"254026_0",46,"254026_0_crw_046",18,"254026_0_20240412T230000",2024-04-12 23:00:00,-122.302704083552,36.4595374677576,0,"available_crw"
"254026_0",46,"254026_0_crw_046",19,"254026_0_20240413T050000",2024-04-13 05:00:00,-122.323872736774,36.4647132786647,0,"available_crw"
"254026_0",46,"254026_0_crw_046",20,"254026_0_20240413T110000",2024-04-13 11:00:00,-122.319193252074,36.4808610345066,0,"available_crw"
"254026_0",46,"254026_0_crw_046",21,"254026_0_20240413T170000",2024-04-13 17:00:00,-122.311189438988,36.510706732148,0,"available_crw"
"254026_0",46,"254026_0_crw_046",22,"254026_0_20240413T230000",2024-04-13 23:00:00,-122.405336767635,36.4489539423104,0,"available_crw"
"254026_0",46,"254026_0_crw_046",23,"254026_0_20240414T050000",2024-04-14 05:00:00,-122.405253805611,36.4555649633755,0,"available_crw"
"254026_0",46,"254026_0_crw_046",24,"254026_0_20240414T110000",2024-04-14 11:00:00,-122.368513076149,36.6973306507267,0,"available_crw"
"254026_0",46,"254026_0_crw_046",25,"254026_0_20240414T170000",2024-04-14 17:00:00,-122.36541990463,36.7199833307127,0,"available_crw"
"254026_0",46,"254026_0_crw_046",26,"254026_0_20240414T230000",2024-04-14 23:00:00,-122.37323258219,36.7353135143209,0,"available_crw"
"254026_0",46,"254026_0_crw_046",27,"254026_0_20240415T050000",2024-04-15 05:00:00,-122.306269347326,36.7396296928701,0,"available_crw"
"254026_0",46,"254026_0_crw_046",28,"254026_0_20240415T110000",2024-04-15 11:00:00,-122.278073903341,36.7417256479408,0,"available_crw"
"254026_0",46,"254026_0_crw_046",29,"254026_0_20240415T170000",2024-04-15 17:00:00,-122.342642476432,36.7113177228107,0,"available_crw"
"254026_0",46,"254026_0_crw_046",30,"254026_0_20240415T230000",2024-04-15 23:00:00,-122.334445584548,36.6880934419811,0,"available_crw"
"254026_0",47,"254026_0_crw_047",1,"254026_0_20240408T170000",2024-04-08 17:00:00,-122.0637,36.9493,0,"available_crw"
"254026_0",47,"254026_0_crw_047",2,"254026_0_20240408T230000",2024-04-08 23:00:00,-122.039962132268,36.9192265417833,0,"available_crw"
"254026_0",47,"254026_0_crw_047",3,"254026_0_20240409T050000",2024-04-09 05:00:00,-122.048127744875,36.9200707431841,0,"available_crw"
"254026_0",47,"254026_0_crw_047",4,"254026_0_20240409T110000",2024-04-09 11:00:00,-122.022434914884,36.9538009041374,0,"available_crw"
"254026_0",47,"254026_0_crw_047",5,"254026_0_20240409T170000",2024-04-09 17:00:00,-121.978406289937,36.9128916433126,0,"available_crw"
"254026_0",47,"254026_0_crw_047",6,"254026_0_20240409T230000",2024-04-09 23:00:00,-121.965575003258,36.8388203323815,0,"available_crw"
"254026_0",47,"254026_0_crw_047",7,"254026_0_20240410T050000",2024-04-10 05:00:00,-121.959713689991,36.8086523120062,0,"available_crw"
"254026_0",47,"254026_0_crw_047",8,"254026_0_20240410T110000",2024-04-10 11:00:00,-121.951927305379,36.7736046638285,0,"available_crw"
"254026_0",47,"254026_0_crw_047",9,"254026_0_20240410T170000",2024-04-10 17:00:00,-121.995067659774,36.8228179631509,0,"available_crw"
"254026_0",47,"254026_0_crw_047",10,"254026_0_20240410T230000",2024-04-10 23:00:00,-121.986870481601,36.8222992991495,0,"available_crw"
"254026_0",47,"254026_0_crw_047",11,"254026_0_20240411T050000",2024-04-11 05:00:00,-122.010403605235,36.7875857328154,0,"available_crw"
"254026_0",47,"254026_0_crw_047",12,"254026_0_20240411T110000",2024-04-11 11:00:00,-122.01371251272,36.7760922864233,0,"available_crw"
"254026_0",47,"254026_0_crw_047",13,"254026_0_20240411T170000",2024-04-11 17:00:00,-121.918011276966,36.8366694439559,0,"available_crw"
"254026_0",47,"254026_0_crw_047",14,"254026_0_20240411T230000",2024-04-11 23:00:00,-121.885537856667,36.8600385187729,0,"available_crw"
"254026_0",47,"254026_0_crw_047",15,"254026_0_20240412T050000",2024-04-12 05:00:00,-121.868731676051,36.8786610425402,0,"available_crw"
"254026_0",47,"254026_0_crw_047",16,"254026_0_20240412T110000",2024-04-12 11:00:00,-121.842090386046,36.91007618427,0,"available_crw"
"254026_0",47,"254026_0_crw_047",17,"254026_0_20240412T170000",2024-04-12 17:00:00,-121.95867048073,36.8813740021166,0,"available_crw"
"254026_0",47,"254026_0_crw_047",18,"254026_0_20240412T230000",2024-04-12 23:00:00,-121.985675274069,36.8744034133873,0,"available_crw"
"254026_0",47,"254026_0_crw_047",19,"254026_0_20240413T050000",2024-04-13 05:00:00,-122.029810210026,36.861324437509,0,"available_crw"
"254026_0",47,"254026_0_crw_047",20,"254026_0_20240413T110000",2024-04-13 11:00:00,-122.065228517575,36.8502682071443,0,"available_crw"
"254026_0",47,"254026_0_crw_047",21,"254026_0_20240413T170000",2024-04-13 17:00:00,-122.357935771818,36.7875072354192,0,"available_crw"
"254026_0",47,"254026_0_crw_047",22,"254026_0_20240413T230000",2024-04-13 23:00:00,-122.40276557115,36.7761751829635,0,"available_crw"
"254026_0",47,"254026_0_crw_047",23,"254026_0_20240414T050000",2024-04-14 05:00:00,-122.438776028512,36.7665216073567,0,"available_crw"
"254026_0",47,"254026_0_crw_047",24,"254026_0_20240414T110000",2024-04-14 11:00:00,-122.43670453428,36.7424351082068,0,"available_crw"
"254026_0",47,"254026_0_crw_047",25,"254026_0_20240414T170000",2024-04-14 17:00:00,-122.501973016203,36.7552687251015,0,"available_crw"
"254026_0",47,"254026_0_crw_047",26,"254026_0_20240414T230000",2024-04-14 23:00:00,-122.537654703706,36.7468369904559,0,"available_crw"
"254026_0",47,"254026_0_crw_047",27,"254026_0_20240415T050000",2024-04-15 05:00:00,-122.563272627528,36.7251478977175,0,"available_crw"
"254026_0",47,"254026_0_crw_047",28,"254026_0_20240415T110000",2024-04-15 11:00:00,-122.58580480314,36.7013631502403,0,"available_crw"
"254026_0",47,"254026_0_crw_047",29,"254026_0_20240415T170000",2024-04-15 17:00:00,-122.609300225884,36.7360859217772,0,"available_crw"
"254026_0",47,"254026_0_crw_047",30,"254026_0_20240415T230000",2024-04-15 23:00:00,-122.549086076202,36.7003587012386,0,"available_crw"
"254026_0",48,"254026_0_crw_048",1,"254026_0_20240408T170000",2024-04-08 17:00:00,-122.0637,36.9493,0,"available_crw"
"254026_0",48,"254026_0_crw_048",2,"254026_0_20240408T230000",2024-04-08 23:00:00,-121.956081092278,36.7397385411542,0,"available_crw"
"254026_0",48,"254026_0_crw_048",3,"254026_0_20240409T050000",2024-04-09 05:00:00,-121.936384772222,36.7054284149985,0,"available_crw"
"254026_0",48,"254026_0_crw_048",4,"254026_0_20240409T110000",2024-04-09 11:00:00,-121.919872251094,36.6955427444372,0,"available_crw"
"254026_0",48,"254026_0_crw_048",5,"254026_0_20240409T170000",2024-04-09 17:00:00,-121.962691822118,36.6762080450883,0,"available_crw"
"254026_0",48,"254026_0_crw_048",6,"254026_0_20240409T230000",2024-04-09 23:00:00,-122.002604451957,36.6563392702216,0,"available_crw"
"254026_0",48,"254026_0_crw_048",7,"254026_0_20240410T050000",2024-04-10 05:00:00,-121.961618679062,36.7066979153474,0,"available_crw"
"254026_0",48,"254026_0_crw_048",8,"254026_0_20240410T110000",2024-04-10 11:00:00,-121.801679939307,36.8491976983904,0,"available_crw"
"254026_0",48,"254026_0_crw_048",9,"254026_0_20240410T170000",2024-04-10 17:00:00,-121.781860014271,36.8130155445846,0,"available_crw"
"254026_0",48,"254026_0_crw_048",10,"254026_0_20240410T230000",2024-04-10 23:00:00,-121.838233986609,36.852661367852,0,"available_crw"
"254026_0",48,"254026_0_crw_048",11,"254026_0_20240411T050000",2024-04-11 05:00:00,-121.874773733909,36.8584164373359,0,"available_crw"
"254026_0",48,"254026_0_crw_048",12,"254026_0_20240411T110000",2024-04-11 11:00:00,-121.948835400314,36.8361283305866,0,"available_crw"
"254026_0",48,"254026_0_crw_048",13,"254026_0_20240411T170000",2024-04-11 17:00:00,-122.182538318016,36.7966998269683,0,"available_crw"
"254026_0",48,"254026_0_crw_048",14,"254026_0_20240411T230000",2024-04-11 23:00:00,-122.420884541767,36.7859073452923,0,"available_crw"
"254026_0",48,"254026_0_crw_048",15,"254026_0_20240412T050000",2024-04-12 05:00:00,-122.403413639367,36.8228663677933,0,"available_crw"
"254026_0",48,"254026_0_crw_048",16,"254026_0_20240412T110000",2024-04-12 11:00:00,-122.427928061031,36.8368152968488,0,"available_crw"
"254026_0",48,"254026_0_crw_048",17,"254026_0_20240412T170000",2024-04-12 17:00:00,-122.419984353434,36.8385285540745,0,"available_crw"
"254026_0",48,"254026_0_crw_048",18,"254026_0_20240412T230000",2024-04-12 23:00:00,-122.120249950378,36.8746651995916,0,"available_crw"
"254026_0",48,"254026_0_crw_048",19,"254026_0_20240413T050000",2024-04-13 05:00:00,-122.117087648788,36.8986736762593,0,"available_crw"
"254026_0",48,"254026_0_crw_048",20,"254026_0_20240413T110000",2024-04-13 11:00:00,-122.096458774553,36.8979839593548,0,"available_crw"
"254026_0",48,"254026_0_crw_048",21,"254026_0_20240413T170000",2024-04-13 17:00:00,-122.063457997178,36.9118775184237,0,"available_crw"
"254026_0",48,"254026_0_crw_048",22,"254026_0_20240413T230000",2024-04-13 23:00:00,-122.051987542392,36.9256505541208,0,"available_crw"
"254026_0",48,"254026_0_crw_048",23,"254026_0_20240414T050000",2024-04-14 05:00:00,-122.041461866884,36.9470459282892,0,"available_crw"
"254026_0",48,"254026_0_crw_048",24,"254026_0_20240414T110000",2024-04-14 11:00:00,-122.087216591153,36.9134957529628,0,"available_crw"
"254026_0",48,"254026_0_crw_048",25,"254026_0_20240414T170000",2024-04-14 17:00:00,-122.121188004626,36.8870279661002,0,"available_crw"
"254026_0",48,"254026_0_crw_048",26,"254026_0_20240414T230000",2024-04-14 23:00:00,-122.10631901364,36.8660478169254,0,"available_crw"
"254026_0",48,"254026_0_crw_048",27,"254026_0_20240415T050000",2024-04-15 05:00:00,-122.172140836358,36.854841124537,0,"available_crw"
"254026_0",48,"254026_0_crw_048",28,"254026_0_20240415T110000",2024-04-15 11:00:00,-122.199801265202,36.849824254619,0,"available_crw"
"254026_0",48,"254026_0_crw_048",29,"254026_0_20240415T170000",2024-04-15 17:00:00,-122.193954579122,36.9036855916015,0,"available_crw"
"254026_0",48,"254026_0_crw_048",30,"254026_0_20240415T230000",2024-04-15 23:00:00,-122.140173831097,36.9327800348777,0,"available_crw"
"254026_0",49,"254026_0_crw_049",1,"254026_0_20240408T170000",2024-04-08 17:00:00,-122.0637,36.9493,0,"available_crw"
"254026_0",49,"254026_0_crw_049",2,"254026_0_20240408T230000",2024-04-08 23:00:00,-122.043507580812,36.9234239822708,0,"available_crw"
"254026_0",49,"254026_0_crw_049",3,"254026_0_20240409T050000",2024-04-09 05:00:00,-122.017210741955,36.891818144069,0,"available_crw"
"254026_0",49,"254026_0_crw_049",4,"254026_0_20240409T110000",2024-04-09 11:00:00,-122.015823475076,36.8170403453253,0,"available_crw"
"254026_0",49,"254026_0_crw_049",5,"254026_0_20240409T170000",2024-04-09 17:00:00,-122.009349469876,36.7946334426534,0,"available_crw"
"254026_0",49,"254026_0_crw_049",6,"254026_0_20240409T230000",2024-04-09 23:00:00,-121.99712663488,36.773836476855,0,"available_crw"
"254026_0",49,"254026_0_crw_049",7,"254026_0_20240410T050000",2024-04-10 05:00:00,-121.975686352578,36.7399645696278,0,"available_crw"
"254026_0",49,"254026_0_crw_049",8,"254026_0_20240410T110000",2024-04-10 11:00:00,-121.954162656336,36.7356053184538,0,"available_crw"
"254026_0",49,"254026_0_crw_049",9,"254026_0_20240410T170000",2024-04-10 17:00:00,-121.984549598194,36.7045448610803,0,"available_crw"
"254026_0",49,"254026_0_crw_049",10,"254026_0_20240410T230000",2024-04-10 23:00:00,-122.079360954389,36.8057373832396,0,"available_crw"
"254026_0",49,"254026_0_crw_049",11,"254026_0_20240411T050000",2024-04-11 05:00:00,-122.107083437388,36.7964715997701,0,"available_crw"
"254026_0",49,"254026_0_crw_049",12,"254026_0_20240411T110000",2024-04-11 11:00:00,-122.116201746901,36.811345065793,0,"available_crw"
"254026_0",49,"254026_0_crw_049",13,"254026_0_20240411T170000",2024-04-11 17:00:00,-121.961677130129,36.8363914095466,0,"available_crw"
"254026_0",49,"254026_0_crw_049",14,"254026_0_20240411T230000",2024-04-11 23:00:00,-121.915604220425,36.8449661895657,0,"available_crw"
"254026_0",49,"254026_0_crw_049",15,"254026_0_20240412T050000",2024-04-12 05:00:00,-121.889714732454,36.8547759974602,0,"available_crw"
"254026_0",49,"254026_0_crw_049",16,"254026_0_20240412T110000",2024-04-12 11:00:00,-121.891768267211,36.8483749653921,0,"available_crw"
"254026_0",49,"254026_0_crw_049",17,"254026_0_20240412T170000",2024-04-12 17:00:00,-121.879200583957,36.8336426131044,0,"available_crw"
"254026_0",49,"254026_0_crw_049",18,"254026_0_20240412T230000",2024-04-12 23:00:00,-121.858392041903,36.8178534576411,0,"available_crw"
"254026_0",49,"254026_0_crw_049",19,"254026_0_20240413T050000",2024-04-13 05:00:00,-121.83846724268,36.8136267648963,0,"available_crw"
"254026_0",49,"254026_0_crw_049",20,"254026_0_20240413T110000",2024-04-13 11:00:00,-121.801597014702,36.8063243107145,0,"available_crw"
"254026_0",49,"254026_0_crw_049",21,"254026_0_20240413T170000",2024-04-13 17:00:00,-121.877040587183,36.6950890067454,0,"available_crw"
"254026_0",49,"254026_0_crw_049",22,"254026_0_20240413T230000",2024-04-13 23:00:00,-121.895369010819,36.6633188159371,0,"available_crw"
"254026_0",49,"254026_0_crw_049",23,"254026_0_20240414T050000",2024-04-14 05:00:00,-121.895529792566,36.7235318336524,0,"available_crw"
"254026_0",49,"254026_0_crw_049",24,"254026_0_20240414T110000",2024-04-14 11:00:00,-121.896594955644,36.7591241123441,0,"available_crw"
"254026_0",49,"254026_0_crw_049",25,"254026_0_20240414T170000",2024-04-14 17:00:00,-121.922389044429,36.7139148353301,0,"available_crw"
"254026_0",49,"254026_0_crw_049",26,"254026_0_20240414T230000",2024-04-14 23:00:00,-121.954774761796,36.7436397218452,0,"available_crw"
"254026_0",49,"254026_0_crw_049",27,"254026_0_20240415T050000",2024-04-15 05:00:00,-122.106959391582,36.9345197095199,0,"available_crw"
"254026_0",49,"254026_0_crw_049",28,"254026_0_20240415T110000",2024-04-15 11:00:00,-122.125060969432,36.9424813553316,0,"available_crw"
"254026_0",49,"254026_0_crw_049",29,"254026_0_20240415T170000",2024-04-15 17:00:00,-122.050203937318,36.9386006477687,0,"available_crw"
"254026_0",49,"254026_0_crw_049",30,"254026_0_20240415T230000",2024-04-15 23:00:00,-122.100263311583,36.8184232001337,0,"available_crw"
"254026_0",50,"254026_0_crw_050",1,"254026_0_20240408T170000",2024-04-08 17:00:00,-122.0637,36.9493,0,"available_crw"
"254026_0",50,"254026_0_crw_050",2,"254026_0_20240408T230000",2024-04-08 23:00:00,-122.085785384138,36.9003437002195,0,"available_crw"
"254026_0",50,"254026_0_crw_050",3,"254026_0_20240409T050000",2024-04-09 05:00:00,-122.092504618225,36.9603146825507,0,"available_crw"
"254026_0",50,"254026_0_crw_050",4,"254026_0_20240409T110000",2024-04-09 11:00:00,-122.159939232079,36.8787039567125,0,"available_crw"
"254026_0",50,"254026_0_crw_050",5,"254026_0_20240409T170000",2024-04-09 17:00:00,-122.177839204735,36.8869634691543,0,"available_crw"
"254026_0",50,"254026_0_crw_050",6,"254026_0_20240409T230000",2024-04-09 23:00:00,-122.364829996413,37.0066999458986,0,"available_crw"
"254026_0",50,"254026_0_crw_050",7,"254026_0_20240410T050000",2024-04-10 05:00:00,-122.395015921071,37.0253130527374,0,"available_crw"
"254026_0",50,"254026_0_crw_050",8,"254026_0_20240410T110000",2024-04-10 11:00:00,-122.426277546846,37.0957797862436,0,"available_crw"
"254026_0",50,"254026_0_crw_050",9,"254026_0_20240410T170000",2024-04-10 17:00:00,-122.377076241746,37.0926537699245,0,"available_crw"
"254026_0",50,"254026_0_crw_050",10,"254026_0_20240410T230000",2024-04-10 23:00:00,-122.40262302335,37.0426140100037,0,"available_crw"
"254026_0",50,"254026_0_crw_050",11,"254026_0_20240411T050000",2024-04-11 05:00:00,-122.464817751059,37.0276081665807,0,"available_crw"
"254026_0",50,"254026_0_crw_050",12,"254026_0_20240411T110000",2024-04-11 11:00:00,-122.518514657691,37.0569086083701,0,"available_crw"
"254026_0",50,"254026_0_crw_050",13,"254026_0_20240411T170000",2024-04-11 17:00:00,-122.465379444464,37.0902309680841,0,"available_crw"
"254026_0",50,"254026_0_crw_050",14,"254026_0_20240411T230000",2024-04-11 23:00:00,-122.37239193904,37.096900963441,0,"available_crw"
"254026_0",50,"254026_0_crw_050",15,"254026_0_20240412T050000",2024-04-12 05:00:00,-122.328215467037,37.1008277766395,0,"available_crw"
"254026_0",50,"254026_0_crw_050",16,"254026_0_20240412T110000",2024-04-12 11:00:00,-122.299980231757,37.1036195896182,0,"available_crw"
"254026_0",50,"254026_0_crw_050",17,"254026_0_20240412T170000",2024-04-12 17:00:00,-122.283159605691,37.1132649339659,0,"available_crw"
"254026_0",50,"254026_0_crw_050",18,"254026_0_20240412T230000",2024-04-12 23:00:00,-122.270058727804,37.1004247210956,0,"available_crw"
"254026_0",50,"254026_0_crw_050",19,"254026_0_20240413T050000",2024-04-13 05:00:00,-122.33282352119,37.0805553951043,0,"available_crw"
"254026_0",50,"254026_0_crw_050",20,"254026_0_20240413T110000",2024-04-13 11:00:00,-122.376396078964,37.0655239012408,0,"available_crw"
"254026_0",50,"254026_0_crw_050",21,"254026_0_20240413T170000",2024-04-13 17:00:00,-122.415347324996,37.0496241582078,0,"available_crw"
"254026_0",50,"254026_0_crw_050",22,"254026_0_20240413T230000",2024-04-13 23:00:00,-122.683565353421,36.9779395799327,0,"available_crw"
"254026_0",50,"254026_0_crw_050",23,"254026_0_20240414T050000",2024-04-14 05:00:00,-122.691368759559,36.9932959304115,0,"available_crw"
"254026_0",50,"254026_0_crw_050",24,"254026_0_20240414T110000",2024-04-14 11:00:00,-122.72119519792,36.9900573070558,0,"available_crw"
"254026_0",50,"254026_0_crw_050",25,"254026_0_20240414T170000",2024-04-14 17:00:00,-122.80561329049,37.0218358611957,0,"available_crw"
"254026_0",50,"254026_0_crw_050",26,"254026_0_20240414T230000",2024-04-14 23:00:00,-122.855073503279,37.085255919728,0,"available_crw"
"254026_0",50,"254026_0_crw_050",27,"254026_0_20240415T050000",2024-04-15 05:00:00,-122.926169450916,37.1134897885952,0,"available_crw"
"254026_0",50,"254026_0_crw_050",28,"254026_0_20240415T110000",2024-04-15 11:00:00,-123.005201160056,37.1076646838502,0,"available_crw"
"254026_0",50,"254026_0_crw_050",29,"254026_0_20240415T170000",2024-04-15 17:00:00,-122.989268304751,37.1450882390068,0,"available_crw"
"254026_0",50,"254026_0_crw_050",30,"254026_0_20240415T230000",2024-04-15 23:00:00,-122.969275686912,37.1407481450215,0,"available_crw"
"254026_0",51,"254026_0_crw_051",1,"254026_0_20240408T170000",2024-04-08 17:00:00,-122.0637,36.9493,0,"available_crw"
"254026_0",51,"254026_0_crw_051",2,"254026_0_20240408T230000",2024-04-08 23:00:00,-122.04178220676,36.9461983322027,0,"available_crw"
"254026_0",51,"254026_0_crw_051",3,"254026_0_20240409T050000",2024-04-09 05:00:00,-122.044064028549,36.9297177002372,0,"available_crw"
"254026_0",51,"254026_0_crw_051",4,"254026_0_20240409T110000",2024-04-09 11:00:00,-122.110730818416,36.6921359444252,0,"available_crw"
"254026_0",51,"254026_0_crw_051",5,"254026_0_20240409T170000",2024-04-09 17:00:00,-122.168688643551,36.6690671690016,0,"available_crw"
"254026_0",51,"254026_0_crw_051",6,"254026_0_20240409T230000",2024-04-09 23:00:00,-122.180516028474,36.6555113991538,0,"available_crw"
"254026_0",51,"254026_0_crw_051",7,"254026_0_20240410T050000",2024-04-10 05:00:00,-122.244993626416,36.6519777277079,0,"available_crw"
"254026_0",51,"254026_0_crw_051",8,"254026_0_20240410T110000",2024-04-10 11:00:00,-122.525486560132,36.6703871582492,0,"available_crw"
"254026_0",51,"254026_0_crw_051",9,"254026_0_20240410T170000",2024-04-10 17:00:00,-122.559013882314,36.6575026913978,0,"available_crw"
"254026_0",51,"254026_0_crw_051",10,"254026_0_20240410T230000",2024-04-10 23:00:00,-122.592935873002,36.6438857411463,0,"available_crw"
"254026_0",51,"254026_0_crw_051",11,"254026_0_20240411T050000",2024-04-11 05:00:00,-122.624857760636,36.7679921848853,0,"available_crw"
"254026_0",51,"254026_0_crw_051",12,"254026_0_20240411T110000",2024-04-11 11:00:00,-122.617601365017,36.7648899631828,0,"available_crw"
"254026_0",51,"254026_0_crw_051",13,"254026_0_20240411T170000",2024-04-11 17:00:00,-122.605275839256,36.7137698400867,0,"available_crw"
"254026_0",51,"254026_0_crw_051",14,"254026_0_20240411T230000",2024-04-11 23:00:00,-122.65311121461,36.7227377369733,0,"available_crw"
"254026_0",51,"254026_0_crw_051",15,"254026_0_20240412T050000",2024-04-12 05:00:00,-122.618695139532,36.7691749591057,0,"available_crw"
"254026_0",51,"254026_0_crw_051",16,"254026_0_20240412T110000",2024-04-12 11:00:00,-122.590464532925,36.7368117547484,0,"available_crw"
"254026_0",51,"254026_0_crw_051",17,"254026_0_20240412T170000",2024-04-12 17:00:00,-122.565960964421,36.7143232721234,0,"available_crw"
"254026_0",51,"254026_0_crw_051",18,"254026_0_20240412T230000",2024-04-12 23:00:00,-122.576940737703,36.6630055610163,0,"available_crw"
"254026_0",51,"254026_0_crw_051",19,"254026_0_20240413T050000",2024-04-13 05:00:00,-122.59740923577,36.6647690615137,0,"available_crw"
"254026_0",51,"254026_0_crw_051",20,"254026_0_20240413T110000",2024-04-13 11:00:00,-122.632515031375,36.7084990382375,0,"available_crw"
"254026_0",51,"254026_0_crw_051",21,"254026_0_20240413T170000",2024-04-13 17:00:00,-122.64485441224,36.6110558817297,0,"available_crw"
"254026_0",51,"254026_0_crw_051",22,"254026_0_20240413T230000",2024-04-13 23:00:00,-122.648063509943,36.5806278832404,0,"available_crw"
"254026_0",51,"254026_0_crw_051",23,"254026_0_20240414T050000",2024-04-14 05:00:00,-122.650836615966,36.5450907239446,0,"available_crw"
"254026_0",51,"254026_0_crw_051",24,"254026_0_20240414T110000",2024-04-14 11:00:00,-122.799960813709,36.5850069350205,0,"available_crw"
"254026_0",51,"254026_0_crw_051",25,"254026_0_20240414T170000",2024-04-14 17:00:00,-122.816172375797,36.564708418304,0,"available_crw"
"254026_0",51,"254026_0_crw_051",26,"254026_0_20240414T230000",2024-04-14 23:00:00,-122.795864632543,36.5469719058308,0,"available_crw"
"254026_0",51,"254026_0_crw_051",27,"254026_0_20240415T050000",2024-04-15 05:00:00,-122.783427394021,36.5407664436761,0,"available_crw"
"254026_0",51,"254026_0_crw_051",28,"254026_0_20240415T110000",2024-04-15 11:00:00,-122.745405670951,36.5227001841069,0,"available_crw"
"254026_0",51,"254026_0_crw_051",29,"254026_0_20240415T170000",2024-04-15 17:00:00,-122.718340591115,36.515483641221,0,"available_crw"
"254026_0",51,"254026_0_crw_051",30,"254026_0_20240415T230000",2024-04-15 23:00:00,-122.444507842036,36.4134477800876,0,"available_crw"
"254026_0",52,"254026_0_crw_052",1,"254026_0_20240408T170000",2024-04-08 17:00:00,-122.0637,36.9493,0,"available_crw"
"254026_0",52,"254026_0_crw_052",2,"254026_0_20240408T230000",2024-04-08 23:00:00,-122.04872703058,36.9299402179283,0,"available_crw"
"254026_0",52,"254026_0_crw_052",3,"254026_0_20240409T050000",2024-04-09 05:00:00,-122.028137477784,36.9042693562822,0,"available_crw"
"254026_0",52,"254026_0_crw_052",4,"254026_0_20240409T110000",2024-04-09 11:00:00,-122.006129640184,36.9016803472206,0,"available_crw"
"254026_0",52,"254026_0_crw_052",5,"254026_0_20240409T170000",2024-04-09 17:00:00,-121.968427565169,36.8977520431365,0,"available_crw"
"254026_0",52,"254026_0_crw_052",6,"254026_0_20240409T230000",2024-04-09 23:00:00,-121.930652650117,36.8943194369018,0,"available_crw"
"254026_0",52,"254026_0_crw_052",7,"254026_0_20240410T050000",2024-04-10 05:00:00,-121.886512181456,36.8910787859388,0,"available_crw"
"254026_0",52,"254026_0_crw_052",8,"254026_0_20240410T110000",2024-04-10 11:00:00,-121.867571726557,36.8976418110053,0,"available_crw"
"254026_0",52,"254026_0_crw_052",9,"254026_0_20240410T170000",2024-04-10 17:00:00,-121.827256311117,36.9124478046996,0,"available_crw"
"254026_0",52,"254026_0_crw_052",10,"254026_0_20240410T230000",2024-04-10 23:00:00,-121.826859900731,36.8729144664054,0,"available_crw"
"254026_0",52,"254026_0_crw_052",11,"254026_0_20240411T050000",2024-04-11 05:00:00,-121.826271682778,36.8501329566334,0,"available_crw"
"254026_0",52,"254026_0_crw_052",12,"254026_0_20240411T110000",2024-04-11 11:00:00,-121.832708743364,36.8542481595899,0,"available_crw"
"254026_0",52,"254026_0_crw_052",13,"254026_0_20240411T170000",2024-04-11 17:00:00,-121.862435743694,36.9251166702291,0,"available_crw"
"254026_0",52,"254026_0_crw_052",14,"254026_0_20240411T230000",2024-04-11 23:00:00,-121.890439179462,36.9448642168556,0,"available_crw"
"254026_0",52,"254026_0_crw_052",15,"254026_0_20240412T050000",2024-04-12 05:00:00,-121.926943959118,36.9690826674269,0,"available_crw"
"254026_0",52,"254026_0_crw_052",16,"254026_0_20240412T110000",2024-04-12 11:00:00,-121.854319483379,36.9539567919402,0,"available_crw"
"254026_0",52,"254026_0_crw_052",17,"254026_0_20240412T170000",2024-04-12 17:00:00,-121.928083003559,36.9429922766611,0,"available_crw"
"254026_0",52,"254026_0_crw_052",18,"254026_0_20240412T230000",2024-04-12 23:00:00,-121.934225371643,36.7876764567775,0,"available_crw"
"254026_0",52,"254026_0_crw_052",19,"254026_0_20240413T050000",2024-04-13 05:00:00,-121.855001980907,36.8620741428287,0,"available_crw"
"254026_0",52,"254026_0_crw_052",20,"254026_0_20240413T110000",2024-04-13 11:00:00,-121.838507764433,36.85211076659,0,"available_crw"
"254026_0",52,"254026_0_crw_052",21,"254026_0_20240413T170000",2024-04-13 17:00:00,-121.815020556223,36.8671637495374,0,"available_crw"
"254026_0",52,"254026_0_crw_052",22,"254026_0_20240413T230000",2024-04-13 23:00:00,-121.801152106266,36.8548853456233,0,"available_crw"
"254026_0",52,"254026_0_crw_052",23,"254026_0_20240414T050000",2024-04-14 05:00:00,-121.781836444293,36.8382053814509,0,"available_crw"
"254026_0",52,"254026_0_crw_052",24,"254026_0_20240414T110000",2024-04-14 11:00:00,-121.762267430852,36.8217206116638,0,"available_crw"
"254026_0",52,"254026_0_crw_052",25,"254026_0_20240414T170000",2024-04-14 17:00:00,-121.808598646036,36.8084804314735,0,"available_crw"
"254026_0",52,"254026_0_crw_052",26,"254026_0_20240414T230000",2024-04-14 23:00:00,-121.844151269934,36.7977622095146,0,"available_crw"
"254026_0",52,"254026_0_crw_052",27,"254026_0_20240415T050000",2024-04-15 05:00:00,-122.11981653838,36.750653080168,0,"available_crw"
"254026_0",52,"254026_0_crw_052",28,"254026_0_20240415T110000",2024-04-15 11:00:00,-122.156780792427,36.7437599709375,0,"available_crw"
"254026_0",52,"254026_0_crw_052",29,"254026_0_20240415T170000",2024-04-15 17:00:00,-122.198465022787,36.7336675121688,0,"available_crw"
"254026_0",52,"254026_0_crw_052",30,"254026_0_20240415T230000",2024-04-15 23:00:00,-122.243258053968,36.721626011809,0,"available_crw"
"254026_0",53,"254026_0_crw_053",1,"254026_0_20240408T170000",2024-04-08 17:00:00,-122.0637,36.9493,0,"available_crw"
"254026_0",53,"254026_0_crw_053",2,"254026_0_20240408T230000",2024-04-08 23:00:00,-121.937186075153,36.7279957569188,0,"available_crw"
"254026_0",53,"254026_0_crw_053",3,"254026_0_20240409T050000",2024-04-09 05:00:00,-121.916551159151,36.6971527718248,0,"available_crw"
"254026_0",53,"254026_0_crw_053",4,"254026_0_20240409T110000",2024-04-09 11:00:00,-121.884919147133,36.6814552511197,0,"available_crw"
"254026_0",53,"254026_0_crw_053",5,"254026_0_20240409T170000",2024-04-09 17:00:00,-121.917938317667,36.7235027743869,0,"available_crw"
"254026_0",53,"254026_0_crw_053",6,"254026_0_20240409T230000",2024-04-09 23:00:00,-121.941085093346,36.7469023544204,0,"available_crw"
"254026_0",53,"254026_0_crw_053",7,"254026_0_20240410T050000",2024-04-10 05:00:00,-121.89350061784,36.756746042598,0,"available_crw"
"254026_0",53,"254026_0_crw_053",8,"254026_0_20240410T110000",2024-04-10 11:00:00,-121.850891833883,36.76634821931,0,"available_crw"
"254026_0",53,"254026_0_crw_053",9,"254026_0_20240410T170000",2024-04-10 17:00:00,-121.862016203915,36.921483034392,0,"available_crw"
"254026_0",53,"254026_0_crw_053",10,"254026_0_20240410T230000",2024-04-10 23:00:00,-121.86484209139,36.9519312463855,0,"available_crw"
"254026_0",53,"254026_0_crw_053",11,"254026_0_20240411T050000",2024-04-11 05:00:00,-121.858131501716,36.9480989321814,0,"available_crw"
"254026_0",53,"254026_0_crw_053",12,"254026_0_20240411T110000",2024-04-11 11:00:00,-121.900577769896,36.9280478372101,0,"available_crw"
"254026_0",53,"254026_0_crw_053",13,"254026_0_20240411T170000",2024-04-11 17:00:00,-121.938279134214,36.9093099145638,0,"available_crw"
"254026_0",53,"254026_0_crw_053",14,"254026_0_20240411T230000",2024-04-11 23:00:00,-121.929347867284,36.8862586312048,0,"available_crw"
"254026_0",53,"254026_0_crw_053",15,"254026_0_20240412T050000",2024-04-12 05:00:00,-121.914513990805,36.85882599255,0,"available_crw"
"254026_0",53,"254026_0_crw_053",16,"254026_0_20240412T110000",2024-04-12 11:00:00,-121.894628197009,36.8276525836701,0,"available_crw"
"254026_0",53,"254026_0_crw_053",17,"254026_0_20240412T170000",2024-04-12 17:00:00,-121.88138288956,36.8075072393043,0,"available_crw"
"254026_0",53,"254026_0_crw_053",18,"254026_0_20240412T230000",2024-04-12 23:00:00,-121.858074628655,36.7744404353689,0,"available_crw"
"254026_0",53,"254026_0_crw_053",19,"254026_0_20240413T050000",2024-04-13 05:00:00,-121.875319073983,36.7653578994826,0,"available_crw"
"254026_0",53,"254026_0_crw_053",20,"254026_0_20240413T110000",2024-04-13 11:00:00,-121.883107770762,36.8043941669838,0,"available_crw"
"254026_0",53,"254026_0_crw_053",21,"254026_0_20240413T170000",2024-04-13 17:00:00,-121.934684944999,36.852566771798,0,"available_crw"
"254026_0",53,"254026_0_crw_053",22,"254026_0_20240413T230000",2024-04-13 23:00:00,-121.919939699681,36.8641669865421,0,"available_crw"
"254026_0",53,"254026_0_crw_053",23,"254026_0_20240414T050000",2024-04-14 05:00:00,-121.900749873096,36.9258280046066,0,"available_crw"
"254026_0",53,"254026_0_crw_053",24,"254026_0_20240414T110000",2024-04-14 11:00:00,-121.895668110553,36.9554576652495,0,"available_crw"
"254026_0",53,"254026_0_crw_053",25,"254026_0_20240414T170000",2024-04-14 17:00:00,-121.87349778866,36.8979380246946,0,"available_crw"
"254026_0",53,"254026_0_crw_053",26,"254026_0_20240414T230000",2024-04-14 23:00:00,-121.865555295458,36.8880146800199,0,"available_crw"
"254026_0",53,"254026_0_crw_053",27,"254026_0_20240415T050000",2024-04-15 05:00:00,-121.845324151524,36.8717365688412,0,"available_crw"
"254026_0",53,"254026_0_crw_053",28,"254026_0_20240415T110000",2024-04-15 11:00:00,-121.891301926575,36.8576577071073,0,"available_crw"
"254026_0",53,"254026_0_crw_053",29,"254026_0_20240415T170000",2024-04-15 17:00:00,-121.915277455758,36.8450923215322,0,"available_crw"
"254026_0",53,"254026_0_crw_053",30,"254026_0_20240415T230000",2024-04-15 23:00:00,-121.954094758425,36.8233835210114,0,"available_crw"
"254026_0",54,"254026_0_crw_054",1,"254026_0_20240408T170000",2024-04-08 17:00:00,-122.0637,36.9493,0,"available_crw"
"254026_0",54,"254026_0_crw_054",2,"254026_0_20240408T230000",2024-04-08 23:00:00,-122.03804893492,36.9173492559836,0,"available_crw"
"254026_0",54,"254026_0_crw_054",3,"254026_0_20240409T050000",2024-04-09 05:00:00,-122.017787940124,36.90108780298,0,"available_crw"
"254026_0",54,"254026_0_crw_054",4,"254026_0_20240409T110000",2024-04-09 11:00:00,-122.037922306056,36.948136010748,0,"available_crw"
"254026_0",54,"254026_0_crw_054",5,"254026_0_20240409T170000",2024-04-09 17:00:00,-122.230195389253,36.9300372325354,0,"available_crw"
"254026_0",54,"254026_0_crw_054",6,"254026_0_20240409T230000",2024-04-09 23:00:00,-122.276651616575,36.9663824186054,0,"available_crw"
"254026_0",54,"254026_0_crw_054",7,"254026_0_20240410T050000",2024-04-10 05:00:00,-122.297413105381,37.0392927339955,0,"available_crw"
"254026_0",54,"254026_0_crw_054",8,"254026_0_20240410T110000",2024-04-10 11:00:00,-122.317047809414,37.0477414451101,0,"available_crw"
"254026_0",54,"254026_0_crw_054",9,"254026_0_20240410T170000",2024-04-10 17:00:00,-122.337896633537,37.041432190228,0,"available_crw"
"254026_0",54,"254026_0_crw_054",10,"254026_0_20240410T230000",2024-04-10 23:00:00,-122.381258273356,37.0265947597703,0,"available_crw"
"254026_0",54,"254026_0_crw_054",11,"254026_0_20240411T050000",2024-04-11 05:00:00,-122.42025170739,37.0107929313028,0,"available_crw"
"254026_0",54,"254026_0_crw_054",12,"254026_0_20240411T110000",2024-04-11 11:00:00,-122.461890072451,36.9926347269791,0,"available_crw"
"254026_0",54,"254026_0_crw_054",13,"254026_0_20240411T170000",2024-04-11 17:00:00,-122.50039679492,36.9749320993249,0,"available_crw"
"254026_0",54,"254026_0_crw_054",14,"254026_0_20240411T230000",2024-04-11 23:00:00,-122.778578740864,36.8777495108695,0,"available_crw"
"254026_0",54,"254026_0_crw_054",15,"254026_0_20240412T050000",2024-04-12 05:00:00,-122.820855404922,36.8611653491305,0,"available_crw"
"254026_0",54,"254026_0_crw_054",16,"254026_0_20240412T110000",2024-04-12 11:00:00,-123.089892092976,36.7931160647137,0,"available_crw"
"254026_0",54,"254026_0_crw_054",17,"254026_0_20240412T170000",2024-04-12 17:00:00,-123.104170061939,36.7811706123629,0,"available_crw"
"254026_0",54,"254026_0_crw_054",18,"254026_0_20240412T230000",2024-04-12 23:00:00,-123.119169700792,36.7615833309873,0,"available_crw"
"254026_0",54,"254026_0_crw_054",19,"254026_0_20240413T050000",2024-04-13 05:00:00,-123.112581069293,36.7445229384622,0,"available_crw"
"254026_0",54,"254026_0_crw_054",20,"254026_0_20240413T110000",2024-04-13 11:00:00,-123.098534871814,36.7107588619208,0,"available_crw"
"254026_0",54,"254026_0_crw_054",21,"254026_0_20240413T170000",2024-04-13 17:00:00,-123.068619573587,36.7124516124036,0,"available_crw"
"254026_0",54,"254026_0_crw_054",22,"254026_0_20240413T230000",2024-04-13 23:00:00,-123.040610341395,36.8662237206573,0,"available_crw"
"254026_0",54,"254026_0_crw_054",23,"254026_0_20240414T050000",2024-04-14 05:00:00,-123.042550572342,36.8891764912969,0,"available_crw"
"254026_0",54,"254026_0_crw_054",24,"254026_0_20240414T110000",2024-04-14 11:00:00,-123.04652561402,36.9246389695663,0,"available_crw"
"254026_0",54,"254026_0_crw_054",25,"254026_0_20240414T170000",2024-04-14 17:00:00,-123.068626934938,36.8781603182224,0,"available_crw"
"254026_0",54,"254026_0_crw_054",26,"254026_0_20240414T230000",2024-04-14 23:00:00,-123.14369454661,36.8339448866618,0,"available_crw"
"254026_0",54,"254026_0_crw_054",27,"254026_0_20240415T050000",2024-04-15 05:00:00,-123.173491416783,36.7750674307763,0,"available_crw"
"254026_0",54,"254026_0_crw_054",28,"254026_0_20240415T110000",2024-04-15 11:00:00,-123.160530488593,36.7123620730453,0,"available_crw"
"254026_0",54,"254026_0_crw_054",29,"254026_0_20240415T170000",2024-04-15 17:00:00,-123.150892337193,36.6753666180214,0,"available_crw"
"254026_0",54,"254026_0_crw_054",30,"254026_0_20240415T230000",2024-04-15 23:00:00,-123.142492839012,36.6455880544976,0,"available_crw"
"254026_0",55,"254026_0_crw_055",1,"254026_0_20240408T170000",2024-04-08 17:00:00,-122.0637,36.9493,0,"available_crw"
"254026_0",55,"254026_0_crw_055",2,"254026_0_20240408T230000",2024-04-08 23:00:00,-122.041116949982,36.9255096380072,0,"available_crw"
"254026_0",55,"254026_0_crw_055",3,"254026_0_20240409T050000",2024-04-09 05:00:00,-122.186853569357,36.8769218066947,0,"available_crw"
"254026_0",55,"254026_0_crw_055",4,"254026_0_20240409T110000",2024-04-09 11:00:00,-122.208264006697,37.0024800882874,0,"available_crw"
"254026_0",55,"254026_0_crw_055",5,"254026_0_20240409T170000",2024-04-09 17:00:00,-122.215254773804,37.0376390606967,0,"available_crw"
"254026_0",55,"254026_0_crw_055",6,"254026_0_20240409T230000",2024-04-09 23:00:00,-122.2081597862,37.0342706074724,0,"available_crw"
"254026_0",55,"254026_0_crw_055",7,"254026_0_20240410T050000",2024-04-10 05:00:00,-122.282914692026,37.0401179233251,0,"available_crw"
"254026_0",55,"254026_0_crw_055",8,"254026_0_20240410T110000",2024-04-10 11:00:00,-122.299117048758,37.0278550844933,0,"available_crw"
"254026_0",55,"254026_0_crw_055",9,"254026_0_20240410T170000",2024-04-10 17:00:00,-122.541377277896,36.8811578210633,0,"available_crw"
"254026_0",55,"254026_0_crw_055",10,"254026_0_20240410T230000",2024-04-10 23:00:00,-122.634219899849,36.8756167254257,0,"available_crw"
"254026_0",55,"254026_0_crw_055",11,"254026_0_20240411T050000",2024-04-11 05:00:00,-122.662477314535,36.8736257525904,0,"available_crw"
"254026_0",55,"254026_0_crw_055",12,"254026_0_20240411T110000",2024-04-11 11:00:00,-122.604690238814,36.8557557193965,0,"available_crw"
"254026_0",55,"254026_0_crw_055",13,"254026_0_20240411T170000",2024-04-11 17:00:00,-122.590076547532,36.8546204391879,0,"available_crw"
"254026_0",55,"254026_0_crw_055",14,"254026_0_20240411T230000",2024-04-11 23:00:00,-122.293720640193,36.8039392881721,0,"available_crw"
"254026_0",55,"254026_0_crw_055",15,"254026_0_20240412T050000",2024-04-12 05:00:00,-122.342391828535,36.8346627997408,0,"available_crw"
"254026_0",55,"254026_0_crw_055",16,"254026_0_20240412T110000",2024-04-12 11:00:00,-122.558926846118,37.0052367823069,0,"available_crw"
"254026_0",55,"254026_0_crw_055",17,"254026_0_20240412T170000",2024-04-12 17:00:00,-122.488104520703,36.9852662231436,0,"available_crw"
"254026_0",55,"254026_0_crw_055",18,"254026_0_20240412T230000",2024-04-12 23:00:00,-122.522012681247,36.956577170255,0,"available_crw"
"254026_0",55,"254026_0_crw_055",19,"254026_0_20240413T050000",2024-04-13 05:00:00,-122.519908292559,36.9387929420932,0,"available_crw"
"254026_0",55,"254026_0_crw_055",20,"254026_0_20240413T110000",2024-04-13 11:00:00,-122.452847711287,37.0206348840872,0,"available_crw"
"254026_0",55,"254026_0_crw_055",21,"254026_0_20240413T170000",2024-04-13 17:00:00,-122.44251049016,37.0420944837402,0,"available_crw"
"254026_0",55,"254026_0_crw_055",22,"254026_0_20240413T230000",2024-04-13 23:00:00,-122.432902054013,37.070997342713,0,"available_crw"
"254026_0",55,"254026_0_crw_055",23,"254026_0_20240414T050000",2024-04-14 05:00:00,-122.427241560218,37.1005625633444,0,"available_crw"
"254026_0",55,"254026_0_crw_055",24,"254026_0_20240414T110000",2024-04-14 11:00:00,-122.425599797222,37.1304444901614,0,"available_crw"
"254026_0",55,"254026_0_crw_055",25,"254026_0_20240414T170000",2024-04-14 17:00:00,-122.419485112881,37.1260027412691,0,"available_crw"
"254026_0",55,"254026_0_crw_055",26,"254026_0_20240414T230000",2024-04-14 23:00:00,-122.385917575617,37.1026590482912,0,"available_crw"
"254026_0",55,"254026_0_crw_055",27,"254026_0_20240415T050000",2024-04-15 05:00:00,-122.372616423723,37.0975923114768,0,"available_crw"
"254026_0",55,"254026_0_crw_055",28,"254026_0_20240415T110000",2024-04-15 11:00:00,-122.358107480577,37.0955654790443,0,"available_crw"
"254026_0",55,"254026_0_crw_055",29,"254026_0_20240415T170000",2024-04-15 17:00:00,-122.329413810381,37.0964974484757,0,"available_crw"
"254026_0",55,"254026_0_crw_055",30,"254026_0_20240415T230000",2024-04-15 23:00:00,-122.291356930505,37.098234545641,0,"available_crw"
"254026_0",56,"254026_0_crw_056",1,"254026_0_20240408T170000",2024-04-08 17:00:00,-122.0637,36.9493,0,"available_crw"
"254026_0",56,"254026_0_crw_056",2,"254026_0_20240408T230000",2024-04-08 23:00:00,-122.04178220676,36.9461983322027,0,"available_crw"
"254026_0",56,"254026_0_crw_056",3,"254026_0_20240409T050000",2024-04-09 05:00:00,-122.069391207688,36.9134594886457,0,"available_crw"
"254026_0",56,"254026_0_crw_056",4,"254026_0_20240409T110000",2024-04-09 11:00:00,-121.952826917764,36.942338167133,0,"available_crw"
"254026_0",56,"254026_0_crw_056",5,"254026_0_20240409T170000",2024-04-09 17:00:00,-121.943777597397,36.9586576764925,0,"available_crw"
"254026_0",56,"254026_0_crw_056",6,"254026_0_20240409T230000",2024-04-09 23:00:00,-121.910886978956,36.9292287528607,0,"available_crw"
"254026_0",56,"254026_0_crw_056",7,"254026_0_20240410T050000",2024-04-10 05:00:00,-121.925349140702,36.9173911622437,0,"available_crw"
"254026_0",56,"254026_0_crw_056",8,"254026_0_20240410T110000",2024-04-10 11:00:00,-121.930988891247,36.9014538955753,0,"available_crw"
"254026_0",56,"254026_0_crw_056",9,"254026_0_20240410T170000",2024-04-10 17:00:00,-121.990601917587,36.8810016228614,0,"available_crw"
"254026_0",56,"254026_0_crw_056",10,"254026_0_20240410T230000",2024-04-10 23:00:00,-122.003375589798,36.8679938738283,0,"available_crw"
"254026_0",56,"254026_0_crw_056",11,"254026_0_20240411T050000",2024-04-11 05:00:00,-122.098271753345,36.9692551022981,0,"available_crw"
"254026_0",56,"254026_0_crw_056",12,"254026_0_20240411T110000",2024-04-11 11:00:00,-122.132618165615,36.9809163949966,0,"available_crw"
"254026_0",56,"254026_0_crw_056",13,"254026_0_20240411T170000",2024-04-11 17:00:00,-122.091939334068,36.9433758653465,0,"available_crw"
"254026_0",56,"254026_0_crw_056",14,"254026_0_20240411T230000",2024-04-11 23:00:00,-122.103229896599,36.892102359798,0,"available_crw"
"254026_0",56,"254026_0_crw_056",15,"254026_0_20240412T050000",2024-04-12 05:00:00,-122.089274497358,36.8781943515521,0,"available_crw"
"254026_0",56,"254026_0_crw_056",16,"254026_0_20240412T110000",2024-04-12 11:00:00,-122.054521853909,36.8674321000139,0,"available_crw"
"254026_0",56,"254026_0_crw_056",17,"254026_0_20240412T170000",2024-04-12 17:00:00,-122.115877213545,36.9520744855227,0,"available_crw"
"254026_0",56,"254026_0_crw_056",18,"254026_0_20240412T230000",2024-04-12 23:00:00,-122.185703240347,36.9820842209567,0,"available_crw"
"254026_0",56,"254026_0_crw_056",19,"254026_0_20240413T050000",2024-04-13 05:00:00,-122.213278772669,36.9883929607774,0,"available_crw"
"254026_0",56,"254026_0_crw_056",20,"254026_0_20240413T110000",2024-04-13 11:00:00,-122.142686524229,36.9085063992584,0,"available_crw"
"254026_0",56,"254026_0_crw_056",21,"254026_0_20240413T170000",2024-04-13 17:00:00,-122.206841092117,36.8921263144314,0,"available_crw"
"254026_0",56,"254026_0_crw_056",22,"254026_0_20240413T230000",2024-04-13 23:00:00,-122.201311669819,36.931413567588,0,"available_crw"
"254026_0",56,"254026_0_crw_056",23,"254026_0_20240414T050000",2024-04-14 05:00:00,-122.198480162313,36.9540876907948,0,"available_crw"
"254026_0",56,"254026_0_crw_056",24,"254026_0_20240414T110000",2024-04-14 11:00:00,-122.23110690736,36.9117914302823,0,"available_crw"
"254026_0",56,"254026_0_crw_056",25,"254026_0_20240414T170000",2024-04-14 17:00:00,-122.247169189948,36.8848051524182,0,"available_crw"
"254026_0",56,"254026_0_crw_056",26,"254026_0_20240414T230000",2024-04-14 23:00:00,-122.31020856772,36.8726962372346,0,"available_crw"
"254026_0",56,"254026_0_crw_056",27,"254026_0_20240415T050000",2024-04-15 05:00:00,-122.325522167747,36.8615986970707,0,"available_crw"
"254026_0",56,"254026_0_crw_056",28,"254026_0_20240415T110000",2024-04-15 11:00:00,-122.359683028155,36.8353057815418,0,"available_crw"
"254026_0",56,"254026_0_crw_056",29,"254026_0_20240415T170000",2024-04-15 17:00:00,-122.392228274782,36.8080270359376,0,"available_crw"
"254026_0",56,"254026_0_crw_056",30,"254026_0_20240415T230000",2024-04-15 23:00:00,-122.456760420563,36.8123883686505,0,"available_crw"
"254026_0",57,"254026_0_crw_057",1,"254026_0_20240408T170000",2024-04-08 17:00:00,-122.0637,36.9493,0,"available_crw"
"254026_0",57,"254026_0_crw_057",2,"254026_0_20240408T230000",2024-04-08 23:00:00,-122.08066858826,36.9398414033531,0,"available_crw"
"254026_0",57,"254026_0_crw_057",3,"254026_0_20240409T050000",2024-04-09 05:00:00,-122.333901947111,36.8397125913137,0,"available_crw"
"254026_0",57,"254026_0_crw_057",4,"254026_0_20240409T110000",2024-04-09 11:00:00,-122.343941053922,36.8931744502784,0,"available_crw"
"254026_0",57,"254026_0_crw_057",5,"254026_0_20240409T170000",2024-04-09 17:00:00,-122.395017797983,36.9417363893197,0,"available_crw"
"254026_0",57,"254026_0_crw_057",6,"254026_0_20240409T230000",2024-04-09 23:00:00,-122.520003149339,37.1055045218624,0,"available_crw"
"254026_0",57,"254026_0_crw_057",7,"254026_0_20240410T050000",2024-04-10 05:00:00,-122.457308705643,37.0722902658897,0,"available_crw"
"254026_0",57,"254026_0_crw_057",8,"254026_0_20240410T110000",2024-04-10 11:00:00,-122.435814478601,37.0770326199297,0,"available_crw"
"254026_0",57,"254026_0_crw_057",9,"254026_0_20240410T170000",2024-04-10 17:00:00,-122.4010985451,37.0880346855693,0,"available_crw"
"254026_0",57,"254026_0_crw_057",10,"254026_0_20240410T230000",2024-04-10 23:00:00,-122.365887931535,37.0997296146366,0,"available_crw"
"254026_0",57,"254026_0_crw_057",11,"254026_0_20240411T050000",2024-04-11 05:00:00,-122.354289957459,37.1070019858803,0,"available_crw"
"254026_0",57,"254026_0_crw_057",12,"254026_0_20240411T110000",2024-04-11 11:00:00,-122.324659734776,37.1262189013277,0,"available_crw"
"254026_0",57,"254026_0_crw_057",13,"254026_0_20240411T170000",2024-04-11 17:00:00,-122.337172676144,37.148184531263,0,"available_crw"
"254026_0",57,"254026_0_crw_057",14,"254026_0_20240411T230000",2024-04-11 23:00:00,-122.403111146987,37.183612843177,0,"available_crw"
"254026_0",57,"254026_0_crw_057",15,"254026_0_20240412T050000",2024-04-12 05:00:00,-122.423731872084,37.1851353731826,0,"available_crw"
"254026_0",57,"254026_0_crw_057",16,"254026_0_20240412T110000",2024-04-12 11:00:00,-122.656673469846,37.2314726102663,0,"available_crw"
"254026_0",57,"254026_0_crw_057",17,"254026_0_20240412T170000",2024-04-12 17:00:00,-122.91883823386,37.3181152696426,0,"available_crw"
"254026_0",57,"254026_0_crw_057",18,"254026_0_20240412T230000",2024-04-12 23:00:00,-122.938851258056,37.3101405811012,0,"available_crw"
"254026_0",57,"254026_0_crw_057",19,"254026_0_20240413T050000",2024-04-13 05:00:00,-122.876569781139,37.3105300231429,0,"available_crw"
"254026_0",57,"254026_0_crw_057",20,"254026_0_20240413T110000",2024-04-13 11:00:00,-122.896433811987,37.2743177984197,0,"available_crw"
"254026_0",57,"254026_0_crw_057",21,"254026_0_20240413T170000",2024-04-13 17:00:00,-123.020740353014,37.3530739213891,0,"available_crw"
"254026_0",57,"254026_0_crw_057",22,"254026_0_20240413T230000",2024-04-13 23:00:00,-123.043343071525,37.3669936697216,0,"available_crw"
"254026_0",57,"254026_0_crw_057",23,"254026_0_20240414T050000",2024-04-14 05:00:00,-123.122540029807,37.3736771660844,0,"available_crw"
"254026_0",57,"254026_0_crw_057",24,"254026_0_20240414T110000",2024-04-14 11:00:00,-123.035446807295,37.3047109879764,0,"available_crw"
"254026_0",57,"254026_0_crw_057",25,"254026_0_20240414T170000",2024-04-14 17:00:00,-122.871876423873,37.388945279222,0,"available_crw"
"254026_0",57,"254026_0_crw_057",26,"254026_0_20240414T230000",2024-04-14 23:00:00,-122.868632550902,37.4066200761766,0,"available_crw"
"254026_0",57,"254026_0_crw_057",27,"254026_0_20240415T050000",2024-04-15 05:00:00,-122.722640201992,37.3567463479146,0,"available_crw"
"254026_0",57,"254026_0_crw_057",28,"254026_0_20240415T110000",2024-04-15 11:00:00,-122.69626847738,37.3480256067825,0,"available_crw"
"254026_0",57,"254026_0_crw_057",29,"254026_0_20240415T170000",2024-04-15 17:00:00,-122.453645062277,37.2304696441868,0,"available_crw"
"254026_0",57,"254026_0_crw_057",30,"254026_0_20240415T230000",2024-04-15 23:00:00,-122.420697878604,37.2150381676847,0,"available_crw"
"254026_0",58,"254026_0_crw_058",1,"254026_0_20240408T170000",2024-04-08 17:00:00,-122.0637,36.9493,0,"available_crw"
"254026_0",58,"254026_0_crw_058",2,"254026_0_20240408T230000",2024-04-08 23:00:00,-122.04872703058,36.9299402179283,0,"available_crw"
"254026_0",58,"254026_0_crw_058",3,"254026_0_20240409T050000",2024-04-09 05:00:00,-122.025780180612,36.9063788986584,0,"available_crw"
"254026_0",58,"254026_0_crw_058",4,"254026_0_20240409T110000",2024-04-09 11:00:00,-121.867187583809,36.6988921471601,0,"available_crw"
"254026_0",58,"254026_0_crw_058",5,"254026_0_20240409T170000",2024-04-09 17:00:00,-121.834507484864,36.6846542648551,0,"available_crw"
"254026_0",58,"254026_0_crw_058",6,"254026_0_20240409T230000",2024-04-09 23:00:00,-121.814097222135,36.7023364811081,0,"available_crw"
"254026_0",58,"254026_0_crw_058",7,"254026_0_20240410T050000",2024-04-10 05:00:00,-121.798574682938,36.7646547581886,0,"available_crw"
"254026_0",58,"254026_0_crw_058",8,"254026_0_20240410T110000",2024-04-10 11:00:00,-121.791278473206,36.8019913574539,0,"available_crw"
"254026_0",58,"254026_0_crw_058",9,"254026_0_20240410T170000",2024-04-10 17:00:00,-121.787231509846,36.8245442180296,0,"available_crw"
"254026_0",58,"254026_0_crw_058",10,"254026_0_20240410T230000",2024-04-10 23:00:00,-121.80109096455,36.8523149285374,0,"available_crw"
"254026_0",58,"254026_0_crw_058",11,"254026_0_20240411T050000",2024-04-11 05:00:00,-121.793260924833,36.8502905392611,0,"available_crw"
"254026_0",58,"254026_0_crw_058",12,"254026_0_20240411T110000",2024-04-11 11:00:00,-121.832344137242,36.8062952796591,0,"available_crw"
"254026_0",58,"254026_0_crw_058",13,"254026_0_20240411T170000",2024-04-11 17:00:00,-121.834833985813,36.7898484981254,0,"available_crw"
"254026_0",58,"254026_0_crw_058",14,"254026_0_20240411T230000",2024-04-11 23:00:00,-121.832638646526,36.7781842453728,0,"available_crw"
"254026_0",58,"254026_0_crw_058",15,"254026_0_20240412T050000",2024-04-12 05:00:00,-121.814087217572,36.825641333995,0,"available_crw"
"254026_0",58,"254026_0_crw_058",16,"254026_0_20240412T110000",2024-04-12 11:00:00,-121.818063022861,36.8418982387886,0,"available_crw"
"254026_0",58,"254026_0_crw_058",17,"254026_0_20240412T170000",2024-04-12 17:00:00,-121.874452755709,36.7550952354242,0,"available_crw"
"254026_0",58,"254026_0_crw_058",18,"254026_0_20240412T230000",2024-04-12 23:00:00,-121.872831986037,36.7252008834507,0,"available_crw"
"254026_0",58,"254026_0_crw_058",19,"254026_0_20240413T050000",2024-04-13 05:00:00,-121.918505027194,36.7397485622215,0,"available_crw"
"254026_0",58,"254026_0_crw_058",20,"254026_0_20240413T110000",2024-04-13 11:00:00,-121.955275141877,36.7353255073253,0,"available_crw"
"254026_0",58,"254026_0_crw_058",21,"254026_0_20240413T170000",2024-04-13 17:00:00,-121.991214531183,36.7277224990013,0,"available_crw"
"254026_0",58,"254026_0_crw_058",22,"254026_0_20240413T230000",2024-04-13 23:00:00,-122.290450859045,36.6920116795808,0,"available_crw"
"254026_0",58,"254026_0_crw_058",23,"254026_0_20240414T050000",2024-04-14 05:00:00,-122.279723437641,36.7453854070748,0,"available_crw"
"254026_0",58,"254026_0_crw_058",24,"254026_0_20240414T110000",2024-04-14 11:00:00,-122.281236259012,36.7683581175163,0,"available_crw"
"254026_0",58,"254026_0_crw_058",25,"254026_0_20240414T170000",2024-04-14 17:00:00,-122.263421771963,37.011495967516,0,"available_crw"
"254026_0",58,"254026_0_crw_058",26,"254026_0_20240414T230000",2024-04-14 23:00:00,-122.20053361583,36.9920311378407,0,"available_crw"
"254026_0",58,"254026_0_crw_058",27,"254026_0_20240415T050000",2024-04-15 05:00:00,-122.275419265535,36.9878904343903,0,"available_crw"
"254026_0",58,"254026_0_crw_058",28,"254026_0_20240415T110000",2024-04-15 11:00:00,-122.318701016747,36.9832260050148,0,"available_crw"
"254026_0",58,"254026_0_crw_058",29,"254026_0_20240415T170000",2024-04-15 17:00:00,-122.322761808334,36.999485620696,0,"available_crw"
"254026_0",58,"254026_0_crw_058",30,"254026_0_20240415T230000",2024-04-15 23:00:00,-122.332439211477,37.0342332581882,0,"available_crw"
"254026_0",59,"254026_0_crw_059",1,"254026_0_20240408T170000",2024-04-08 17:00:00,-122.0637,36.9493,0,"available_crw"
"254026_0",59,"254026_0_crw_059",2,"254026_0_20240408T230000",2024-04-08 23:00:00,-121.937186075153,36.7279957569188,0,"available_crw"
"254026_0",59,"254026_0_crw_059",3,"254026_0_20240409T050000",2024-04-09 05:00:00,-122.092262106573,36.706231466796,0,"available_crw"
"254026_0",59,"254026_0_crw_059",4,"254026_0_20240409T110000",2024-04-09 11:00:00,-122.088186793499,36.7119704261841,0,"available_crw"
"254026_0",59,"254026_0_crw_059",5,"254026_0_20240409T170000",2024-04-09 17:00:00,-121.912825204719,36.8894825910116,0,"available_crw"
"254026_0",59,"254026_0_crw_059",6,"254026_0_20240409T230000",2024-04-09 23:00:00,-121.885085327367,36.9200144411115,0,"available_crw"
"254026_0",59,"254026_0_crw_059",7,"254026_0_20240410T050000",2024-04-10 05:00:00,-121.939863721707,36.8967833182286,0,"available_crw"
"254026_0",59,"254026_0_crw_059",8,"254026_0_20240410T110000",2024-04-10 11:00:00,-121.980497323424,36.8777261532551,0,"available_crw"
"254026_0",59,"254026_0_crw_059",9,"254026_0_20240410T170000",2024-04-10 17:00:00,-122.041126024378,36.8961460319851,0,"available_crw"
"254026_0",59,"254026_0_crw_059",10,"254026_0_20240410T230000",2024-04-10 23:00:00,-122.311476982371,37.0067701759007,0,"available_crw"
"254026_0",59,"254026_0_crw_059",11,"254026_0_20240411T050000",2024-04-11 05:00:00,-122.346362981882,37.0173524478867,0,"available_crw"
"254026_0",59,"254026_0_crw_059",12,"254026_0_20240411T110000",2024-04-11 11:00:00,-122.339194474697,37.0206173350683,0,"available_crw"
"254026_0",59,"254026_0_crw_059",13,"254026_0_20240411T170000",2024-04-11 17:00:00,-122.302654055352,37.0398285064837,0,"available_crw"
"254026_0",59,"254026_0_crw_059",14,"254026_0_20240411T230000",2024-04-11 23:00:00,-122.285881530218,37.0665622957588,0,"available_crw"
"254026_0",59,"254026_0_crw_059",15,"254026_0_20240412T050000",2024-04-12 05:00:00,-122.308560416175,37.0824567138675,0,"available_crw"
"254026_0",59,"254026_0_crw_059",16,"254026_0_20240412T110000",2024-04-12 11:00:00,-122.33422618984,37.1543634777274,0,"available_crw"
"254026_0",59,"254026_0_crw_059",17,"254026_0_20240412T170000",2024-04-12 17:00:00,-122.364377734854,37.1537368265583,0,"available_crw"
"254026_0",59,"254026_0_crw_059",18,"254026_0_20240412T230000",2024-04-12 23:00:00,-122.366241184414,37.1702519382861,0,"available_crw"
"254026_0",59,"254026_0_crw_059",19,"254026_0_20240413T050000",2024-04-13 05:00:00,-122.413788965565,37.2211738085831,0,"available_crw"
"254026_0",59,"254026_0_crw_059",20,"254026_0_20240413T110000",2024-04-13 11:00:00,-122.425465946018,37.2283840036343,0,"available_crw"
"254026_0",59,"254026_0_crw_059",21,"254026_0_20240413T170000",2024-04-13 17:00:00,-122.449301501942,37.2135683693099,0,"available_crw"
"254026_0",59,"254026_0_crw_059",22,"254026_0_20240413T230000",2024-04-13 23:00:00,-122.65880911107,37.1200279085947,0,"available_crw"
"254026_0",59,"254026_0_crw_059",23,"254026_0_20240414T050000",2024-04-14 05:00:00,-122.672292934074,37.1730056146934,0,"available_crw"
"254026_0",59,"254026_0_crw_059",24,"254026_0_20240414T110000",2024-04-14 11:00:00,-122.697120340288,37.1953852069332,0,"available_crw"
"254026_0",59,"254026_0_crw_059",25,"254026_0_20240414T170000",2024-04-14 17:00:00,-122.720337483997,37.2089603757217,0,"available_crw"
"254026_0",59,"254026_0_crw_059",26,"254026_0_20240414T230000",2024-04-14 23:00:00,-122.597145587755,37.2887204783985,0,"available_crw"
"254026_0",59,"254026_0_crw_059",27,"254026_0_20240415T050000",2024-04-15 05:00:00,-122.57262785074,37.2383320454597,0,"available_crw"
"254026_0",59,"254026_0_crw_059",28,"254026_0_20240415T110000",2024-04-15 11:00:00,-122.494801823425,37.002883992234,0,"available_crw"
"254026_0",59,"254026_0_crw_059",29,"254026_0_20240415T170000",2024-04-15 17:00:00,-122.469701606298,36.8119430321797,0,"available_crw"
"254026_0",59,"254026_0_crw_059",30,"254026_0_20240415T230000",2024-04-15 23:00:00,-122.516454917236,36.8242061838276,0,"available_crw"
"254026_0",60,"254026_0_crw_060",1,"254026_0_20240408T170000",2024-04-08 17:00:00,-122.0637,36.9493,0,"available_crw"
"254026_0",60,"254026_0_crw_060",2,"254026_0_20240408T230000",2024-04-08 23:00:00,-122.04872703058,36.9299402179283,0,"available_crw"
"254026_0",60,"254026_0_crw_060",3,"254026_0_20240409T050000",2024-04-09 05:00:00,-122.022585867621,36.8982500194151,0,"available_crw"
"254026_0",60,"254026_0_crw_060",4,"254026_0_20240409T110000",2024-04-09 11:00:00,-121.884750257993,36.6813951893408,0,"available_crw"
"254026_0",60,"254026_0_crw_060",5,"254026_0_20240409T170000",2024-04-09 17:00:00,-121.853563106512,36.6651389606112,0,"available_crw"
"254026_0",60,"254026_0_crw_060",6,"254026_0_20240409T230000",2024-04-09 23:00:00,-121.8156282721,36.6480191167101,0,"available_crw"
"254026_0",60,"254026_0_crw_060",7,"254026_0_20240410T050000",2024-04-10 05:00:00,-121.823284640057,36.6456453987203,0,"available_crw"
"254026_0",60,"254026_0_crw_060",8,"254026_0_20240410T110000",2024-04-10 11:00:00,-121.840419970257,36.7716170968797,0,"available_crw"
"254026_0",60,"254026_0_crw_060",9,"254026_0_20240410T170000",2024-04-10 17:00:00,-121.862456576191,36.7957243599794,0,"available_crw"
"254026_0",60,"254026_0_crw_060",10,"254026_0_20240410T230000",2024-04-10 23:00:00,-121.935711644839,36.8195973645963,0,"available_crw"
"254026_0",60,"254026_0_crw_060",11,"254026_0_20240411T050000",2024-04-11 05:00:00,-121.900241148525,36.8469855669769,0,"available_crw"
"254026_0",60,"254026_0_crw_060",12,"254026_0_20240411T110000",2024-04-11 11:00:00,-121.889913825365,36.8757341742158,0,"available_crw"
"254026_0",60,"254026_0_crw_060",13,"254026_0_20240411T170000",2024-04-11 17:00:00,-121.880522239581,36.9099438301191,0,"available_crw"
"254026_0",60,"254026_0_crw_060",14,"254026_0_20240411T230000",2024-04-11 23:00:00,-121.906500622661,36.9699830064962,0,"available_crw"
"254026_0",60,"254026_0_crw_060",15,"254026_0_20240412T050000",2024-04-12 05:00:00,-121.913935472571,36.9205957246758,0,"available_crw"
"254026_0",60,"254026_0_crw_060",16,"254026_0_20240412T110000",2024-04-12 11:00:00,-121.934555054498,36.9215265048249,0,"available_crw"
"254026_0",60,"254026_0_crw_060",17,"254026_0_20240412T170000",2024-04-12 17:00:00,-121.880521329065,36.8971958518436,0,"available_crw"
"254026_0",60,"254026_0_crw_060",18,"254026_0_20240412T230000",2024-04-12 23:00:00,-121.859568018992,36.9031860534139,0,"available_crw"
"254026_0",60,"254026_0_crw_060",19,"254026_0_20240413T050000",2024-04-13 05:00:00,-121.845805740978,36.9155295403346,0,"available_crw"
"254026_0",60,"254026_0_crw_060",20,"254026_0_20240413T110000",2024-04-13 11:00:00,-121.841069970957,36.9316552580297,0,"available_crw"
"254026_0",60,"254026_0_crw_060",21,"254026_0_20240413T170000",2024-04-13 17:00:00,-121.825779271787,36.8727105925974,0,"available_crw"
"254026_0",60,"254026_0_crw_060",22,"254026_0_20240413T230000",2024-04-13 23:00:00,-121.810492934637,36.6463404986199,0,"available_crw"
"254026_0",60,"254026_0_crw_060",23,"254026_0_20240414T050000",2024-04-14 05:00:00,-121.817080366028,36.6502802982097,0,"available_crw"
"254026_0",60,"254026_0_crw_060",24,"254026_0_20240414T110000",2024-04-14 11:00:00,-121.809110620197,36.651848489534,0,"available_crw"
"254026_0",60,"254026_0_crw_060",25,"254026_0_20240414T170000",2024-04-14 17:00:00,-121.869435028518,36.662458634296,0,"available_crw"
"254026_0",60,"254026_0_crw_060",26,"254026_0_20240414T230000",2024-04-14 23:00:00,-121.943880566826,36.6414405533891,0,"available_crw"
"254026_0",60,"254026_0_crw_060",27,"254026_0_20240415T050000",2024-04-15 05:00:00,-121.970439988407,36.6336215335553,0,"available_crw"
"254026_0",60,"254026_0_crw_060",28,"254026_0_20240415T110000",2024-04-15 11:00:00,-121.978391471845,36.6169471032429,0,"available_crw"
"254026_0",60,"254026_0_crw_060",29,"254026_0_20240415T170000",2024-04-15 17:00:00,-122.117269114862,36.4198734143265,0,"available_crw"
"254026_0",60,"254026_0_crw_060",30,"254026_0_20240415T230000",2024-04-15 23:00:00,-122.066431365307,36.4479408692465,0,"available_crw"
"254026_0",61,"254026_0_crw_061",1,"254026_0_20240408T170000",2024-04-08 17:00:00,-122.0637,36.9493,0,"available_crw"
"254026_0",61,"254026_0_crw_061",2,"254026_0_20240408T230000",2024-04-08 23:00:00,-122.03804893492,36.9173492559836,0,"available_crw"
"254026_0",61,"254026_0_crw_061",3,"254026_0_20240409T050000",2024-04-09 05:00:00,-122.022380447849,36.8983509261761,0,"available_crw"
"254026_0",61,"254026_0_crw_061",4,"254026_0_20240409T110000",2024-04-09 11:00:00,-122.171749634737,36.8576012916171,0,"available_crw"
"254026_0",61,"254026_0_crw_061",5,"254026_0_20240409T170000",2024-04-09 17:00:00,-122.196237965508,36.8350603244891,0,"available_crw"
"254026_0",61,"254026_0_crw_061",6,"254026_0_20240409T230000",2024-04-09 23:00:00,-122.222727739492,36.8072426598196,0,"available_crw"
"254026_0",61,"254026_0_crw_061",7,"254026_0_20240410T050000",2024-04-10 05:00:00,-122.242005156905,36.7816626064663,0,"available_crw"
"254026_0",61,"254026_0_crw_061",8,"254026_0_20240410T110000",2024-04-10 11:00:00,-122.262135939398,36.7505965190662,0,"available_crw"
"254026_0",61,"254026_0_crw_061",9,"254026_0_20240410T170000",2024-04-10 17:00:00,-122.275648747616,36.72273167045,0,"available_crw"
"254026_0",61,"254026_0_crw_061",10,"254026_0_20240410T230000",2024-04-10 23:00:00,-122.170170329823,36.7715943812706,0,"available_crw"
"254026_0",61,"254026_0_crw_061",11,"254026_0_20240411T050000",2024-04-11 05:00:00,-122.151543284754,36.7974976018612,0,"available_crw"
"254026_0",61,"254026_0_crw_061",12,"254026_0_20240411T110000",2024-04-11 11:00:00,-122.13650040164,36.8248540610717,0,"available_crw"
"254026_0",61,"254026_0_crw_061",13,"254026_0_20240411T170000",2024-04-11 17:00:00,-122.244579880943,36.7797041460372,0,"available_crw"
"254026_0",61,"254026_0_crw_061",14,"254026_0_20240411T230000",2024-04-11 23:00:00,-122.279225814276,36.9033393038055,0,"available_crw"
"254026_0",61,"254026_0_crw_061",15,"254026_0_20240412T050000",2024-04-12 05:00:00,-122.233356960275,36.8557152573614,0,"available_crw"
"254026_0",61,"254026_0_crw_061",16,"254026_0_20240412T110000",2024-04-12 11:00:00,-122.215729733527,36.8378658809485,0,"available_crw"
"254026_0",61,"254026_0_crw_061",17,"254026_0_20240412T170000",2024-04-12 17:00:00,-122.187451029775,36.8104649933756,0,"available_crw"
"254026_0",61,"254026_0_crw_061",18,"254026_0_20240412T230000",2024-04-12 23:00:00,-122.176469935803,36.7361992521272,0,"available_crw"
"254026_0",61,"254026_0_crw_061",19,"254026_0_20240413T050000",2024-04-13 05:00:00,-122.21594437048,36.7873577461791,0,"available_crw"
"254026_0",61,"254026_0_crw_061",20,"254026_0_20240413T110000",2024-04-13 11:00:00,-122.397943603844,36.7353229465686,0,"available_crw"
"254026_0",61,"254026_0_crw_061",21,"254026_0_20240413T170000",2024-04-13 17:00:00,-122.632127403148,36.6989596420216,0,"available_crw"
"254026_0",61,"254026_0_crw_061",22,"254026_0_20240413T230000",2024-04-13 23:00:00,-122.636666123195,36.5435867715646,0,"available_crw"
"254026_0",61,"254026_0_crw_061",23,"254026_0_20240414T050000",2024-04-14 05:00:00,-122.687760385489,36.5117836255178,0,"available_crw"
"254026_0",61,"254026_0_crw_061",24,"254026_0_20240414T110000",2024-04-14 11:00:00,-122.65351721291,36.5652910563771,0,"available_crw"
"254026_0",61,"254026_0_crw_061",25,"254026_0_20240414T170000",2024-04-14 17:00:00,-122.650532250406,36.5768418047949,0,"available_crw"
"254026_0",61,"254026_0_crw_061",26,"254026_0_20240414T230000",2024-04-14 23:00:00,-122.744166165554,36.5145001472657,0,"available_crw"
"254026_0",61,"254026_0_crw_061",27,"254026_0_20240415T050000",2024-04-15 05:00:00,-122.622830119851,36.5158598128894,0,"available_crw"
"254026_0",61,"254026_0_crw_061",28,"254026_0_20240415T110000",2024-04-15 11:00:00,-122.387352523152,36.4888679586039,0,"available_crw"
"254026_0",61,"254026_0_crw_061",29,"254026_0_20240415T170000",2024-04-15 17:00:00,-122.343577061851,36.4845859689122,0,"available_crw"
"254026_0",61,"254026_0_crw_061",30,"254026_0_20240415T230000",2024-04-15 23:00:00,-122.368801059688,36.4506974985883,0,"available_crw"
"254026_0",62,"254026_0_crw_062",1,"254026_0_20240408T170000",2024-04-08 17:00:00,-122.0637,36.9493,0,"available_crw"
"254026_0",62,"254026_0_crw_062",2,"254026_0_20240408T230000",2024-04-08 23:00:00,-122.041116949982,36.9255096380072,0,"available_crw"
"254026_0",62,"254026_0_crw_062",3,"254026_0_20240409T050000",2024-04-09 05:00:00,-122.015477988915,36.9038124605233,0,"available_crw"
"254026_0",62,"254026_0_crw_062",4,"254026_0_20240409T110000",2024-04-09 11:00:00,-121.981911685553,36.8770178624074,0,"available_crw"
"254026_0",62,"254026_0_crw_062",5,"254026_0_20240409T170000",2024-04-09 17:00:00,-121.995496704933,36.8645344901764,0,"available_crw"
"254026_0",62,"254026_0_crw_062",6,"254026_0_20240409T230000",2024-04-09 23:00:00,-121.875478636337,36.8816734656141,0,"available_crw"
"254026_0",62,"254026_0_crw_062",7,"254026_0_20240410T050000",2024-04-10 05:00:00,-121.873152286702,36.9057423429884,0,"available_crw"
"254026_0",62,"254026_0_crw_062",8,"254026_0_20240410T110000",2024-04-10 11:00:00,-121.875983288989,36.9173182534783,0,"available_crw"
"254026_0",62,"254026_0_crw_062",9,"254026_0_20240410T170000",2024-04-10 17:00:00,-121.887073503421,36.945871462312,0,"available_crw"
"254026_0",62,"254026_0_crw_062",10,"254026_0_20240410T230000",2024-04-10 23:00:00,-121.901210399811,36.965881488633,0,"available_crw"
"254026_0",62,"254026_0_crw_062",11,"254026_0_20240411T050000",2024-04-11 05:00:00,-121.920629742781,36.8691961237727,0,"available_crw"
"254026_0",62,"254026_0_crw_062",12,"254026_0_20240411T110000",2024-04-11 11:00:00,-121.924785144578,36.8466552045571,0,"available_crw"
"254026_0",62,"254026_0_crw_062",13,"254026_0_20240411T170000",2024-04-11 17:00:00,-121.922964792728,36.8349490023709,0,"available_crw"
"254026_0",62,"254026_0_crw_062",14,"254026_0_20240411T230000",2024-04-11 23:00:00,-121.900470813916,36.811109248935,0,"available_crw"
"254026_0",62,"254026_0_crw_062",15,"254026_0_20240412T050000",2024-04-12 05:00:00,-121.893521448231,36.7365332220777,0,"available_crw"
"254026_0",62,"254026_0_crw_062",16,"254026_0_20240412T110000",2024-04-12 11:00:00,-121.886758593456,36.7071227112462,0,"available_crw"
"254026_0",62,"254026_0_crw_062",17,"254026_0_20240412T170000",2024-04-12 17:00:00,-121.881257003519,36.6847702157019,0,"available_crw"
"254026_0",62,"254026_0_crw_062",18,"254026_0_20240412T230000",2024-04-12 23:00:00,-121.85133148335,36.6833888294858,0,"available_crw"
"254026_0",62,"254026_0_crw_062",19,"254026_0_20240413T050000",2024-04-13 05:00:00,-121.873903972013,36.6482825924301,0,"available_crw"
"254026_0",62,"254026_0_crw_062",20,"254026_0_20240413T110000",2024-04-13 11:00:00,-121.990581779892,36.7333143507964,0,"available_crw"
"254026_0",62,"254026_0_crw_062",21,"254026_0_20240413T170000",2024-04-13 17:00:00,-122.003693362775,36.7385885109679,0,"available_crw"
"254026_0",62,"254026_0_crw_062",22,"254026_0_20240413T230000",2024-04-13 23:00:00,-122.040802203953,36.7367483008656,0,"available_crw"
"254026_0",62,"254026_0_crw_062",23,"254026_0_20240414T050000",2024-04-14 05:00:00,-122.121833883232,36.7733786429569,0,"available_crw"
"254026_0",62,"254026_0_crw_062",24,"254026_0_20240414T110000",2024-04-14 11:00:00,-122.13607929595,36.7761825427295,0,"available_crw"
"254026_0",62,"254026_0_crw_062",25,"254026_0_20240414T170000",2024-04-14 17:00:00,-122.061984500675,36.6984903824283,0,"available_crw"
"254026_0",62,"254026_0_crw_062",26,"254026_0_20240414T230000",2024-04-14 23:00:00,-122.034384554447,36.7079232241575,0,"available_crw"
"254026_0",62,"254026_0_crw_062",27,"254026_0_20240415T050000",2024-04-15 05:00:00,-122.096086947002,36.7105654026154,0,"available_crw"
"254026_0",62,"254026_0_crw_062",28,"254026_0_20240415T110000",2024-04-15 11:00:00,-122.143288496291,36.7114365185588,0,"available_crw"
"254026_0",62,"254026_0_crw_062",29,"254026_0_20240415T170000",2024-04-15 17:00:00,-122.050209091451,36.6484137919632,0,"available_crw"
"254026_0",62,"254026_0_crw_062",30,"254026_0_20240415T230000",2024-04-15 23:00:00,-122.028301028789,36.6511504101109,0,"available_crw"
"254026_0",63,"254026_0_crw_063",1,"254026_0_20240408T170000",2024-04-08 17:00:00,-122.0637,36.9493,0,"available_crw"
"254026_0",63,"254026_0_crw_063",2,"254026_0_20240408T230000",2024-04-08 23:00:00,-122.031043274964,36.9348689984628,0,"available_crw"
"254026_0",63,"254026_0_crw_063",3,"254026_0_20240409T050000",2024-04-09 05:00:00,-121.783708159802,36.794093762157,0,"available_crw"
"254026_0",63,"254026_0_crw_063",4,"254026_0_20240409T110000",2024-04-09 11:00:00,-121.769910878621,36.7900900519032,0,"available_crw"
"254026_0",63,"254026_0_crw_063",5,"254026_0_20240409T170000",2024-04-09 17:00:00,-121.844459428738,36.7846118521457,0,"available_crw"
"254026_0",63,"254026_0_crw_063",6,"254026_0_20240409T230000",2024-04-09 23:00:00,-121.888434373054,36.780573768014,0,"available_crw"
"254026_0",63,"254026_0_crw_063",7,"254026_0_20240410T050000",2024-04-10 05:00:00,-121.901034597009,36.765865327481,0,"available_crw"
"254026_0",63,"254026_0_crw_063",8,"254026_0_20240410T110000",2024-04-10 11:00:00,-121.925328180818,36.7361100668171,0,"available_crw"
"254026_0",63,"254026_0_crw_063",9,"254026_0_20240410T170000",2024-04-10 17:00:00,-122.084854663738,36.5934718197781,0,"available_crw"
"254026_0",63,"254026_0_crw_063",10,"254026_0_20240410T230000",2024-04-10 23:00:00,-122.111771491298,36.5659735057969,0,"available_crw"
"254026_0",63,"254026_0_crw_063",11,"254026_0_20240411T050000",2024-04-11 05:00:00,-122.138340302718,36.5375440620593,0,"available_crw"
"254026_0",63,"254026_0_crw_063",12,"254026_0_20240411T110000",2024-04-11 11:00:00,-122.16060172149,36.5128528305558,0,"available_crw"
"254026_0",63,"254026_0_crw_063",13,"254026_0_20240411T170000",2024-04-11 17:00:00,-122.032902283667,36.3966192451261,0,"available_crw"
"254026_0",63,"254026_0_crw_063",14,"254026_0_20240411T230000",2024-04-11 23:00:00,-122.002982850631,36.3704946851742,0,"available_crw"
"254026_0",63,"254026_0_crw_063",15,"254026_0_20240412T050000",2024-04-12 05:00:00,-122.071960662708,36.3931952803894,0,"available_crw"
"254026_0",63,"254026_0_crw_063",16,"254026_0_20240412T110000",2024-04-12 11:00:00,-122.090638596619,36.4430321018695,0,"available_crw"
"254026_0",63,"254026_0_crw_063",17,"254026_0_20240412T170000",2024-04-12 17:00:00,-122.135737376346,36.3521238289416,0,"available_crw"
"254026_0",63,"254026_0_crw_063",18,"254026_0_20240412T230000",2024-04-12 23:00:00,-122.151205590241,36.3187890222939,0,"available_crw"
"254026_0",63,"254026_0_crw_063",19,"254026_0_20240413T050000",2024-04-13 05:00:00,-122.163786439521,36.2852648322371,0,"available_crw"
"254026_0",63,"254026_0_crw_063",20,"254026_0_20240413T110000",2024-04-13 11:00:00,-122.175634960456,36.250974657814,0,"available_crw"
"254026_0",63,"254026_0_crw_063",21,"254026_0_20240413T170000",2024-04-13 17:00:00,-122.213191695226,36.2762426995816,0,"available_crw"
"254026_0",63,"254026_0_crw_063",22,"254026_0_20240413T230000",2024-04-13 23:00:00,-122.250196298148,36.2996475025778,0,"available_crw"
"254026_0",63,"254026_0_crw_063",23,"254026_0_20240414T050000",2024-04-14 05:00:00,-122.125375539719,36.3762306717588,0,"available_crw"
"254026_0",63,"254026_0_crw_063",24,"254026_0_20240414T110000",2024-04-14 11:00:00,-122.114351844302,36.3377086986803,0,"available_crw"
"254026_0",63,"254026_0_crw_063",25,"254026_0_20240414T170000",2024-04-14 17:00:00,-122.105231012615,36.3080768644769,0,"available_crw"
"254026_0",63,"254026_0_crw_063",26,"254026_0_20240414T230000",2024-04-14 23:00:00,-122.124755552495,36.3030476946954,0,"available_crw"
"254026_0",63,"254026_0_crw_063",27,"254026_0_20240415T050000",2024-04-15 05:00:00,-122.165069438703,36.2902958627081,0,"available_crw"
"254026_0",63,"254026_0_crw_063",28,"254026_0_20240415T110000",2024-04-15 11:00:00,-122.161500524953,36.2663242974406,0,"available_crw"
"254026_0",63,"254026_0_crw_063",29,"254026_0_20240415T170000",2024-04-15 17:00:00,-122.097601500603,36.3495058519549,0,"available_crw"
"254026_0",63,"254026_0_crw_063",30,"254026_0_20240415T230000",2024-04-15 23:00:00,-122.070274411572,36.3167253388358,0,"available_crw"
"254026_0",64,"254026_0_crw_064",1,"254026_0_20240408T170000",2024-04-08 17:00:00,-122.0637,36.9493,0,"available_crw"
"254026_0",64,"254026_0_crw_064",2,"254026_0_20240408T230000",2024-04-08 23:00:00,-122.12603374735,36.9828221901849,0,"available_crw"
"254026_0",64,"254026_0_crw_064",3,"254026_0_20240409T050000",2024-04-09 05:00:00,-122.358366255759,37.1398200378235,0,"available_crw"
"254026_0",64,"254026_0_crw_064",4,"254026_0_20240409T110000",2024-04-09 11:00:00,-122.516511050078,37.2842571900308,0,"available_crw"
"254026_0",64,"254026_0_crw_064",5,"254026_0_20240409T170000",2024-04-09 17:00:00,-122.528867512244,37.2907153568334,0,"available_crw"
"254026_0",64,"254026_0_crw_064",6,"254026_0_20240409T230000",2024-04-09 23:00:00,-122.542940080207,37.2942889180783,0,"available_crw"
"254026_0",64,"254026_0_crw_064",7,"254026_0_20240410T050000",2024-04-10 05:00:00,-122.585702323031,37.3043162399374,0,"available_crw"
"254026_0",64,"254026_0_crw_064",8,"254026_0_20240410T110000",2024-04-10 11:00:00,-122.628493928216,37.3119941946418,0,"available_crw"
"254026_0",64,"254026_0_crw_064",9,"254026_0_20240410T170000",2024-04-10 17:00:00,-122.710515123994,37.1711074580329,0,"available_crw"
"254026_0",64,"254026_0_crw_064",10,"254026_0_20240410T230000",2024-04-10 23:00:00,-122.687211938308,37.1557759514704,0,"available_crw"
"254026_0",64,"254026_0_crw_064",11,"254026_0_20240411T050000",2024-04-11 05:00:00,-122.664997469226,37.1415250475467,0,"available_crw"
"254026_0",64,"254026_0_crw_064",12,"254026_0_20240411T110000",2024-04-11 11:00:00,-122.738095574031,37.1557376426669,0,"available_crw"
"254026_0",64,"254026_0_crw_064",13,"254026_0_20240411T170000",2024-04-11 17:00:00,-122.82295289932,37.0159916330834,0,"available_crw"
"254026_0",64,"254026_0_crw_064",14,"254026_0_20240411T230000",2024-04-11 23:00:00,-122.774063805798,37.04663251331,0,"available_crw"
"254026_0",64,"254026_0_crw_064",15,"254026_0_20240412T050000",2024-04-12 05:00:00,-122.751880759917,37.0608875510349,0,"available_crw"
"254026_0",64,"254026_0_crw_064",16,"254026_0_20240412T110000",2024-04-12 11:00:00,-122.506674091538,37.1742093056619,0,"available_crw"
"254026_0",64,"254026_0_crw_064",17,"254026_0_20240412T170000",2024-04-12 17:00:00,-122.476472587476,37.191836423239,0,"available_crw"
"254026_0",64,"254026_0_crw_064",18,"254026_0_20240412T230000",2024-04-12 23:00:00,-122.554887604918,37.3340347679538,0,"available_crw"
"254026_0",64,"254026_0_crw_064",19,"254026_0_20240413T050000",2024-04-13 05:00:00,-122.398100317494,37.3537739100356,0,"available_crw"
"254026_0",64,"254026_0_crw_064",20,"254026_0_20240413T110000",2024-04-13 11:00:00,-122.386177526217,37.3688903784563,0,"available_crw"
"254026_0",64,"254026_0_crw_064",21,"254026_0_20240413T170000",2024-04-13 17:00:00,-122.392610318673,37.3859995198782,0,"available_crw"
"254026_0",64,"254026_0_crw_064",22,"254026_0_20240413T230000",2024-04-13 23:00:00,-122.40637462526,37.4198654691025,0,"available_crw"
"254026_0",64,"254026_0_crw_064",23,"254026_0_20240414T050000",2024-04-14 05:00:00,-122.426971640363,37.4268816976243,0,"available_crw"
"254026_0",64,"254026_0_crw_064",24,"254026_0_20240414T110000",2024-04-14 11:00:00,-122.419598245363,37.4299015017253,0,"available_crw"
"254026_0",64,"254026_0_crw_064",25,"254026_0_20240414T170000",2024-04-14 17:00:00,-122.385582992198,37.3061203179637,0,"available_crw"
"254026_0",64,"254026_0_crw_064",26,"254026_0_20240414T230000",2024-04-14 23:00:00,-122.370564932641,37.1145065010805,0,"available_crw"
"254026_0",64,"254026_0_crw_064",27,"254026_0_20240415T050000",2024-04-15 05:00:00,-122.324883359598,37.0625385939059,0,"available_crw"
"254026_0",64,"254026_0_crw_064",28,"254026_0_20240415T110000",2024-04-15 11:00:00,-122.30271421743,37.060680840257,0,"available_crw"
"254026_0",64,"254026_0_crw_064",29,"254026_0_20240415T170000",2024-04-15 17:00:00,-122.255417127993,37.0578363002198,0,"available_crw"
"254026_0",64,"254026_0_crw_064",30,"254026_0_20240415T230000",2024-04-15 23:00:00,-122.236569402993,37.064645649227,0,"available_crw"
"254026_0",65,"254026_0_crw_065",1,"254026_0_20240408T170000",2024-04-08 17:00:00,-122.0637,36.9493,0,"available_crw"
"254026_0",65,"254026_0_crw_065",2,"254026_0_20240408T230000",2024-04-08 23:00:00,-122.085785384138,36.9003437002195,0,"available_crw"
"254026_0",65,"254026_0_crw_065",3,"254026_0_20240409T050000",2024-04-09 05:00:00,-122.075006402765,36.8847186654951,0,"available_crw"
"254026_0",65,"254026_0_crw_065",4,"254026_0_20240409T110000",2024-04-09 11:00:00,-122.227894443522,36.8535591394452,0,"available_crw"
"254026_0",65,"254026_0_crw_065",5,"254026_0_20240409T170000",2024-04-09 17:00:00,-122.25528210903,36.8476554658835,0,"available_crw"
"254026_0",65,"254026_0_crw_065",6,"254026_0_20240409T230000",2024-04-09 23:00:00,-122.251848552415,36.8536628169655,0,"available_crw"
"254026_0",65,"254026_0_crw_065",7,"254026_0_20240410T050000",2024-04-10 05:00:00,-122.245677878717,36.8761265638208,0,"available_crw"
"254026_0",65,"254026_0_crw_065",8,"254026_0_20240410T110000",2024-04-10 11:00:00,-122.239021274937,36.910749931652,0,"available_crw"
"254026_0",65,"254026_0_crw_065",9,"254026_0_20240410T170000",2024-04-10 17:00:00,-122.233213101077,36.9460469682198,0,"available_crw"
"254026_0",65,"254026_0_crw_065",10,"254026_0_20240410T230000",2024-04-10 23:00:00,-122.24062927128,36.9615100965833,0,"available_crw"
"254026_0",65,"254026_0_crw_065",11,"254026_0_20240411T050000",2024-04-11 05:00:00,-122.25747984627,36.9944469678759,0,"available_crw"
"254026_0",65,"254026_0_crw_065",12,"254026_0_20240411T110000",2024-04-11 11:00:00,-122.190292449372,36.9987758744391,0,"available_crw"
"254026_0",65,"254026_0_crw_065",13,"254026_0_20240411T170000",2024-04-11 17:00:00,-122.218299723067,36.8740568551964,0,"available_crw"
"254026_0",65,"254026_0_crw_065",14,"254026_0_20240411T230000",2024-04-11 23:00:00,-122.222971344548,36.8515800260593,0,"available_crw"
"254026_0",65,"254026_0_crw_065",15,"254026_0_20240412T050000",2024-04-12 05:00:00,-122.216226933628,36.8359224816522,0,"available_crw"
"254026_0",65,"254026_0_crw_065",16,"254026_0_20240412T110000",2024-04-12 11:00:00,-122.198996505859,36.8007547732581,0,"available_crw"
"254026_0",65,"254026_0_crw_065",17,"254026_0_20240412T170000",2024-04-12 17:00:00,-122.181713224326,36.7742698369973,0,"available_crw"
"254026_0",65,"254026_0_crw_065",18,"254026_0_20240412T230000",2024-04-12 23:00:00,-122.189751326174,36.7756444749378,0,"available_crw"
"254026_0",65,"254026_0_crw_065",19,"254026_0_20240413T050000",2024-04-13 05:00:00,-122.1833025527,36.779742253619,0,"available_crw"
"254026_0",65,"254026_0_crw_065",20,"254026_0_20240413T110000",2024-04-13 11:00:00,-122.120169851931,36.7682573915626,0,"available_crw"
"254026_0",65,"254026_0_crw_065",21,"254026_0_20240413T170000",2024-04-13 17:00:00,-122.076808520811,36.7611487622381,0,"available_crw"
"254026_0",65,"254026_0_crw_065",22,"254026_0_20240413T230000",2024-04-13 23:00:00,-122.048219896524,36.7614253451047,0,"available_crw"
"254026_0",65,"254026_0_crw_065",23,"254026_0_20240414T050000",2024-04-14 05:00:00,-122.00694431126,36.7213287016302,0,"available_crw"
"254026_0",65,"254026_0_crw_065",24,"254026_0_20240414T110000",2024-04-14 11:00:00,-121.97577394488,36.6927792561625,0,"available_crw"
"254026_0",65,"254026_0_crw_065",25,"254026_0_20240414T170000",2024-04-14 17:00:00,-121.950278810298,36.6701811449462,0,"available_crw"
"254026_0",65,"254026_0_crw_065",26,"254026_0_20240414T230000",2024-04-14 23:00:00,-121.964597547663,36.6582684277781,0,"available_crw"
"254026_0",65,"254026_0_crw_065",27,"254026_0_20240415T050000",2024-04-15 05:00:00,-121.979659140692,36.6387262963799,0,"available_crw"
"254026_0",65,"254026_0_crw_065",28,"254026_0_20240415T110000",2024-04-15 11:00:00,-121.994265691954,36.6192148671952,0,"available_crw"
"254026_0",65,"254026_0_crw_065",29,"254026_0_20240415T170000",2024-04-15 17:00:00,-122.013280318005,36.5928069911816,0,"available_crw"
"254026_0",65,"254026_0_crw_065",30,"254026_0_20240415T230000",2024-04-15 23:00:00,-122.058307910234,36.6328759280543,0,"available_crw"
"254026_0",66,"254026_0_crw_066",1,"254026_0_20240408T170000",2024-04-08 17:00:00,-122.0637,36.9493,0,"available_crw"
"254026_0",66,"254026_0_crw_066",2,"254026_0_20240408T230000",2024-04-08 23:00:00,-122.066585972615,36.874549838707,0,"available_crw"
"254026_0",66,"254026_0_crw_066",3,"254026_0_20240409T050000",2024-04-09 05:00:00,-122.130042671187,36.8925648285941,0,"available_crw"
"254026_0",66,"254026_0_crw_066",4,"254026_0_20240409T110000",2024-04-09 11:00:00,-122.379390158125,36.999077791565,0,"available_crw"
"254026_0",66,"254026_0_crw_066",5,"254026_0_20240409T170000",2024-04-09 17:00:00,-122.571560337004,37.1137129816479,0,"available_crw"
"254026_0",66,"254026_0_crw_066",6,"254026_0_20240409T230000",2024-04-09 23:00:00,-122.595011432345,37.0985443009385,0,"available_crw"
"254026_0",66,"254026_0_crw_066",7,"254026_0_20240410T050000",2024-04-10 05:00:00,-122.624252644507,37.0789578140005,0,"available_crw"
"254026_0",66,"254026_0_crw_066",8,"254026_0_20240410T110000",2024-04-10 11:00:00,-122.637037967355,37.0508420311065,0,"available_crw"
"254026_0",66,"254026_0_crw_066",9,"254026_0_20240410T170000",2024-04-10 17:00:00,-122.532510138624,37.1016151406721,0,"available_crw"
"254026_0",66,"254026_0_crw_066",10,"254026_0_20240410T230000",2024-04-10 23:00:00,-122.528671121021,37.1192123359852,0,"available_crw"
"254026_0",66,"254026_0_crw_066",11,"254026_0_20240411T050000",2024-04-11 05:00:00,-122.385010194546,37.0661447301056,0,"available_crw"
"254026_0",66,"254026_0_crw_066",12,"254026_0_20240411T110000",2024-04-11 11:00:00,-122.125458494305,36.9397191408116,0,"available_crw"
"254026_0",66,"254026_0_crw_066",13,"254026_0_20240411T170000",2024-04-11 17:00:00,-122.104238869134,36.945103251823,0,"available_crw"
"254026_0",66,"254026_0_crw_066",14,"254026_0_20240411T230000",2024-04-11 23:00:00,-122.109868109081,36.9058257746993,0,"available_crw"
"254026_0",66,"254026_0_crw_066",15,"254026_0_20240412T050000",2024-04-12 05:00:00,-122.177652123593,36.6684485328871,0,"available_crw"
"254026_0",66,"254026_0_crw_066",16,"254026_0_20240412T110000",2024-04-12 11:00:00,-122.172099812141,36.6524940739971,0,"available_crw"
"254026_0",66,"254026_0_crw_066",17,"254026_0_20240412T170000",2024-04-12 17:00:00,-122.199562957091,36.5810545041522,0,"available_crw"
"254026_0",66,"254026_0_crw_066",18,"254026_0_20240412T230000",2024-04-12 23:00:00,-122.202039323576,36.5581360035151,0,"available_crw"
"254026_0",66,"254026_0_crw_066",19,"254026_0_20240413T050000",2024-04-13 05:00:00,-122.193818854992,36.5429512249218,0,"available_crw"
"254026_0",66,"254026_0_crw_066",20,"254026_0_20240413T110000",2024-04-13 11:00:00,-122.212087338617,36.5353551061011,0,"available_crw"
"254026_0",66,"254026_0_crw_066",21,"254026_0_20240413T170000",2024-04-13 17:00:00,-122.304332513786,36.5426449459871,0,"available_crw"
"254026_0",66,"254026_0_crw_066",22,"254026_0_20240413T230000",2024-04-13 23:00:00,-122.251844236323,36.5165494936585,0,"available_crw"
"254026_0",66,"254026_0_crw_066",23,"254026_0_20240414T050000",2024-04-14 05:00:00,-122.218386291709,36.5036921840084,0,"available_crw"
"254026_0",66,"254026_0_crw_066",24,"254026_0_20240414T110000",2024-04-14 11:00:00,-122.3197272331,36.4069391043356,0,"available_crw"
"254026_0",66,"254026_0_crw_066",25,"254026_0_20240414T170000",2024-04-14 17:00:00,-122.408233602347,36.3851535020726,0,"available_crw"
"254026_0",66,"254026_0_crw_066",26,"254026_0_20240414T230000",2024-04-14 23:00:00,-122.422586481422,36.3733256686515,0,"available_crw"
"254026_0",66,"254026_0_crw_066",27,"254026_0_20240415T050000",2024-04-15 05:00:00,-122.448570462406,36.3511688164076,0,"available_crw"
"254026_0",66,"254026_0_crw_066",28,"254026_0_20240415T110000",2024-04-15 11:00:00,-122.463321915819,36.3314991168005,0,"available_crw"
"254026_0",66,"254026_0_crw_066",29,"254026_0_20240415T170000",2024-04-15 17:00:00,-122.482347839605,36.3051258396583,0,"available_crw"
"254026_0",66,"254026_0_crw_066",30,"254026_0_20240415T230000",2024-04-15 23:00:00,-122.501722182086,36.2737941566678,0,"available_crw"
"254026_0",67,"254026_0_crw_067",1,"254026_0_20240408T170000",2024-04-08 17:00:00,-122.0637,36.9493,0,"available_crw"
"254026_0",67,"254026_0_crw_067",2,"254026_0_20240408T230000",2024-04-08 23:00:00,-122.038809429567,36.9205246392105,0,"available_crw"
"254026_0",67,"254026_0_crw_067",3,"254026_0_20240409T050000",2024-04-09 05:00:00,-122.020368577528,36.913090486844,0,"available_crw"
"254026_0",67,"254026_0_crw_067",4,"254026_0_20240409T110000",2024-04-09 11:00:00,-122.058493206672,36.8880783462572,0,"available_crw"
"254026_0",67,"254026_0_crw_067",5,"254026_0_20240409T170000",2024-04-09 17:00:00,-122.066956910354,36.8784369983277,0,"available_crw"
"254026_0",67,"254026_0_crw_067",6,"254026_0_20240409T230000",2024-04-09 23:00:00,-122.131626894908,36.8749828770473,0,"available_crw"
"254026_0",67,"254026_0_crw_067",7,"254026_0_20240410T050000",2024-04-10 05:00:00,-122.126805185065,36.8803397009009,0,"available_crw"
"254026_0",67,"254026_0_crw_067",8,"254026_0_20240410T110000",2024-04-10 11:00:00,-122.105043921794,36.9053764278885,0,"available_crw"
"254026_0",67,"254026_0_crw_067",9,"254026_0_20240410T170000",2024-04-10 17:00:00,-122.087138661629,36.9316050555564,0,"available_crw"
"254026_0",67,"254026_0_crw_067",10,"254026_0_20240410T230000",2024-04-10 23:00:00,-122.068430864101,36.9245770209194,0,"available_crw"
"254026_0",67,"254026_0_crw_067",11,"254026_0_20240411T050000",2024-04-11 05:00:00,-122.027873223183,36.9101885146378,0,"available_crw"
"254026_0",67,"254026_0_crw_067",12,"254026_0_20240411T110000",2024-04-11 11:00:00,-121.949434879888,36.9187166597171,0,"available_crw"
"254026_0",67,"254026_0_crw_067",13,"254026_0_20240411T170000",2024-04-11 17:00:00,-121.865195874098,36.8868455907778,0,"available_crw"
"254026_0",67,"254026_0_crw_067",14,"254026_0_20240411T230000",2024-04-11 23:00:00,-121.828076061722,36.8893514984486,0,"available_crw"
"254026_0",67,"254026_0_crw_067",15,"254026_0_20240412T050000",2024-04-12 05:00:00,-121.885806562264,36.9073757844825,0,"available_crw"
"254026_0",67,"254026_0_crw_067",16,"254026_0_20240412T110000",2024-04-12 11:00:00,-121.921781906436,36.915122672359,0,"available_crw"
"254026_0",67,"254026_0_crw_067",17,"254026_0_20240412T170000",2024-04-12 17:00:00,-121.964854929117,36.9235732522882,0,"available_crw"
"254026_0",67,"254026_0_crw_067",18,"254026_0_20240412T230000",2024-04-12 23:00:00,-122.250011731017,37.0069836826559,0,"available_crw"
"254026_0",67,"254026_0_crw_067",19,"254026_0_20240413T050000",2024-04-13 05:00:00,-122.327622335732,36.994132492273,0,"available_crw"
"254026_0",67,"254026_0_crw_067",20,"254026_0_20240413T110000",2024-04-13 11:00:00,-122.370876337905,36.9861486859839,0,"available_crw"
"254026_0",67,"254026_0_crw_067",21,"254026_0_20240413T170000",2024-04-13 17:00:00,-122.42730290212,36.9415398035589,0,"available_crw"
"254026_0",67,"254026_0_crw_067",22,"254026_0_20240413T230000",2024-04-13 23:00:00,-122.305908903489,36.9514858199768,0,"available_crw"
"254026_0",67,"254026_0_crw_067",23,"254026_0_20240414T050000",2024-04-14 05:00:00,-122.302515422755,36.9351282635604,0,"available_crw"
"254026_0",67,"254026_0_crw_067",24,"254026_0_20240414T110000",2024-04-14 11:00:00,-122.292463464585,36.9063263587097,0,"available_crw"
"254026_0",67,"254026_0_crw_067",25,"254026_0_20240414T170000",2024-04-14 17:00:00,-122.278354478509,36.8700417004895,0,"available_crw"
"254026_0",67,"254026_0_crw_067",26,"254026_0_20240414T230000",2024-04-14 23:00:00,-122.242822128374,36.6801804001129,0,"available_crw"
"254026_0",67,"254026_0_crw_067",27,"254026_0_20240415T050000",2024-04-15 05:00:00,-122.243722979226,36.4881751889395,0,"available_crw"
"254026_0",67,"254026_0_crw_067",28,"254026_0_20240415T110000",2024-04-15 11:00:00,-122.167410012806,36.5643333183574,0,"available_crw"
"254026_0",67,"254026_0_crw_067",29,"254026_0_20240415T170000",2024-04-15 17:00:00,-122.287989608245,36.6855998523584,0,"available_crw"
"254026_0",67,"254026_0_crw_067",30,"254026_0_20240415T230000",2024-04-15 23:00:00,-122.306974395602,36.6919863094648,0,"available_crw"
"254026_0",68,"254026_0_crw_068",1,"254026_0_20240408T170000",2024-04-08 17:00:00,-122.0637,36.9493,0,"available_crw"
"254026_0",68,"254026_0_crw_068",2,"254026_0_20240408T230000",2024-04-08 23:00:00,-122.043507580812,36.9234239822708,0,"available_crw"
"254026_0",68,"254026_0_crw_068",3,"254026_0_20240409T050000",2024-04-09 05:00:00,-122.018036245668,36.8949829974614,0,"available_crw"
"254026_0",68,"254026_0_crw_068",4,"254026_0_20240409T110000",2024-04-09 11:00:00,-122.083474829474,36.9243800927304,0,"available_crw"
"254026_0",68,"254026_0_crw_068",5,"254026_0_20240409T170000",2024-04-09 17:00:00,-122.104421114861,36.9183587128569,0,"available_crw"
"254026_0",68,"254026_0_crw_068",6,"254026_0_20240409T230000",2024-04-09 23:00:00,-122.116418191704,36.9115483113817,0,"available_crw"
"254026_0",68,"254026_0_crw_068",7,"254026_0_20240410T050000",2024-04-10 05:00:00,-121.994686999577,36.9055717715329,0,"available_crw"
"254026_0",68,"254026_0_crw_068",8,"254026_0_20240410T110000",2024-04-10 11:00:00,-121.947379796147,36.9043442719342,0,"available_crw"
"254026_0",68,"254026_0_crw_068",9,"254026_0_20240410T170000",2024-04-10 17:00:00,-121.903051143775,36.903958290028,0,"available_crw"
"254026_0",68,"254026_0_crw_068",10,"254026_0_20240410T230000",2024-04-10 23:00:00,-121.874990909743,36.9085775127891,0,"available_crw"
"254026_0",68,"254026_0_crw_068",11,"254026_0_20240411T050000",2024-04-11 05:00:00,-121.859219528614,36.9192601545638,0,"available_crw"
"254026_0",68,"254026_0_crw_068",12,"254026_0_20240411T110000",2024-04-11 11:00:00,-121.919302242192,36.9071335608573,0,"available_crw"
"254026_0",68,"254026_0_crw_068",13,"254026_0_20240411T170000",2024-04-11 17:00:00,-121.956009265648,36.8991806384542,0,"available_crw"
"254026_0",68,"254026_0_crw_068",14,"254026_0_20240411T230000",2024-04-11 23:00:00,-122.236405578236,36.8733513877072,0,"available_crw"
"254026_0",68,"254026_0_crw_068",15,"254026_0_20240412T050000",2024-04-12 05:00:00,-122.266265043706,36.8554676339112,0,"available_crw"
"254026_0",68,"254026_0_crw_068",16,"254026_0_20240412T110000",2024-04-12 11:00:00,-122.325200418876,36.973031666295,0,"available_crw"
"254026_0",68,"254026_0_crw_068",17,"254026_0_20240412T170000",2024-04-12 17:00:00,-122.275959505138,36.9715328261295,0,"available_crw"
"254026_0",68,"254026_0_crw_068",18,"254026_0_20240412T230000",2024-04-12 23:00:00,-122.231592789693,36.970946369674,0,"available_crw"
"254026_0",68,"254026_0_crw_068",19,"254026_0_20240413T050000",2024-04-13 05:00:00,-122.154221811997,36.9292692310766,0,"available_crw"
"254026_0",68,"254026_0_crw_068",20,"254026_0_20240413T110000",2024-04-13 11:00:00,-122.132728481714,36.9338925703837,0,"available_crw"
"254026_0",68,"254026_0_crw_068",21,"254026_0_20240413T170000",2024-04-13 17:00:00,-122.120070567549,36.9398872468416,0,"available_crw"
"254026_0",68,"254026_0_crw_068",22,"254026_0_20240413T230000",2024-04-13 23:00:00,-122.082362466666,36.9586382522769,0,"available_crw"
"254026_0",68,"254026_0_crw_068",23,"254026_0_20240414T050000",2024-04-14 05:00:00,-122.083497875713,36.9520908669665,0,"available_crw"
"254026_0",68,"254026_0_crw_068",24,"254026_0_20240414T110000",2024-04-14 11:00:00,-122.163841699551,36.7347668903045,0,"available_crw"
"254026_0",68,"254026_0_crw_068",25,"254026_0_20240414T170000",2024-04-14 17:00:00,-122.219400889401,36.7651687419206,0,"available_crw"
"254026_0",68,"254026_0_crw_068",26,"254026_0_20240414T230000",2024-04-14 23:00:00,-122.394317223807,36.8959093411063,0,"available_crw"
"254026_0",68,"254026_0_crw_068",27,"254026_0_20240415T050000",2024-04-15 05:00:00,-122.471941096459,36.9083185485447,0,"available_crw"
"254026_0",68,"254026_0_crw_068",28,"254026_0_20240415T110000",2024-04-15 11:00:00,-122.69680229449,36.9737903932223,0,"available_crw"
"254026_0",68,"254026_0_crw_068",29,"254026_0_20240415T170000",2024-04-15 17:00:00,-122.733031079666,36.9808522351173,0,"available_crw"
"254026_0",68,"254026_0_crw_068",30,"254026_0_20240415T230000",2024-04-15 23:00:00,-122.747728939583,36.9804591092297,0,"available_crw"
"254026_0",69,"254026_0_crw_069",1,"254026_0_20240408T170000",2024-04-08 17:00:00,-122.0637,36.9493,0,"available_crw"
"254026_0",69,"254026_0_crw_069",2,"254026_0_20240408T230000",2024-04-08 23:00:00,-121.993359964016,36.9201224209422,0,"available_crw"
"254026_0",69,"254026_0_crw_069",3,"254026_0_20240409T050000",2024-04-09 05:00:00,-121.972665741772,36.9266817396461,0,"available_crw"
"254026_0",69,"254026_0_crw_069",4,"254026_0_20240409T110000",2024-04-09 11:00:00,-121.954177278505,36.8008301902117,0,"available_crw"
"254026_0",69,"254026_0_crw_069",5,"254026_0_20240409T170000",2024-04-09 17:00:00,-121.963605401847,36.5742437201471,0,"available_crw"
"254026_0",69,"254026_0_crw_069",6,"254026_0_20240409T230000",2024-04-09 23:00:00,-121.960157775082,36.5627782595358,0,"available_crw"
"254026_0",69,"254026_0_crw_069",7,"254026_0_20240410T050000",2024-04-10 05:00:00,-122.027013838813,36.5666019171327,0,"available_crw"
"254026_0",69,"254026_0_crw_069",8,"254026_0_20240410T110000",2024-04-10 11:00:00,-122.041344959483,36.5642460151928,0,"available_crw"
"254026_0",69,"254026_0_crw_069",9,"254026_0_20240410T170000",2024-04-10 17:00:00,-122.044075331573,36.4088542331907,0,"available_crw"
"254026_0",69,"254026_0_crw_069",10,"254026_0_20240410T230000",2024-04-10 23:00:00,-122.043732525397,36.3732495785084,0,"available_crw"
"254026_0",69,"254026_0_crw_069",11,"254026_0_20240411T050000",2024-04-11 05:00:00,-122.03971263899,36.3619078505682,0,"available_crw"
"254026_0",69,"254026_0_crw_069",12,"254026_0_20240411T110000",2024-04-11 11:00:00,-122.106534640812,36.3635070029146,0,"available_crw"
"254026_0",69,"254026_0_crw_069",13,"254026_0_20240411T170000",2024-04-11 17:00:00,-122.149826870419,36.3622779768615,0,"available_crw"
"254026_0",69,"254026_0_crw_069",14,"254026_0_20240411T230000",2024-04-11 23:00:00,-122.215254320883,36.3270756690054,0,"available_crw"
"254026_0",69,"254026_0_crw_069",15,"254026_0_20240412T050000",2024-04-12 05:00:00,-122.253009690019,36.3048198547432,0,"available_crw"
"254026_0",69,"254026_0_crw_069",16,"254026_0_20240412T110000",2024-04-12 11:00:00,-122.262057331251,36.2955688179061,0,"available_crw"
"254026_0",69,"254026_0_crw_069",17,"254026_0_20240412T170000",2024-04-12 17:00:00,-122.356045265734,36.3969732495535,0,"available_crw"
"254026_0",69,"254026_0_crw_069",18,"254026_0_20240412T230000",2024-04-12 23:00:00,-122.385673141844,36.4262211730581,0,"available_crw"
"254026_0",69,"254026_0_crw_069",19,"254026_0_20240413T050000",2024-04-13 05:00:00,-122.412092330625,36.4471770435906,0,"available_crw"
"254026_0",69,"254026_0_crw_069",20,"254026_0_20240413T110000",2024-04-13 11:00:00,-122.432385947514,36.5201550826054,0,"available_crw"
"254026_0",69,"254026_0_crw_069",21,"254026_0_20240413T170000",2024-04-13 17:00:00,-122.444385225574,36.5410239939174,0,"available_crw"
"254026_0",69,"254026_0_crw_069",22,"254026_0_20240413T230000",2024-04-13 23:00:00,-122.473361805241,36.4459091351588,0,"available_crw"
"254026_0",69,"254026_0_crw_069",23,"254026_0_20240414T050000",2024-04-14 05:00:00,-122.482604550552,36.4088527423356,0,"available_crw"
"254026_0",69,"254026_0_crw_069",24,"254026_0_20240414T110000",2024-04-14 11:00:00,-122.482190254228,36.3858482921966,0,"available_crw"
"254026_0",69,"254026_0_crw_069",25,"254026_0_20240414T170000",2024-04-14 17:00:00,-122.455955650809,36.4308583597357,0,"available_crw"
"254026_0",69,"254026_0_crw_069",26,"254026_0_20240414T230000",2024-04-14 23:00:00,-122.452488877141,36.424869851974,0,"available_crw"
"254026_0",69,"254026_0_crw_069",27,"254026_0_20240415T050000",2024-04-15 05:00:00,-122.442984675104,36.4159134398881,0,"available_crw"
"254026_0",69,"254026_0_crw_069",28,"254026_0_20240415T110000",2024-04-15 11:00:00,-122.430859655546,36.409342915708,0,"available_crw"
"254026_0",69,"254026_0_crw_069",29,"254026_0_20240415T170000",2024-04-15 17:00:00,-122.504494022308,36.4185350384423,0,"available_crw"
"254026_0",69,"254026_0_crw_069",30,"254026_0_20240415T230000",2024-04-15 23:00:00,-122.54817725136,36.4231755380017,0,"available_crw"
"254026_0",70,"254026_0_crw_070",1,"254026_0_20240408T170000",2024-04-08 17:00:00,-122.0637,36.9493,0,"available_crw"
"254026_0",70,"254026_0_crw_070",2,"254026_0_20240408T230000",2024-04-08 23:00:00,-122.04872703058,36.9299402179283,0,"available_crw"
"254026_0",70,"254026_0_crw_070",3,"254026_0_20240409T050000",2024-04-09 05:00:00,-122.070041168349,36.880765563899,0,"available_crw"
"254026_0",70,"254026_0_crw_070",4,"254026_0_20240409T110000",2024-04-09 11:00:00,-122.081699433298,36.8470082411202,0,"available_crw"
"254026_0",70,"254026_0_crw_070",5,"254026_0_20240409T170000",2024-04-09 17:00:00,-122.196826037102,36.6400852972775,0,"available_crw"
"254026_0",70,"254026_0_crw_070",6,"254026_0_20240409T230000",2024-04-09 23:00:00,-122.200450934635,36.6460158826356,0,"available_crw"
"254026_0",70,"254026_0_crw_070",7,"254026_0_20240410T050000",2024-04-10 05:00:00,-122.151416908404,36.6474699446831,0,"available_crw"
"254026_0",70,"254026_0_crw_070",8,"254026_0_20240410T110000",2024-04-10 11:00:00,-122.10465223459,36.6504291938182,0,"available_crw"
"254026_0",70,"254026_0_crw_070",9,"254026_0_20240410T170000",2024-04-10 17:00:00,-122.023051971641,36.6148170036576,0,"available_crw"
"254026_0",70,"254026_0_crw_070",10,"254026_0_20240410T230000",2024-04-10 23:00:00,-122.00264516747,36.6324895205013,0,"available_crw"
"254026_0",70,"254026_0_crw_070",11,"254026_0_20240411T050000",2024-04-11 05:00:00,-121.986723039942,36.6219875918336,0,"available_crw"
"254026_0",70,"254026_0_crw_070",12,"254026_0_20240411T110000",2024-04-11 11:00:00,-121.966527177161,36.6189034992523,0,"available_crw"
"254026_0",70,"254026_0_crw_070",13,"254026_0_20240411T170000",2024-04-11 17:00:00,-121.935981646375,36.5730270929675,0,"available_crw"
"254026_0",70,"254026_0_crw_070",14,"254026_0_20240411T230000",2024-04-11 23:00:00,-121.984871746015,36.5701761963006,0,"available_crw"
"254026_0",70,"254026_0_crw_070",15,"254026_0_20240412T050000",2024-04-12 05:00:00,-122.066208805351,36.6061078564651,0,"available_crw"
"254026_0",70,"254026_0_crw_070",16,"254026_0_20240412T110000",2024-04-12 11:00:00,-122.091177496969,36.6167908513673,0,"available_crw"
"254026_0",70,"254026_0_crw_070",17,"254026_0_20240412T170000",2024-04-12 17:00:00,-122.043187923748,36.6545713562141,0,"available_crw"
"254026_0",70,"254026_0_crw_070",18,"254026_0_20240412T230000",2024-04-12 23:00:00,-122.014076094207,36.6805974786901,0,"available_crw"
"254026_0",70,"254026_0_crw_070",19,"254026_0_20240413T050000",2024-04-13 05:00:00,-122.035903945222,36.6230081587852,0,"available_crw"
"254026_0",70,"254026_0_crw_070",20,"254026_0_20240413T110000",2024-04-13 11:00:00,-122.043812282425,36.6011297997491,0,"available_crw"
"254026_0",70,"254026_0_crw_070",21,"254026_0_20240413T170000",2024-04-13 17:00:00,-122.048404932548,36.6066062678968,0,"available_crw"
"254026_0",70,"254026_0_crw_070",22,"254026_0_20240413T230000",2024-04-13 23:00:00,-122.050313526065,36.681379639853,0,"available_crw"
"254026_0",70,"254026_0_crw_070",23,"254026_0_20240414T050000",2024-04-14 05:00:00,-122.124341114387,36.6037011760285,0,"available_crw"
"254026_0",70,"254026_0_crw_070",24,"254026_0_20240414T110000",2024-04-14 11:00:00,-122.126158684806,36.6101476431859,0,"available_crw"
"254026_0",70,"254026_0_crw_070",25,"254026_0_20240414T170000",2024-04-14 17:00:00,-122.094277892507,36.6803868532731,0,"available_crw"
"254026_0",70,"254026_0_crw_070",26,"254026_0_20240414T230000",2024-04-14 23:00:00,-122.093115598767,36.6921476333601,0,"available_crw"
"254026_0",70,"254026_0_crw_070",27,"254026_0_20240415T050000",2024-04-15 05:00:00,-122.039759299464,36.7215695517684,0,"available_crw"
"254026_0",70,"254026_0_crw_070",28,"254026_0_20240415T110000",2024-04-15 11:00:00,-122.002152557022,36.7442051583218,0,"available_crw"
"254026_0",70,"254026_0_crw_070",29,"254026_0_20240415T170000",2024-04-15 17:00:00,-121.97300650403,36.8032827746083,0,"available_crw"
"254026_0",70,"254026_0_crw_070",30,"254026_0_20240415T230000",2024-04-15 23:00:00,-121.96831858328,36.8259753605994,0,"available_crw"
"254026_0",71,"254026_0_crw_071",1,"254026_0_20240408T170000",2024-04-08 17:00:00,-122.0637,36.9493,0,"available_crw"
"254026_0",71,"254026_0_crw_071",2,"254026_0_20240408T230000",2024-04-08 23:00:00,-121.956081092278,36.7397385411542,0,"available_crw"
"254026_0",71,"254026_0_crw_071",3,"254026_0_20240409T050000",2024-04-09 05:00:00,-122.011215658826,36.7804532470901,0,"available_crw"
"254026_0",71,"254026_0_crw_071",4,"254026_0_20240409T110000",2024-04-09 11:00:00,-122.04514005543,36.8024272493144,0,"available_crw"
"254026_0",71,"254026_0_crw_071",5,"254026_0_20240409T170000",2024-04-09 17:00:00,-122.045293663577,36.8544961704945,0,"available_crw"
"254026_0",71,"254026_0_crw_071",6,"254026_0_20240409T230000",2024-04-09 23:00:00,-122.046370595428,36.8900885592614,0,"available_crw"
"254026_0",71,"254026_0_crw_071",7,"254026_0_20240410T050000",2024-04-10 05:00:00,-121.996957952546,36.9238005141425,0,"available_crw"
"254026_0",71,"254026_0_crw_071",8,"254026_0_20240410T110000",2024-04-10 11:00:00,-121.962375929996,36.9494493897768,0,"available_crw"
"254026_0",71,"254026_0_crw_071",9,"254026_0_20240410T170000",2024-04-10 17:00:00,-121.870554993691,36.962191366987,0,"available_crw"
"254026_0",71,"254026_0_crw_071",10,"254026_0_20240410T230000",2024-04-10 23:00:00,-121.87466217632,36.9564615238715,0,"available_crw"
"254026_0",71,"254026_0_crw_071",11,"254026_0_20240411T050000",2024-04-11 05:00:00,-121.878306838906,36.9450329923947,0,"available_crw"
"254026_0",71,"254026_0_crw_071",12,"254026_0_20240411T110000",2024-04-11 11:00:00,-121.988390459613,36.7363056907213,0,"available_crw"
"254026_0",71,"254026_0_crw_071",13,"254026_0_20240411T170000",2024-04-11 17:00:00,-122.002745558248,36.7032333642586,0,"available_crw"
"254026_0",71,"254026_0_crw_071",14,"254026_0_20240411T230000",2024-04-11 23:00:00,-122.063606580348,36.6856511894398,0,"available_crw"
"254026_0",71,"254026_0_crw_071",15,"254026_0_20240412T050000",2024-04-12 05:00:00,-122.077281832756,36.6732732076435,0,"available_crw"
"254026_0",71,"254026_0_crw_071",16,"254026_0_20240412T110000",2024-04-12 11:00:00,-122.098815665038,36.6489068372654,0,"available_crw"
"254026_0",71,"254026_0_crw_071",17,"254026_0_20240412T170000",2024-04-12 17:00:00,-122.110067098329,36.627764501677,0,"available_crw"
"254026_0",71,"254026_0_crw_071",18,"254026_0_20240412T230000",2024-04-12 23:00:00,-122.120876145831,36.606707446686,0,"available_crw"
"254026_0",71,"254026_0_crw_071",19,"254026_0_20240413T050000",2024-04-13 05:00:00,-122.134876879024,36.5735416272352,0,"available_crw"
"254026_0",71,"254026_0_crw_071",20,"254026_0_20240413T110000",2024-04-13 11:00:00,-122.131387153354,36.557212646434,0,"available_crw"
"254026_0",71,"254026_0_crw_071",21,"254026_0_20240413T170000",2024-04-13 17:00:00,-122.151378644158,36.553355503329,0,"available_crw"
"254026_0",71,"254026_0_crw_071",22,"254026_0_20240413T230000",2024-04-13 23:00:00,-122.194058748575,36.5443051316048,0,"available_crw"
"254026_0",71,"254026_0_crw_071",23,"254026_0_20240414T050000",2024-04-14 05:00:00,-122.203888905796,36.5282981954095,0,"available_crw"
"254026_0",71,"254026_0_crw_071",24,"254026_0_20240414T110000",2024-04-14 11:00:00,-122.283490824637,36.4900261370834,0,"available_crw"
"254026_0",71,"254026_0_crw_071",25,"254026_0_20240414T170000",2024-04-14 17:00:00,-122.282225185488,36.4965578901785,0,"available_crw"
"254026_0",71,"254026_0_crw_071",26,"254026_0_20240414T230000",2024-04-14 23:00:00,-122.289139879476,36.5121597035386,0,"available_crw"
"254026_0",71,"254026_0_crw_071",27,"254026_0_20240415T050000",2024-04-15 05:00:00,-122.306357636584,36.5443224209439,0,"available_crw"
"254026_0",71,"254026_0_crw_071",28,"254026_0_20240415T110000",2024-04-15 11:00:00,-122.327447890292,36.5497614869106,0,"available_crw"
"254026_0",71,"254026_0_crw_071",29,"254026_0_20240415T170000",2024-04-15 17:00:00,-122.343389990407,36.5293293035527,0,"available_crw"
"254026_0",71,"254026_0_crw_071",30,"254026_0_20240415T230000",2024-04-15 23:00:00,-122.361446004272,36.5372480393368,0,"available_crw"
"254026_0",72,"254026_0_crw_072",1,"254026_0_20240408T170000",2024-04-08 17:00:00,-122.0637,36.9493,0,"available_crw"
"254026_0",72,"254026_0_crw_072",2,"254026_0_20240408T230000",2024-04-08 23:00:00,-122.21516970335,36.9136129426167,0,"available_crw"
"254026_0",72,"254026_0_crw_072",3,"254026_0_20240409T050000",2024-04-09 05:00:00,-122.214162188048,36.8894837041819,0,"available_crw"
"254026_0",72,"254026_0_crw_072",4,"254026_0_20240409T110000",2024-04-09 11:00:00,-122.14104017851,36.9678796064731,0,"available_crw"
"254026_0",72,"254026_0_crw_072",5,"254026_0_20240409T170000",2024-04-09 17:00:00,-122.101991068,36.923827233689,0,"available_crw"
"254026_0",72,"254026_0_crw_072",6,"254026_0_20240409T230000",2024-04-09 23:00:00,-122.118020926483,36.9133718859425,0,"available_crw"
"254026_0",72,"254026_0_crw_072",7,"254026_0_20240410T050000",2024-04-10 05:00:00,-122.372828419058,36.7815238767418,0,"available_crw"
"254026_0",72,"254026_0_crw_072",8,"254026_0_20240410T110000",2024-04-10 11:00:00,-122.434346808515,36.7977508894158,0,"available_crw"
"254026_0",72,"254026_0_crw_072",9,"254026_0_20240410T170000",2024-04-10 17:00:00,-122.360005579299,36.804964456508,0,"available_crw"
"254026_0",72,"254026_0_crw_072",10,"254026_0_20240410T230000",2024-04-10 23:00:00,-122.057126319555,36.8065459117565,0,"available_crw"
"254026_0",72,"254026_0_crw_072",11,"254026_0_20240411T050000",2024-04-11 05:00:00,-121.98996597985,36.8400818295736,0,"available_crw"
"254026_0",72,"254026_0_crw_072",12,"254026_0_20240411T110000",2024-04-11 11:00:00,-121.991091765694,36.8335335543228,0,"available_crw"
"254026_0",72,"254026_0_crw_072",13,"254026_0_20240411T170000",2024-04-11 17:00:00,-122.011665484508,36.834747496343,0,"available_crw"
"254026_0",72,"254026_0_crw_072",14,"254026_0_20240411T230000",2024-04-11 23:00:00,-121.941642865836,36.856156985039,0,"available_crw"
"254026_0",72,"254026_0_crw_072",15,"254026_0_20240412T050000",2024-04-12 05:00:00,-121.925165088526,36.7301258172792,0,"available_crw"
"254026_0",72,"254026_0_crw_072",16,"254026_0_20240412T110000",2024-04-12 11:00:00,-121.917313871404,36.7008909446124,0,"available_crw"
"254026_0",72,"254026_0_crw_072",17,"254026_0_20240412T170000",2024-04-12 17:00:00,-121.887356644392,36.6999255583715,0,"available_crw"
"254026_0",72,"254026_0_crw_072",18,"254026_0_20240412T230000",2024-04-12 23:00:00,-121.840154721064,36.6995168612044,0,"available_crw"
"254026_0",72,"254026_0_crw_072",19,"254026_0_20240413T050000",2024-04-13 05:00:00,-121.803185617077,36.7024159809541,0,"available_crw"
"254026_0",72,"254026_0_crw_072",20,"254026_0_20240413T110000",2024-04-13 11:00:00,-121.798530371983,36.7262648855901,0,"available_crw"
"254026_0",72,"254026_0_crw_072",21,"254026_0_20240413T170000",2024-04-13 17:00:00,-121.792620036685,36.7615474816912,0,"available_crw"
"254026_0",72,"254026_0_crw_072",22,"254026_0_20240413T230000",2024-04-13 23:00:00,-121.79462788459,36.7732334427868,0,"available_crw"
"254026_0",72,"254026_0_crw_072",23,"254026_0_20240414T050000",2024-04-14 05:00:00,-121.800456298952,36.8034043032441,0,"available_crw"
"254026_0",72,"254026_0_crw_072",24,"254026_0_20240414T110000",2024-04-14 11:00:00,-121.805163756743,36.8258742145897,0,"available_crw"
"254026_0",72,"254026_0_crw_072",25,"254026_0_20240414T170000",2024-04-14 17:00:00,-121.813480371963,36.8608423817897,0,"available_crw"
"254026_0",72,"254026_0_crw_072",26,"254026_0_20240414T230000",2024-04-14 23:00:00,-122.006807627826,36.864789709087,0,"available_crw"
"254026_0",72,"254026_0_crw_072",27,"254026_0_20240415T050000",2024-04-15 05:00:00,-122.04480762958,36.8650170722727,0,"available_crw"
"254026_0",72,"254026_0_crw_072",28,"254026_0_20240415T110000",2024-04-15 11:00:00,-122.323571053974,36.9004173319272,0,"available_crw"
"254026_0",72,"254026_0_crw_072",29,"254026_0_20240415T170000",2024-04-15 17:00:00,-122.36077446131,36.9018184987776,0,"available_crw"
"254026_0",72,"254026_0_crw_072",30,"254026_0_20240415T230000",2024-04-15 23:00:00,-122.389020183105,36.8979970293685,0,"available_crw"
"254026_0",73,"254026_0_crw_073",1,"254026_0_20240408T170000",2024-04-08 17:00:00,-122.0637,36.9493,0,"available_crw"
"254026_0",73,"254026_0_crw_073",2,"254026_0_20240408T230000",2024-04-08 23:00:00,-122.04872703058,36.9299402179283,0,"available_crw"
"254026_0",73,"254026_0_crw_073",3,"254026_0_20240409T050000",2024-04-09 05:00:00,-122.028137477784,36.9042693562822,0,"available_crw"
"254026_0",73,"254026_0_crw_073",4,"254026_0_20240409T110000",2024-04-09 11:00:00,-122.093131616198,36.8901968871077,0,"available_crw"
"254026_0",73,"254026_0_crw_073",5,"254026_0_20240409T170000",2024-04-09 17:00:00,-122.13441860659,36.878911634166,0,"available_crw"
"254026_0",73,"254026_0_crw_073",6,"254026_0_20240409T230000",2024-04-09 23:00:00,-122.170183678494,36.8685810840806,0,"available_crw"
"254026_0",73,"254026_0_crw_073",7,"254026_0_20240410T050000",2024-04-10 05:00:00,-122.196744777894,36.8605929602548,0,"available_crw"
"254026_0",73,"254026_0_crw_073",8,"254026_0_20240410T110000",2024-04-10 11:00:00,-122.24529016959,36.8104182617634,0,"available_crw"
"254026_0",73,"254026_0_crw_073",9,"254026_0_20240410T170000",2024-04-10 17:00:00,-122.272541063813,36.7796224007798,0,"available_crw"
"254026_0",73,"254026_0_crw_073",10,"254026_0_20240410T230000",2024-04-10 23:00:00,-122.288665837442,36.7608863787732,0,"available_crw"
"254026_0",73,"254026_0_crw_073",11,"254026_0_20240411T050000",2024-04-11 05:00:00,-122.353199499117,36.7569831070387,0,"available_crw"
"254026_0",73,"254026_0_crw_073",12,"254026_0_20240411T110000",2024-04-11 11:00:00,-122.336559689651,36.7941873396825,0,"available_crw"
"254026_0",73,"254026_0_crw_073",13,"254026_0_20240411T170000",2024-04-11 17:00:00,-122.322479130585,36.8279441709192,0,"available_crw"
"254026_0",73,"254026_0_crw_073",14,"254026_0_20240411T230000",2024-04-11 23:00:00,-122.347663828156,36.8411003096185,0,"available_crw"
"254026_0",73,"254026_0_crw_073",15,"254026_0_20240412T050000",2024-04-12 05:00:00,-122.558811844621,36.9916270742514,0,"available_crw"
"254026_0",73,"254026_0_crw_073",16,"254026_0_20240412T110000",2024-04-12 11:00:00,-122.589239335823,37.0089222253891,0,"available_crw"
"254026_0",73,"254026_0_crw_073",17,"254026_0_20240412T170000",2024-04-12 17:00:00,-122.581276495583,37.0106320695368,0,"available_crw"
"254026_0",73,"254026_0_crw_073",18,"254026_0_20240412T230000",2024-04-12 23:00:00,-122.553920152093,37.0168008367854,0,"available_crw"
"254026_0",73,"254026_0_crw_073",19,"254026_0_20240413T050000",2024-04-13 05:00:00,-122.526659102141,37.0232411101983,0,"available_crw"
"254026_0",73,"254026_0_crw_073",20,"254026_0_20240413T110000",2024-04-13 11:00:00,-122.639715075984,37.0603786268717,0,"available_crw"
"254026_0",73,"254026_0_crw_073",21,"254026_0_20240413T170000",2024-04-13 17:00:00,-122.544312662045,37.161486831542,0,"available_crw"
"254026_0",73,"254026_0_crw_073",22,"254026_0_20240413T230000",2024-04-13 23:00:00,-122.539727274404,37.1911847410623,0,"available_crw"
"254026_0",73,"254026_0_crw_073",23,"254026_0_20240414T050000",2024-04-14 05:00:00,-122.479678381859,37.248516305728,0,"available_crw"
"254026_0",73,"254026_0_crw_073",24,"254026_0_20240414T110000",2024-04-14 11:00:00,-122.599782509757,37.2292536064183,0,"available_crw"
"254026_0",73,"254026_0_crw_073",25,"254026_0_20240414T170000",2024-04-14 17:00:00,-122.539606171844,37.2166362079813,0,"available_crw"
"254026_0",73,"254026_0_crw_073",26,"254026_0_20240414T230000",2024-04-14 23:00:00,-122.524879119391,37.2377116032538,0,"available_crw"
"254026_0",73,"254026_0_crw_073",27,"254026_0_20240415T050000",2024-04-15 05:00:00,-122.525444578091,37.2676314724112,0,"available_crw"
"254026_0",73,"254026_0_crw_073",28,"254026_0_20240415T110000",2024-04-15 11:00:00,-122.529616757749,37.2789480177747,0,"available_crw"
"254026_0",73,"254026_0_crw_073",29,"254026_0_20240415T170000",2024-04-15 17:00:00,-122.479757034674,37.233812107048,0,"available_crw"
"254026_0",73,"254026_0_crw_073",30,"254026_0_20240415T230000",2024-04-15 23:00:00,-122.526952822887,37.2220271946296,0,"available_crw"
"254026_0",74,"254026_0_crw_074",1,"254026_0_20240408T170000",2024-04-08 17:00:00,-122.0637,36.9493,0,"available_crw"
"254026_0",74,"254026_0_crw_074",2,"254026_0_20240408T230000",2024-04-08 23:00:00,-122.03804893492,36.9173492559836,0,"available_crw"
"254026_0",74,"254026_0_crw_074",3,"254026_0_20240409T050000",2024-04-09 05:00:00,-122.188080699701,36.8781055917272,0,"available_crw"
"254026_0",74,"254026_0_crw_074",4,"254026_0_20240409T110000",2024-04-09 11:00:00,-122.212924931312,36.8558127741957,0,"available_crw"
"254026_0",74,"254026_0_crw_074",5,"254026_0_20240409T170000",2024-04-09 17:00:00,-122.430171398261,36.7113559852784,0,"available_crw"
"254026_0",74,"254026_0_crw_074",6,"254026_0_20240409T230000",2024-04-09 23:00:00,-122.451731707535,36.6965922229038,0,"available_crw"
"254026_0",74,"254026_0_crw_074",7,"254026_0_20240410T050000",2024-04-10 05:00:00,-122.459937432593,36.6868179826448,0,"available_crw"
"254026_0",74,"254026_0_crw_074",8,"254026_0_20240410T110000",2024-04-10 11:00:00,-122.440093714653,36.668721778047,0,"available_crw"
"254026_0",74,"254026_0_crw_074",9,"254026_0_20240410T170000",2024-04-10 17:00:00,-122.580607105071,36.6117961128372,0,"available_crw"
"254026_0",74,"254026_0_crw_074",10,"254026_0_20240410T230000",2024-04-10 23:00:00,-122.619600627607,36.5950796136616,0,"available_crw"
"254026_0",74,"254026_0_crw_074",11,"254026_0_20240411T050000",2024-04-11 05:00:00,-122.612596903426,36.5716043774646,0,"available_crw"
"254026_0",74,"254026_0_crw_074",12,"254026_0_20240411T110000",2024-04-11 11:00:00,-122.599733895113,36.5352555148042,0,"available_crw"
"254026_0",74,"254026_0_crw_074",13,"254026_0_20240411T170000",2024-04-11 17:00:00,-122.648693016109,36.5807142319605,0,"available_crw"
"254026_0",74,"254026_0_crw_074",14,"254026_0_20240411T230000",2024-04-11 23:00:00,-122.667505409061,36.5977215069694,0,"available_crw"
"254026_0",74,"254026_0_crw_074",15,"254026_0_20240412T050000",2024-04-12 05:00:00,-122.620764494472,36.609692989047,0,"available_crw"
"254026_0",74,"254026_0_crw_074",16,"254026_0_20240412T110000",2024-04-12 11:00:00,-122.596006805425,36.6211367564675,0,"available_crw"
"254026_0",74,"254026_0_crw_074",17,"254026_0_20240412T170000",2024-04-12 17:00:00,-122.597412710998,36.614623316861,0,"available_crw"
"254026_0",74,"254026_0_crw_074",18,"254026_0_20240412T230000",2024-04-12 23:00:00,-122.595964428059,36.6028823391318,0,"available_crw"
"254026_0",74,"254026_0_crw_074",19,"254026_0_20240413T050000",2024-04-13 05:00:00,-122.610501490691,36.3764445266107,0,"available_crw"
"254026_0",74,"254026_0_crw_074",20,"254026_0_20240413T110000",2024-04-13 11:00:00,-122.58063995144,36.4199518111493,0,"available_crw"
"254026_0",74,"254026_0_crw_074",21,"254026_0_20240413T170000",2024-04-13 17:00:00,-122.692767673463,36.3828220695351,0,"available_crw"
"254026_0",74,"254026_0_crw_074",22,"254026_0_20240413T230000",2024-04-13 23:00:00,-122.705694628226,36.3699636627604,0,"available_crw"
"254026_0",74,"254026_0_crw_074",23,"254026_0_20240414T050000",2024-04-14 05:00:00,-122.798144329056,36.4723468630478,0,"available_crw"
"254026_0",74,"254026_0_crw_074",24,"254026_0_20240414T110000",2024-04-14 11:00:00,-122.750257375774,36.4805901488028,0,"available_crw"
"254026_0",74,"254026_0_crw_074",25,"254026_0_20240414T170000",2024-04-14 17:00:00,-122.700169885169,36.4478004347187,0,"available_crw"
"254026_0",74,"254026_0_crw_074",26,"254026_0_20240414T230000",2024-04-14 23:00:00,-122.726122903129,36.4929254068024,0,"available_crw"
"254026_0",74,"254026_0_crw_074",27,"254026_0_20240415T050000",2024-04-15 05:00:00,-122.822273131919,36.723843005716,0,"available_crw"
"254026_0",74,"254026_0_crw_074",28,"254026_0_20240415T110000",2024-04-15 11:00:00,-122.787550839146,36.7677850180634,0,"available_crw"
"254026_0",74,"254026_0_crw_074",29,"254026_0_20240415T170000",2024-04-15 17:00:00,-122.744528778097,36.7262533166317,0,"available_crw"
"254026_0",74,"254026_0_crw_074",30,"254026_0_20240415T230000",2024-04-15 23:00:00,-122.759479198431,36.7148437835709,0,"available_crw"
"254026_0",75,"254026_0_crw_075",1,"254026_0_20240408T170000",2024-04-08 17:00:00,-122.0637,36.9493,0,"available_crw"
"254026_0",75,"254026_0_crw_075",2,"254026_0_20240408T230000",2024-04-08 23:00:00,-122.066585972615,36.874549838707,0,"available_crw"
"254026_0",75,"254026_0_crw_075",3,"254026_0_20240409T050000",2024-04-09 05:00:00,-122.065142178146,36.839536117317,0,"available_crw"
"254026_0",75,"254026_0_crw_075",4,"254026_0_20240409T110000",2024-04-09 11:00:00,-122.035829302759,36.8342729352918,0,"available_crw"
"254026_0",75,"254026_0_crw_075",5,"254026_0_20240409T170000",2024-04-09 17:00:00,-122.069751606726,36.7875927412835,0,"available_crw"
"254026_0",75,"254026_0_crw_075",6,"254026_0_20240409T230000",2024-04-09 23:00:00,-122.114756193145,36.8277605540586,0,"available_crw"
"254026_0",75,"254026_0_crw_075",7,"254026_0_20240410T050000",2024-04-10 05:00:00,-122.129551725067,36.9015970404046,0,"available_crw"
"254026_0",75,"254026_0_crw_075",8,"254026_0_20240410T110000",2024-04-10 11:00:00,-122.13846489381,36.9389295650377,0,"available_crw"
"254026_0",75,"254026_0_crw_075",9,"254026_0_20240410T170000",2024-04-10 17:00:00,-122.071600225482,36.9324586527012,0,"available_crw"
"254026_0",75,"254026_0_crw_075",10,"254026_0_20240410T230000",2024-04-10 23:00:00,-122.043068995,36.9345933282177,0,"available_crw"
"254026_0",75,"254026_0_crw_075",11,"254026_0_20240411T050000",2024-04-11 05:00:00,-122.047718214369,36.9291373408946,0,"available_crw"
"254026_0",75,"254026_0_crw_075",12,"254026_0_20240411T110000",2024-04-11 11:00:00,-122.063441129594,36.9101666439583,0,"available_crw"
"254026_0",75,"254026_0_crw_075",13,"254026_0_20240411T170000",2024-04-11 17:00:00,-122.105517273989,36.9523797079439,0,"available_crw"
"254026_0",75,"254026_0_crw_075",14,"254026_0_20240411T230000",2024-04-11 23:00:00,-122.134003910062,36.979675286558,0,"available_crw"
"254026_0",75,"254026_0_crw_075",15,"254026_0_20240412T050000",2024-04-12 05:00:00,-122.125764377154,36.9797049745233,0,"available_crw"
"254026_0",75,"254026_0_crw_075",16,"254026_0_20240412T110000",2024-04-12 11:00:00,-122.130998187971,36.9745994765269,0,"available_crw"
"254026_0",75,"254026_0_crw_075",17,"254026_0_20240412T170000",2024-04-12 17:00:00,-122.348244717066,36.8046891440644,0,"available_crw"
"254026_0",75,"254026_0_crw_075",18,"254026_0_20240412T230000",2024-04-12 23:00:00,-122.289475896096,36.8202542018673,0,"available_crw"
"254026_0",75,"254026_0_crw_075",19,"254026_0_20240413T050000",2024-04-13 05:00:00,-122.294517796188,36.780924036263,0,"available_crw"
"254026_0",75,"254026_0_crw_075",20,"254026_0_20240413T110000",2024-04-13 11:00:00,-122.291358968549,36.7580599047281,0,"available_crw"
"254026_0",75,"254026_0_crw_075",21,"254026_0_20240413T170000",2024-04-13 17:00:00,-122.242835867265,36.7079103186583,0,"available_crw"
"254026_0",75,"254026_0_crw_075",22,"254026_0_20240413T230000",2024-04-13 23:00:00,-122.241075608747,36.8058431869149,0,"available_crw"
"254026_0",75,"254026_0_crw_075",23,"254026_0_20240414T050000",2024-04-14 05:00:00,-122.194492087948,37.0294519014289,0,"available_crw"
"254026_0",75,"254026_0_crw_075",24,"254026_0_20240414T110000",2024-04-14 11:00:00,-122.285528732417,36.9641828069916,0,"available_crw"
"254026_0",75,"254026_0_crw_075",25,"254026_0_20240414T170000",2024-04-14 17:00:00,-122.357379674143,37.0770591403517,0,"available_crw"
"254026_0",75,"254026_0_crw_075",26,"254026_0_20240414T230000",2024-04-14 23:00:00,-122.375564062602,37.094861958334,0,"available_crw"
"254026_0",75,"254026_0_crw_075",27,"254026_0_20240415T050000",2024-04-15 05:00:00,-122.374337567822,36.9969267608332,0,"available_crw"
"254026_0",75,"254026_0_crw_075",28,"254026_0_20240415T110000",2024-04-15 11:00:00,-122.372457985948,36.9589434459817,0,"available_crw"
"254026_0",75,"254026_0_crw_075",29,"254026_0_20240415T170000",2024-04-15 17:00:00,-122.35251812306,36.9336586882451,0,"available_crw"
"254026_0",75,"254026_0_crw_075",30,"254026_0_20240415T230000",2024-04-15 23:00:00,-122.257149832468,36.7576217314692,0,"available_crw"
"254026_0",76,"254026_0_crw_076",1,"254026_0_20240408T170000",2024-04-08 17:00:00,-122.0637,36.9493,0,"available_crw"
"254026_0",76,"254026_0_crw_076",2,"254026_0_20240408T230000",2024-04-08 23:00:00,-121.972982897655,36.7716866011714,0,"available_crw"
"254026_0",76,"254026_0_crw_076",3,"254026_0_20240409T050000",2024-04-09 05:00:00,-121.95678460123,36.7527311445406,0,"available_crw"
"254026_0",76,"254026_0_crw_076",4,"254026_0_20240409T110000",2024-04-09 11:00:00,-122.005105116326,36.7455810036703,0,"available_crw"
"254026_0",76,"254026_0_crw_076",5,"254026_0_20240409T170000",2024-04-09 17:00:00,-122.051279662298,36.7375828541331,0,"available_crw"
"254026_0",76,"254026_0_crw_076",6,"254026_0_20240409T230000",2024-04-09 23:00:00,-122.0967255737,36.728064751606,0,"available_crw"
"254026_0",76,"254026_0_crw_076",7,"254026_0_20240410T050000",2024-04-10 05:00:00,-122.11173441191,36.7167262775187,0,"available_crw"
"254026_0",76,"254026_0_crw_076",8,"254026_0_20240410T110000",2024-04-10 11:00:00,-122.203120139047,36.7033210287388,0,"available_crw"
"254026_0",76,"254026_0_crw_076",9,"254026_0_20240410T170000",2024-04-10 17:00:00,-122.245328276806,36.6948228316167,0,"available_crw"
"254026_0",76,"254026_0_crw_076",10,"254026_0_20240410T230000",2024-04-10 23:00:00,-122.245553259685,36.6706797156111,0,"available_crw"
"254026_0",76,"254026_0_crw_076",11,"254026_0_20240411T050000",2024-04-11 05:00:00,-122.241819066853,36.6409189832481,0,"available_crw"
"254026_0",76,"254026_0_crw_076",12,"254026_0_20240411T110000",2024-04-11 11:00:00,-122.248626744104,36.6446080676328,0,"available_crw"
"254026_0",76,"254026_0_crw_076",13,"254026_0_20240411T170000",2024-04-11 17:00:00,-122.281494396695,36.6585144093493,0,"available_crw"
"254026_0",76,"254026_0_crw_076",14,"254026_0_20240411T230000",2024-04-11 23:00:00,-122.318604802325,36.6572704170874,0,"available_crw"
"254026_0",76,"254026_0_crw_076",15,"254026_0_20240412T050000",2024-04-12 05:00:00,-122.598426771978,36.6816564288112,0,"available_crw"
"254026_0",76,"254026_0_crw_076",16,"254026_0_20240412T110000",2024-04-12 11:00:00,-122.573727225298,36.7158303893112,0,"available_crw"
"254026_0",76,"254026_0_crw_076",17,"254026_0_20240412T170000",2024-04-12 17:00:00,-122.573635018836,36.745756337219,0,"available_crw"
"254026_0",76,"254026_0_crw_076",18,"254026_0_20240412T230000",2024-04-12 23:00:00,-122.577530749203,36.7571308288979,0,"available_crw"
"254026_0",76,"254026_0_crw_076",19,"254026_0_20240413T050000",2024-04-13 05:00:00,-122.604053505573,36.7781124682547,0,"available_crw"
"254026_0",76,"254026_0_crw_076",20,"254026_0_20240413T110000",2024-04-13 11:00:00,-122.468455701679,36.8427220691346,0,"available_crw"
"254026_0",76,"254026_0_crw_076",21,"254026_0_20240413T170000",2024-04-13 17:00:00,-122.431535593309,36.89894014837,0,"available_crw"
"254026_0",76,"254026_0_crw_076",22,"254026_0_20240413T230000",2024-04-13 23:00:00,-122.2887135763,37.0529924975974,0,"available_crw"
"254026_0",76,"254026_0_crw_076",23,"254026_0_20240414T050000",2024-04-14 05:00:00,-122.28677151362,37.0465677866853,0,"available_crw"
"254026_0",76,"254026_0_crw_076",24,"254026_0_20240414T110000",2024-04-14 11:00:00,-122.274263467206,37.0258644726698,0,"available_crw"
"254026_0",76,"254026_0_crw_076",25,"254026_0_20240414T170000",2024-04-14 17:00:00,-122.252748557726,36.9953747604924,0,"available_crw"
"254026_0",76,"254026_0_crw_076",26,"254026_0_20240414T230000",2024-04-14 23:00:00,-122.230934331629,36.9917795733728,0,"available_crw"
"254026_0",76,"254026_0_crw_076",27,"254026_0_20240415T050000",2024-04-15 05:00:00,-122.233794287427,36.9753565568273,0,"available_crw"
"254026_0",76,"254026_0_crw_076",28,"254026_0_20240415T110000",2024-04-15 11:00:00,-122.238952198609,36.9375699404127,0,"available_crw"
"254026_0",76,"254026_0_crw_076",29,"254026_0_20240415T170000",2024-04-15 17:00:00,-122.281466364489,36.9575407468451,0,"available_crw"
"254026_0",76,"254026_0_crw_076",30,"254026_0_20240415T230000",2024-04-15 23:00:00,-122.320251692554,36.9748330986361,0,"available_crw"
"254026_0",77,"254026_0_crw_077",1,"254026_0_20240408T170000",2024-04-08 17:00:00,-122.0637,36.9493,0,"available_crw"
"254026_0",77,"254026_0_crw_077",2,"254026_0_20240408T230000",2024-04-08 23:00:00,-122.04178220676,36.9461983322027,0,"available_crw"
"254026_0",77,"254026_0_crw_077",3,"254026_0_20240409T050000",2024-04-09 05:00:00,-121.994924619424,36.9406972721474,0,"available_crw"
"254026_0",77,"254026_0_crw_077",4,"254026_0_20240409T110000",2024-04-09 11:00:00,-121.978015903638,36.9523116850937,0,"available_crw"
"254026_0",77,"254026_0_crw_077",5,"254026_0_20240409T170000",2024-04-09 17:00:00,-121.885656688187,36.9622490263157,0,"available_crw"
"254026_0",77,"254026_0_crw_077",6,"254026_0_20240409T230000",2024-04-09 23:00:00,-121.890031805362,36.9566483304676,0,"available_crw"
"254026_0",77,"254026_0_crw_077",7,"254026_0_20240410T050000",2024-04-10 05:00:00,-121.908205432001,36.9645383289429,0,"available_crw"
"254026_0",77,"254026_0_crw_077",8,"254026_0_20240410T110000",2024-04-10 11:00:00,-121.92885230758,36.9644874795241,0,"available_crw"
"254026_0",77,"254026_0_crw_077",9,"254026_0_20240410T170000",2024-04-10 17:00:00,-121.946950555342,36.9565145373768,0,"available_crw"
"254026_0",77,"254026_0_crw_077",10,"254026_0_20240410T230000",2024-04-10 23:00:00,-121.97165999814,36.9452920560793,0,"available_crw"
"254026_0",77,"254026_0_crw_077",11,"254026_0_20240411T050000",2024-04-11 05:00:00,-121.990530618894,36.9194877498463,0,"available_crw"
"254026_0",77,"254026_0_crw_077",12,"254026_0_20240411T110000",2024-04-11 11:00:00,-121.98347786855,36.9025463492514,0,"available_crw"
"254026_0",77,"254026_0_crw_077",13,"254026_0_20240411T170000",2024-04-11 17:00:00,-121.975311409685,36.9518597857841,0,"available_crw"
"254026_0",77,"254026_0_crw_077",14,"254026_0_20240411T230000",2024-04-11 23:00:00,-122.063454988965,36.8841644999473,0,"available_crw"
"254026_0",77,"254026_0_crw_077",15,"254026_0_20240412T050000",2024-04-12 05:00:00,-122.048763770913,36.8631042011165,0,"available_crw"
"254026_0",77,"254026_0_crw_077",16,"254026_0_20240412T110000",2024-04-12 11:00:00,-121.931307691567,36.6386401110824,0,"available_crw"
"254026_0",77,"254026_0_crw_077",17,"254026_0_20240412T170000",2024-04-12 17:00:00,-121.922225383596,36.6293877925181,0,"available_crw"
"254026_0",77,"254026_0_crw_077",18,"254026_0_20240412T230000",2024-04-12 23:00:00,-121.930424979879,36.6295428778711,0,"available_crw"
"254026_0",77,"254026_0_crw_077",19,"254026_0_20240413T050000",2024-04-13 05:00:00,-121.958451120624,36.6251952932127,0,"available_crw"
"254026_0",77,"254026_0_crw_077",20,"254026_0_20240413T110000",2024-04-13 11:00:00,-122.004470542891,36.6168933692009,0,"available_crw"
"254026_0",77,"254026_0_crw_077",21,"254026_0_20240413T170000",2024-04-13 17:00:00,-122.019932210436,36.6059769225157,0,"available_crw"
"254026_0",77,"254026_0_crw_077",22,"254026_0_20240413T230000",2024-04-13 23:00:00,-122.034447526023,36.6177267621885,0,"available_crw"
"254026_0",77,"254026_0_crw_077",23,"254026_0_20240414T050000",2024-04-14 05:00:00,-122.222964375893,36.80821377457,0,"available_crw"
"254026_0",77,"254026_0_crw_077",24,"254026_0_20240414T110000",2024-04-14 11:00:00,-122.251352694809,36.8355410024249,0,"available_crw"
"254026_0",77,"254026_0_crw_077",25,"254026_0_20240414T170000",2024-04-14 17:00:00,-122.183527574679,36.8099950506151,0,"available_crw"
"254026_0",77,"254026_0_crw_077",26,"254026_0_20240414T230000",2024-04-14 23:00:00,-122.142982460749,36.7971764298882,0,"available_crw"
"254026_0",77,"254026_0_crw_077",27,"254026_0_20240415T050000",2024-04-15 05:00:00,-122.217707889999,36.7934069350149,0,"available_crw"
"254026_0",77,"254026_0_crw_077",28,"254026_0_20240415T110000",2024-04-15 11:00:00,-122.223366802617,36.7696966208752,0,"available_crw"
"254026_0",77,"254026_0_crw_077",29,"254026_0_20240415T170000",2024-04-15 17:00:00,-122.263652736751,36.7923496781229,0,"available_crw"
"254026_0",77,"254026_0_crw_077",30,"254026_0_20240415T230000",2024-04-15 23:00:00,-122.285207719656,36.788040014473,0,"available_crw"
"254026_0",78,"254026_0_crw_078",1,"254026_0_20240408T170000",2024-04-08 17:00:00,-122.0637,36.9493,0,"available_crw"
"254026_0",78,"254026_0_crw_078",2,"254026_0_20240408T230000",2024-04-08 23:00:00,-122.08066858826,36.9398414033531,0,"available_crw"
"254026_0",78,"254026_0_crw_078",3,"254026_0_20240409T050000",2024-04-09 05:00:00,-121.958960331119,36.9330483368219,0,"available_crw"
"254026_0",78,"254026_0_crw_078",4,"254026_0_20240409T110000",2024-04-09 11:00:00,-121.94018782723,36.9399343540129,0,"available_crw"
"254026_0",78,"254026_0_crw_078",5,"254026_0_20240409T170000",2024-04-09 17:00:00,-121.945448818165,36.9637036541267,0,"available_crw"
"254026_0",78,"254026_0_crw_078",6,"254026_0_20240409T230000",2024-04-09 23:00:00,-121.878681250305,36.9565030748668,0,"available_crw"
"254026_0",78,"254026_0_crw_078",7,"254026_0_20240410T050000",2024-04-10 05:00:00,-121.907538611234,36.907655986831,0,"available_crw"
"254026_0",78,"254026_0_crw_078",8,"254026_0_20240410T110000",2024-04-10 11:00:00,-121.898659234539,36.8912785702156,0,"available_crw"
"254026_0",78,"254026_0_crw_078",9,"254026_0_20240410T170000",2024-04-10 17:00:00,-121.889401960477,36.8821201727135,0,"available_crw"
"254026_0",78,"254026_0_crw_078",10,"254026_0_20240410T230000",2024-04-10 23:00:00,-121.952060786211,36.8624090957302,0,"available_crw"
"254026_0",78,"254026_0_crw_078",11,"254026_0_20240411T050000",2024-04-11 05:00:00,-121.948441559817,36.8384430911857,0,"available_crw"
"254026_0",78,"254026_0_crw_078",12,"254026_0_20240411T110000",2024-04-11 11:00:00,-121.943236437538,36.8081974908195,0,"available_crw"
"254026_0",78,"254026_0_crw_078",13,"254026_0_20240411T170000",2024-04-11 17:00:00,-121.987501083899,36.7702025693619,0,"available_crw"
"254026_0",78,"254026_0_crw_078",14,"254026_0_20240411T230000",2024-04-11 23:00:00,-122.003416738121,36.7807405924306,0,"available_crw"
"254026_0",78,"254026_0_crw_078",15,"254026_0_20240412T050000",2024-04-12 05:00:00,-122.16273130471,36.9238116434339,0,"available_crw"
"254026_0",78,"254026_0_crw_078",16,"254026_0_20240412T110000",2024-04-12 11:00:00,-122.154503591593,36.9240626675498,0,"available_crw"
"254026_0",78,"254026_0_crw_078",17,"254026_0_20240412T170000",2024-04-12 17:00:00,-122.148092083899,36.9476500884138,0,"available_crw"
"254026_0",78,"254026_0_crw_078",18,"254026_0_20240412T230000",2024-04-12 23:00:00,-122.108462287201,36.9241746334188,0,"available_crw"
"254026_0",78,"254026_0_crw_078",19,"254026_0_20240413T050000",2024-04-13 05:00:00,-122.116455631714,36.9225895912936,0,"available_crw"
"254026_0",78,"254026_0_crw_078",20,"254026_0_20240413T110000",2024-04-13 11:00:00,-122.153214585305,36.9147658794784,0,"available_crw"
"254026_0",78,"254026_0_crw_078",21,"254026_0_20240413T170000",2024-04-13 17:00:00,-122.163050440162,36.8987435384002,0,"available_crw"
"254026_0",78,"254026_0_crw_078",22,"254026_0_20240413T230000",2024-04-13 23:00:00,-122.165774765785,36.887150530818,0,"available_crw"
"254026_0",78,"254026_0_crw_078",23,"254026_0_20240414T050000",2024-04-14 05:00:00,-122.254568424197,36.6543004863628,0,"available_crw"
"254026_0",78,"254026_0_crw_078",24,"254026_0_20240414T110000",2024-04-14 11:00:00,-122.314498157323,36.6348246331892,0,"available_crw"
"254026_0",78,"254026_0_crw_078",25,"254026_0_20240414T170000",2024-04-14 17:00:00,-122.19816313613,36.6065514480641,0,"available_crw"
"254026_0",78,"254026_0_crw_078",26,"254026_0_20240414T230000",2024-04-14 23:00:00,-122.266979195116,36.6872867040148,0,"available_crw"
"254026_0",78,"254026_0_crw_078",27,"254026_0_20240415T050000",2024-04-15 05:00:00,-122.445546383471,36.6285179877557,0,"available_crw"
"254026_0",78,"254026_0_crw_078",28,"254026_0_20240415T110000",2024-04-15 11:00:00,-122.443090564232,36.6348259315735,0,"available_crw"
"254026_0",78,"254026_0_crw_078",29,"254026_0_20240415T170000",2024-04-15 17:00:00,-122.371634266335,36.6825705567919,0,"available_crw"
"254026_0",78,"254026_0_crw_078",30,"254026_0_20240415T230000",2024-04-15 23:00:00,-122.346222294073,36.7427528391208,0,"available_crw"
"254026_0",79,"254026_0_crw_079",1,"254026_0_20240408T170000",2024-04-08 17:00:00,-122.0637,36.9493,0,"available_crw"
"254026_0",79,"254026_0_crw_079",2,"254026_0_20240408T230000",2024-04-08 23:00:00,-122.043507580812,36.9234239822708,0,"available_crw"
"254026_0",79,"254026_0_crw_079",3,"254026_0_20240409T050000",2024-04-09 05:00:00,-122.051668121652,36.9243019572668,0,"available_crw"
"254026_0",79,"254026_0_crw_079",4,"254026_0_20240409T110000",2024-04-09 11:00:00,-122.045614601984,36.9287828290998,0,"available_crw"
"254026_0",79,"254026_0_crw_079",5,"254026_0_20240409T170000",2024-04-09 17:00:00,-122.05982533365,36.9500598789969,0,"available_crw"
"254026_0",79,"254026_0_crw_079",6,"254026_0_20240409T230000",2024-04-09 23:00:00,-122.091540726137,36.9657943018248,0,"available_crw"
"254026_0",79,"254026_0_crw_079",7,"254026_0_20240410T050000",2024-04-10 05:00:00,-122.10566216366,36.9690779288028,0,"available_crw"
"254026_0",79,"254026_0_crw_079",8,"254026_0_20240410T110000",2024-04-10 11:00:00,-122.120364128775,36.9692019565164,0,"available_crw"
"254026_0",79,"254026_0_crw_079",9,"254026_0_20240410T170000",2024-04-10 17:00:00,-122.138597752705,36.9614271840978,0,"available_crw"
"254026_0",79,"254026_0_crw_079",10,"254026_0_20240410T230000",2024-04-10 23:00:00,-122.136926806427,36.967900313829,0,"available_crw"
"254026_0",79,"254026_0_crw_079",11,"254026_0_20240411T050000",2024-04-11 05:00:00,-122.131786979994,36.9627342106645,0,"available_crw"
"254026_0",79,"254026_0_crw_079",12,"254026_0_20240411T110000",2024-04-11 11:00:00,-122.145740042784,36.9118841766337,0,"available_crw"
"254026_0",79,"254026_0_crw_079",13,"254026_0_20240411T170000",2024-04-11 17:00:00,-122.150796205149,36.9171011375328,0,"available_crw"
"254026_0",79,"254026_0_crw_079",14,"254026_0_20240411T230000",2024-04-11 23:00:00,-122.17880051076,36.9447083305954,0,"available_crw"
"254026_0",79,"254026_0_crw_079",15,"254026_0_20240412T050000",2024-04-12 05:00:00,-122.205327249618,36.9657186325948,0,"available_crw"
"254026_0",79,"254026_0_crw_079",16,"254026_0_20240412T110000",2024-04-12 11:00:00,-122.225798022996,36.9815144416301,0,"available_crw"
"254026_0",79,"254026_0_crw_079",17,"254026_0_20240412T170000",2024-04-12 17:00:00,-122.238743616775,36.987111576843,0,"available_crw"
"254026_0",79,"254026_0_crw_079",18,"254026_0_20240412T230000",2024-04-12 23:00:00,-122.429951113198,37.1027406203289,0,"available_crw"
"254026_0",79,"254026_0_crw_079",19,"254026_0_20240413T050000",2024-04-13 05:00:00,-122.451771328323,37.0990481329261,0,"available_crw"
"254026_0",79,"254026_0_crw_079",20,"254026_0_20240413T110000",2024-04-13 11:00:00,-122.457339328478,37.1150198622126,0,"available_crw"
"254026_0",79,"254026_0_crw_079",21,"254026_0_20240413T170000",2024-04-13 17:00:00,-122.465341801724,37.1368882213661,0,"available_crw"
"254026_0",79,"254026_0_crw_079",22,"254026_0_20240413T230000",2024-04-13 23:00:00,-122.428302421402,37.1796941283996,0,"available_crw"
"254026_0",79,"254026_0_crw_079",23,"254026_0_20240414T050000",2024-04-14 05:00:00,-122.325607816314,37.0832617834069,0,"available_crw"
"254026_0",79,"254026_0_crw_079",24,"254026_0_20240414T110000",2024-04-14 11:00:00,-122.29606832868,37.0566668697589,0,"available_crw"
"254026_0",79,"254026_0_crw_079",25,"254026_0_20240414T170000",2024-04-14 17:00:00,-122.27288456396,37.0431073413939,0,"available_crw"
"254026_0",79,"254026_0_crw_079",26,"254026_0_20240414T230000",2024-04-14 23:00:00,-122.252394699074,37.0409294096997,0,"available_crw"
"254026_0",79,"254026_0_crw_079",27,"254026_0_20240415T050000",2024-04-15 05:00:00,-122.336905607816,37.1116872307421,0,"available_crw"
"254026_0",79,"254026_0_crw_079",28,"254026_0_20240415T110000",2024-04-15 11:00:00,-122.328672260039,37.1121565181702,0,"available_crw"
"254026_0",79,"254026_0_crw_079",29,"254026_0_20240415T170000",2024-04-15 17:00:00,-122.39433533191,37.0828452046929,0,"available_crw"
"254026_0",79,"254026_0_crw_079",30,"254026_0_20240415T230000",2024-04-15 23:00:00,-122.332329426591,37.0855162867229,0,"available_crw"
"254026_0",80,"254026_0_crw_080",1,"254026_0_20240408T170000",2024-04-08 17:00:00,-122.0637,36.9493,0,"available_crw"
"254026_0",80,"254026_0_crw_080",2,"254026_0_20240408T230000",2024-04-08 23:00:00,-122.12603374735,36.9828221901849,0,"available_crw"
"254026_0",80,"254026_0_crw_080",3,"254026_0_20240409T050000",2024-04-09 05:00:00,-122.163254005636,36.9847713185047,0,"available_crw"
"254026_0",80,"254026_0_crw_080",4,"254026_0_20240409T110000",2024-04-09 11:00:00,-122.201272099889,36.9862376623239,0,"available_crw"
"254026_0",80,"254026_0_crw_080",5,"254026_0_20240409T170000",2024-04-09 17:00:00,-122.239316771369,36.9871808580584,0,"available_crw"
"254026_0",80,"254026_0_crw_080",6,"254026_0_20240409T230000",2024-04-09 23:00:00,-122.272151948563,36.9729867341225,0,"available_crw"
"254026_0",80,"254026_0_crw_080",7,"254026_0_20240410T050000",2024-04-10 05:00:00,-122.553403121709,36.8816820998522,0,"available_crw"
"254026_0",80,"254026_0_crw_080",8,"254026_0_20240410T110000",2024-04-10 11:00:00,-122.549418749235,36.8577513567086,0,"available_crw"
"254026_0",80,"254026_0_crw_080",9,"254026_0_20240410T170000",2024-04-10 17:00:00,-122.540886415388,36.8233937960431,0,"available_crw"
"254026_0",80,"254026_0_crw_080",10,"254026_0_20240410T230000",2024-04-10 23:00:00,-122.521609125403,36.814509292625,0,"available_crw"
"254026_0",80,"254026_0_crw_080",11,"254026_0_20240411T050000",2024-04-11 05:00:00,-122.529311586534,36.8121961499579,0,"available_crw"
"254026_0",80,"254026_0_crw_080",12,"254026_0_20240411T110000",2024-04-11 11:00:00,-122.467731608959,36.8073510755994,0,"available_crw"
"254026_0",80,"254026_0_crw_080",13,"254026_0_20240411T170000",2024-04-11 17:00:00,-122.424187187607,36.8061604062595,0,"available_crw"
"254026_0",80,"254026_0_crw_080",14,"254026_0_20240411T230000",2024-04-11 23:00:00,-122.380637004826,36.8071990277388,0,"available_crw"
"254026_0",80,"254026_0_crw_080",15,"254026_0_20240412T050000",2024-04-12 05:00:00,-122.447498778653,36.7800979768051,0,"available_crw"
"254026_0",80,"254026_0_crw_080",16,"254026_0_20240412T110000",2024-04-12 11:00:00,-122.385653424846,36.7807020560397,0,"available_crw"
"254026_0",80,"254026_0_crw_080",17,"254026_0_20240412T170000",2024-04-12 17:00:00,-122.367679709358,36.7887982720697,0,"available_crw"
"254026_0",80,"254026_0_crw_080",18,"254026_0_20240412T230000",2024-04-12 23:00:00,-122.328438136631,36.6660616064557,0,"available_crw"
"254026_0",80,"254026_0_crw_080",19,"254026_0_20240413T050000",2024-04-13 05:00:00,-122.305022413454,36.4749837958448,0,"available_crw"
"254026_0",80,"254026_0_crw_080",20,"254026_0_20240413T110000",2024-04-13 11:00:00,-122.299731074712,36.4396344337996,0,"available_crw"
"254026_0",80,"254026_0_crw_080",21,"254026_0_20240413T170000",2024-04-13 17:00:00,-122.294157064348,36.4287291042231,0,"available_crw"
"254026_0",80,"254026_0_crw_080",22,"254026_0_20240413T230000",2024-04-13 23:00:00,-122.276455980809,36.3961229827387,0,"available_crw"
"254026_0",80,"254026_0_crw_080",23,"254026_0_20240414T050000",2024-04-14 05:00:00,-122.29123461103,36.322288718801,0,"available_crw"
"254026_0",80,"254026_0_crw_080",24,"254026_0_20240414T110000",2024-04-14 11:00:00,-122.289729234291,36.2993143193552,0,"available_crw"
"254026_0",80,"254026_0_crw_080",25,"254026_0_20240414T170000",2024-04-14 17:00:00,-122.260495254345,36.2945194226417,0,"available_crw"
"254026_0",80,"254026_0_crw_080",26,"254026_0_20240414T230000",2024-04-14 23:00:00,-122.225453273838,36.3040610515209,0,"available_crw"
"254026_0",80,"254026_0_crw_080",27,"254026_0_20240415T050000",2024-04-15 05:00:00,-121.991602990703,36.3365519097863,0,"available_crw"
"254026_0",80,"254026_0_crw_080",28,"254026_0_20240415T110000",2024-04-15 11:00:00,-121.97551742961,36.3468092532413,0,"available_crw"
"254026_0",80,"254026_0_crw_080",29,"254026_0_20240415T170000",2024-04-15 17:00:00,-122.00896152309,36.2930158702666,0,"available_crw"
"254026_0",80,"254026_0_crw_080",30,"254026_0_20240415T230000",2024-04-15 23:00:00,-122.021893761913,36.2649952562588,0,"available_crw"
"254026_0",81,"254026_0_crw_081",1,"254026_0_20240408T170000",2024-04-08 17:00:00,-122.0637,36.9493,0,"available_crw"
"254026_0",81,"254026_0_crw_081",2,"254026_0_20240408T230000",2024-04-08 23:00:00,-122.04872703058,36.9299402179283,0,"available_crw"
"254026_0",81,"254026_0_crw_081",3,"254026_0_20240409T050000",2024-04-09 05:00:00,-122.015855888021,36.9158388681271,0,"available_crw"
"254026_0",81,"254026_0_crw_081",4,"254026_0_20240409T110000",2024-04-09 11:00:00,-121.973455916586,36.8994323252047,0,"available_crw"
"254026_0",81,"254026_0_crw_081",5,"254026_0_20240409T170000",2024-04-09 17:00:00,-121.980941277528,36.8966837016234,0,"available_crw"
"254026_0",81,"254026_0_crw_081",6,"254026_0_20240409T230000",2024-04-09 23:00:00,-122.022867685784,36.879526907519,0,"available_crw"
"254026_0",81,"254026_0_crw_081",7,"254026_0_20240410T050000",2024-04-10 05:00:00,-122.034521777143,36.8658574771749,0,"available_crw"
"254026_0",81,"254026_0_crw_081",8,"254026_0_20240410T110000",2024-04-10 11:00:00,-122.03733942363,36.836020034034,0,"available_crw"
"254026_0",81,"254026_0_crw_081",9,"254026_0_20240410T170000",2024-04-10 17:00:00,-122.001165712337,36.7795059056218,0,"available_crw"
"254026_0",81,"254026_0_crw_081",10,"254026_0_20240410T230000",2024-04-10 23:00:00,-122.027273796433,36.7318626560688,0,"available_crw"
"254026_0",81,"254026_0_crw_081",11,"254026_0_20240411T050000",2024-04-11 05:00:00,-121.919270671265,36.7770188618595,0,"available_crw"
"254026_0",81,"254026_0_crw_081",12,"254026_0_20240411T110000",2024-04-11 11:00:00,-121.859975971151,36.7561554935256,0,"available_crw"
"254026_0",81,"254026_0_crw_081",13,"254026_0_20240411T170000",2024-04-11 17:00:00,-121.819071308142,36.7425917733846,0,"available_crw"
"254026_0",81,"254026_0_crw_081",14,"254026_0_20240411T230000",2024-04-11 23:00:00,-121.78222124642,36.7465738951193,0,"available_crw"
"254026_0",81,"254026_0_crw_081",15,"254026_0_20240412T050000",2024-04-12 05:00:00,-121.796138034706,36.7086588666906,0,"available_crw"
"254026_0",81,"254026_0_crw_081",16,"254026_0_20240412T110000",2024-04-12 11:00:00,-121.806265914613,36.6792349745354,0,"available_crw"
"254026_0",81,"254026_0_crw_081",17,"254026_0_20240412T170000",2024-04-12 17:00:00,-121.918634315201,36.4531773108979,0,"available_crw"
"254026_0",81,"254026_0_crw_081",18,"254026_0_20240412T230000",2024-04-12 23:00:00,-121.913320198988,36.4235624070306,0,"available_crw"
"254026_0",81,"254026_0_crw_081",19,"254026_0_20240413T050000",2024-04-13 05:00:00,-121.903365311466,36.4020107311095,0,"available_crw"
"254026_0",81,"254026_0_crw_081",20,"254026_0_20240413T110000",2024-04-13 11:00:00,-121.874793878847,36.382987328709,0,"available_crw"
"254026_0",81,"254026_0_crw_081",21,"254026_0_20240413T170000",2024-04-13 17:00:00,-121.918576187902,36.3653881927637,0,"available_crw"
"254026_0",81,"254026_0_crw_081",22,"254026_0_20240413T230000",2024-04-13 23:00:00,-122.2011847693,36.28155048058,0,"available_crw"
"254026_0",81,"254026_0_crw_081",23,"254026_0_20240414T050000",2024-04-14 05:00:00,-122.209478580196,36.2967148332517,0,"available_crw"
"254026_0",81,"254026_0_crw_081",24,"254026_0_20240414T110000",2024-04-14 11:00:00,-122.397513408937,36.2654548077011,0,"available_crw"
"254026_0",81,"254026_0_crw_081",25,"254026_0_20240414T170000",2024-04-14 17:00:00,-122.402926182746,36.2814500397606,0,"available_crw"
"254026_0",81,"254026_0_crw_081",26,"254026_0_20240414T230000",2024-04-14 23:00:00,-122.354662756038,36.2754070287615,0,"available_crw"
"254026_0",81,"254026_0_crw_081",27,"254026_0_20240415T050000",2024-04-15 05:00:00,-122.285300448223,36.4203425803112,0,"available_crw"
"254026_0",81,"254026_0_crw_081",28,"254026_0_20240415T110000",2024-04-15 11:00:00,-122.166414494649,36.5866415460068,0,"available_crw"
"254026_0",81,"254026_0_crw_081",29,"254026_0_20240415T170000",2024-04-15 17:00:00,-122.152581369047,36.6065140937055,0,"available_crw"
"254026_0",81,"254026_0_crw_081",30,"254026_0_20240415T230000",2024-04-15 23:00:00,-122.149100268443,36.6179737035433,0,"available_crw"
"254026_0",82,"254026_0_crw_082",1,"254026_0_20240408T170000",2024-04-08 17:00:00,-122.0637,36.9493,0,"available_crw"
"254026_0",82,"254026_0_crw_082",2,"254026_0_20240408T230000",2024-04-08 23:00:00,-122.04872703058,36.9299402179283,0,"available_crw"
"254026_0",82,"254026_0_crw_082",3,"254026_0_20240409T050000",2024-04-09 05:00:00,-122.070041168349,36.880765563899,0,"available_crw"
"254026_0",82,"254026_0_crw_082",4,"254026_0_20240409T110000",2024-04-09 11:00:00,-122.200967289785,36.9515333093008,0,"available_crw"
"254026_0",82,"254026_0_crw_082",5,"254026_0_20240409T170000",2024-04-09 17:00:00,-122.28010072623,36.954084047818,0,"available_crw"
"254026_0",82,"254026_0_crw_082",6,"254026_0_20240409T230000",2024-04-09 23:00:00,-122.188077860359,36.8897932357459,0,"available_crw"
"254026_0",82,"254026_0_crw_082",7,"254026_0_20240410T050000",2024-04-10 05:00:00,-122.166045619513,36.8922284137354,0,"available_crw"
"254026_0",82,"254026_0_crw_082",8,"254026_0_20240410T110000",2024-04-10 11:00:00,-122.270746948424,36.9424735129142,0,"available_crw"
"254026_0",82,"254026_0_crw_082",9,"254026_0_20240410T170000",2024-04-10 17:00:00,-122.309587835828,36.9584600486743,0,"available_crw"
"254026_0",82,"254026_0_crw_082",10,"254026_0_20240410T230000",2024-04-10 23:00:00,-122.322903121352,37.0094225494445,0,"available_crw"
"254026_0",82,"254026_0_crw_082",11,"254026_0_20240411T050000",2024-04-11 05:00:00,-122.334460914219,37.0378616599363,0,"available_crw"
"254026_0",82,"254026_0_crw_082",12,"254026_0_20240411T110000",2024-04-11 11:00:00,-122.343614235986,37.0594360480434,0,"available_crw"
"254026_0",82,"254026_0_crw_082",13,"254026_0_20240411T170000",2024-04-11 17:00:00,-122.276165069946,37.060432210738,0,"available_crw"
"254026_0",82,"254026_0_crw_082",14,"254026_0_20240411T230000",2024-04-11 23:00:00,-122.231775161733,37.0618479409057,0,"available_crw"
"254026_0",82,"254026_0_crw_082",15,"254026_0_20240412T050000",2024-04-12 05:00:00,-122.229638373259,37.0453543068732,0,"available_crw"
"254026_0",82,"254026_0_crw_082",16,"254026_0_20240412T110000",2024-04-12 11:00:00,-122.211425287051,37.0350621744285,0,"available_crw"
"254026_0",82,"254026_0_crw_082",17,"254026_0_20240412T170000",2024-04-12 17:00:00,-122.007867291986,36.8778667506567,0,"available_crw"
"254026_0",82,"254026_0_crw_082",18,"254026_0_20240412T230000",2024-04-12 23:00:00,-121.81490494472,36.690184270382,0,"available_crw"
"254026_0",82,"254026_0_crw_082",19,"254026_0_20240413T050000",2024-04-13 05:00:00,-121.802894288448,36.6834311849368,0,"available_crw"
"254026_0",82,"254026_0_crw_082",20,"254026_0_20240413T110000",2024-04-13 11:00:00,-121.856218480022,36.6506056224137,0,"available_crw"
"254026_0",82,"254026_0_crw_082",21,"254026_0_20240413T170000",2024-04-13 17:00:00,-122.114871740906,36.5248579463024,0,"available_crw"
"254026_0",82,"254026_0_crw_082",22,"254026_0_20240413T230000",2024-04-13 23:00:00,-122.388541010425,36.4225020314685,0,"available_crw"
"254026_0",82,"254026_0_crw_082",23,"254026_0_20240414T050000",2024-04-14 05:00:00,-122.41616799427,36.5472653974093,0,"available_crw"
"254026_0",82,"254026_0_crw_082",24,"254026_0_20240414T110000",2024-04-14 11:00:00,-122.433058296845,36.4994152301525,0,"available_crw"
"254026_0",82,"254026_0_crw_082",25,"254026_0_20240414T170000",2024-04-14 17:00:00,-122.439294357989,36.469928100289,0,"available_crw"
"254026_0",82,"254026_0_crw_082",26,"254026_0_20240414T230000",2024-04-14 23:00:00,-122.527384623133,36.2546684513346,0,"available_crw"
"254026_0",82,"254026_0_crw_082",27,"254026_0_20240415T050000",2024-04-15 05:00:00,-122.581422477412,36.286436356266,0,"available_crw"
"254026_0",82,"254026_0_crw_082",28,"254026_0_20240415T110000",2024-04-15 11:00:00,-122.527591529144,36.3184577484698,0,"available_crw"
"254026_0",82,"254026_0_crw_082",29,"254026_0_20240415T170000",2024-04-15 17:00:00,-122.518582990202,36.3277358778834,0,"available_crw"
"254026_0",82,"254026_0_crw_082",30,"254026_0_20240415T230000",2024-04-15 23:00:00,-122.34493506908,36.4587364746721,0,"available_crw"
"254026_0",83,"254026_0_crw_083",1,"254026_0_20240408T170000",2024-04-08 17:00:00,-122.0637,36.9493,0,"available_crw"
"254026_0",83,"254026_0_crw_083",2,"254026_0_20240408T230000",2024-04-08 23:00:00,-122.21516970335,36.9136129426167,0,"available_crw"
"254026_0",83,"254026_0_crw_083",3,"254026_0_20240409T050000",2024-04-09 05:00:00,-122.242287610525,36.9068984004974,0,"available_crw"
"254026_0",83,"254026_0_crw_083",4,"254026_0_20240409T110000",2024-04-09 11:00:00,-122.239130763216,36.9130037355596,0,"available_crw"
"254026_0",83,"254026_0_crw_083",5,"254026_0_20240409T170000",2024-04-09 17:00:00,-122.162389683917,36.9554061207267,0,"available_crw"
"254026_0",83,"254026_0_crw_083",6,"254026_0_20240409T230000",2024-04-09 23:00:00,-122.163132852216,36.9488225003876,0,"available_crw"
"254026_0",83,"254026_0_crw_083",7,"254026_0_20240410T050000",2024-04-10 05:00:00,-122.223805892949,36.71019792721,0,"available_crw"
"254026_0",83,"254026_0_crw_083",8,"254026_0_20240410T110000",2024-04-10 11:00:00,-122.229753652037,36.6754920604526,0,"available_crw"
"254026_0",83,"254026_0_crw_083",9,"254026_0_20240410T170000",2024-04-10 17:00:00,-122.195278280277,36.7167768017772,0,"available_crw"
"254026_0",83,"254026_0_crw_083",10,"254026_0_20240410T230000",2024-04-10 23:00:00,-122.192963173283,36.710434122062,0,"available_crw"
"254026_0",83,"254026_0_crw_083",11,"254026_0_20240411T050000",2024-04-11 05:00:00,-122.162992599126,36.7112286543271,0,"available_crw"
"254026_0",83,"254026_0_crw_083",12,"254026_0_20240411T110000",2024-04-11 11:00:00,-122.13144661256,36.7270564292876,0,"available_crw"
"254026_0",83,"254026_0_crw_083",13,"254026_0_20240411T170000",2024-04-11 17:00:00,-121.872414403865,36.8163453843499,0,"available_crw"
"254026_0",83,"254026_0_crw_083",14,"254026_0_20240411T230000",2024-04-11 23:00:00,-121.837736526734,36.8287957824939,0,"available_crw"
"254026_0",83,"254026_0_crw_083",15,"254026_0_20240412T050000",2024-04-12 05:00:00,-121.803311590621,36.841701097285,0,"available_crw"
"254026_0",83,"254026_0_crw_083",16,"254026_0_20240412T110000",2024-04-12 11:00:00,-121.792156786356,36.8493687399896,0,"available_crw"
"254026_0",83,"254026_0_crw_083",17,"254026_0_20240412T170000",2024-04-12 17:00:00,-121.792035787572,36.842759246077,0,"available_crw"
"254026_0",83,"254026_0_crw_083",18,"254026_0_20240412T230000",2024-04-12 23:00:00,-121.856419211401,36.8584266143118,0,"available_crw"
"254026_0",83,"254026_0_crw_083",19,"254026_0_20240413T050000",2024-04-13 05:00:00,-121.876604393957,36.8550507429134,0,"available_crw"
"254026_0",83,"254026_0_crw_083",20,"254026_0_20240413T110000",2024-04-13 11:00:00,-121.816625422131,36.8427564987433,0,"available_crw"
"254026_0",83,"254026_0_crw_083",21,"254026_0_20240413T170000",2024-04-13 17:00:00,-121.788025494888,36.8419106951296,0,"available_crw"
"254026_0",83,"254026_0_crw_083",22,"254026_0_20240413T230000",2024-04-13 23:00:00,-121.793507794024,36.8369834792983,0,"available_crw"
"254026_0",83,"254026_0_crw_083",23,"254026_0_20240414T050000",2024-04-14 05:00:00,-121.794723682273,36.8435210552747,0,"available_crw"
"254026_0",83,"254026_0_crw_083",24,"254026_0_20240414T110000",2024-04-14 11:00:00,-121.800706680603,36.854293576655,0,"available_crw"
"254026_0",83,"254026_0_crw_083",25,"254026_0_20240414T170000",2024-04-14 17:00:00,-121.819467452214,36.8801261210884,0,"available_crw"
"254026_0",83,"254026_0_crw_083",26,"254026_0_20240414T230000",2024-04-14 23:00:00,-121.811350209511,36.8790436158888,0,"available_crw"
"254026_0",83,"254026_0_crw_083",27,"254026_0_20240415T050000",2024-04-15 05:00:00,-121.81757116439,36.8747172798898,0,"available_crw"
"254026_0",83,"254026_0_crw_083",28,"254026_0_20240415T110000",2024-04-15 11:00:00,-121.845876036764,36.8543458226335,0,"available_crw"
"254026_0",83,"254026_0_crw_083",29,"254026_0_20240415T170000",2024-04-15 17:00:00,-121.878204304069,36.8300079324167,0,"available_crw"
"254026_0",83,"254026_0_crw_083",30,"254026_0_20240415T230000",2024-04-15 23:00:00,-121.877415898367,36.8121563500005,0,"available_crw"
"254026_0",84,"254026_0_crw_084",1,"254026_0_20240408T170000",2024-04-08 17:00:00,-122.0637,36.9493,0,"available_crw"
"254026_0",84,"254026_0_crw_084",2,"254026_0_20240408T230000",2024-04-08 23:00:00,-121.993359964016,36.9201224209422,0,"available_crw"
"254026_0",84,"254026_0_crw_084",3,"254026_0_20240409T050000",2024-04-09 05:00:00,-121.967991635747,36.9099093547568,0,"available_crw"
"254026_0",84,"254026_0_crw_084",4,"254026_0_20240409T110000",2024-04-09 11:00:00,-121.942470756509,36.899950153996,0,"available_crw"
"254026_0",84,"254026_0_crw_084",5,"254026_0_20240409T170000",2024-04-09 17:00:00,-121.899318944072,36.8843455813873,0,"available_crw"
"254026_0",84,"254026_0_crw_084",6,"254026_0_20240409T230000",2024-04-09 23:00:00,-121.879106000422,36.8917927905745,0,"available_crw"
"254026_0",84,"254026_0_crw_084",7,"254026_0_20240410T050000",2024-04-10 05:00:00,-121.839223205375,36.9073315793248,0,"available_crw"
"254026_0",84,"254026_0_crw_084",8,"254026_0_20240410T110000",2024-04-10 11:00:00,-121.833376244085,36.9245659306691,0,"available_crw"
"254026_0",84,"254026_0_crw_084",9,"254026_0_20240410T170000",2024-04-10 17:00:00,-121.820619726313,36.8652338594109,0,"available_crw"
"254026_0",84,"254026_0_crw_084",10,"254026_0_20240410T230000",2024-04-10 23:00:00,-121.801628500536,36.8559501335282,0,"available_crw"
"254026_0",84,"254026_0_crw_084",11,"254026_0_20240411T050000",2024-04-11 05:00:00,-121.842123108429,36.8335057489315,0,"available_crw"
"254026_0",84,"254026_0_crw_084",12,"254026_0_20240411T110000",2024-04-11 11:00:00,-121.854900642429,36.8465240761736,0,"available_crw"
"254026_0",84,"254026_0_crw_084",13,"254026_0_20240411T170000",2024-04-11 17:00:00,-121.791905094128,36.8654979002875,0,"available_crw"
"254026_0",84,"254026_0_crw_084",14,"254026_0_20240411T230000",2024-04-11 23:00:00,-121.794970688984,36.8260401325862,0,"available_crw"
"254026_0",84,"254026_0_crw_084",15,"254026_0_20240412T050000",2024-04-12 05:00:00,-121.800958663246,36.8305704424227,0,"available_crw"
"254026_0",84,"254026_0_crw_084",16,"254026_0_20240412T110000",2024-04-12 11:00:00,-121.836349955588,36.8557827239262,0,"available_crw"
"254026_0",84,"254026_0_crw_084",17,"254026_0_20240412T170000",2024-04-12 17:00:00,-121.823678624209,36.8688701086233,0,"available_crw"
"254026_0",84,"254026_0_crw_084",18,"254026_0_20240412T230000",2024-04-12 23:00:00,-121.806616437615,36.8595431506098,0,"available_crw"
"254026_0",84,"254026_0_crw_084",19,"254026_0_20240413T050000",2024-04-13 05:00:00,-121.859566972478,36.826203700425,0,"available_crw"
"254026_0",84,"254026_0_crw_084",20,"254026_0_20240413T110000",2024-04-13 11:00:00,-121.877833275783,36.8084991370169,0,"available_crw"
"254026_0",84,"254026_0_crw_084",21,"254026_0_20240413T170000",2024-04-13 17:00:00,-121.879350763691,36.8149959279265,0,"available_crw"
"254026_0",84,"254026_0_crw_084",22,"254026_0_20240413T230000",2024-04-13 23:00:00,-121.886987486295,36.8449056867563,0,"available_crw"
"254026_0",84,"254026_0_crw_084",23,"254026_0_20240414T050000",2024-04-14 05:00:00,-121.845822867075,36.8851169207603,0,"available_crw"
"254026_0",84,"254026_0_crw_084",24,"254026_0_20240414T110000",2024-04-14 11:00:00,-121.828073234684,36.902892526943,0,"available_crw"
"254026_0",84,"254026_0_crw_084",25,"254026_0_20240414T170000",2024-04-14 17:00:00,-121.826422367006,36.8964166578728,0,"available_crw"
"254026_0",84,"254026_0_crw_084",26,"254026_0_20240414T230000",2024-04-14 23:00:00,-121.814869103809,36.8753694258192,0,"available_crw"
"254026_0",84,"254026_0_crw_084",27,"254026_0_20240415T050000",2024-04-15 05:00:00,-121.881777548432,36.8696217463906,0,"available_crw"
"254026_0",84,"254026_0_crw_084",28,"254026_0_20240415T110000",2024-04-15 11:00:00,-121.89872896059,36.8601883804085,0,"available_crw"
"254026_0",84,"254026_0_crw_084",29,"254026_0_20240415T170000",2024-04-15 17:00:00,-121.93622143946,36.8373719374038,0,"available_crw"
"254026_0",84,"254026_0_crw_084",30,"254026_0_20240415T230000",2024-04-15 23:00:00,-121.972463711393,36.8132962409302,0,"available_crw"
"254026_0",85,"254026_0_crw_085",1,"254026_0_20240408T170000",2024-04-08 17:00:00,-122.0637,36.9493,0,"available_crw"
"254026_0",85,"254026_0_crw_085",2,"254026_0_20240408T230000",2024-04-08 23:00:00,-122.066585972615,36.874549838707,0,"available_crw"
"254026_0",85,"254026_0_crw_085",3,"254026_0_20240409T050000",2024-04-09 05:00:00,-122.066648223862,36.8365376350223,0,"available_crw"
"254026_0",85,"254026_0_crw_085",4,"254026_0_20240409T110000",2024-04-09 11:00:00,-122.072969980863,36.840766145958,0,"available_crw"
"254026_0",85,"254026_0_crw_085",5,"254026_0_20240409T170000",2024-04-09 17:00:00,-122.094912377241,36.8379288053281,0,"available_crw"
"254026_0",85,"254026_0_crw_085",6,"254026_0_20240409T230000",2024-04-09 23:00:00,-122.33376822995,36.8364299860604,0,"available_crw"
"254026_0",85,"254026_0_crw_085",7,"254026_0_20240410T050000",2024-04-10 05:00:00,-122.613113044508,36.868175305786,0,"available_crw"
"254026_0",85,"254026_0_crw_085",8,"254026_0_20240410T110000",2024-04-10 11:00:00,-122.629908330176,36.856469889484,0,"available_crw"
"254026_0",85,"254026_0_crw_085",9,"254026_0_20240410T170000",2024-04-10 17:00:00,-122.831887337423,36.754060656299,0,"available_crw"
"254026_0",85,"254026_0_crw_085",10,"254026_0_20240410T230000",2024-04-10 23:00:00,-122.868755712309,36.7343763037079,0,"available_crw"
"254026_0",85,"254026_0_crw_085",11,"254026_0_20240411T050000",2024-04-11 05:00:00,-122.829763792233,36.7857777020831,0,"available_crw"
"254026_0",85,"254026_0_crw_085",12,"254026_0_20240411T110000",2024-04-11 11:00:00,-122.881893193357,36.7590066200006,0,"available_crw"
"254026_0",85,"254026_0_crw_085",13,"254026_0_20240411T170000",2024-04-11 17:00:00,-122.898984138435,36.7324281528301,0,"available_crw"
"254026_0",85,"254026_0_crw_085",14,"254026_0_20240411T230000",2024-04-11 23:00:00,-122.897227424744,36.7025349782463,0,"available_crw"
"254026_0",85,"254026_0_crw_085",15,"254026_0_20240412T050000",2024-04-12 05:00:00,-122.945506207256,36.6678963470769,0,"available_crw"
"254026_0",85,"254026_0_crw_085",16,"254026_0_20240412T110000",2024-04-12 11:00:00,-122.945795053884,36.6745035982289,0,"available_crw"
"254026_0",85,"254026_0_crw_085",17,"254026_0_20240412T170000",2024-04-12 17:00:00,-122.948855073494,36.7124401523093,0,"available_crw"
"254026_0",85,"254026_0_crw_085",18,"254026_0_20240412T230000",2024-04-12 23:00:00,-123.139766443751,36.7355809668621,0,"available_crw"
"254026_0",85,"254026_0_crw_085",19,"254026_0_20240413T050000",2024-04-13 05:00:00,-123.156669532757,36.7240030534171,0,"available_crw"
"254026_0",85,"254026_0_crw_085",20,"254026_0_20240413T110000",2024-04-13 11:00:00,-123.066004153987,36.5868244088971,0,"available_crw"
"254026_0",85,"254026_0_crw_085",21,"254026_0_20240413T170000",2024-04-13 17:00:00,-123.068111553053,36.6365504554575,0,"available_crw"
"254026_0",85,"254026_0_crw_085",22,"254026_0_20240413T230000",2024-04-13 23:00:00,-123.047631781596,36.6381729834655,0,"available_crw"
"254026_0",85,"254026_0_crw_085",23,"254026_0_20240414T050000",2024-04-14 05:00:00,-122.809765944035,36.6273446901809,0,"available_crw"
"254026_0",85,"254026_0_crw_085",24,"254026_0_20240414T110000",2024-04-14 11:00:00,-122.772113385838,36.585032683686,0,"available_crw"
"254026_0",85,"254026_0_crw_085",25,"254026_0_20240414T170000",2024-04-14 17:00:00,-122.75535799924,36.5666813621052,0,"available_crw"
"254026_0",85,"254026_0_crw_085",26,"254026_0_20240414T230000",2024-04-14 23:00:00,-122.763540301388,36.567065040652,0,"available_crw"
"254026_0",85,"254026_0_crw_085",27,"254026_0_20240415T050000",2024-04-15 05:00:00,-122.673446512204,36.5014264640125,0,"available_crw"
"254026_0",85,"254026_0_crw_085",28,"254026_0_20240415T110000",2024-04-15 11:00:00,-122.516658545649,36.5917067128963,0,"available_crw"
"254026_0",85,"254026_0_crw_085",29,"254026_0_20240415T170000",2024-04-15 17:00:00,-122.252253052874,36.7097618678037,0,"available_crw"
"254026_0",85,"254026_0_crw_085",30,"254026_0_20240415T230000",2024-04-15 23:00:00,-122.221856888093,36.7269642854209,0,"available_crw"
"254026_0",86,"254026_0_crw_086",1,"254026_0_20240408T170000",2024-04-08 17:00:00,-122.0637,36.9493,0,"available_crw"
"254026_0",86,"254026_0_crw_086",2,"254026_0_20240408T230000",2024-04-08 23:00:00,-122.04872703058,36.9299402179283,0,"available_crw"
"254026_0",86,"254026_0_crw_086",3,"254026_0_20240409T050000",2024-04-09 05:00:00,-122.02224799934,36.8986916720404,0,"available_crw"
"254026_0",86,"254026_0_crw_086",4,"254026_0_20240409T110000",2024-04-09 11:00:00,-122.00599791843,36.8800132936456,0,"available_crw"
"254026_0",86,"254026_0_crw_086",5,"254026_0_20240409T170000",2024-04-09 17:00:00,-121.983890971441,36.8780940457205,0,"available_crw"
"254026_0",86,"254026_0_crw_086",6,"254026_0_20240409T230000",2024-04-09 23:00:00,-122.011119359318,36.8286559445045,0,"available_crw"
"254026_0",86,"254026_0_crw_086",7,"254026_0_20240410T050000",2024-04-10 05:00:00,-122.026155831338,36.7957754181895,0,"available_crw"
"254026_0",86,"254026_0_crw_086",8,"254026_0_20240410T110000",2024-04-10 11:00:00,-121.86340835942,36.7121213006389,0,"available_crw"
"254026_0",86,"254026_0_crw_086",9,"254026_0_20240410T170000",2024-04-10 17:00:00,-121.902369170303,36.8049050060417,0,"available_crw"
"254026_0",86,"254026_0_crw_086",10,"254026_0_20240410T230000",2024-04-10 23:00:00,-121.917503108877,36.8161492129016,0,"available_crw"
"254026_0",86,"254026_0_crw_086",11,"254026_0_20240411T050000",2024-04-11 05:00:00,-121.995075591024,36.8284148103338,0,"available_crw"
"254026_0",86,"254026_0_crw_086",12,"254026_0_20240411T110000",2024-04-11 11:00:00,-122.284301190332,36.9012972367723,0,"available_crw"
"254026_0",86,"254026_0_crw_086",13,"254026_0_20240411T170000",2024-04-11 17:00:00,-122.329785384629,36.9110168726706,0,"available_crw"
"254026_0",86,"254026_0_crw_086",14,"254026_0_20240411T230000",2024-04-11 23:00:00,-122.372879771493,36.919399510302,0,"available_crw"
"254026_0",86,"254026_0_crw_086",15,"254026_0_20240412T050000",2024-04-12 05:00:00,-122.342750006407,36.9506765057403,0,"available_crw"
"254026_0",86,"254026_0_crw_086",16,"254026_0_20240412T110000",2024-04-12 11:00:00,-122.467243257097,37.0697654591375,0,"available_crw"
"254026_0",86,"254026_0_crw_086",17,"254026_0_20240412T170000",2024-04-12 17:00:00,-122.452273575991,37.0812159985786,0,"available_crw"
"254026_0",86,"254026_0_crw_086",18,"254026_0_20240412T230000",2024-04-12 23:00:00,-122.553296843042,37.213917007381,0,"available_crw"
"254026_0",86,"254026_0_crw_086",19,"254026_0_20240413T050000",2024-04-13 05:00:00,-122.547516512897,37.1643831572732,0,"available_crw"
"254026_0",86,"254026_0_crw_086",20,"254026_0_20240413T110000",2024-04-13 11:00:00,-122.613512004511,37.1759526146577,0,"available_crw"
"254026_0",86,"254026_0_crw_086",21,"254026_0_20240413T170000",2024-04-13 17:00:00,-122.633390894967,37.1713168365033,0,"available_crw"
"254026_0",86,"254026_0_crw_086",22,"254026_0_20240413T230000",2024-04-13 23:00:00,-122.659209311172,37.1496731666856,0,"available_crw"
"254026_0",86,"254026_0_crw_086",23,"254026_0_20240414T050000",2024-04-14 05:00:00,-122.67859810435,37.132988746878,0,"available_crw"
"254026_0",86,"254026_0_crw_086",24,"254026_0_20240414T110000",2024-04-14 11:00:00,-122.686914369871,37.1038149017231,0,"available_crw"
"254026_0",86,"254026_0_crw_086",25,"254026_0_20240414T170000",2024-04-14 17:00:00,-122.681310285046,37.0878651663434,0,"available_crw"
"254026_0",86,"254026_0_crw_086",26,"254026_0_20240414T230000",2024-04-14 23:00:00,-122.623032444018,37.044746682243,0,"available_crw"
"254026_0",86,"254026_0_crw_086",27,"254026_0_20240415T050000",2024-04-15 05:00:00,-122.598310005613,37.0330664358093,0,"available_crw"
"254026_0",86,"254026_0_crw_086",28,"254026_0_20240415T110000",2024-04-15 11:00:00,-122.565186731457,37.0179972418043,0,"available_crw"
"254026_0",86,"254026_0_crw_086",29,"254026_0_20240415T170000",2024-04-15 17:00:00,-122.537806487025,37.0111326603472,0,"available_crw"
"254026_0",86,"254026_0_crw_086",30,"254026_0_20240415T230000",2024-04-15 23:00:00,-122.501216694295,37.0053344892722,0,"available_crw"
"254026_0",87,"254026_0_crw_087",1,"254026_0_20240408T170000",2024-04-08 17:00:00,-122.0637,36.9493,0,"available_crw"
"254026_0",87,"254026_0_crw_087",2,"254026_0_20240408T230000",2024-04-08 23:00:00,-122.039962132268,36.9192265417833,0,"available_crw"
"254026_0",87,"254026_0_crw_087",3,"254026_0_20240409T050000",2024-04-09 05:00:00,-121.968877989941,36.8912805453736,0,"available_crw"
"254026_0",87,"254026_0_crw_087",4,"254026_0_20240409T110000",2024-04-09 11:00:00,-121.941077413247,36.8857600892098,0,"available_crw"
"254026_0",87,"254026_0_crw_087",5,"254026_0_20240409T170000",2024-04-09 17:00:00,-121.971363472444,36.8545995722895,0,"available_crw"
"254026_0",87,"254026_0_crw_087",6,"254026_0_20240409T230000",2024-04-09 23:00:00,-121.999340476246,36.8239529109894,0,"available_crw"
"254026_0",87,"254026_0_crw_087",7,"254026_0_20240410T050000",2024-04-10 05:00:00,-122.168001138414,36.6881434026081,0,"available_crw"
"254026_0",87,"254026_0_crw_087",8,"254026_0_20240410T110000",2024-04-10 11:00:00,-122.200318304748,36.6604413664637,0,"available_crw"
"254026_0",87,"254026_0_crw_087",9,"254026_0_20240410T170000",2024-04-10 17:00:00,-122.216192332915,36.6709991254298,0,"available_crw"
"254026_0",87,"254026_0_crw_087",10,"254026_0_20240410T230000",2024-04-10 23:00:00,-122.241570600237,36.681551388152,0,"available_crw"
"254026_0",87,"254026_0_crw_087",11,"254026_0_20240411T050000",2024-04-11 05:00:00,-122.192205187959,36.5920507404813,0,"available_crw"
"254026_0",87,"254026_0_crw_087",12,"254026_0_20240411T110000",2024-04-11 11:00:00,-122.180408721534,36.5713425554124,0,"available_crw"
"254026_0",87,"254026_0_crw_087",13,"254026_0_20240411T170000",2024-04-11 17:00:00,-122.103045613472,36.3533943643128,0,"available_crw"
"254026_0",87,"254026_0_crw_087",14,"254026_0_20240411T230000",2024-04-11 23:00:00,-122.151440506886,36.3589726149282,0,"available_crw"
"254026_0",87,"254026_0_crw_087",15,"254026_0_20240412T050000",2024-04-12 05:00:00,-122.090384306549,36.4757094689992,0,"available_crw"
"254026_0",87,"254026_0_crw_087",16,"254026_0_20240412T110000",2024-04-12 11:00:00,-122.09498621551,36.5054032217034,0,"available_crw"
"254026_0",87,"254026_0_crw_087",17,"254026_0_20240412T170000",2024-04-12 17:00:00,-122.074807249789,36.5085081246727,0,"available_crw"
"254026_0",87,"254026_0_crw_087",18,"254026_0_20240412T230000",2024-04-12 23:00:00,-122.069577841383,36.663856600603,0,"available_crw"
"254026_0",87,"254026_0_crw_087",19,"254026_0_20240413T050000",2024-04-13 05:00:00,-122.069181955394,36.6943901115516,0,"available_crw"
"254026_0",87,"254026_0_crw_087",20,"254026_0_20240413T110000",2024-04-13 11:00:00,-122.069420764809,36.7249245268173,0,"available_crw"
"254026_0",87,"254026_0_crw_087",21,"254026_0_20240413T170000",2024-04-13 17:00:00,-122.111227758408,36.7788534210369,0,"available_crw"
"254026_0",87,"254026_0_crw_087",22,"254026_0_20240413T230000",2024-04-13 23:00:00,-122.205461748225,36.9552883520185,0,"available_crw"
"254026_0",87,"254026_0_crw_087",23,"254026_0_20240414T050000",2024-04-14 05:00:00,-122.235190993835,36.9516025902848,0,"available_crw"
"254026_0",87,"254026_0_crw_087",24,"254026_0_20240414T110000",2024-04-14 11:00:00,-122.271186869084,36.9438586011302,0,"available_crw"
"254026_0",87,"254026_0_crw_087",25,"254026_0_20240414T170000",2024-04-14 17:00:00,-122.286135148392,36.9324326005773,0,"available_crw"
"254026_0",87,"254026_0_crw_087",26,"254026_0_20240414T230000",2024-04-14 23:00:00,-122.350459024904,36.9391441121616,0,"available_crw"
"254026_0",87,"254026_0_crw_087",27,"254026_0_20240415T050000",2024-04-15 05:00:00,-122.324720681919,36.972857182401,0,"available_crw"
"254026_0",87,"254026_0_crw_087",28,"254026_0_20240415T110000",2024-04-15 11:00:00,-122.215735337408,36.8811798876337,0,"available_crw"
"254026_0",87,"254026_0_crw_087",29,"254026_0_20240415T170000",2024-04-15 17:00:00,-122.223944990127,36.880725514197,0,"available_crw"
"254026_0",87,"254026_0_crw_087",30,"254026_0_20240415T230000",2024-04-15 23:00:00,-122.288306767862,36.8437719513704,0,"available_crw"
"254026_0",88,"254026_0_crw_088",1,"254026_0_20240408T170000",2024-04-08 17:00:00,-122.0637,36.9493,0,"available_crw"
"254026_0",88,"254026_0_crw_088",2,"254026_0_20240408T230000",2024-04-08 23:00:00,-122.043507580812,36.9234239822708,0,"available_crw"
"254026_0",88,"254026_0_crw_088",3,"254026_0_20240409T050000",2024-04-09 05:00:00,-122.018036245668,36.8949829974614,0,"available_crw"
"254026_0",88,"254026_0_crw_088",4,"254026_0_20240409T110000",2024-04-09 11:00:00,-122.033992385112,36.884461431374,0,"available_crw"
"254026_0",88,"254026_0_crw_088",5,"254026_0_20240409T170000",2024-04-09 17:00:00,-122.239413665564,36.786495587616,0,"available_crw"
"254026_0",88,"254026_0_crw_088",6,"254026_0_20240409T230000",2024-04-09 23:00:00,-122.249922763732,36.7722447414534,0,"available_crw"
"254026_0",88,"254026_0_crw_088",7,"254026_0_20240410T050000",2024-04-10 05:00:00,-122.228763597102,36.755125039065,0,"available_crw"
"254026_0",88,"254026_0_crw_088",8,"254026_0_20240410T110000",2024-04-10 11:00:00,-122.216018067885,36.7492937815537,0,"available_crw"
"254026_0",88,"254026_0_crw_088",9,"254026_0_20240410T170000",2024-04-10 17:00:00,-122.17429025003,36.7314837069357,0,"available_crw"
"254026_0",88,"254026_0_crw_088",10,"254026_0_20240410T230000",2024-04-10 23:00:00,-122.281038652916,36.6383714852973,0,"available_crw"
"254026_0",88,"254026_0_crw_088",11,"254026_0_20240411T050000",2024-04-11 05:00:00,-122.300385475307,36.6747087133173,0,"available_crw"
"254026_0",88,"254026_0_crw_088",12,"254026_0_20240411T110000",2024-04-11 11:00:00,-122.318709915369,36.7071119148639,0,"available_crw"
"254026_0",88,"254026_0_crw_088",13,"254026_0_20240411T170000",2024-04-11 17:00:00,-122.348237841292,36.7029112860876,0,"available_crw"
"254026_0",88,"254026_0_crw_088",14,"254026_0_20240411T230000",2024-04-11 23:00:00,-122.339257655949,36.7564941396988,0,"available_crw"
"254026_0",88,"254026_0_crw_088",15,"254026_0_20240412T050000",2024-04-12 05:00:00,-122.373580214639,36.7151164840317,0,"available_crw"
"254026_0",88,"254026_0_crw_088",16,"254026_0_20240412T110000",2024-04-12 11:00:00,-122.395360298024,36.684786724114,0,"available_crw"
"254026_0",88,"254026_0_crw_088",17,"254026_0_20240412T170000",2024-04-12 17:00:00,-122.395338793326,36.6548609243235,0,"available_crw"
"254026_0",88,"254026_0_crw_088",18,"254026_0_20240412T230000",2024-04-12 23:00:00,-122.459290995845,36.6712602474893,0,"available_crw"
"254026_0",88,"254026_0_crw_088",19,"254026_0_20240413T050000",2024-04-13 05:00:00,-122.50457418169,36.681178746952,0,"available_crw"
"254026_0",88,"254026_0_crw_088",20,"254026_0_20240413T110000",2024-04-13 11:00:00,-122.425788002139,36.7909117494465,0,"available_crw"
"254026_0",88,"254026_0_crw_088",21,"254026_0_20240413T170000",2024-04-13 17:00:00,-122.361822127924,36.7989738818174,0,"available_crw"
"254026_0",88,"254026_0_crw_088",22,"254026_0_20240413T230000",2024-04-13 23:00:00,-122.42094235211,36.8136426168105,0,"available_crw"
"254026_0",88,"254026_0_crw_088",23,"254026_0_20240414T050000",2024-04-14 05:00:00,-122.463541845161,36.8233734845101,0,"available_crw"
"254026_0",88,"254026_0_crw_088",24,"254026_0_20240414T110000",2024-04-14 11:00:00,-122.49962140595,36.8160182396595,0,"available_crw"
"254026_0",88,"254026_0_crw_088",25,"254026_0_20240414T170000",2024-04-14 17:00:00,-122.527001772782,36.8101298561131,0,"available_crw"
"254026_0",88,"254026_0_crw_088",26,"254026_0_20240414T230000",2024-04-14 23:00:00,-122.572283146224,36.7992091150816,0,"available_crw"
"254026_0",88,"254026_0_crw_088",27,"254026_0_20240415T050000",2024-04-15 05:00:00,-122.624839462601,36.7517422668553,0,"available_crw"
"254026_0",88,"254026_0_crw_088",28,"254026_0_20240415T110000",2024-04-15 11:00:00,-122.641078710574,36.7619541046554,0,"available_crw"
"254026_0",88,"254026_0_crw_088",29,"254026_0_20240415T170000",2024-04-15 17:00:00,-122.676548811421,36.7832510016449,0,"available_crw"
"254026_0",88,"254026_0_crw_088",30,"254026_0_20240415T230000",2024-04-15 23:00:00,-122.64599370369,36.6884407885948,0,"available_crw"
"254026_0",89,"254026_0_crw_089",1,"254026_0_20240408T170000",2024-04-08 17:00:00,-122.0637,36.9493,0,"available_crw"
"254026_0",89,"254026_0_crw_089",2,"254026_0_20240408T230000",2024-04-08 23:00:00,-121.972982897655,36.7716866011714,0,"available_crw"
"254026_0",89,"254026_0_crw_089",3,"254026_0_20240409T050000",2024-04-09 05:00:00,-121.95678460123,36.7527311445406,0,"available_crw"
"254026_0",89,"254026_0_crw_089",4,"254026_0_20240409T110000",2024-04-09 11:00:00,-121.92889333181,36.7220556445949,0,"available_crw"
"254026_0",89,"254026_0_crw_089",5,"254026_0_20240409T170000",2024-04-09 17:00:00,-122.075387656441,36.6757477710161,0,"available_crw"
"254026_0",89,"254026_0_crw_089",6,"254026_0_20240409T230000",2024-04-09 23:00:00,-122.079801734315,36.7296970500164,0,"available_crw"
"254026_0",89,"254026_0_crw_089",7,"254026_0_20240410T050000",2024-04-10 05:00:00,-122.097450376156,36.7405291558862,0,"available_crw"
"254026_0",89,"254026_0_crw_089",8,"254026_0_20240410T110000",2024-04-10 11:00:00,-122.068141844003,36.6454741175799,0,"available_crw"
"254026_0",89,"254026_0_crw_089",9,"254026_0_20240410T170000",2024-04-10 17:00:00,-122.038182478484,36.6452410995031,0,"available_crw"
"254026_0",89,"254026_0_crw_089",10,"254026_0_20240410T230000",2024-04-10 23:00:00,-122.005856960733,36.6599735852304,0,"available_crw"
"254026_0",89,"254026_0_crw_089",11,"254026_0_20240411T050000",2024-04-11 05:00:00,-122.007311116055,36.6534675145326,0,"available_crw"
"254026_0",89,"254026_0_crw_089",12,"254026_0_20240411T110000",2024-04-11 11:00:00,-121.99470037979,36.6253220403346,0,"available_crw"
"254026_0",89,"254026_0_crw_089",13,"254026_0_20240411T170000",2024-04-11 17:00:00,-121.940221494533,36.4029072442349,0,"available_crw"
"254026_0",89,"254026_0_crw_089",14,"254026_0_20240411T230000",2024-04-11 23:00:00,-121.930747571461,36.3681360449691,0,"available_crw"
"254026_0",89,"254026_0_crw_089",15,"254026_0_20240412T050000",2024-04-12 05:00:00,-121.976063518791,36.4159247778261,0,"available_crw"
"254026_0",89,"254026_0_crw_089",16,"254026_0_20240412T110000",2024-04-12 11:00:00,-121.978672035026,36.3180026036909,0,"available_crw"
"254026_0",89,"254026_0_crw_089",17,"254026_0_20240412T170000",2024-04-12 17:00:00,-122.022841429627,36.3349135218452,0,"available_crw"
"254026_0",89,"254026_0_crw_089",18,"254026_0_20240412T230000",2024-04-12 23:00:00,-122.219672944062,36.4423414669172,0,"available_crw"
"254026_0",89,"254026_0_crw_089",19,"254026_0_20240413T050000",2024-04-13 05:00:00,-122.240091733799,36.4438949452832,0,"available_crw"
"254026_0",89,"254026_0_crw_089",20,"254026_0_20240413T110000",2024-04-13 11:00:00,-122.273739619687,36.4313886772158,0,"available_crw"
"254026_0",89,"254026_0_crw_089",21,"254026_0_20240413T170000",2024-04-13 17:00:00,-122.365370628553,36.4419895690506,0,"available_crw"
"254026_0",89,"254026_0_crw_089",22,"254026_0_20240413T230000",2024-04-13 23:00:00,-122.304184233522,36.5587070836136,0,"available_crw"
"254026_0",89,"254026_0_crw_089",23,"254026_0_20240414T050000",2024-04-14 05:00:00,-122.293493211525,36.5798019506114,0,"available_crw"
"254026_0",89,"254026_0_crw_089",24,"254026_0_20240414T110000",2024-04-14 11:00:00,-122.283244590181,36.6085506446518,0,"available_crw"
"254026_0",89,"254026_0_crw_089",25,"254026_0_20240414T170000",2024-04-14 17:00:00,-122.287706762432,36.6247256089315,0,"available_crw"
"254026_0",89,"254026_0_crw_089",26,"254026_0_20240414T230000",2024-04-14 23:00:00,-122.220904945336,36.6198353717964,0,"available_crw"
"254026_0",89,"254026_0_crw_089",27,"254026_0_20240415T050000",2024-04-15 05:00:00,-121.948027422488,36.5652108415597,0,"available_crw"
"254026_0",89,"254026_0_crw_089",28,"254026_0_20240415T110000",2024-04-15 11:00:00,-121.954633047168,36.5612984317262,0,"available_crw"
"254026_0",89,"254026_0_crw_089",29,"254026_0_20240415T170000",2024-04-15 17:00:00,-121.967835142806,36.5740098951903,0,"available_crw"
"254026_0",89,"254026_0_crw_089",30,"254026_0_20240415T230000",2024-04-15 23:00:00,-121.965220120596,36.476090515385,0,"available_crw"
"254026_0",90,"254026_0_crw_090",1,"254026_0_20240408T170000",2024-04-08 17:00:00,-122.0637,36.9493,0,"available_crw"
"254026_0",90,"254026_0_crw_090",2,"254026_0_20240408T230000",2024-04-08 23:00:00,-122.071844125396,36.950286231022,0,"available_crw"
"254026_0",90,"254026_0_crw_090",3,"254026_0_20240409T050000",2024-04-09 05:00:00,-122.115334970162,36.9532738259664,0,"available_crw"
"254026_0",90,"254026_0_crw_090",4,"254026_0_20240409T110000",2024-04-09 11:00:00,-122.189042406262,36.9990538493013,0,"available_crw"
"254026_0",90,"254026_0_crw_090",5,"254026_0_20240409T170000",2024-04-09 17:00:00,-122.227382946361,37.0214036074586,0,"available_crw"
"254026_0",90,"254026_0_crw_090",6,"254026_0_20240409T230000",2024-04-09 23:00:00,-122.263877760122,37.0416888166778,0,"available_crw"
"254026_0",90,"254026_0_crw_090",7,"254026_0_20240410T050000",2024-04-10 05:00:00,-122.343052606066,37.0451423262072,0,"available_crw"
"254026_0",90,"254026_0_crw_090",8,"254026_0_20240410T110000",2024-04-10 11:00:00,-122.35214253795,37.0221257393744,0,"available_crw"
"254026_0",90,"254026_0_crw_090",9,"254026_0_20240410T170000",2024-04-10 17:00:00,-122.356601837152,37.0276860541293,0,"available_crw"
"254026_0",90,"254026_0_crw_090",10,"254026_0_20240410T230000",2024-04-10 23:00:00,-122.37774139524,37.0530867010446,0,"available_crw"
"254026_0",90,"254026_0_crw_090",11,"254026_0_20240411T050000",2024-04-11 05:00:00,-122.517605442987,37.2693906097795,0,"available_crw"
"254026_0",90,"254026_0_crw_090",12,"254026_0_20240411T110000",2024-04-11 11:00:00,-122.540241000235,37.2993933257563,0,"available_crw"
"254026_0",90,"254026_0_crw_090",13,"254026_0_20240411T170000",2024-04-11 17:00:00,-122.562261861459,37.3024973213874,0,"available_crw"
"254026_0",90,"254026_0_crw_090",14,"254026_0_20240411T230000",2024-04-11 23:00:00,-122.593853559414,37.3480453452295,0,"available_crw"
"254026_0",90,"254026_0_crw_090",15,"254026_0_20240412T050000",2024-04-12 05:00:00,-122.612844320839,37.3653469723565,0,"available_crw"
"254026_0",90,"254026_0_crw_090",16,"254026_0_20240412T110000",2024-04-12 11:00:00,-122.643837537663,37.3901565949291,0,"available_crw"
"254026_0",90,"254026_0_crw_090",17,"254026_0_20240412T170000",2024-04-12 17:00:00,-122.678474767704,37.4162590972645,0,"available_crw"
"254026_0",90,"254026_0_crw_090",18,"254026_0_20240412T230000",2024-04-12 23:00:00,-122.61913275527,37.4423991160823,0,"available_crw"
"254026_0",90,"254026_0_crw_090",19,"254026_0_20240413T050000",2024-04-13 05:00:00,-122.626672915084,37.4657804509785,0,"available_crw"
"254026_0",90,"254026_0_crw_090",20,"254026_0_20240413T110000",2024-04-13 11:00:00,-122.639249268514,37.4170541267788,0,"available_crw"
"254026_0",90,"254026_0_crw_090",21,"254026_0_20240413T170000",2024-04-13 17:00:00,-122.647460194586,37.3796113251636,0,"available_crw"
"254026_0",90,"254026_0_crw_090",22,"254026_0_20240413T230000",2024-04-13 23:00:00,-122.737685294561,37.1646697389769,0,"available_crw"
"254026_0",90,"254026_0_crw_090",23,"254026_0_20240414T050000",2024-04-14 05:00:00,-122.757714459294,37.1689191082996,0,"available_crw"
"254026_0",90,"254026_0_crw_090",24,"254026_0_20240414T110000",2024-04-14 11:00:00,-122.750986079436,37.1727545518044,0,"available_crw"
"254026_0",90,"254026_0_crw_090",25,"254026_0_20240414T170000",2024-04-14 17:00:00,-122.737912143187,37.1598892439328,0,"available_crw"
"254026_0",90,"254026_0_crw_090",26,"254026_0_20240414T230000",2024-04-14 23:00:00,-122.751330287047,37.108938830864,0,"available_crw"
"254026_0",90,"254026_0_crw_090",27,"254026_0_20240415T050000",2024-04-15 05:00:00,-122.892796899174,37.1658030430205,0,"available_crw"
"254026_0",90,"254026_0_crw_090",28,"254026_0_20240415T110000",2024-04-15 11:00:00,-122.845567876484,37.2044715293937,0,"available_crw"
"254026_0",90,"254026_0_crw_090",29,"254026_0_20240415T170000",2024-04-15 17:00:00,-122.87044621697,37.1476421055408,0,"available_crw"
"254026_0",90,"254026_0_crw_090",30,"254026_0_20240415T230000",2024-04-15 23:00:00,-122.890396794069,37.1521096033363,0,"available_crw"
"254026_0",91,"254026_0_crw_091",1,"254026_0_20240408T170000",2024-04-08 17:00:00,-122.0637,36.9493,0,"available_crw"
"254026_0",91,"254026_0_crw_091",2,"254026_0_20240408T230000",2024-04-08 23:00:00,-122.031043274964,36.9348689984628,0,"available_crw"
"254026_0",91,"254026_0_crw_091",3,"254026_0_20240409T050000",2024-04-09 05:00:00,-121.988917487045,36.9175191389842,0,"available_crw"
"254026_0",91,"254026_0_crw_091",4,"254026_0_20240409T110000",2024-04-09 11:00:00,-121.974526568715,36.9151420088033,0,"available_crw"
"254026_0",91,"254026_0_crw_091",5,"254026_0_20240409T170000",2024-04-09 17:00:00,-122.047455048503,36.9011527670109,0,"available_crw"
"254026_0",91,"254026_0_crw_091",6,"254026_0_20240409T230000",2024-04-09 23:00:00,-122.348297899858,36.8708303768708,0,"available_crw"
"254026_0",91,"254026_0_crw_091",7,"254026_0_20240410T050000",2024-04-10 05:00:00,-122.327515261151,36.9964591282295,0,"available_crw"
"254026_0",91,"254026_0_crw_091",8,"254026_0_20240410T110000",2024-04-10 11:00:00,-122.415708695296,36.928755215809,0,"available_crw"
"254026_0",91,"254026_0_crw_091",9,"254026_0_20240410T170000",2024-04-10 17:00:00,-122.294169139555,36.937285090947,0,"available_crw"
"254026_0",91,"254026_0_crw_091",10,"254026_0_20240410T230000",2024-04-10 23:00:00,-122.39567084149,36.9916763853296,0,"available_crw"
"254026_0",91,"254026_0_crw_091",11,"254026_0_20240411T050000",2024-04-11 05:00:00,-122.432901285678,36.9935698147326,0,"available_crw"
"254026_0",91,"254026_0_crw_091",12,"254026_0_20240411T110000",2024-04-11 11:00:00,-122.448569022045,36.9808753566753,0,"available_crw"
"254026_0",91,"254026_0_crw_091",13,"254026_0_20240411T170000",2024-04-11 17:00:00,-122.51315270744,36.9860633359735,0,"available_crw"
"254026_0",91,"254026_0_crw_091",14,"254026_0_20240411T230000",2024-04-11 23:00:00,-122.460435824723,36.9598709041234,0,"available_crw"
"254026_0",91,"254026_0_crw_091",15,"254026_0_20240412T050000",2024-04-12 05:00:00,-122.422227107068,36.9417800492082,0,"available_crw"
"254026_0",91,"254026_0_crw_091",16,"254026_0_20240412T110000",2024-04-12 11:00:00,-122.465460904603,37.0333756627775,0,"available_crw"
"254026_0",91,"254026_0_crw_091",17,"254026_0_20240412T170000",2024-04-12 17:00:00,-122.484014118113,37.0681250784315,0,"available_crw"
"254026_0",91,"254026_0_crw_091",18,"254026_0_20240412T230000",2024-04-12 23:00:00,-122.327515406615,37.0864771614533,0,"available_crw"
"254026_0",91,"254026_0_crw_091",19,"254026_0_20240413T050000",2024-04-13 05:00:00,-122.298214304323,37.105037627873,0,"available_crw"
"254026_0",91,"254026_0_crw_091",20,"254026_0_20240413T110000",2024-04-13 11:00:00,-122.289529801674,37.1145667221626,0,"available_crw"
"254026_0",91,"254026_0_crw_091",21,"254026_0_20240413T170000",2024-04-13 17:00:00,-122.265028723194,37.0802453688074,0,"available_crw"
"254026_0",91,"254026_0_crw_091",22,"254026_0_20240413T230000",2024-04-13 23:00:00,-122.288590802585,37.0317214697857,0,"available_crw"
"254026_0",91,"254026_0_crw_091",23,"254026_0_20240414T050000",2024-04-14 05:00:00,-122.429226337319,36.8351113994901,0,"available_crw"
"254026_0",91,"254026_0_crw_091",24,"254026_0_20240414T110000",2024-04-14 11:00:00,-122.607803363556,36.6384667567447,0,"available_crw"
"254026_0",91,"254026_0_crw_091",25,"254026_0_20240414T170000",2024-04-14 17:00:00,-122.609815608175,36.6448760836237,0,"available_crw"
"254026_0",91,"254026_0_crw_091",26,"254026_0_20240414T230000",2024-04-14 23:00:00,-122.660213100943,36.5557529090021,0,"available_crw"
"254026_0",91,"254026_0_crw_091",27,"254026_0_20240415T050000",2024-04-15 05:00:00,-122.671595478595,36.5348949473489,0,"available_crw"
"254026_0",91,"254026_0_crw_091",28,"254026_0_20240415T110000",2024-04-15 11:00:00,-122.686255707937,36.5067423185303,0,"available_crw"
"254026_0",91,"254026_0_crw_091",29,"254026_0_20240415T170000",2024-04-15 17:00:00,-122.674230753535,36.4439191212881,0,"available_crw"
"254026_0",91,"254026_0_crw_091",30,"254026_0_20240415T230000",2024-04-15 23:00:00,-122.668213936744,36.4331679302901,0,"available_crw"
"254026_0",92,"254026_0_crw_092",1,"254026_0_20240408T170000",2024-04-08 17:00:00,-122.0637,36.9493,0,"available_crw"
"254026_0",92,"254026_0_crw_092",2,"254026_0_20240408T230000",2024-04-08 23:00:00,-122.039962132268,36.9192265417833,0,"available_crw"
"254026_0",92,"254026_0_crw_092",3,"254026_0_20240409T050000",2024-04-09 05:00:00,-122.013131555724,36.8881740388169,0,"available_crw"
"254026_0",92,"254026_0_crw_092",4,"254026_0_20240409T110000",2024-04-09 11:00:00,-121.979426622649,36.8754355792204,0,"available_crw"
"254026_0",92,"254026_0_crw_092",5,"254026_0_20240409T170000",2024-04-09 17:00:00,-121.745477604227,36.7489064733238,0,"available_crw"
"254026_0",92,"254026_0_crw_092",6,"254026_0_20240409T230000",2024-04-09 23:00:00,-121.819396003507,36.7582548370626,0,"available_crw"
"254026_0",92,"254026_0_crw_092",7,"254026_0_20240410T050000",2024-04-10 05:00:00,-121.866069250607,36.7625232853018,0,"available_crw"
"254026_0",92,"254026_0_crw_092",8,"254026_0_20240410T110000",2024-04-10 11:00:00,-121.900144943543,36.750541304647,0,"available_crw"
"254026_0",92,"254026_0_crw_092",9,"254026_0_20240410T170000",2024-04-10 17:00:00,-121.897869792395,36.7568932012056,0,"available_crw"
"254026_0",92,"254026_0_crw_092",10,"254026_0_20240410T230000",2024-04-10 23:00:00,-121.919002019064,36.818137613648,0,"available_crw"
"254026_0",92,"254026_0_crw_092",11,"254026_0_20240411T050000",2024-04-11 05:00:00,-121.933329801908,36.8512224559209,0,"available_crw"
"254026_0",92,"254026_0_crw_092",12,"254026_0_20240411T110000",2024-04-11 11:00:00,-121.942994976171,36.8726451160641,0,"available_crw"
"254026_0",92,"254026_0_crw_092",13,"254026_0_20240411T170000",2024-04-11 17:00:00,-121.953002998133,36.8939667087252,0,"available_crw"
"254026_0",92,"254026_0_crw_092",14,"254026_0_20240411T230000",2024-04-11 23:00:00,-121.903870405665,36.891584846382,0,"available_crw"
"254026_0",92,"254026_0_crw_092",15,"254026_0_20240412T050000",2024-04-12 05:00:00,-121.856570985494,36.89040142085,0,"available_crw"
"254026_0",92,"254026_0_crw_092",16,"254026_0_20240412T110000",2024-04-12 11:00:00,-121.812981068571,36.891539068948,0,"available_crw"
"254026_0",92,"254026_0_crw_092",17,"254026_0_20240412T170000",2024-04-12 17:00:00,-121.848282997726,36.7680350848749,0,"available_crw"
"254026_0",92,"254026_0_crw_092",18,"254026_0_20240412T230000",2024-04-12 23:00:00,-121.906122106926,36.7955720252915,0,"available_crw"
"254026_0",92,"254026_0_crw_092",19,"254026_0_20240413T050000",2024-04-13 05:00:00,-121.94755268766,36.8134206530858,0,"available_crw"
"254026_0",92,"254026_0_crw_092",20,"254026_0_20240413T110000",2024-04-13 11:00:00,-121.98989910665,36.8298370683681,0,"available_crw"
"254026_0",92,"254026_0_crw_092",21,"254026_0_20240413T170000",2024-04-13 17:00:00,-122.027015206782,36.8275696168108,0,"available_crw"
"254026_0",92,"254026_0_crw_092",22,"254026_0_20240413T230000",2024-04-13 23:00:00,-122.04030681406,36.813255009909,0,"available_crw"
"254026_0",92,"254026_0_crw_092",23,"254026_0_20240414T050000",2024-04-14 05:00:00,-122.062502118213,36.7884807538269,0,"available_crw"
"254026_0",92,"254026_0_crw_092",24,"254026_0_20240414T110000",2024-04-14 11:00:00,-122.084164133557,36.7634067542612,0,"available_crw"
"254026_0",92,"254026_0_crw_092",25,"254026_0_20240414T170000",2024-04-14 17:00:00,-122.106659228019,36.7334124475486,0,"available_crw"
"254026_0",92,"254026_0_crw_092",26,"254026_0_20240414T230000",2024-04-14 23:00:00,-122.110589479848,36.7220466136311,0,"available_crw"
"254026_0",92,"254026_0_crw_092",27,"254026_0_20240415T050000",2024-04-15 05:00:00,-122.180061998819,36.6724109235052,0,"available_crw"
"254026_0",92,"254026_0_crw_092",28,"254026_0_20240415T110000",2024-04-15 11:00:00,-122.196913084264,36.6538387830827,0,"available_crw"
"254026_0",92,"254026_0_crw_092",29,"254026_0_20240415T170000",2024-04-15 17:00:00,-122.142269879842,36.6770186867776,0,"available_crw"
"254026_0",92,"254026_0_crw_092",30,"254026_0_20240415T230000",2024-04-15 23:00:00,-122.101165489707,36.695702510395,0,"available_crw"
"254026_0",93,"254026_0_crw_093",1,"254026_0_20240408T170000",2024-04-08 17:00:00,-122.0637,36.9493,0,"available_crw"
"254026_0",93,"254026_0_crw_093",2,"254026_0_20240408T230000",2024-04-08 23:00:00,-122.031043274964,36.9348689984628,0,"available_crw"
"254026_0",93,"254026_0_crw_093",3,"254026_0_20240409T050000",2024-04-09 05:00:00,-121.807383026414,36.7966676390851,0,"available_crw"
"254026_0",93,"254026_0_crw_093",4,"254026_0_20240409T110000",2024-04-09 11:00:00,-121.83615101634,36.8918329739705,0,"available_crw"
"254026_0",93,"254026_0_crw_093",5,"254026_0_20240409T170000",2024-04-09 17:00:00,-121.843203595965,36.9139041425981,0,"available_crw"
"254026_0",93,"254026_0_crw_093",6,"254026_0_20240409T230000",2024-04-09 23:00:00,-121.835761299488,36.9110791722897,0,"available_crw"
"254026_0",93,"254026_0_crw_093",7,"254026_0_20240410T050000",2024-04-10 05:00:00,-121.874467042264,36.9499265815016,0,"available_crw"
"254026_0",93,"254026_0_crw_093",8,"254026_0_20240410T110000",2024-04-10 11:00:00,-121.892489195054,36.9675345728719,0,"available_crw"
"254026_0",93,"254026_0_crw_093",9,"254026_0_20240410T170000",2024-04-10 17:00:00,-121.911632543068,36.9737443506225,0,"available_crw"
"254026_0",93,"254026_0_crw_093",10,"254026_0_20240410T230000",2024-04-10 23:00:00,-121.932145863049,36.9718466092927,0,"available_crw"
"254026_0",93,"254026_0_crw_093",11,"254026_0_20240411T050000",2024-04-11 05:00:00,-122.214539692366,36.9796915904266,0,"available_crw"
"254026_0",93,"254026_0_crw_093",12,"254026_0_20240411T110000",2024-04-11 11:00:00,-122.232991316433,36.9722507053933,0,"available_crw"
"254026_0",93,"254026_0_crw_093",13,"254026_0_20240411T170000",2024-04-11 17:00:00,-122.272181102394,36.9555581172341,0,"available_crw"
"254026_0",93,"254026_0_crw_093",14,"254026_0_20240411T230000",2024-04-11 23:00:00,-122.538512170518,36.8802490758037,0,"available_crw"
"254026_0",93,"254026_0_crw_093",15,"254026_0_20240412T050000",2024-04-12 05:00:00,-122.535893700881,36.8561970261243,0,"available_crw"
"254026_0",93,"254026_0_crw_093",16,"254026_0_20240412T110000",2024-04-12 11:00:00,-122.553813853631,36.6299250681435,0,"available_crw"
"254026_0",93,"254026_0_crw_093",17,"254026_0_20240412T170000",2024-04-12 17:00:00,-122.555250841582,36.607164554078,0,"available_crw"
"254026_0",93,"254026_0_crw_093",18,"254026_0_20240412T230000",2024-04-12 23:00:00,-122.474454048855,36.680339711172,0,"available_crw"
"254026_0",93,"254026_0_crw_093",19,"254026_0_20240413T050000",2024-04-13 05:00:00,-122.444734115131,36.7095975030872,0,"available_crw"
"254026_0",93,"254026_0_crw_093",20,"254026_0_20240413T110000",2024-04-13 11:00:00,-122.415918455117,36.7397152864405,0,"available_crw"
"254026_0",93,"254026_0_crw_093",21,"254026_0_20240413T170000",2024-04-13 17:00:00,-122.414113377231,36.7332658456987,0,"available_crw"
"254026_0",93,"254026_0_crw_093",22,"254026_0_20240413T230000",2024-04-13 23:00:00,-122.402378843345,36.6964433972383,0,"available_crw"
"254026_0",93,"254026_0_crw_093",23,"254026_0_20240414T050000",2024-04-14 05:00:00,-122.209503189856,36.7018431404765,0,"available_crw"
"254026_0",93,"254026_0_crw_093",24,"254026_0_20240414T110000",2024-04-14 11:00:00,-122.165353664252,36.7038165006806,0,"available_crw"
"254026_0",93,"254026_0_crw_093",25,"254026_0_20240414T170000",2024-04-14 17:00:00,-122.162905971754,36.6873509336472,0,"available_crw"
"254026_0",93,"254026_0_crw_093",26,"254026_0_20240414T230000",2024-04-14 23:00:00,-122.155375773079,36.650042357399,0,"available_crw"
"254026_0",93,"254026_0_crw_093",27,"254026_0_20240415T050000",2024-04-15 05:00:00,-122.198422506199,36.6112125178957,0,"available_crw"
"254026_0",93,"254026_0_crw_093",28,"254026_0_20240415T110000",2024-04-15 11:00:00,-122.20488712657,36.6006278336726,0,"available_crw"
"254026_0",93,"254026_0_crw_093",29,"254026_0_20240415T170000",2024-04-15 17:00:00,-122.054341957694,36.5036799731935,0,"available_crw"
"254026_0",93,"254026_0_crw_093",30,"254026_0_20240415T230000",2024-04-15 23:00:00,-122.053967759745,36.4516086639093,0,"available_crw"
"254026_0",94,"254026_0_crw_094",1,"254026_0_20240408T170000",2024-04-08 17:00:00,-122.0637,36.9493,0,"available_crw"
"254026_0",94,"254026_0_crw_094",2,"254026_0_20240408T230000",2024-04-08 23:00:00,-122.04178220676,36.9461983322027,0,"available_crw"
"254026_0",94,"254026_0_crw_094",3,"254026_0_20240409T050000",2024-04-09 05:00:00,-122.027152582815,36.9473371613436,0,"available_crw"
"254026_0",94,"254026_0_crw_094",4,"254026_0_20240409T110000",2024-04-09 11:00:00,-122.052529027941,36.82226063335,0,"available_crw"
"254026_0",94,"254026_0_crw_094",5,"254026_0_20240409T170000",2024-04-09 17:00:00,-121.87292837036,36.7649565841921,0,"available_crw"
"254026_0",94,"254026_0_crw_094",6,"254026_0_20240409T230000",2024-04-09 23:00:00,-121.880140727404,36.761790521327,0,"available_crw"
"254026_0",94,"254026_0_crw_094",7,"254026_0_20240410T050000",2024-04-10 05:00:00,-121.891149833211,36.7758089579816,0,"available_crw"
"254026_0",94,"254026_0_crw_094",8,"254026_0_20240410T110000",2024-04-10 11:00:00,-121.890176169553,36.8505895496031,0,"available_crw"
"254026_0",94,"254026_0_crw_094",9,"254026_0_20240410T170000",2024-04-10 17:00:00,-121.891082756806,36.8885933797511,0,"available_crw"
"254026_0",94,"254026_0_crw_094",10,"254026_0_20240410T230000",2024-04-10 23:00:00,-121.884651176326,36.8844696317601,0,"available_crw"
"254026_0",94,"254026_0_crw_094",11,"254026_0_20240411T050000",2024-04-11 05:00:00,-121.957531598435,36.8985621711213,0,"available_crw"
"254026_0",94,"254026_0_crw_094",12,"254026_0_20240411T110000",2024-04-11 11:00:00,-121.971636979475,36.8772443313734,0,"available_crw"
"254026_0",94,"254026_0_crw_094",13,"254026_0_20240411T170000",2024-04-11 17:00:00,-122.114356048057,36.7233334644324,0,"available_crw"
"254026_0",94,"254026_0_crw_094",14,"254026_0_20240411T230000",2024-04-11 23:00:00,-122.118628888839,36.693607493668,0,"available_crw"
"254026_0",94,"254026_0_crw_094",15,"254026_0_20240412T050000",2024-04-12 05:00:00,-122.121523648295,36.6709386434388,0,"available_crw"
"254026_0",94,"254026_0_crw_094",16,"254026_0_20240412T110000",2024-04-12 11:00:00,-122.12130831363,36.6410273063053,0,"available_crw"
"254026_0",94,"254026_0_crw_094",17,"254026_0_20240412T170000",2024-04-12 17:00:00,-122.185351903706,36.6571568116016,0,"available_crw"
"254026_0",94,"254026_0_crw_094",18,"254026_0_20240412T230000",2024-04-12 23:00:00,-122.230688830077,36.6668844131131,0,"available_crw"
"254026_0",94,"254026_0_crw_094",19,"254026_0_20240413T050000",2024-04-13 05:00:00,-122.273643854912,36.6752747329287,0,"available_crw"
"254026_0",94,"254026_0_crw_094",20,"254026_0_20240413T110000",2024-04-13 11:00:00,-122.199430205715,36.597712130499,0,"available_crw"
"254026_0",94,"254026_0_crw_094",21,"254026_0_20240413T170000",2024-04-13 17:00:00,-122.214399982823,36.5470586546125,0,"available_crw"
"254026_0",94,"254026_0_crw_094",22,"254026_0_20240413T230000",2024-04-13 23:00:00,-122.175195315908,36.585466449043,0,"available_crw"
"254026_0",94,"254026_0_crw_094",23,"254026_0_20240414T050000",2024-04-14 05:00:00,-122.08356723504,36.4825374769338,0,"available_crw"
"254026_0",94,"254026_0_crw_094",24,"254026_0_20240414T110000",2024-04-14 11:00:00,-122.077087663907,36.5803419552228,0,"available_crw"
"254026_0",94,"254026_0_crw_094",25,"254026_0_20240414T170000",2024-04-14 17:00:00,-122.0759647024,36.6183450939543,0,"available_crw"
"254026_0",94,"254026_0_crw_094",26,"254026_0_20240414T230000",2024-04-14 23:00:00,-122.093797596161,36.6445920721147,0,"available_crw"
"254026_0",94,"254026_0_crw_094",27,"254026_0_20240415T050000",2024-04-15 05:00:00,-122.02792801195,36.6548919545937,0,"available_crw"
"254026_0",94,"254026_0_crw_094",28,"254026_0_20240415T110000",2024-04-15 11:00:00,-122.014824388919,36.6601576678872,0,"available_crw"
"254026_0",94,"254026_0_crw_094",29,"254026_0_20240415T170000",2024-04-15 17:00:00,-122.004569266128,36.6067269856297,0,"available_crw"
"254026_0",94,"254026_0_crw_094",30,"254026_0_20240415T230000",2024-04-15 23:00:00,-121.995989527559,36.5693485164734,0,"available_crw"
"254026_0",95,"254026_0_crw_095",1,"254026_0_20240408T170000",2024-04-08 17:00:00,-122.0637,36.9493,0,"available_crw"
"254026_0",95,"254026_0_crw_095",2,"254026_0_20240408T230000",2024-04-08 23:00:00,-121.972982897655,36.7716866011714,0,"available_crw"
"254026_0",95,"254026_0_crw_095",3,"254026_0_20240409T050000",2024-04-09 05:00:00,-122.03996837645,36.767350717264,0,"available_crw"
"254026_0",95,"254026_0_crw_095",4,"254026_0_20240409T110000",2024-04-09 11:00:00,-122.083987258001,36.7636970422841,0,"available_crw"
"254026_0",95,"254026_0_crw_095",5,"254026_0_20240409T170000",2024-04-09 17:00:00,-122.126920402416,36.7578613491077,0,"available_crw"
"254026_0",95,"254026_0_crw_095",6,"254026_0_20240409T230000",2024-04-09 23:00:00,-122.164223822446,36.7522588635044,0,"available_crw"
"254026_0",95,"254026_0_crw_095",7,"254026_0_20240410T050000",2024-04-10 05:00:00,-122.199807098596,36.7436145486946,0,"available_crw"
"254026_0",95,"254026_0_crw_095",8,"254026_0_20240410T110000",2024-04-10 11:00:00,-122.184781659769,36.5886798440949,0,"available_crw"
"254026_0",95,"254026_0_crw_095",9,"254026_0_20240410T170000",2024-04-10 17:00:00,-122.202612175711,36.3972123174478,0,"available_crw"
"254026_0",95,"254026_0_crw_095",10,"254026_0_20240410T230000",2024-04-10 23:00:00,-122.203081745582,36.3621778369744,0,"available_crw"
"254026_0",95,"254026_0_crw_095",11,"254026_0_20240411T050000",2024-04-11 05:00:00,-122.015907799361,36.3271819572996,0,"available_crw"
"254026_0",95,"254026_0_crw_095",12,"254026_0_20240411T110000",2024-04-11 11:00:00,-122.06362823533,36.358565107943,0,"available_crw"
"254026_0",95,"254026_0_crw_095",13,"254026_0_20240411T170000",2024-04-11 17:00:00,-121.936912687712,36.433180053921,0,"available_crw"
"254026_0",95,"254026_0_crw_095",14,"254026_0_20240411T230000",2024-04-11 23:00:00,-121.900263879132,36.4566738228453,0,"available_crw"
"254026_0",95,"254026_0_crw_095",15,"254026_0_20240412T050000",2024-04-12 05:00:00,-121.912393913034,36.4787397119907,0,"available_crw"
"254026_0",95,"254026_0_crw_095",16,"254026_0_20240412T110000",2024-04-12 11:00:00,-121.974770674573,36.664026757745,0,"available_crw"
"254026_0",95,"254026_0_crw_095",17,"254026_0_20240412T170000",2024-04-12 17:00:00,-122.006996386242,36.8892515277275,0,"available_crw"
"254026_0",95,"254026_0_crw_095",18,"254026_0_20240412T230000",2024-04-12 23:00:00,-122.029234716064,36.91325985743,0,"available_crw"
"254026_0",95,"254026_0_crw_095",19,"254026_0_20240413T050000",2024-04-13 05:00:00,-122.063469943456,36.9250823354807,0,"available_crw"
"254026_0",95,"254026_0_crw_095",20,"254026_0_20240413T110000",2024-04-13 11:00:00,-122.023095797966,36.8873513931534,0,"available_crw"
"254026_0",95,"254026_0_crw_095",21,"254026_0_20240413T170000",2024-04-13 17:00:00,-122.010890728804,36.8807898276578,0,"available_crw"
"254026_0",95,"254026_0_crw_095",22,"254026_0_20240413T230000",2024-04-13 23:00:00,-121.98845592902,36.8968548879346,0,"available_crw"
"254026_0",95,"254026_0_crw_095",23,"254026_0_20240414T050000",2024-04-14 05:00:00,-121.896431442657,36.9082883768925,0,"available_crw"
"254026_0",95,"254026_0_crw_095",24,"254026_0_20240414T110000",2024-04-14 11:00:00,-121.848468236248,36.8732636566669,0,"available_crw"
"254026_0",95,"254026_0_crw_095",25,"254026_0_20240414T170000",2024-04-14 17:00:00,-121.82638209946,36.8753170959558,0,"available_crw"
"254026_0",95,"254026_0_crw_095",26,"254026_0_20240414T230000",2024-04-14 23:00:00,-121.841177948737,36.8376124359696,0,"available_crw"
"254026_0",95,"254026_0_crw_095",27,"254026_0_20240415T050000",2024-04-15 05:00:00,-121.901442677778,36.8185353198259,0,"available_crw"
"254026_0",95,"254026_0_crw_095",28,"254026_0_20240415T110000",2024-04-15 11:00:00,-121.992650113526,36.8332514560133,0,"available_crw"
"254026_0",95,"254026_0_crw_095",29,"254026_0_20240415T170000",2024-04-15 17:00:00,-122.059383981519,36.8853796457727,0,"available_crw"
"254026_0",95,"254026_0_crw_095",30,"254026_0_20240415T230000",2024-04-15 23:00:00,-122.045973415711,36.8979869279362,0,"available_crw"
"254026_0",96,"254026_0_crw_096",1,"254026_0_20240408T170000",2024-04-08 17:00:00,-122.0637,36.9493,0,"available_crw"
"254026_0",96,"254026_0_crw_096",2,"254026_0_20240408T230000",2024-04-08 23:00:00,-122.038809429567,36.9205246392105,0,"available_crw"
"254026_0",96,"254026_0_crw_096",3,"254026_0_20240409T050000",2024-04-09 05:00:00,-122.103655875541,36.9507867641581,0,"available_crw"
"254026_0",96,"254026_0_crw_096",4,"254026_0_20240409T110000",2024-04-09 11:00:00,-122.117880881019,36.9537601288587,0,"available_crw"
"254026_0",96,"254026_0_crw_096",5,"254026_0_20240409T170000",2024-04-09 17:00:00,-122.136264936382,36.9436913864917,0,"available_crw"
"254026_0",96,"254026_0_crw_096",6,"254026_0_20240409T230000",2024-04-09 23:00:00,-122.229407079087,36.9417923394744,0,"available_crw"
"254026_0",96,"254026_0_crw_096",7,"254026_0_20240410T050000",2024-04-10 05:00:00,-122.16226359581,36.9686634044579,0,"available_crw"
"254026_0",96,"254026_0_crw_096",8,"254026_0_20240410T110000",2024-04-10 11:00:00,-122.208923651488,36.9215138614607,0,"available_crw"
"254026_0",96,"254026_0_crw_096",9,"254026_0_20240410T170000",2024-04-10 17:00:00,-122.235717392214,36.8931474212071,0,"available_crw"
"254026_0",96,"254026_0_crw_096",10,"254026_0_20240410T230000",2024-04-10 23:00:00,-122.217073592114,36.8742111995478,0,"available_crw"
"254026_0",96,"254026_0_crw_096",11,"254026_0_20240411T050000",2024-04-11 05:00:00,-122.187900792172,36.848175580294,0,"available_crw"
"254026_0",96,"254026_0_crw_096",12,"254026_0_20240411T110000",2024-04-11 11:00:00,-122.161253053085,36.8593239958851,0,"available_crw"
"254026_0",96,"254026_0_crw_096",13,"254026_0_20240411T170000",2024-04-11 17:00:00,-121.878159744625,36.9466539528051,0,"available_crw"
"254026_0",96,"254026_0_crw_096",14,"254026_0_20240411T230000",2024-04-11 23:00:00,-121.939894347926,36.9510826626618,0,"available_crw"
"254026_0",96,"254026_0_crw_096",15,"254026_0_20240412T050000",2024-04-12 05:00:00,-121.997763374247,36.8028049794403,0,"available_crw"
"254026_0",96,"254026_0_crw_096",16,"254026_0_20240412T110000",2024-04-12 11:00:00,-122.009905092133,36.766291782465,0,"available_crw"
"254026_0",96,"254026_0_crw_096",17,"254026_0_20240412T170000",2024-04-12 17:00:00,-122.12250956791,36.5585138566429,0,"available_crw"
"254026_0",96,"254026_0_crw_096",18,"254026_0_20240412T230000",2024-04-12 23:00:00,-122.120710647003,36.5420076815338,0,"available_crw"
"254026_0",96,"254026_0_crw_096",19,"254026_0_20240413T050000",2024-04-13 05:00:00,-122.115197476946,36.5042543245962,0,"available_crw"
"254026_0",96,"254026_0_crw_096",20,"254026_0_20240413T110000",2024-04-13 11:00:00,-122.105946991162,36.4824952395851,0,"available_crw"
"254026_0",96,"254026_0_crw_096",21,"254026_0_20240413T170000",2024-04-13 17:00:00,-122.064050855156,36.2934991388979,0,"available_crw"
"254026_0",96,"254026_0_crw_096",22,"254026_0_20240413T230000",2024-04-13 23:00:00,-122.071156146198,36.2967587222519,0,"available_crw"
"254026_0",96,"254026_0_crw_096",23,"254026_0_20240414T050000",2024-04-14 05:00:00,-121.961604534405,36.3873530184781,0,"available_crw"
"254026_0",96,"254026_0_crw_096",24,"254026_0_20240414T110000",2024-04-14 11:00:00,-122.081855002941,36.3755754636566,0,"available_crw"
"254026_0",96,"254026_0_crw_096",25,"254026_0_20240414T170000",2024-04-14 17:00:00,-122.111400066077,36.3575587593576,0,"available_crw"
"254026_0",96,"254026_0_crw_096",26,"254026_0_20240414T230000",2024-04-14 23:00:00,-122.12579741189,36.3299921876741,0,"available_crw"
"254026_0",96,"254026_0_crw_096",27,"254026_0_20240415T050000",2024-04-15 05:00:00,-122.187628071339,36.3155594891036,0,"available_crw"
"254026_0",96,"254026_0_crw_096",28,"254026_0_20240415T110000",2024-04-15 11:00:00,-122.202183285773,36.3039056047535,0,"available_crw"
"254026_0",96,"254026_0_crw_096",29,"254026_0_20240415T170000",2024-04-15 17:00:00,-122.202895563715,36.3104917568344,0,"available_crw"
"254026_0",96,"254026_0_crw_096",30,"254026_0_20240415T230000",2024-04-15 23:00:00,-122.208014218961,36.3215395868964,0,"available_crw"
"254026_0",97,"254026_0_crw_097",1,"254026_0_20240408T170000",2024-04-08 17:00:00,-122.0637,36.9493,0,"available_crw"
"254026_0",97,"254026_0_crw_097",2,"254026_0_20240408T230000",2024-04-08 23:00:00,-121.956081092278,36.7397385411542,0,"available_crw"
"254026_0",97,"254026_0_crw_097",3,"254026_0_20240409T050000",2024-04-09 05:00:00,-121.940090010497,36.7293047678444,0,"available_crw"
"254026_0",97,"254026_0_crw_097",4,"254026_0_20240409T110000",2024-04-09 11:00:00,-121.996233926244,36.69964217328,0,"available_crw"
"254026_0",97,"254026_0_crw_097",5,"254026_0_20240409T170000",2024-04-09 17:00:00,-122.004079004584,36.7386716977772,0,"available_crw"
"254026_0",97,"254026_0_crw_097",6,"254026_0_20240409T230000",2024-04-09 23:00:00,-122.196894341941,36.7470380265348,0,"available_crw"
"254026_0",97,"254026_0_crw_097",7,"254026_0_20240410T050000",2024-04-10 05:00:00,-122.22518929127,36.7479498292602,0,"available_crw"
"254026_0",97,"254026_0_crw_097",8,"254026_0_20240410T110000",2024-04-10 11:00:00,-122.23945836704,36.7452418003078,0,"available_crw"
"254026_0",97,"254026_0_crw_097",9,"254026_0_20240410T170000",2024-04-10 17:00:00,-122.254792674877,36.7341855130036,0,"available_crw"
"254026_0",97,"254026_0_crw_097",10,"254026_0_20240410T230000",2024-04-10 23:00:00,-122.326528276352,36.8470244927827,0,"available_crw"
"254026_0",97,"254026_0_crw_097",11,"254026_0_20240411T050000",2024-04-11 05:00:00,-122.308796495238,36.8555058089134,0,"available_crw"
"254026_0",97,"254026_0_crw_097",12,"254026_0_20240411T110000",2024-04-11 11:00:00,-122.293618742735,36.8028334722437,0,"available_crw"
"254026_0",97,"254026_0_crw_097",13,"254026_0_20240411T170000",2024-04-11 17:00:00,-122.32516922825,36.73248190476,0,"available_crw"
"254026_0",97,"254026_0_crw_097",14,"254026_0_20240411T230000",2024-04-11 23:00:00,-122.339859606528,36.6963538446294,0,"available_crw"
"254026_0",97,"254026_0_crw_097",15,"254026_0_20240412T050000",2024-04-12 05:00:00,-122.336126360562,36.6800588805449,0,"available_crw"
"254026_0",97,"254026_0_crw_097",16,"254026_0_20240412T110000",2024-04-12 11:00:00,-122.283314076221,36.6328369773568,0,"available_crw"
"254026_0",97,"254026_0_crw_097",17,"254026_0_20240412T170000",2024-04-12 17:00:00,-122.290278612114,36.7306211845415,0,"available_crw"
"254026_0",97,"254026_0_crw_097",18,"254026_0_20240412T230000",2024-04-12 23:00:00,-122.293782786979,36.7661144064858,0,"available_crw"
"254026_0",97,"254026_0_crw_097",19,"254026_0_20240413T050000",2024-04-13 05:00:00,-122.283963913073,37.0095458760482,0,"available_crw"
"254026_0",97,"254026_0_crw_097",20,"254026_0_20240413T110000",2024-04-13 11:00:00,-122.283365323006,37.0400765740525,0,"available_crw"
"254026_0",97,"254026_0_crw_097",21,"254026_0_20240413T170000",2024-04-13 17:00:00,-122.262703530318,37.0408738838523,0,"available_crw"
"254026_0",97,"254026_0_crw_097",22,"254026_0_20240413T230000",2024-04-13 23:00:00,-122.225843953154,37.0455230838731,0,"available_crw"
"254026_0",97,"254026_0_crw_097",23,"254026_0_20240414T050000",2024-04-14 05:00:00,-122.288112487431,37.0118596491545,0,"available_crw"
"254026_0",97,"254026_0_crw_097",24,"254026_0_20240414T110000",2024-04-14 11:00:00,-122.543256432983,36.9144830334768,0,"available_crw"
"254026_0",97,"254026_0_crw_097",25,"254026_0_20240414T170000",2024-04-14 17:00:00,-122.813242163044,36.8484102980025,0,"available_crw"
"254026_0",97,"254026_0_crw_097",26,"254026_0_20240414T230000",2024-04-14 23:00:00,-122.827665179152,36.8365700951318,0,"available_crw"
"254026_0",97,"254026_0_crw_097",27,"254026_0_20240415T050000",2024-04-15 05:00:00,-122.843302724786,36.847389181493,0,"available_crw"
"254026_0",97,"254026_0_crw_097",28,"254026_0_20240415T110000",2024-04-15 11:00:00,-123.050040446786,37.0256702742789,0,"available_crw"
"254026_0",97,"254026_0_crw_097",29,"254026_0_20240415T170000",2024-04-15 17:00:00,-123.126486636876,37.0425298608998,0,"available_crw"
"254026_0",97,"254026_0_crw_097",30,"254026_0_20240415T230000",2024-04-15 23:00:00,-123.172446179172,37.0509895337084,0,"available_crw"
"254026_0",98,"254026_0_crw_098",1,"254026_0_20240408T170000",2024-04-08 17:00:00,-122.0637,36.9493,0,"available_crw"
"254026_0",98,"254026_0_crw_098",2,"254026_0_20240408T230000",2024-04-08 23:00:00,-122.08066858826,36.9398414033531,0,"available_crw"
"254026_0",98,"254026_0_crw_098",3,"254026_0_20240409T050000",2024-04-09 05:00:00,-122.006888441517,36.7961950245577,0,"available_crw"
"254026_0",98,"254026_0_crw_098",4,"254026_0_20240409T110000",2024-04-09 11:00:00,-122.037885397569,36.7504850895321,0,"available_crw"
"254026_0",98,"254026_0_crw_098",5,"254026_0_20240409T170000",2024-04-09 17:00:00,-122.055484979752,36.7234347838223,0,"available_crw"
"254026_0",98,"254026_0_crw_098",6,"254026_0_20240409T230000",2024-04-09 23:00:00,-122.055145987663,36.7068678173287,0,"available_crw"
"254026_0",98,"254026_0_crw_098",7,"254026_0_20240410T050000",2024-04-10 05:00:00,-122.092793387007,36.4821871768338,0,"available_crw"
"254026_0",98,"254026_0_crw_098",8,"254026_0_20240410T110000",2024-04-10 11:00:00,-122.096209639257,36.4595656921345,0,"available_crw"
"254026_0",98,"254026_0_crw_098",9,"254026_0_20240410T170000",2024-04-10 17:00:00,-122.119371841095,36.5168052726036,0,"available_crw"
"254026_0",98,"254026_0_crw_098",10,"254026_0_20240410T230000",2024-04-10 23:00:00,-122.139746123398,36.5237842864475,0,"available_crw"
"254026_0",98,"254026_0_crw_098",11,"254026_0_20240411T050000",2024-04-11 05:00:00,-122.082303472543,36.4375205066761,0,"available_crw"
"254026_0",98,"254026_0_crw_098",12,"254026_0_20240411T110000",2024-04-11 11:00:00,-122.058455030835,36.4050041074838,0,"available_crw"
"254026_0",98,"254026_0_crw_098",13,"254026_0_20240411T170000",2024-04-11 17:00:00,-122.066531910941,36.4060428901105,0,"available_crw"
"254026_0",98,"254026_0_crw_098",14,"254026_0_20240411T230000",2024-04-11 23:00:00,-122.13647325748,36.2612989418342,0,"available_crw"
"254026_0",98,"254026_0_crw_098",15,"254026_0_20240412T050000",2024-04-12 05:00:00,-122.031606356335,36.3101425993476,0,"available_crw"
"254026_0",98,"254026_0_crw_098",16,"254026_0_20240412T110000",2024-04-12 11:00:00,-121.993942278056,36.3285481794255,0,"available_crw"
"254026_0",98,"254026_0_crw_098",17,"254026_0_20240412T170000",2024-04-12 17:00:00,-121.957884319349,36.3850266811941,0,"available_crw"
"254026_0",98,"254026_0_crw_098",18,"254026_0_20240412T230000",2024-04-12 23:00:00,-121.960846838883,36.3248570431472,0,"available_crw"
"254026_0",98,"254026_0_crw_098",19,"254026_0_20240413T050000",2024-04-13 05:00:00,-121.95979449377,36.289831989553,0,"available_crw"
"254026_0",98,"254026_0_crw_098",20,"254026_0_20240413T110000",2024-04-13 11:00:00,-122.023905312868,36.3050041381775,0,"available_crw"
"254026_0",98,"254026_0_crw_098",21,"254026_0_20240413T170000",2024-04-13 17:00:00,-122.301916466489,36.3985734413065,0,"available_crw"
"254026_0",98,"254026_0_crw_098",22,"254026_0_20240413T230000",2024-04-13 23:00:00,-122.338611960233,36.3946323190679,0,"available_crw"
"254026_0",98,"254026_0_crw_098",23,"254026_0_20240414T050000",2024-04-14 05:00:00,-122.384656203487,36.3880660201369,0,"available_crw"
"254026_0",98,"254026_0_crw_098",24,"254026_0_20240414T110000",2024-04-14 11:00:00,-122.397819615826,36.3829732392009,0,"available_crw"
"254026_0",98,"254026_0_crw_098",25,"254026_0_20240414T170000",2024-04-14 17:00:00,-122.423084044647,36.3728721627539,0,"available_crw"
"254026_0",98,"254026_0_crw_098",26,"254026_0_20240414T230000",2024-04-14 23:00:00,-122.464065206936,36.3546955267598,0,"available_crw"
"254026_0",98,"254026_0_crw_098",27,"254026_0_20240415T050000",2024-04-15 05:00:00,-122.523656636946,36.3744203724213,0,"available_crw"
"254026_0",98,"254026_0_crw_098",28,"254026_0_20240415T110000",2024-04-15 11:00:00,-122.55167509614,36.3784171094021,0,"available_crw"
"254026_0",98,"254026_0_crw_098",29,"254026_0_20240415T170000",2024-04-15 17:00:00,-122.564043260511,36.3564404772146,0,"available_crw"
"254026_0",98,"254026_0_crw_098",30,"254026_0_20240415T230000",2024-04-15 23:00:00,-122.575630574685,36.3280320594083,0,"available_crw"
"254026_0",99,"254026_0_crw_099",1,"254026_0_20240408T170000",2024-04-08 17:00:00,-122.0637,36.9493,0,"available_crw"
"254026_0",99,"254026_0_crw_099",2,"254026_0_20240408T230000",2024-04-08 23:00:00,-122.071844125396,36.950286231022,0,"available_crw"
"254026_0",99,"254026_0_crw_099",3,"254026_0_20240409T050000",2024-04-09 05:00:00,-122.365238825767,37.0128494614662,0,"available_crw"
"254026_0",99,"254026_0_crw_099",4,"254026_0_20240409T110000",2024-04-09 11:00:00,-122.584909415415,37.0894118988245,0,"available_crw"
"254026_0",99,"254026_0_crw_099",5,"254026_0_20240409T170000",2024-04-09 17:00:00,-122.61307892265,37.0938799145543,0,"available_crw"
"254026_0",99,"254026_0_crw_099",6,"254026_0_20240409T230000",2024-04-09 23:00:00,-122.650593591619,37.0992977459519,0,"available_crw"
"254026_0",99,"254026_0_crw_099",7,"254026_0_20240410T050000",2024-04-10 05:00:00,-122.942248469243,37.1685374163371,0,"available_crw"
"254026_0",99,"254026_0_crw_099",8,"254026_0_20240410T110000",2024-04-10 11:00:00,-122.872391991782,37.0881378696713,0,"available_crw"
"254026_0",99,"254026_0_crw_099",9,"254026_0_20240410T170000",2024-04-10 17:00:00,-122.888596622011,37.077820627563,0,"available_crw"
"254026_0",99,"254026_0_crw_099",10,"254026_0_20240410T230000",2024-04-10 23:00:00,-122.912541905125,37.1283715389836,0,"available_crw"
"254026_0",99,"254026_0_crw_099",11,"254026_0_20240411T050000",2024-04-11 05:00:00,-122.918243698025,37.078830674116,0,"available_crw"
"254026_0",99,"254026_0_crw_099",12,"254026_0_20240411T110000",2024-04-11 11:00:00,-122.921103786877,37.0483810389612,0,"available_crw"
"254026_0",99,"254026_0_crw_099",13,"254026_0_20240411T170000",2024-04-11 17:00:00,-122.917148560891,37.0255955979129,0,"available_crw"
"254026_0",99,"254026_0_crw_099",14,"254026_0_20240411T230000",2024-04-11 23:00:00,-122.90485854475,37.0122750022193,0,"available_crw"
"254026_0",99,"254026_0_crw_099",15,"254026_0_20240412T050000",2024-04-12 05:00:00,-122.883305195104,36.997095301709,0,"available_crw"
"254026_0",99,"254026_0_crw_099",16,"254026_0_20240412T110000",2024-04-12 11:00:00,-123.014321210582,36.9263257907306,0,"available_crw"
"254026_0",99,"254026_0_crw_099",17,"254026_0_20240412T170000",2024-04-12 17:00:00,-123.03765089037,36.9133463072128,0,"available_crw"
"254026_0",99,"254026_0_crw_099",18,"254026_0_20240412T230000",2024-04-12 23:00:00,-123.060765648268,36.9001256824032,0,"available_crw"
"254026_0",99,"254026_0_crw_099",19,"254026_0_20240413T050000",2024-04-13 05:00:00,-123.088580314857,36.880235234933,0,"available_crw"
"254026_0",99,"254026_0_crw_099",20,"254026_0_20240413T110000",2024-04-13 11:00:00,-123.096527457045,36.8703134680708,0,"available_crw"
"254026_0",99,"254026_0_crw_099",21,"254026_0_20240413T170000",2024-04-13 17:00:00,-123.043535028845,36.8960659820842,0,"available_crw"
"254026_0",99,"254026_0_crw_099",22,"254026_0_20240413T230000",2024-04-13 23:00:00,-123.007258742908,36.9525660585651,0,"available_crw"
"254026_0",99,"254026_0_crw_099",23,"254026_0_20240414T050000",2024-04-14 05:00:00,-123.010189455586,36.8923939921426,0,"available_crw"
"254026_0",99,"254026_0_crw_099",24,"254026_0_20240414T110000",2024-04-14 11:00:00,-123.006807919289,36.880912395269,0,"available_crw"
"254026_0",99,"254026_0_crw_099",25,"254026_0_20240414T170000",2024-04-14 17:00:00,-123.014180591446,36.8838500154917,0,"available_crw"
"254026_0",99,"254026_0_crw_099",26,"254026_0_20240414T230000",2024-04-14 23:00:00,-122.976197868698,36.9090046468278,0,"available_crw"
"254026_0",99,"254026_0_crw_099",27,"254026_0_20240415T050000",2024-04-15 05:00:00,-122.721670177605,37.0417490005533,0,"available_crw"
"254026_0",99,"254026_0_crw_099",28,"254026_0_20240415T110000",2024-04-15 11:00:00,-122.704724419737,37.0684140404544,0,"available_crw"
"254026_0",99,"254026_0_crw_099",29,"254026_0_20240415T170000",2024-04-15 17:00:00,-122.70672407186,37.098295665989,0,"available_crw"
"254026_0",99,"254026_0_crw_099",30,"254026_0_20240415T230000",2024-04-15 23:00:00,-122.712743621152,37.1278161849304,0,"available_crw"
"254026_0",100,"254026_0_crw_100",1,"254026_0_20240408T170000",2024-04-08 17:00:00,-122.0637,36.9493,0,"available_crw"
"254026_0",100,"254026_0_crw_100",2,"254026_0_20240408T230000",2024-04-08 23:00:00,-121.972982897655,36.7716866011714,0,"available_crw"
"254026_0",100,"254026_0_crw_100",3,"254026_0_20240409T050000",2024-04-09 05:00:00,-121.938493181767,36.8656161426012,0,"available_crw"
"254026_0",100,"254026_0_crw_100",4,"254026_0_20240409T110000",2024-04-09 11:00:00,-121.927317755845,36.8060777671261,0,"available_crw"
"254026_0",100,"254026_0_crw_100",5,"254026_0_20240409T170000",2024-04-09 17:00:00,-121.921321706823,36.7953108365427,0,"available_crw"
"254026_0",100,"254026_0_crw_100",6,"254026_0_20240409T230000",2024-04-09 23:00:00,-121.9292397781,36.7970848780937,0,"available_crw"
"254026_0",100,"254026_0_crw_100",7,"254026_0_20240410T050000",2024-04-10 05:00:00,-121.883014919001,36.7640355271965,0,"available_crw"
"254026_0",100,"254026_0_crw_100",8,"254026_0_20240410T110000",2024-04-10 11:00:00,-121.854244853007,36.7441270737992,0,"available_crw"
"254026_0",100,"254026_0_crw_100",9,"254026_0_20240410T170000",2024-04-10 17:00:00,-121.840976739409,36.7391121259747,0,"available_crw"
"254026_0",100,"254026_0_crw_100",10,"254026_0_20240410T230000",2024-04-10 23:00:00,-121.886652559822,36.6994791277228,0,"available_crw"
"254026_0",100,"254026_0_crw_100",11,"254026_0_20240411T050000",2024-04-11 05:00:00,-121.917698412902,36.6708488784852,0,"available_crw"
"254026_0",100,"254026_0_crw_100",12,"254026_0_20240411T110000",2024-04-11 11:00:00,-121.938945991421,36.6463214517458,0,"available_crw"
"254026_0",100,"254026_0_crw_100",13,"254026_0_20240411T170000",2024-04-11 17:00:00,-121.964221262546,36.6802117172349,0,"available_crw"
"254026_0",100,"254026_0_crw_100",14,"254026_0_20240411T230000",2024-04-11 23:00:00,-121.996743098858,36.6946817832606,0,"available_crw"
"254026_0",100,"254026_0_crw_100",15,"254026_0_20240412T050000",2024-04-12 05:00:00,-122.075582944487,36.691688970621,0,"available_crw"
"254026_0",100,"254026_0_crw_100",16,"254026_0_20240412T110000",2024-04-12 11:00:00,-122.058210888433,36.7439147847843,0,"available_crw"
"254026_0",100,"254026_0_crw_100",17,"254026_0_20240412T170000",2024-04-12 17:00:00,-121.989231675519,36.7940488582173,0,"available_crw"
"254026_0",100,"254026_0_crw_100",18,"254026_0_20240412T230000",2024-04-12 23:00:00,-121.961472733678,36.8148825878831,0,"available_crw"
"254026_0",100,"254026_0_crw_100",19,"254026_0_20240413T050000",2024-04-13 05:00:00,-121.94046325214,36.8761578288731,0,"available_crw"
"254026_0",100,"254026_0_crw_100",20,"254026_0_20240413T110000",2024-04-13 11:00:00,-121.952732420784,36.8910556478123,0,"available_crw"
"254026_0",100,"254026_0_crw_100",21,"254026_0_20240413T170000",2024-04-13 17:00:00,-121.936276551707,36.9010692768686,0,"available_crw"
"254026_0",100,"254026_0_crw_100",22,"254026_0_20240413T230000",2024-04-13 23:00:00,-121.947862231611,36.9233462552554,0,"available_crw"
"254026_0",100,"254026_0_crw_100",23,"254026_0_20240414T050000",2024-04-14 05:00:00,-121.981553961778,36.8292245527186,0,"available_crw"
"254026_0",100,"254026_0_crw_100",24,"254026_0_20240414T110000",2024-04-14 11:00:00,-122.019167417292,36.8547034123971,0,"available_crw"
"254026_0",100,"254026_0_crw_100",25,"254026_0_20240414T170000",2024-04-14 17:00:00,-122.050063818309,36.8713857163537,0,"available_crw"
"254026_0",100,"254026_0_crw_100",26,"254026_0_20240414T230000",2024-04-14 23:00:00,-121.997305482645,36.9049562783333,0,"available_crw"
"254026_0",100,"254026_0_crw_100",27,"254026_0_20240415T050000",2024-04-15 05:00:00,-122.057818143544,36.89432960414,0,"available_crw"
"254026_0",100,"254026_0_crw_100",28,"254026_0_20240415T110000",2024-04-15 11:00:00,-122.063515276462,36.9102681430308,0,"available_crw"
"254026_0",100,"254026_0_crw_100",29,"254026_0_20240415T170000",2024-04-15 17:00:00,-122.077075854095,36.9305317597455,0,"available_crw"
"254026_0",100,"254026_0_crw_100",30,"254026_0_20240415T230000",2024-04-15 23:00:00,-122.074697406815,36.8808199772142,0,"available_crw"
"254026_0",101,"254026_0_crw_101",1,"254026_0_20240408T170000",2024-04-08 17:00:00,-122.0637,36.9493,0,"available_crw"
"254026_0",101,"254026_0_crw_101",2,"254026_0_20240408T230000",2024-04-08 23:00:00,-122.085785384138,36.9003437002195,0,"available_crw"
"254026_0",101,"254026_0_crw_101",3,"254026_0_20240409T050000",2024-04-09 05:00:00,-122.099952489926,36.866608446588,0,"available_crw"
"254026_0",101,"254026_0_crw_101",4,"254026_0_20240409T110000",2024-04-09 11:00:00,-122.23169157192,36.9363673084275,0,"available_crw"
"254026_0",101,"254026_0_crw_101",5,"254026_0_20240409T170000",2024-04-09 17:00:00,-122.370036314794,36.827742900819,0,"available_crw"
"254026_0",101,"254026_0_crw_101",6,"254026_0_20240409T230000",2024-04-09 23:00:00,-122.447986866484,36.9379263025296,0,"available_crw"
"254026_0",101,"254026_0_crw_101",7,"254026_0_20240410T050000",2024-04-10 05:00:00,-122.382076968558,36.9490796550802,0,"available_crw"
"254026_0",101,"254026_0_crw_101",8,"254026_0_20240410T110000",2024-04-10 11:00:00,-122.392495654891,36.9104362652249,0,"available_crw"
"254026_0",101,"254026_0_crw_101",9,"254026_0_20240410T170000",2024-04-10 17:00:00,-122.397575418428,36.915638658127,0,"available_crw"
"254026_0",101,"254026_0_crw_101",10,"254026_0_20240410T230000",2024-04-10 23:00:00,-122.423601560979,36.937042057565,0,"available_crw"
"254026_0",101,"254026_0_crw_101",11,"254026_0_20240411T050000",2024-04-11 05:00:00,-122.416019073749,36.9887561549426,0,"available_crw"
"254026_0",101,"254026_0_crw_101",12,"254026_0_20240411T110000",2024-04-11 11:00:00,-122.395376536621,36.9878720534964,0,"available_crw"
"254026_0",101,"254026_0_crw_101",13,"254026_0_20240411T170000",2024-04-11 17:00:00,-122.443756931176,36.8672378564619,0,"available_crw"
"254026_0",101,"254026_0_crw_101",14,"254026_0_20240411T230000",2024-04-11 23:00:00,-122.439912843566,36.8509585691864,0,"available_crw"
"254026_0",101,"254026_0_crw_101",15,"254026_0_20240412T050000",2024-04-12 05:00:00,-122.487786679239,36.8600842189764,0,"available_crw"
"254026_0",101,"254026_0_crw_101",16,"254026_0_20240412T110000",2024-04-12 11:00:00,-122.414396850703,36.8722844226223,0,"available_crw"
"254026_0",101,"254026_0_crw_101",17,"254026_0_20240412T170000",2024-04-12 17:00:00,-122.175697407948,36.8817484702677,0,"available_crw"
"254026_0",101,"254026_0_crw_101",18,"254026_0_20240412T230000",2024-04-12 23:00:00,-122.144386477645,36.8979625948454,0,"available_crw"
"254026_0",101,"254026_0_crw_101",19,"254026_0_20240413T050000",2024-04-13 05:00:00,-122.109300671579,36.9187822931591,0,"available_crw"
"254026_0",101,"254026_0_crw_101",20,"254026_0_20240413T110000",2024-04-13 11:00:00,-122.075928064942,36.9413539889074,0,"available_crw"
"254026_0",101,"254026_0_crw_101",21,"254026_0_20240413T170000",2024-04-13 17:00:00,-122.008549625491,36.826767059216,0,"available_crw"
"254026_0",101,"254026_0_crw_101",22,"254026_0_20240413T230000",2024-04-13 23:00:00,-121.979047183446,36.8312803152972,0,"available_crw"
"254026_0",101,"254026_0_crw_101",23,"254026_0_20240414T050000",2024-04-14 05:00:00,-121.95126665249,36.8358172013936,0,"available_crw"
"254026_0",101,"254026_0_crw_101",24,"254026_0_20240414T110000",2024-04-14 11:00:00,-121.923396493543,36.8556573693322,0,"available_crw"
"254026_0",101,"254026_0_crw_101",25,"254026_0_20240414T170000",2024-04-14 17:00:00,-121.911632241626,36.8840477217526,0,"available_crw"
"254026_0",101,"254026_0_crw_101",26,"254026_0_20240414T230000",2024-04-14 23:00:00,-121.838927643037,36.9307773538903,0,"available_crw"
"254026_0",101,"254026_0_crw_101",27,"254026_0_20240415T050000",2024-04-15 05:00:00,-121.77519736758,36.8148614245103,0,"available_crw"
"254026_0",101,"254026_0_crw_101",28,"254026_0_20240415T110000",2024-04-15 11:00:00,-121.842049670167,36.8090926015018,0,"available_crw"
"254026_0",101,"254026_0_crw_101",29,"254026_0_20240415T170000",2024-04-15 17:00:00,-122.080590958377,36.8176450331777,0,"available_crw"
"254026_0",101,"254026_0_crw_101",30,"254026_0_20240415T230000",2024-04-15 23:00:00,-122.124864102051,36.8183978500071,0,"available_crw"
"254026_0",102,"254026_0_crw_102",1,"254026_0_20240408T170000",2024-04-08 17:00:00,-122.0637,36.9493,0,"available_crw"
"254026_0",102,"254026_0_crw_102",2,"254026_0_20240408T230000",2024-04-08 23:00:00,-122.066585972615,36.874549838707,0,"available_crw"
"254026_0",102,"254026_0_crw_102",3,"254026_0_20240409T050000",2024-04-09 05:00:00,-122.11020626561,36.6857879061237,0,"available_crw"
"254026_0",102,"254026_0_crw_102",4,"254026_0_20240409T110000",2024-04-09 11:00:00,-122.116498052404,36.655676022454,0,"available_crw"
"254026_0",102,"254026_0_crw_102",5,"254026_0_20240409T170000",2024-04-09 17:00:00,-122.118665679535,36.6258151768953,0,"available_crw"
"254026_0",102,"254026_0_crw_102",6,"254026_0_20240409T230000",2024-04-09 23:00:00,-122.114261042352,36.6030859727004,0,"available_crw"
"254026_0",102,"254026_0_crw_102",7,"254026_0_20240410T050000",2024-04-10 05:00:00,-122.151970657066,36.5347596355476,0,"available_crw"
"254026_0",102,"254026_0_crw_102",8,"254026_0_20240410T110000",2024-04-10 11:00:00,-122.171242689107,36.5405177827086,0,"available_crw"
"254026_0",102,"254026_0_crw_102",9,"254026_0_20240410T170000",2024-04-10 17:00:00,-122.21284823319,36.5505427789619,0,"available_crw"
"254026_0",102,"254026_0_crw_102",10,"254026_0_20240410T230000",2024-04-10 23:00:00,-122.27309340507,36.6074021394275,0,"available_crw"
"254026_0",102,"254026_0_crw_102",11,"254026_0_20240411T050000",2024-04-11 05:00:00,-122.264894260637,36.6074988220423,0,"available_crw"
"254026_0",102,"254026_0_crw_102",12,"254026_0_20240411T110000",2024-04-11 11:00:00,-121.964304102213,36.5835236215446,0,"available_crw"
"254026_0",102,"254026_0_crw_102",13,"254026_0_20240411T170000",2024-04-11 17:00:00,-122.016754997117,36.6097221483824,0,"available_crw"
"254026_0",102,"254026_0_crw_102",14,"254026_0_20240411T230000",2024-04-11 23:00:00,-121.902485577358,36.6968036808889,0,"available_crw"
"254026_0",102,"254026_0_crw_102",15,"254026_0_20240412T050000",2024-04-12 05:00:00,-121.886341599359,36.7157824230496,0,"available_crw"
"254026_0",102,"254026_0_crw_102",16,"254026_0_20240412T110000",2024-04-12 11:00:00,-121.906061486135,36.7339716739257,0,"available_crw"
"254026_0",102,"254026_0_crw_102",17,"254026_0_20240412T170000",2024-04-12 17:00:00,-121.9289935475,36.7477024221226,0,"available_crw"
"254026_0",102,"254026_0_crw_102",18,"254026_0_20240412T230000",2024-04-12 23:00:00,-121.967835990062,36.7689572555017,0,"available_crw"
"254026_0",102,"254026_0_crw_102",19,"254026_0_20240413T050000",2024-04-13 05:00:00,-121.990371273055,36.7530172265186,0,"available_crw"
"254026_0",102,"254026_0_crw_102",20,"254026_0_20240413T110000",2024-04-13 11:00:00,-122.004942252988,36.7647441617849,0,"available_crw"
"254026_0",102,"254026_0_crw_102",21,"254026_0_20240413T170000",2024-04-13 17:00:00,-122.028986123737,36.7771947119283,0,"available_crw"
"254026_0",102,"254026_0_crw_102",22,"254026_0_20240413T230000",2024-04-13 23:00:00,-122.067354140243,36.8453221410458,0,"available_crw"
"254026_0",102,"254026_0_crw_102",23,"254026_0_20240414T050000",2024-04-14 05:00:00,-122.086524232021,36.8774204902766,0,"available_crw"
"254026_0",102,"254026_0_crw_102",24,"254026_0_20240414T110000",2024-04-14 11:00:00,-122.10354933896,36.9047212962219,0,"available_crw"
"254026_0",102,"254026_0_crw_102",25,"254026_0_20240414T170000",2024-04-14 17:00:00,-122.120490770777,36.91417880539,0,"available_crw"
"254026_0",102,"254026_0_crw_102",26,"254026_0_20240414T230000",2024-04-14 23:00:00,-122.152081646495,36.9311791075124,0,"available_crw"
"254026_0",102,"254026_0_crw_102",27,"254026_0_20240415T050000",2024-04-15 05:00:00,-122.144185495482,36.9330546270517,0,"available_crw"
"254026_0",102,"254026_0_crw_102",28,"254026_0_20240415T110000",2024-04-15 11:00:00,-122.090783243168,36.903514844538,0,"available_crw"
"254026_0",102,"254026_0_crw_102",29,"254026_0_20240415T170000",2024-04-15 17:00:00,-121.917239054862,36.7715985887316,0,"available_crw"
"254026_0",102,"254026_0_crw_102",30,"254026_0_20240415T230000",2024-04-15 23:00:00,-121.930427653079,36.7588559274742,0,"available_crw"
"254026_0",103,"254026_0_crw_103",1,"254026_0_20240408T170000",2024-04-08 17:00:00,-122.0637,36.9493,0,"available_crw"
"254026_0",103,"254026_0_crw_103",2,"254026_0_20240408T230000",2024-04-08 23:00:00,-122.129215532388,36.9367507128748,0,"available_crw"
"254026_0",103,"254026_0_crw_103",3,"254026_0_20240409T050000",2024-04-09 05:00:00,-122.135292423356,36.9525994633737,0,"available_crw"
"254026_0",103,"254026_0_crw_103",4,"254026_0_20240409T110000",2024-04-09 11:00:00,-122.115972404015,36.9584786028328,0,"available_crw"
"254026_0",103,"254026_0_crw_103",5,"254026_0_20240409T170000",2024-04-09 17:00:00,-122.232108588792,36.9886298909621,0,"available_crw"
"254026_0",103,"254026_0_crw_103",6,"254026_0_20240409T230000",2024-04-09 23:00:00,-122.248219887001,36.9682391741242,0,"available_crw"
"254026_0",103,"254026_0_crw_103",7,"254026_0_20240410T050000",2024-04-10 05:00:00,-122.238644106452,37.0279612378102,0,"available_crw"
"254026_0",103,"254026_0_crw_103",8,"254026_0_20240410T110000",2024-04-10 11:00:00,-122.235374091711,37.0505974642356,0,"available_crw"
"254026_0",103,"254026_0_crw_103",9,"254026_0_20240410T170000",2024-04-10 17:00:00,-122.322194828613,36.9817134677806,0,"available_crw"
"254026_0",103,"254026_0_crw_103",10,"254026_0_20240410T230000",2024-04-10 23:00:00,-122.559887173635,36.8304298261372,0,"available_crw"
"254026_0",103,"254026_0_crw_103",11,"254026_0_20240411T050000",2024-04-11 05:00:00,-122.572099468313,36.8687318571602,0,"available_crw"
"254026_0",103,"254026_0_crw_103",12,"254026_0_20240411T110000",2024-04-11 11:00:00,-122.584624179226,36.8200085962316,0,"available_crw"
"254026_0",103,"254026_0_crw_103",13,"254026_0_20240411T170000",2024-04-11 17:00:00,-122.58434553523,36.7970041685802,0,"available_crw"
"254026_0",103,"254026_0_crw_103",14,"254026_0_20240411T230000",2024-04-11 23:00:00,-122.618362130655,36.6069573132272,0,"available_crw"
"254026_0",103,"254026_0_crw_103",15,"254026_0_20240412T050000",2024-04-12 05:00:00,-122.61120366965,36.5914243104872,0,"available_crw"
"254026_0",103,"254026_0_crw_103",16,"254026_0_20240412T110000",2024-04-12 11:00:00,-122.605103300914,36.640934973371,0,"available_crw"
"254026_0",103,"254026_0_crw_103",17,"254026_0_20240412T170000",2024-04-12 17:00:00,-122.63323284617,36.6492511376248,0,"available_crw"
"254026_0",103,"254026_0_crw_103",18,"254026_0_20240412T230000",2024-04-12 23:00:00,-122.904062510549,36.7577552844049,0,"available_crw"
"254026_0",103,"254026_0_crw_103",19,"254026_0_20240413T050000",2024-04-13 05:00:00,-122.947001016735,36.7730986457566,0,"available_crw"
"254026_0",103,"254026_0_crw_103",20,"254026_0_20240413T110000",2024-04-13 11:00:00,-122.891145116405,36.6860781352327,0,"available_crw"
"254026_0",103,"254026_0_crw_103",21,"254026_0_20240413T170000",2024-04-13 17:00:00,-122.877849177838,36.665961239687,0,"available_crw"
"254026_0",103,"254026_0_crw_103",22,"254026_0_20240413T230000",2024-04-13 23:00:00,-122.879976925487,36.7156860716566,0,"available_crw"
"254026_0",103,"254026_0_crw_103",23,"254026_0_20240414T050000",2024-04-14 05:00:00,-122.923653495056,36.7686500511597,0,"available_crw"
"254026_0",103,"254026_0_crw_103",24,"254026_0_20240414T110000",2024-04-14 11:00:00,-122.944162559219,36.7846838831272,0,"available_crw"
"254026_0",103,"254026_0_crw_103",25,"254026_0_20240414T170000",2024-04-14 17:00:00,-122.979226858341,36.8098564362018,0,"available_crw"
"254026_0",103,"254026_0_crw_103",26,"254026_0_20240414T230000",2024-04-14 23:00:00,-123.15939402559,36.9844053619859,0,"available_crw"
"254026_0",103,"254026_0_crw_103",27,"254026_0_20240415T050000",2024-04-15 05:00:00,-123.096890406097,37.0046476193181,0,"available_crw"
"254026_0",103,"254026_0_crw_103",28,"254026_0_20240415T110000",2024-04-15 11:00:00,-123.07067292242,37.0134370549606,0,"available_crw"
"254026_0",103,"254026_0_crw_103",29,"254026_0_20240415T170000",2024-04-15 17:00:00,-123.063630666627,37.0303855677095,0,"available_crw"
"254026_0",103,"254026_0_crw_103",30,"254026_0_20240415T230000",2024-04-15 23:00:00,-123.043630782686,37.026157396355,0,"available_crw"
"254026_0",104,"254026_0_crw_104",1,"254026_0_20240408T170000",2024-04-08 17:00:00,-122.0637,36.9493,0,"available_crw"
"254026_0",104,"254026_0_crw_104",2,"254026_0_20240408T230000",2024-04-08 23:00:00,-122.04872703058,36.9299402179283,0,"available_crw"
"254026_0",104,"254026_0_crw_104",3,"254026_0_20240409T050000",2024-04-09 05:00:00,-122.033456871415,36.9107325747966,0,"available_crw"
"254026_0",104,"254026_0_crw_104",4,"254026_0_20240409T110000",2024-04-09 11:00:00,-121.919401689414,36.7034018466625,0,"available_crw"
"254026_0",104,"254026_0_crw_104",5,"254026_0_20240409T170000",2024-04-09 17:00:00,-121.968502359671,36.7035792460614,0,"available_crw"
"254026_0",104,"254026_0_crw_104",6,"254026_0_20240409T230000",2024-04-09 23:00:00,-122.000737043815,36.6886931185174,0,"available_crw"
"254026_0",104,"254026_0_crw_104",7,"254026_0_20240410T050000",2024-04-10 05:00:00,-122.019360209191,36.6628008051024,0,"available_crw"
"254026_0",104,"254026_0_crw_104",8,"254026_0_20240410T110000",2024-04-10 11:00:00,-122.198624810752,36.4668095599762,0,"available_crw"
"254026_0",104,"254026_0_crw_104",9,"254026_0_20240410T170000",2024-04-10 17:00:00,-122.210269775789,36.4458148796415,0,"available_crw"
"254026_0",104,"254026_0_crw_104",10,"254026_0_20240410T230000",2024-04-10 23:00:00,-122.162948711347,36.4776628083013,0,"available_crw"
"254026_0",104,"254026_0_crw_104",11,"254026_0_20240411T050000",2024-04-11 05:00:00,-122.137799696851,36.4275558853876,0,"available_crw"
"254026_0",104,"254026_0_crw_104",12,"254026_0_20240411T110000",2024-04-11 11:00:00,-122.126878608404,36.406545186823,0,"available_crw"
"254026_0",104,"254026_0_crw_104",13,"254026_0_20240411T170000",2024-04-11 17:00:00,-122.123366716025,36.4562170045825,0,"available_crw"
"254026_0",104,"254026_0_crw_104",14,"254026_0_20240411T230000",2024-04-11 23:00:00,-122.121816546688,36.4918007396725,0,"available_crw"
"254026_0",104,"254026_0_crw_104",15,"254026_0_20240412T050000",2024-04-12 05:00:00,-122.115704522433,36.487401976043,0,"available_crw"
"254026_0",104,"254026_0_crw_104",16,"254026_0_20240412T110000",2024-04-12 11:00:00,-122.187160341278,36.5046557348241,0,"available_crw"
"254026_0",104,"254026_0_crw_104",17,"254026_0_20240412T170000",2024-04-12 17:00:00,-122.232665439608,36.5144412652636,0,"available_crw"
"254026_0",104,"254026_0_crw_104",18,"254026_0_20240412T230000",2024-04-12 23:00:00,-122.450735904909,36.5913387556053,0,"available_crw"
"254026_0",104,"254026_0_crw_104",19,"254026_0_20240413T050000",2024-04-13 05:00:00,-122.563511580735,36.465361307289,0,"available_crw"
"254026_0",104,"254026_0_crw_104",20,"254026_0_20240413T110000",2024-04-13 11:00:00,-122.603332886087,36.5088329822565,0,"available_crw"
"254026_0",104,"254026_0_crw_104",21,"254026_0_20240413T170000",2024-04-13 17:00:00,-122.628472645095,36.5308130354232,0,"available_crw"
"254026_0",104,"254026_0_crw_104",22,"254026_0_20240413T230000",2024-04-13 23:00:00,-122.704320619583,36.5479863460143,0,"available_crw"
"254026_0",104,"254026_0_crw_104",23,"254026_0_20240414T050000",2024-04-14 05:00:00,-122.633681411788,36.4683454238301,0,"available_crw"
"254026_0",104,"254026_0_crw_104",24,"254026_0_20240414T110000",2024-04-14 11:00:00,-122.780309905096,36.4232823418268,0,"available_crw"
"254026_0",104,"254026_0_crw_104",25,"254026_0_20240414T170000",2024-04-14 17:00:00,-122.804155455248,36.4107164869249,0,"available_crw"
"254026_0",104,"254026_0_crw_104",26,"254026_0_20240414T230000",2024-04-14 23:00:00,-122.820857269352,36.3840072990843,0,"available_crw"
"254026_0",104,"254026_0_crw_104",27,"254026_0_20240415T050000",2024-04-15 05:00:00,-122.71053046351,36.4245184775327,0,"available_crw"
"254026_0",104,"254026_0_crw_104",28,"254026_0_20240415T110000",2024-04-15 11:00:00,-122.699336039733,36.4320939769482,0,"available_crw"
"254026_0",104,"254026_0_crw_104",29,"254026_0_20240415T170000",2024-04-15 17:00:00,-122.459183587098,36.549609011847,0,"available_crw"
"254026_0",104,"254026_0_crw_104",30,"254026_0_20240415T230000",2024-04-15 23:00:00,-122.500692085352,36.4995674435667,0,"available_crw"
"254026_0",105,"254026_0_crw_105",1,"254026_0_20240408T170000",2024-04-08 17:00:00,-122.0637,36.9493,0,"available_crw"
"254026_0",105,"254026_0_crw_105",2,"254026_0_20240408T230000",2024-04-08 23:00:00,-122.21516970335,36.9136129426167,0,"available_crw"
"254026_0",105,"254026_0_crw_105",3,"254026_0_20240409T050000",2024-04-09 05:00:00,-122.242287610525,36.9068984004974,0,"available_crw"
"254026_0",105,"254026_0_crw_105",4,"254026_0_20240409T110000",2024-04-09 11:00:00,-122.28434987886,36.8956514857898,0,"available_crw"
"254026_0",105,"254026_0_crw_105",5,"254026_0_20240409T170000",2024-04-09 17:00:00,-122.222961525339,36.8890336130662,0,"available_crw"
"254026_0",105,"254026_0_crw_105",6,"254026_0_20240409T230000",2024-04-09 23:00:00,-121.952306884062,36.8250427428294,0,"available_crw"
"254026_0",105,"254026_0_crw_105",7,"254026_0_20240410T050000",2024-04-10 05:00:00,-121.936855627141,36.8457448005725,0,"available_crw"
"254026_0",105,"254026_0_crw_105",8,"254026_0_20240410T110000",2024-04-10 11:00:00,-121.921262327169,36.872903337451,0,"available_crw"
"254026_0",105,"254026_0_crw_105",9,"254026_0_20240410T170000",2024-04-10 17:00:00,-121.924699361086,36.9026980848379,0,"available_crw"
"254026_0",105,"254026_0_crw_105",10,"254026_0_20240410T230000",2024-04-10 23:00:00,-121.886857747044,36.8507250937016,0,"available_crw"
"254026_0",105,"254026_0_crw_105",11,"254026_0_20240411T050000",2024-04-11 05:00:00,-121.854496845843,36.8359315870964,0,"available_crw"
"254026_0",105,"254026_0_crw_105",12,"254026_0_20240411T110000",2024-04-11 11:00:00,-121.903940255842,36.7992909921649,0,"available_crw"
"254026_0",105,"254026_0_crw_105",13,"254026_0_20240411T170000",2024-04-11 17:00:00,-121.920379661716,36.7804674455534,0,"available_crw"
"254026_0",105,"254026_0_crw_105",14,"254026_0_20240411T230000",2024-04-11 23:00:00,-121.925281927776,36.7693487045478,0,"available_crw"
"254026_0",105,"254026_0_crw_105",15,"254026_0_20240412T050000",2024-04-12 05:00:00,-121.939101811448,36.7332254182633,0,"available_crw"
"254026_0",105,"254026_0_crw_105",16,"254026_0_20240412T110000",2024-04-12 11:00:00,-121.949435380803,36.7928617311467,0,"available_crw"
"254026_0",105,"254026_0_crw_105",17,"254026_0_20240412T170000",2024-04-12 17:00:00,-121.929238060529,36.7961950324735,0,"available_crw"
"254026_0",105,"254026_0_crw_105",18,"254026_0_20240412T230000",2024-04-12 23:00:00,-121.883234203031,36.8049235626308,0,"available_crw"
"254026_0",105,"254026_0_crw_105",19,"254026_0_20240413T050000",2024-04-13 05:00:00,-121.89247575345,36.7660927915486,0,"available_crw"
"254026_0",105,"254026_0_crw_105",20,"254026_0_20240413T110000",2024-04-13 11:00:00,-121.864507815127,36.7066530876417,0,"available_crw"
"254026_0",105,"254026_0_crw_105",21,"254026_0_20240413T170000",2024-04-13 17:00:00,-121.848906693883,36.6958503478303,0,"available_crw"
"254026_0",105,"254026_0_crw_105",22,"254026_0_20240413T230000",2024-04-13 23:00:00,-121.87125890994,36.7921204611831,0,"available_crw"
"254026_0",105,"254026_0_crw_105",23,"254026_0_20240414T050000",2024-04-14 05:00:00,-121.89039534425,36.8011885692135,0,"available_crw"
"254026_0",105,"254026_0_crw_105",24,"254026_0_20240414T110000",2024-04-14 11:00:00,-121.911471475522,36.7955496745821,0,"available_crw"
"254026_0",105,"254026_0_crw_105",25,"254026_0_20240414T170000",2024-04-14 17:00:00,-121.947284311989,36.7854184563422,0,"available_crw"
"254026_0",105,"254026_0_crw_105",26,"254026_0_20240414T230000",2024-04-14 23:00:00,-121.832441330953,36.7529366567872,0,"available_crw"
"254026_0",105,"254026_0_crw_105",27,"254026_0_20240415T050000",2024-04-15 05:00:00,-121.920847006278,36.6480946972993,0,"available_crw"
"254026_0",105,"254026_0_crw_105",28,"254026_0_20240415T110000",2024-04-15 11:00:00,-122.024258075659,36.7436213081379,0,"available_crw"
"254026_0",105,"254026_0_crw_105",29,"254026_0_20240415T170000",2024-04-15 17:00:00,-122.009628623193,36.755299672112,0,"available_crw"
"254026_0",105,"254026_0_crw_105",30,"254026_0_20240415T230000",2024-04-15 23:00:00,-121.931076543335,36.6454853073124,0,"available_crw"
"254026_0",106,"254026_0_crw_106",1,"254026_0_20240408T170000",2024-04-08 17:00:00,-122.0637,36.9493,0,"available_crw"
"254026_0",106,"254026_0_crw_106",2,"254026_0_20240408T230000",2024-04-08 23:00:00,-122.031043274964,36.9348689984628,0,"available_crw"
"254026_0",106,"254026_0_crw_106",3,"254026_0_20240409T050000",2024-04-09 05:00:00,-122.003587070698,36.9282877991534,0,"available_crw"
"254026_0",106,"254026_0_crw_106",4,"254026_0_20240409T110000",2024-04-09 11:00:00,-121.98477025718,36.9378219611196,0,"available_crw"
"254026_0",106,"254026_0_crw_106",5,"254026_0_20240409T170000",2024-04-09 17:00:00,-121.947781048897,36.9574711495168,0,"available_crw"
"254026_0",106,"254026_0_crw_106",6,"254026_0_20240409T230000",2024-04-09 23:00:00,-121.929474627587,36.9054442782888,0,"available_crw"
"254026_0",106,"254026_0_crw_106",7,"254026_0_20240410T050000",2024-04-10 05:00:00,-121.902754572816,36.8845932671596,0,"available_crw"
"254026_0",106,"254026_0_crw_106",8,"254026_0_20240410T110000",2024-04-10 11:00:00,-122.037836942346,36.8192126835402,0,"available_crw"
"254026_0",106,"254026_0_crw_106",9,"254026_0_20240410T170000",2024-04-10 17:00:00,-121.917119673083,36.8061570695604,0,"available_crw"
"254026_0",106,"254026_0_crw_106",10,"254026_0_20240410T230000",2024-04-10 23:00:00,-121.94594488465,36.7573175615088,0,"available_crw"
"254026_0",106,"254026_0_crw_106",11,"254026_0_20240411T050000",2024-04-11 05:00:00,-121.957757697407,36.7366077310272,0,"available_crw"
"254026_0",106,"254026_0_crw_106",12,"254026_0_20240411T110000",2024-04-11 11:00:00,-121.95826477914,36.7968195702745,0,"available_crw"
"254026_0",106,"254026_0_crw_106",13,"254026_0_20240411T170000",2024-04-11 17:00:00,-121.961350415834,36.8317640778556,0,"available_crw"
"254026_0",106,"254026_0_crw_106",14,"254026_0_20240411T230000",2024-04-11 23:00:00,-121.979090394453,36.8425233627992,0,"available_crw"
"254026_0",106,"254026_0_crw_106",15,"254026_0_20240412T050000",2024-04-12 05:00:00,-122.199643313892,37.0097423779719,0,"available_crw"
"254026_0",106,"254026_0_crw_106",16,"254026_0_20240412T110000",2024-04-12 11:00:00,-122.224216713555,37.021611073018,0,"available_crw"
"254026_0",106,"254026_0_crw_106",17,"254026_0_20240412T170000",2024-04-12 17:00:00,-122.303481549954,37.0209959576687,0,"available_crw"
"254026_0",106,"254026_0_crw_106",18,"254026_0_20240412T230000",2024-04-12 23:00:00,-122.605761989632,37.0452951114878,0,"available_crw"
"254026_0",106,"254026_0_crw_106",19,"254026_0_20240413T050000",2024-04-13 05:00:00,-122.620260142565,37.0432627602133,0,"available_crw"
"254026_0",106,"254026_0_crw_106",20,"254026_0_20240413T110000",2024-04-13 11:00:00,-122.625120982571,37.0593816309567,0,"available_crw"
"254026_0",106,"254026_0_crw_106",21,"254026_0_20240413T170000",2024-04-13 17:00:00,-122.632154257927,37.0814620913832,0,"available_crw"
"254026_0",106,"254026_0_crw_106",22,"254026_0_20240413T230000",2024-04-13 23:00:00,-122.64623386602,37.0935994004931,0,"available_crw"
"254026_0",106,"254026_0_crw_106",23,"254026_0_20240414T050000",2024-04-14 05:00:00,-122.665848618164,37.0988596222463,0,"available_crw"
"254026_0",106,"254026_0_crw_106",24,"254026_0_20240414T110000",2024-04-14 11:00:00,-122.632421818518,37.1279561767447,0,"available_crw"
"254026_0",106,"254026_0_crw_106",25,"254026_0_20240414T170000",2024-04-14 17:00:00,-122.603023828253,37.1546722485997,0,"available_crw"
"254026_0",106,"254026_0_crw_106",26,"254026_0_20240414T230000",2024-04-14 23:00:00,-122.589492437955,37.2173048762055,0,"available_crw"
"254026_0",106,"254026_0_crw_106",27,"254026_0_20240415T050000",2024-04-15 05:00:00,-122.504230709094,37.4511436689777,0,"available_crw"
"254026_0",106,"254026_0_crw_106",28,"254026_0_20240415T110000",2024-04-15 11:00:00,-122.494650655776,37.4853328025667,0,"available_crw"
"254026_0",106,"254026_0_crw_106",29,"254026_0_20240415T170000",2024-04-15 17:00:00,-122.505928876945,37.5138736976419,0,"available_crw"
"254026_0",106,"254026_0_crw_106",30,"254026_0_20240415T230000",2024-04-15 23:00:00,-122.52207900427,37.5494127542474,0,"available_crw"
"254026_0",107,"254026_0_crw_107",1,"254026_0_20240408T170000",2024-04-08 17:00:00,-122.0637,36.9493,0,"available_crw"
"254026_0",107,"254026_0_crw_107",2,"254026_0_20240408T230000",2024-04-08 23:00:00,-122.044034444237,36.9325675630446,0,"available_crw"
"254026_0",107,"254026_0_crw_107",3,"254026_0_20240409T050000",2024-04-09 05:00:00,-122.052252269473,36.9321483757288,0,"available_crw"
"254026_0",107,"254026_0_crw_107",4,"254026_0_20240409T110000",2024-04-09 11:00:00,-122.066130687228,36.9282701198948,0,"available_crw"
"254026_0",107,"254026_0_crw_107",5,"254026_0_20240409T170000",2024-04-09 17:00:00,-122.043058214164,36.7739819502585,0,"available_crw"
"254026_0",107,"254026_0_crw_107",6,"254026_0_20240409T230000",2024-04-09 23:00:00,-122.031122060884,36.7604796231588,0,"available_crw"
"254026_0",107,"254026_0_crw_107",7,"254026_0_20240410T050000",2024-04-10 05:00:00,-122.024090051381,36.8582549516116,0,"available_crw"
"254026_0",107,"254026_0_crw_107",8,"254026_0_20240410T110000",2024-04-10 11:00:00,-122.027202347789,36.8697843343589,0,"available_crw"
"254026_0",107,"254026_0_crw_107",9,"254026_0_20240410T170000",2024-04-10 17:00:00,-122.019901580186,36.8667364331242,0,"available_crw"
"254026_0",107,"254026_0_crw_107",10,"254026_0_20240410T230000",2024-04-10 23:00:00,-122.094777720308,36.869252195938,0,"available_crw"
"254026_0",107,"254026_0_crw_107",11,"254026_0_20240411T050000",2024-04-11 05:00:00,-122.163798039739,36.8382114090022,0,"available_crw"
"254026_0",107,"254026_0_crw_107",12,"254026_0_20240411T110000",2024-04-11 11:00:00,-122.188351755252,36.826821480554,0,"available_crw"
"254026_0",107,"254026_0_crw_107",13,"254026_0_20240411T170000",2024-04-11 17:00:00,-122.22857496776,36.8068429183754,0,"available_crw"
"254026_0",107,"254026_0_crw_107",14,"254026_0_20240411T230000",2024-04-11 23:00:00,-122.448235973849,36.7317765656968,0,"available_crw"
"254026_0",107,"254026_0_crw_107",15,"254026_0_20240412T050000",2024-04-12 05:00:00,-122.455101251138,36.7147880923302,0,"available_crw"
"254026_0",107,"254026_0_crw_107",16,"254026_0_20240412T110000",2024-04-12 11:00:00,-122.457983513079,36.6918998084445,0,"available_crw"
"254026_0",107,"254026_0_crw_107",17,"254026_0_20240412T170000",2024-04-12 17:00:00,-122.521615827108,36.4537907342283,0,"available_crw"
"254026_0",107,"254026_0_crw_107",18,"254026_0_20240412T230000",2024-04-12 23:00:00,-122.538266547808,36.5124916416655,0,"available_crw"
"254026_0",107,"254026_0_crw_107",19,"254026_0_20240413T050000",2024-04-13 05:00:00,-122.550403033988,36.5407566857605,0,"available_crw"
"254026_0",107,"254026_0_crw_107",20,"254026_0_20240413T110000",2024-04-13 11:00:00,-122.617079718239,36.7783354782933,0,"available_crw"
"254026_0",107,"254026_0_crw_107",21,"254026_0_20240413T170000",2024-04-13 17:00:00,-122.642375621064,36.8002811872117,0,"available_crw"
"254026_0",107,"254026_0_crw_107",22,"254026_0_20240413T230000",2024-04-13 23:00:00,-122.675543707389,36.8273726628106,0,"available_crw"
"254026_0",107,"254026_0_crw_107",23,"254026_0_20240414T050000",2024-04-14 05:00:00,-122.697725658038,36.826293606029,0,"available_crw"
"254026_0",107,"254026_0_crw_107",24,"254026_0_20240414T110000",2024-04-14 11:00:00,-122.735596242949,36.8239293760727,0,"available_crw"
"254026_0",107,"254026_0_crw_107",25,"254026_0_20240414T170000",2024-04-14 17:00:00,-122.763827097244,36.8218690002218,0,"available_crw"
"254026_0",107,"254026_0_crw_107",26,"254026_0_20240414T230000",2024-04-14 23:00:00,-122.801589639463,36.8185887845567,0,"available_crw"
"254026_0",107,"254026_0_crw_107",27,"254026_0_20240415T050000",2024-04-15 05:00:00,-122.805924953401,36.7946972286265,0,"available_crw"
"254026_0",107,"254026_0_crw_107",28,"254026_0_20240415T110000",2024-04-15 11:00:00,-122.80407397996,36.782992849387,0,"available_crw"
"254026_0",107,"254026_0_crw_107",29,"254026_0_20240415T170000",2024-04-15 17:00:00,-122.785632013139,36.7730389843963,0,"available_crw"
"254026_0",107,"254026_0_crw_107",30,"254026_0_20240415T230000",2024-04-15 23:00:00,-122.763202365845,36.7890839541892,0,"available_crw"
"254026_0",108,"254026_0_crw_108",1,"254026_0_20240408T170000",2024-04-08 17:00:00,-122.0637,36.9493,0,"available_crw"
"254026_0",108,"254026_0_crw_108",2,"254026_0_20240408T230000",2024-04-08 23:00:00,-121.972982897655,36.7716866011714,0,"available_crw"
"254026_0",108,"254026_0_crw_108",3,"254026_0_20240409T050000",2024-04-09 05:00:00,-122.004084394775,36.7260272130745,0,"available_crw"
"254026_0",108,"254026_0_crw_108",4,"254026_0_20240409T110000",2024-04-09 11:00:00,-122.174634424532,36.5457223178357,0,"available_crw"
"254026_0",108,"254026_0_crw_108",5,"254026_0_20240409T170000",2024-04-09 17:00:00,-122.197036193412,36.5211123137427,0,"available_crw"
"254026_0",108,"254026_0_crw_108",6,"254026_0_20240409T230000",2024-04-09 23:00:00,-122.221247343168,36.5554880965628,0,"available_crw"
"254026_0",108,"254026_0_crw_108",7,"254026_0_20240410T050000",2024-04-10 05:00:00,-122.197672251192,36.6039653349458,0,"available_crw"
"254026_0",108,"254026_0_crw_108",8,"254026_0_20240410T110000",2024-04-10 11:00:00,-122.16332719367,36.5757469538691,0,"available_crw"
"254026_0",108,"254026_0_crw_108",9,"254026_0_20240410T170000",2024-04-10 17:00:00,-122.127574504894,36.5677546620538,0,"available_crw"
"254026_0",108,"254026_0_crw_108",10,"254026_0_20240410T230000",2024-04-10 23:00:00,-122.084796573422,36.5589863007816,0,"available_crw"
"254026_0",108,"254026_0_crw_108",11,"254026_0_20240411T050000",2024-04-11 05:00:00,-122.04909986606,36.5671268516214,0,"available_crw"
"254026_0",108,"254026_0_crw_108",12,"254026_0_20240411T110000",2024-04-11 11:00:00,-122.109793371208,36.5759886883883,0,"available_crw"
"254026_0",108,"254026_0_crw_108",13,"254026_0_20240411T170000",2024-04-11 17:00:00,-122.144692540622,36.5658354886694,0,"available_crw"
"254026_0",108,"254026_0_crw_108",14,"254026_0_20240411T230000",2024-04-11 23:00:00,-122.141895840647,36.5417972299469,0,"available_crw"
"254026_0",108,"254026_0_crw_108",15,"254026_0_20240412T050000",2024-04-12 05:00:00,-122.157966148182,36.315437970061,0,"available_crw"
"254026_0",108,"254026_0_crw_108",16,"254026_0_20240412T110000",2024-04-12 11:00:00,-122.141305896538,36.2887219692947,0,"available_crw"
"254026_0",108,"254026_0_crw_108",17,"254026_0_20240412T170000",2024-04-12 17:00:00,-122.118925190019,36.2553032843375,0,"available_crw"
"254026_0",108,"254026_0_crw_108",18,"254026_0_20240412T230000",2024-04-12 23:00:00,-122.167602854512,36.2522854124711,0,"available_crw"
"254026_0",108,"254026_0_crw_108",19,"254026_0_20240413T050000",2024-04-13 05:00:00,-122.404027284488,36.2667119105559,0,"available_crw"
"254026_0",108,"254026_0_crw_108",20,"254026_0_20240413T110000",2024-04-13 11:00:00,-122.699832910914,36.3112975149753,0,"available_crw"
"254026_0",108,"254026_0_crw_108",21,"254026_0_20240413T170000",2024-04-13 17:00:00,-122.697407435056,36.3277661252354,0,"available_crw"
"254026_0",108,"254026_0_crw_108",22,"254026_0_20240413T230000",2024-04-13 23:00:00,-122.878993130814,36.3785759945934,0,"available_crw"
"254026_0",108,"254026_0_crw_108",23,"254026_0_20240414T050000",2024-04-14 05:00:00,-122.814425404349,36.2957130574604,0,"available_crw"
"254026_0",108,"254026_0_crw_108",24,"254026_0_20240414T110000",2024-04-14 11:00:00,-122.796559356677,36.2876238168153,0,"available_crw"
"254026_0",108,"254026_0_crw_108",25,"254026_0_20240414T170000",2024-04-14 17:00:00,-122.718099698317,36.2902167457725,0,"available_crw"
"254026_0",108,"254026_0_crw_108",26,"254026_0_20240414T230000",2024-04-14 23:00:00,-122.686872389967,36.3062402072673,0,"available_crw"
"254026_0",108,"254026_0_crw_108",27,"254026_0_20240415T050000",2024-04-15 05:00:00,-122.676925325007,36.3207250649958,0,"available_crw"
"254026_0",108,"254026_0_crw_108",28,"254026_0_20240415T110000",2024-04-15 11:00:00,-122.788938541697,36.2836478578516,0,"available_crw"
"254026_0",108,"254026_0_crw_108",29,"254026_0_20240415T170000",2024-04-15 17:00:00,-122.796058979392,36.2667370907334,0,"available_crw"
"254026_0",108,"254026_0_crw_108",30,"254026_0_20240415T230000",2024-04-15 23:00:00,-122.815827991719,36.2710730636641,0,"available_crw"
"254026_0",109,"254026_0_crw_109",1,"254026_0_20240408T170000",2024-04-08 17:00:00,-122.0637,36.9493,0,"available_crw"
"254026_0",109,"254026_0_crw_109",2,"254026_0_20240408T230000",2024-04-08 23:00:00,-121.993359964016,36.9201224209422,0,"available_crw"
"254026_0",109,"254026_0_crw_109",3,"254026_0_20240409T050000",2024-04-09 05:00:00,-122.001654220768,36.9049367502548,0,"available_crw"
"254026_0",109,"254026_0_crw_109",4,"254026_0_20240409T110000",2024-04-09 11:00:00,-122.153206798056,36.6940704857489,0,"available_crw"
"254026_0",109,"254026_0_crw_109",5,"254026_0_20240409T170000",2024-04-09 17:00:00,-122.235821906011,36.6599340700717,0,"available_crw"
"254026_0",109,"254026_0_crw_109",6,"254026_0_20240409T230000",2024-04-09 23:00:00,-122.260814390215,36.6492647817003,0,"available_crw"
"254026_0",109,"254026_0_crw_109",7,"254026_0_20240410T050000",2024-04-10 05:00:00,-122.35329305931,36.655700570002,0,"available_crw"
"254026_0",109,"254026_0_crw_109",8,"254026_0_20240410T110000",2024-04-10 11:00:00,-122.347531211257,36.6604075610525,0,"available_crw"
"254026_0",109,"254026_0_crw_109",9,"254026_0_20240410T170000",2024-04-10 17:00:00,-122.324461402365,36.6838471923674,0,"available_crw"
"254026_0",109,"254026_0_crw_109",10,"254026_0_20240410T230000",2024-04-10 23:00:00,-122.301816499324,36.6487675751898,0,"available_crw"
"254026_0",109,"254026_0_crw_109",11,"254026_0_20240411T050000",2024-04-11 05:00:00,-122.272617867044,36.6541906489918,0,"available_crw"
"254026_0",109,"254026_0_crw_109",12,"254026_0_20240411T110000",2024-04-11 11:00:00,-122.245136819391,36.6595841195686,0,"available_crw"
"254026_0",109,"254026_0_crw_109",13,"254026_0_20240411T170000",2024-04-11 17:00:00,-121.964744879612,36.6791337683643,0,"available_crw"
"254026_0",109,"254026_0_crw_109",14,"254026_0_20240411T230000",2024-04-11 23:00:00,-121.991850532175,36.5543008084076,0,"available_crw"
"254026_0",109,"254026_0_crw_109",15,"254026_0_20240412T050000",2024-04-12 05:00:00,-121.990416021157,36.5425597025795,0,"available_crw"
"254026_0",109,"254026_0_crw_109",16,"254026_0_20240412T110000",2024-04-12 11:00:00,-121.986075145218,36.5122258737463,0,"available_crw"
"254026_0",109,"254026_0_crw_109",17,"254026_0_20240412T170000",2024-04-12 17:00:00,-122.025219429613,36.5634916940522,0,"available_crw"
"254026_0",109,"254026_0_crw_109",18,"254026_0_20240412T230000",2024-04-12 23:00:00,-122.154402342142,36.7837029653884,0,"available_crw"
"254026_0",109,"254026_0_crw_109",19,"254026_0_20240413T050000",2024-04-13 05:00:00,-122.171221979044,36.8110784954248,0,"available_crw"
"254026_0",109,"254026_0_crw_109",20,"254026_0_20240413T110000",2024-04-13 11:00:00,-122.18807869467,36.8206101436999,0,"available_crw"
"254026_0",109,"254026_0_crw_109",21,"254026_0_20240413T170000",2024-04-13 17:00:00,-122.360501973603,36.953577436019,0,"available_crw"
"254026_0",109,"254026_0_crw_109",22,"254026_0_20240413T230000",2024-04-13 23:00:00,-122.388416231427,36.9743293490812,0,"available_crw"
"254026_0",109,"254026_0_crw_109",23,"254026_0_20240414T050000",2024-04-14 05:00:00,-122.587249029954,37.1585361192132,0,"available_crw"
"254026_0",109,"254026_0_crw_109",24,"254026_0_20240414T110000",2024-04-14 11:00:00,-122.582569415966,37.0606666914397,0,"available_crw"
"254026_0",109,"254026_0_crw_109",25,"254026_0_20240414T170000",2024-04-14 17:00:00,-122.578786012498,37.0229904366723,0,"available_crw"
"254026_0",109,"254026_0_crw_109",26,"254026_0_20240414T230000",2024-04-14 23:00:00,-122.510189714653,37.1040495243897,0,"available_crw"
"254026_0",109,"254026_0_crw_109",27,"254026_0_20240415T050000",2024-04-15 05:00:00,-122.468537712523,37.0615113373565,0,"available_crw"
"254026_0",109,"254026_0_crw_109",28,"254026_0_20240415T110000",2024-04-15 11:00:00,-122.456681876946,37.0545182036257,0,"available_crw"
"254026_0",109,"254026_0_crw_109",29,"254026_0_20240415T170000",2024-04-15 17:00:00,-122.499587793676,37.0350153149614,0,"available_crw"
"254026_0",109,"254026_0_crw_109",30,"254026_0_20240415T230000",2024-04-15 23:00:00,-122.379001661566,37.0193697530227,0,"available_crw"
"254026_0",110,"254026_0_crw_110",1,"254026_0_20240408T170000",2024-04-08 17:00:00,-122.0637,36.9493,0,"available_crw"
"254026_0",110,"254026_0_crw_110",2,"254026_0_20240408T230000",2024-04-08 23:00:00,-121.937186075153,36.7279957569188,0,"available_crw"
"254026_0",110,"254026_0_crw_110",3,"254026_0_20240409T050000",2024-04-09 05:00:00,-121.920701990758,36.7180742032593,0,"available_crw"
"254026_0",110,"254026_0_crw_110",4,"254026_0_20240409T110000",2024-04-09 11:00:00,-121.975351151493,36.6866642355855,0,"available_crw"
"254026_0",110,"254026_0_crw_110",5,"254026_0_20240409T170000",2024-04-09 17:00:00,-122.226095934857,36.5838777936621,0,"available_crw"
"254026_0",110,"254026_0_crw_110",6,"254026_0_20240409T230000",2024-04-09 23:00:00,-122.266901462595,36.5652882282789,0,"available_crw"
"254026_0",110,"254026_0_crw_110",7,"254026_0_20240410T050000",2024-04-10 05:00:00,-122.210251958076,36.4167596715521,0,"available_crw"
"254026_0",110,"254026_0_crw_110",8,"254026_0_20240410T110000",2024-04-10 11:00:00,-122.27714813049,36.4173140373804,0,"available_crw"
"254026_0",110,"254026_0_crw_110",9,"254026_0_20240410T170000",2024-04-10 17:00:00,-122.25671914998,36.4532443519405,0,"available_crw"
"254026_0",110,"254026_0_crw_110",10,"254026_0_20240410T230000",2024-04-10 23:00:00,-122.207308898755,36.416781713225,0,"available_crw"
"254026_0",110,"254026_0_crw_110",11,"254026_0_20240411T050000",2024-04-11 05:00:00,-122.130074192185,36.4048076932858,0,"available_crw"
"254026_0",110,"254026_0_crw_110",12,"254026_0_20240411T110000",2024-04-11 11:00:00,-122.087077146873,36.4004039047362,0,"available_crw"
"254026_0",110,"254026_0_crw_110",13,"254026_0_20240411T170000",2024-04-11 17:00:00,-122.07056537919,36.4122784166474,0,"available_crw"
"254026_0",110,"254026_0_crw_110",14,"254026_0_20240411T230000",2024-04-11 23:00:00,-122.070777697737,36.4301423030472,0,"available_crw"
"254026_0",110,"254026_0_crw_110",15,"254026_0_20240412T050000",2024-04-12 05:00:00,-122.072167678401,36.4657301711176,0,"available_crw"
"254026_0",110,"254026_0_crw_110",16,"254026_0_20240412T110000",2024-04-12 11:00:00,-122.043275709791,36.6563115884592,0,"available_crw"
"254026_0",110,"254026_0_crw_110",17,"254026_0_20240412T170000",2024-04-12 17:00:00,-122.045886467543,36.6792196299332,0,"available_crw"
"254026_0",110,"254026_0_crw_110",18,"254026_0_20240412T230000",2024-04-12 23:00:00,-122.075473407303,36.6830903585486,0,"available_crw"
"254026_0",110,"254026_0_crw_110",19,"254026_0_20240413T050000",2024-04-13 05:00:00,-122.069287047657,36.687435099448,0,"available_crw"
"254026_0",110,"254026_0_crw_110",20,"254026_0_20240413T110000",2024-04-13 11:00:00,-122.048194114649,36.7026261842186,0,"available_crw"
"254026_0",110,"254026_0_crw_110",21,"254026_0_20240413T170000",2024-04-13 17:00:00,-122.03351677544,36.6909947772859,0,"available_crw"
"254026_0",110,"254026_0_crw_110",22,"254026_0_20240413T230000",2024-04-13 23:00:00,-122.001346165467,36.6665781174125,0,"available_crw"
"254026_0",110,"254026_0_crw_110",23,"254026_0_20240414T050000",2024-04-14 05:00:00,-121.975986082011,36.6794448368834,0,"available_crw"
"254026_0",110,"254026_0_crw_110",24,"254026_0_20240414T110000",2024-04-14 11:00:00,-121.955585030894,36.6955450392997,0,"available_crw"
"254026_0",110,"254026_0_crw_110",25,"254026_0_20240414T170000",2024-04-14 17:00:00,-121.926513332661,36.7216104241254,0,"available_crw"
"254026_0",110,"254026_0_crw_110",26,"254026_0_20240414T230000",2024-04-14 23:00:00,-121.929204128041,36.7393419245723,0,"available_crw"
"254026_0",110,"254026_0_crw_110",27,"254026_0_20240415T050000",2024-04-15 05:00:00,-121.937242383262,36.7737722732238,0,"available_crw"
"254026_0",110,"254026_0_crw_110",28,"254026_0_20240415T110000",2024-04-15 11:00:00,-121.943715909346,36.7843582456999,0,"available_crw"
"254026_0",110,"254026_0_crw_110",29,"254026_0_20240415T170000",2024-04-15 17:00:00,-121.916513461291,36.8316089037033,0,"available_crw"
"254026_0",110,"254026_0_crw_110",30,"254026_0_20240415T230000",2024-04-15 23:00:00,-121.837804204551,36.8715029880437,0,"available_crw"
"254026_0",111,"254026_0_crw_111",1,"254026_0_20240408T170000",2024-04-08 17:00:00,-122.0637,36.9493,0,"available_crw"
"254026_0",111,"254026_0_crw_111",2,"254026_0_20240408T230000",2024-04-08 23:00:00,-122.085785384138,36.9003437002195,0,"available_crw"
"254026_0",111,"254026_0_crw_111",3,"254026_0_20240409T050000",2024-04-09 05:00:00,-122.121207254383,36.9278052950118,0,"available_crw"
"254026_0",111,"254026_0_crw_111",4,"254026_0_20240409T110000",2024-04-09 11:00:00,-122.149019428258,36.9486357669489,0,"available_crw"
"254026_0",111,"254026_0_crw_111",5,"254026_0_20240409T170000",2024-04-09 17:00:00,-122.10362981563,36.964005826072,0,"available_crw"
"254026_0",111,"254026_0_crw_111",6,"254026_0_20240409T230000",2024-04-09 23:00:00,-122.165531650839,36.9667578284355,0,"available_crw"
"254026_0",111,"254026_0_crw_111",7,"254026_0_20240410T050000",2024-04-10 05:00:00,-122.202753435605,36.9651599793249,0,"available_crw"
"254026_0",111,"254026_0_crw_111",8,"254026_0_20240410T110000",2024-04-10 11:00:00,-122.230402574439,36.9590863027327,0,"available_crw"
"254026_0",111,"254026_0_crw_111",9,"254026_0_20240410T170000",2024-04-10 17:00:00,-122.118461185224,36.9201264703775,0,"available_crw"
"254026_0",111,"254026_0_crw_111",10,"254026_0_20240410T230000",2024-04-10 23:00:00,-122.0669055686,36.8578520285492,0,"available_crw"
"254026_0",111,"254026_0_crw_111",11,"254026_0_20240411T050000",2024-04-11 05:00:00,-122.050914751909,36.8390341505164,0,"available_crw"
"254026_0",111,"254026_0_crw_111",12,"254026_0_20240411T110000",2024-04-11 11:00:00,-122.022659415312,36.8472266018972,0,"available_crw"
"254026_0",111,"254026_0_crw_111",13,"254026_0_20240411T170000",2024-04-11 17:00:00,-121.932033299173,36.8302936560476,0,"available_crw"
"254026_0",111,"254026_0_crw_111",14,"254026_0_20240411T230000",2024-04-11 23:00:00,-121.903799397034,36.7834361636026,0,"available_crw"
"254026_0",111,"254026_0_crw_111",15,"254026_0_20240412T050000",2024-04-12 05:00:00,-121.970329619615,36.7757673838365,0,"available_crw"
"254026_0",111,"254026_0_crw_111",16,"254026_0_20240412T110000",2024-04-12 11:00:00,-121.956836175501,36.8137853013625,0,"available_crw"
"254026_0",111,"254026_0_crw_111",17,"254026_0_20240412T170000",2024-04-12 17:00:00,-121.998207656969,36.7768010054516,0,"available_crw"
"254026_0",111,"254026_0_crw_111",18,"254026_0_20240412T230000",2024-04-12 23:00:00,-122.01992941879,36.7525271911008,0,"available_crw"
"254026_0",111,"254026_0_crw_111",19,"254026_0_20240413T050000",2024-04-13 05:00:00,-122.037391511349,36.7613337582074,0,"available_crw"
"254026_0",111,"254026_0_crw_111",20,"254026_0_20240413T110000",2024-04-13 11:00:00,-122.11638693872,36.7618498025544,0,"available_crw"
"254026_0",111,"254026_0_crw_111",21,"254026_0_20240413T170000",2024-04-13 17:00:00,-122.131108985514,36.7484788282542,0,"available_crw"
"254026_0",111,"254026_0_crw_111",22,"254026_0_20240413T230000",2024-04-13 23:00:00,-122.355307549928,36.5850678446752,0,"available_crw"
"254026_0",111,"254026_0_crw_111",23,"254026_0_20240414T050000",2024-04-14 05:00:00,-122.383124743968,36.6342671369474,0,"available_crw"
"254026_0",111,"254026_0_crw_111",24,"254026_0_20240414T110000",2024-04-14 11:00:00,-122.402089249506,36.6599821162577,0,"available_crw"
"254026_0",111,"254026_0_crw_111",25,"254026_0_20240414T170000",2024-04-14 17:00:00,-122.416853266264,36.679421886245,0,"available_crw"
"254026_0",111,"254026_0_crw_111",26,"254026_0_20240414T230000",2024-04-14 23:00:00,-122.414542269648,36.7541911596403,0,"available_crw"
"254026_0",111,"254026_0_crw_111",27,"254026_0_20240415T050000",2024-04-15 05:00:00,-122.432372776352,36.7804541085834,0,"available_crw"
"254026_0",111,"254026_0_crw_111",28,"254026_0_20240415T110000",2024-04-15 11:00:00,-122.454450624202,36.8113163941815,0,"available_crw"
"254026_0",111,"254026_0_crw_111",29,"254026_0_20240415T170000",2024-04-15 17:00:00,-122.47856701335,36.840498287417,0,"available_crw"
"254026_0",111,"254026_0_crw_111",30,"254026_0_20240415T230000",2024-04-15 23:00:00,-122.503898177007,36.8697105505557,0,"available_crw"
"254026_0",112,"254026_0_crw_112",1,"254026_0_20240408T170000",2024-04-08 17:00:00,-122.0637,36.9493,0,"available_crw"
"254026_0",112,"254026_0_crw_112",2,"254026_0_20240408T230000",2024-04-08 23:00:00,-122.053010738527,36.9412026864883,0,"available_crw"
"254026_0",112,"254026_0_crw_112",3,"254026_0_20240409T050000",2024-04-09 05:00:00,-122.030860423766,36.8685632140736,0,"available_crw"
"254026_0",112,"254026_0_crw_112",4,"254026_0_20240409T110000",2024-04-09 11:00:00,-122.018158608462,36.8404484940801,0,"available_crw"
"254026_0",112,"254026_0_crw_112",5,"254026_0_20240409T170000",2024-04-09 17:00:00,-121.971951855988,36.6520908026267,0,"available_crw"
"254026_0",112,"254026_0_crw_112",6,"254026_0_20240409T230000",2024-04-09 23:00:00,-121.964001589872,36.6222358041642,0,"available_crw"
"254026_0",112,"254026_0_crw_112",7,"254026_0_20240410T050000",2024-04-10 05:00:00,-121.952750580797,36.5853210134453,0,"available_crw"
"254026_0",112,"254026_0_crw_112",8,"254026_0_20240410T110000",2024-04-10 11:00:00,-121.972363769618,36.5803421918824,0,"available_crw"
"254026_0",112,"254026_0_crw_112",9,"254026_0_20240410T170000",2024-04-10 17:00:00,-122.023972292986,36.5323141984182,0,"available_crw"
"254026_0",112,"254026_0_crw_112",10,"254026_0_20240410T230000",2024-04-10 23:00:00,-121.908921863874,36.4077502511134,0,"available_crw"
"254026_0",112,"254026_0_crw_112",11,"254026_0_20240411T050000",2024-04-11 05:00:00,-121.897383994552,36.4005249187201,0,"available_crw"
"254026_0",112,"254026_0_crw_112",12,"254026_0_20240411T110000",2024-04-11 11:00:00,-121.908883944351,36.3867932643605,0,"available_crw"
"254026_0",112,"254026_0_crw_112",13,"254026_0_20240411T170000",2024-04-11 17:00:00,-121.88913306638,36.3686873879297,0,"available_crw"
"254026_0",112,"254026_0_crw_112",14,"254026_0_20240411T230000",2024-04-11 23:00:00,-121.950331108653,36.3469376347754,0,"available_crw"
"254026_0",112,"254026_0_crw_112",15,"254026_0_20240412T050000",2024-04-12 05:00:00,-121.962850263905,36.3338236145852,0,"available_crw"
"254026_0",112,"254026_0_crw_112",16,"254026_0_20240412T110000",2024-04-12 11:00:00,-122.049993371536,36.3089038724684,0,"available_crw"
"254026_0",112,"254026_0_crw_112",17,"254026_0_20240412T170000",2024-04-12 17:00:00,-122.074169534422,36.296807158754,0,"available_crw"
"254026_0",112,"254026_0_crw_112",18,"254026_0_20240412T230000",2024-04-12 23:00:00,-122.113352856737,36.2758576452877,0,"available_crw"
"254026_0",112,"254026_0_crw_112",19,"254026_0_20240413T050000",2024-04-13 05:00:00,-122.122949313884,36.2612222011712,0,"available_crw"
"254026_0",112,"254026_0_crw_112",20,"254026_0_20240413T110000",2024-04-13 11:00:00,-122.011822488387,36.299930489243,0,"available_crw"
"254026_0",112,"254026_0_crw_112",21,"254026_0_20240413T170000",2024-04-13 17:00:00,-121.969720068915,36.3162890965618,0,"available_crw"
"254026_0",112,"254026_0_crw_112",22,"254026_0_20240413T230000",2024-04-13 23:00:00,-121.878054821559,36.3068070872558,0,"available_crw"
"254026_0",112,"254026_0_crw_112",23,"254026_0_20240414T050000",2024-04-14 05:00:00,-121.866977954217,36.3292248585056,0,"available_crw"
"254026_0",112,"254026_0_crw_112",24,"254026_0_20240414T110000",2024-04-14 11:00:00,-121.865390679583,36.3409528739224,0,"available_crw"
"254026_0",112,"254026_0_crw_112",25,"254026_0_20240414T170000",2024-04-14 17:00:00,-121.880331608606,36.3683285673891,0,"available_crw"
"254026_0",112,"254026_0_crw_112",26,"254026_0_20240414T230000",2024-04-14 23:00:00,-121.945062853387,36.4043979795702,0,"available_crw"
"254026_0",112,"254026_0_crw_112",27,"254026_0_20240415T050000",2024-04-15 05:00:00,-121.934528612074,36.4186283343768,0,"available_crw"
"254026_0",112,"254026_0_crw_112",28,"254026_0_20240415T110000",2024-04-15 11:00:00,-122.048080649506,36.3844682976609,0,"available_crw"
"254026_0",112,"254026_0_crw_112",29,"254026_0_20240415T170000",2024-04-15 17:00:00,-122.072026699328,36.372046341591,0,"available_crw"
"254026_0",112,"254026_0_crw_112",30,"254026_0_20240415T230000",2024-04-15 23:00:00,-122.03224280393,36.4229557935317,0,"available_crw"
"254026_0",113,"254026_0_crw_113",1,"254026_0_20240408T170000",2024-04-08 17:00:00,-122.0637,36.9493,0,"available_crw"
"254026_0",113,"254026_0_crw_113",2,"254026_0_20240408T230000",2024-04-08 23:00:00,-121.993359964016,36.9201224209422,0,"available_crw"
"254026_0",113,"254026_0_crw_113",3,"254026_0_20240409T050000",2024-04-09 05:00:00,-121.972729355098,36.9204763250006,0,"available_crw"
"254026_0",113,"254026_0_crw_113",4,"254026_0_20240409T110000",2024-04-09 11:00:00,-122.009733229009,36.7972881143621,0,"available_crw"
"254026_0",113,"254026_0_crw_113",5,"254026_0_20240409T170000",2024-04-09 17:00:00,-121.985295622912,36.7368447509696,0,"available_crw"
"254026_0",113,"254026_0_crw_113",6,"254026_0_20240409T230000",2024-04-09 23:00:00,-121.976643242416,36.7861039993304,0,"available_crw"
"254026_0",113,"254026_0_crw_113",7,"254026_0_20240410T050000",2024-04-10 05:00:00,-121.972026057151,36.8237175810759,0,"available_crw"
"254026_0",113,"254026_0_crw_113",8,"254026_0_20240410T110000",2024-04-10 11:00:00,-122.000226290193,36.8320188201201,0,"available_crw"
"254026_0",113,"254026_0_crw_113",9,"254026_0_20240410T170000",2024-04-10 17:00:00,-122.036115116489,36.8420266695374,0,"available_crw"
"254026_0",113,"254026_0_crw_113",10,"254026_0_20240410T230000",2024-04-10 23:00:00,-121.961593116726,36.8482126513867,0,"available_crw"
"254026_0",113,"254026_0_crw_113",11,"254026_0_20240411T050000",2024-04-11 05:00:00,-121.948769433547,36.8628034507876,0,"available_crw"
"254026_0",113,"254026_0_crw_113",12,"254026_0_20240411T110000",2024-04-11 11:00:00,-121.847599881554,36.7656324025321,0,"available_crw"
"254026_0",113,"254026_0_crw_113",13,"254026_0_20240411T170000",2024-04-11 17:00:00,-121.860076219908,36.7145420310121,0,"available_crw"
"254026_0",113,"254026_0_crw_113",14,"254026_0_20240411T230000",2024-04-11 23:00:00,-121.924560987072,36.6607296773832,0,"available_crw"
"254026_0",113,"254026_0_crw_113",15,"254026_0_20240412T050000",2024-04-12 05:00:00,-122.147756103938,36.5228580912391,0,"available_crw"
"254026_0",113,"254026_0_crw_113",16,"254026_0_20240412T110000",2024-04-12 11:00:00,-122.182137326236,36.5005533030056,0,"available_crw"
"254026_0",113,"254026_0_crw_113",17,"254026_0_20240412T170000",2024-04-12 17:00:00,-122.182009432927,36.5071635944349,0,"available_crw"
"254026_0",113,"254026_0_crw_113",18,"254026_0_20240412T230000",2024-04-12 23:00:00,-122.185438875302,36.5369480688095,0,"available_crw"
"254026_0",113,"254026_0_crw_113",19,"254026_0_20240413T050000",2024-04-13 05:00:00,-122.169010397775,36.7632854405099,0,"available_crw"
"254026_0",113,"254026_0_crw_113",20,"254026_0_20240413T110000",2024-04-13 11:00:00,-122.199353835391,36.7199406985868,0,"available_crw"
"254026_0",113,"254026_0_crw_113",21,"254026_0_20240413T170000",2024-04-13 17:00:00,-122.217913205045,36.7271371509251,0,"available_crw"
"254026_0",113,"254026_0_crw_113",22,"254026_0_20240413T230000",2024-04-13 23:00:00,-122.258262506127,36.7402779456321,0,"available_crw"
"254026_0",113,"254026_0_crw_113",23,"254026_0_20240414T050000",2024-04-14 05:00:00,-122.278058847369,36.7321994777109,0,"available_crw"
"254026_0",113,"254026_0_crw_113",24,"254026_0_20240414T110000",2024-04-14 11:00:00,-122.288874751887,36.7242370959295,0,"available_crw"
"254026_0",113,"254026_0_crw_113",25,"254026_0_20240414T170000",2024-04-14 17:00:00,-122.317000983276,36.7733392261543,0,"available_crw"
"254026_0",113,"254026_0_crw_113",26,"254026_0_20240414T230000",2024-04-14 23:00:00,-122.33806122342,36.80737102815,0,"available_crw"
"254026_0",113,"254026_0_crw_113",27,"254026_0_20240415T050000",2024-04-15 05:00:00,-122.327649906396,36.8816915025618,0,"available_crw"
"254026_0",113,"254026_0_crw_113",28,"254026_0_20240415T110000",2024-04-15 11:00:00,-122.264839723284,37.0669551178927,0,"available_crw"
"254026_0",113,"254026_0_crw_113",29,"254026_0_20240415T170000",2024-04-15 17:00:00,-122.291008301739,37.0789203672838,0,"available_crw"
"254026_0",113,"254026_0_crw_113",30,"254026_0_20240415T230000",2024-04-15 23:00:00,-122.281921155181,37.0938191528635,0,"available_crw"
"254026_0",114,"254026_0_crw_114",1,"254026_0_20240408T170000",2024-04-08 17:00:00,-122.0637,36.9493,0,"available_crw"
"254026_0",114,"254026_0_crw_114",2,"254026_0_20240408T230000",2024-04-08 23:00:00,-122.12603374735,36.9828221901849,0,"available_crw"
"254026_0",114,"254026_0_crw_114",3,"254026_0_20240409T050000",2024-04-09 05:00:00,-122.089440727045,36.8893932089142,0,"available_crw"
"254026_0",114,"254026_0_crw_114",4,"254026_0_20240409T110000",2024-04-09 11:00:00,-122.053481343145,36.6995894602543,0,"available_crw"
"254026_0",114,"254026_0_crw_114",5,"254026_0_20240409T170000",2024-04-09 17:00:00,-122.044476598667,36.6624941382814,0,"available_crw"
"254026_0",114,"254026_0_crw_114",6,"254026_0_20240409T230000",2024-04-09 23:00:00,-122.019955648612,36.4197362268131,0,"available_crw"
"254026_0",114,"254026_0_crw_114",7,"254026_0_20240410T050000",2024-04-10 05:00:00,-122.056890529857,36.4720398336162,0,"available_crw"
"254026_0",114,"254026_0_crw_114",8,"254026_0_20240410T110000",2024-04-10 11:00:00,-122.075933551515,36.4891495777569,0,"available_crw"
"254026_0",114,"254026_0_crw_114",9,"254026_0_20240410T170000",2024-04-10 17:00:00,-122.151445451471,36.5071375542367,0,"available_crw"
"254026_0",114,"254026_0_crw_114",10,"254026_0_20240410T230000",2024-04-10 23:00:00,-122.113850517029,36.5518903606791,0,"available_crw"
"254026_0",114,"254026_0_crw_114",11,"254026_0_20240411T050000",2024-04-11 05:00:00,-122.089876624772,36.5817858180419,0,"available_crw"
"254026_0",114,"254026_0_crw_114",12,"254026_0_20240411T110000",2024-04-11 11:00:00,-122.063191636854,36.5486203685736,0,"available_crw"
"254026_0",114,"254026_0_crw_114",13,"254026_0_20240411T170000",2024-04-11 17:00:00,-122.111605307472,36.5425095760493,0,"available_crw"
"254026_0",114,"254026_0_crw_114",14,"254026_0_20240411T230000",2024-04-11 23:00:00,-122.09875438625,36.580665315665,0,"available_crw"
"254026_0",114,"254026_0_crw_114",15,"254026_0_20240412T050000",2024-04-12 05:00:00,-122.269767918568,36.6524041628267,0,"available_crw"
"254026_0",114,"254026_0_crw_114",16,"254026_0_20240412T110000",2024-04-12 11:00:00,-122.392982249478,36.5329015301002,0,"available_crw"
"254026_0",114,"254026_0_crw_114",17,"254026_0_20240412T170000",2024-04-12 17:00:00,-122.416657036024,36.5090814901136,0,"available_crw"
"254026_0",114,"254026_0_crw_114",18,"254026_0_20240412T230000",2024-04-12 23:00:00,-122.591732643586,36.379227154119,0,"available_crw"
"254026_0",114,"254026_0_crw_114",19,"254026_0_20240413T050000",2024-04-13 05:00:00,-122.56338729491,36.4349203533823,0,"available_crw"
"254026_0",114,"254026_0_crw_114",20,"254026_0_20240413T110000",2024-04-13 11:00:00,-122.721683255733,36.5233126572202,0,"available_crw"
"254026_0",114,"254026_0_crw_114",21,"254026_0_20240413T170000",2024-04-13 17:00:00,-122.753184712296,36.5402327764434,0,"available_crw"
"254026_0",114,"254026_0_crw_114",22,"254026_0_20240413T230000",2024-04-13 23:00:00,-122.831914953151,36.5424837602483,0,"available_crw"
"254026_0",114,"254026_0_crw_114",23,"254026_0_20240414T050000",2024-04-14 05:00:00,-122.786428151937,36.6638054270948,0,"available_crw"
"254026_0",114,"254026_0_crw_114",24,"254026_0_20240414T110000",2024-04-14 11:00:00,-122.784134214603,36.6867374230111,0,"available_crw"
"254026_0",114,"254026_0_crw_114",25,"254026_0_20240414T170000",2024-04-14 17:00:00,-122.635790393768,36.6445305031779,0,"available_crw"
"254026_0",114,"254026_0_crw_114",26,"254026_0_20240414T230000",2024-04-14 23:00:00,-122.426173154843,36.5534154570879,0,"available_crw"
"254026_0",114,"254026_0_crw_114",27,"254026_0_20240415T050000",2024-04-15 05:00:00,-122.391846426276,36.5421142063229,0,"available_crw"
"254026_0",114,"254026_0_crw_114",28,"254026_0_20240415T110000",2024-04-15 11:00:00,-122.486265805451,36.4408651624288,0,"available_crw"
"254026_0",114,"254026_0_crw_114",29,"254026_0_20240415T170000",2024-04-15 17:00:00,-122.50996353394,36.4754643640063,0,"available_crw"
"254026_0",114,"254026_0_crw_114",30,"254026_0_20240415T230000",2024-04-15 23:00:00,-122.50683918247,36.4257731889694,0,"available_crw"
"254026_0",115,"254026_0_crw_115",1,"254026_0_20240408T170000",2024-04-08 17:00:00,-122.0637,36.9493,0,"available_crw"
"254026_0",115,"254026_0_crw_115",2,"254026_0_20240408T230000",2024-04-08 23:00:00,-122.041116949982,36.9255096380072,0,"available_crw"
"254026_0",115,"254026_0_crw_115",3,"254026_0_20240409T050000",2024-04-09 05:00:00,-122.013397251799,36.9348694450854,0,"available_crw"
"254026_0",115,"254026_0_crw_115",4,"254026_0_20240409T110000",2024-04-09 11:00:00,-121.956266698997,36.9102317697917,0,"available_crw"
"254026_0",115,"254026_0_crw_115",5,"254026_0_20240409T170000",2024-04-09 17:00:00,-121.944219861067,36.8590713473569,0,"available_crw"
"254026_0",115,"254026_0_crw_115",6,"254026_0_20240409T230000",2024-04-09 23:00:00,-121.935038874263,36.8242421401383,0,"available_crw"
"254026_0",115,"254026_0_crw_115",7,"254026_0_20240410T050000",2024-04-10 05:00:00,-121.928815597507,36.8020112042533,0,"available_crw"
"254026_0",115,"254026_0_crw_115",8,"254026_0_20240410T110000",2024-04-10 11:00:00,-121.916780310409,36.7737109563569,0,"available_crw"
"254026_0",115,"254026_0_crw_115",9,"254026_0_20240410T170000",2024-04-10 17:00:00,-121.900085511623,36.7413564129033,0,"available_crw"
"254026_0",115,"254026_0_crw_115",10,"254026_0_20240410T230000",2024-04-10 23:00:00,-121.870552811505,36.7231818435969,0,"available_crw"
"254026_0",115,"254026_0_crw_115",11,"254026_0_20240411T050000",2024-04-11 05:00:00,-121.848806345584,36.7267374956681,0,"available_crw"
"254026_0",115,"254026_0_crw_115",12,"254026_0_20240411T110000",2024-04-11 11:00:00,-121.813400362053,36.7358150382182,0,"available_crw"
"254026_0",115,"254026_0_crw_115",13,"254026_0_20240411T170000",2024-04-11 17:00:00,-121.874551772957,36.7430631189713,0,"available_crw"
"254026_0",115,"254026_0_crw_115",14,"254026_0_20240411T230000",2024-04-11 23:00:00,-121.921265077468,36.7469706715918,0,"available_crw"
"254026_0",115,"254026_0_crw_115",15,"254026_0_20240412T050000",2024-04-12 05:00:00,-121.949465606597,36.7490299505123,0,"available_crw"
"254026_0",115,"254026_0_crw_115",16,"254026_0_20240412T110000",2024-04-12 11:00:00,-121.996380181662,36.7508440517252,0,"available_crw"
"254026_0",115,"254026_0_crw_115",17,"254026_0_20240412T170000",2024-04-12 17:00:00,-122.024574068804,36.7470477669627,0,"available_crw"
"254026_0",115,"254026_0_crw_115",18,"254026_0_20240412T230000",2024-04-12 23:00:00,-122.014983630643,36.8005594588516,0,"available_crw"
"254026_0",115,"254026_0_crw_115",19,"254026_0_20240413T050000",2024-04-13 05:00:00,-122.016858701828,36.8122602809091,0,"available_crw"
"254026_0",115,"254026_0_crw_115",20,"254026_0_20240413T110000",2024-04-13 11:00:00,-121.972110022057,36.8499055246896,0,"available_crw"
"254026_0",115,"254026_0_crw_115",21,"254026_0_20240413T170000",2024-04-13 17:00:00,-121.881568329653,36.8672034670357,0,"available_crw"
"254026_0",115,"254026_0_crw_115",22,"254026_0_20240413T230000",2024-04-13 23:00:00,-121.835876627091,36.8770614672607,0,"available_crw"
"254026_0",115,"254026_0_crw_115",23,"254026_0_20240414T050000",2024-04-14 05:00:00,-121.823232019621,36.8830601572944,0,"available_crw"
"254026_0",115,"254026_0_crw_115",24,"254026_0_20240414T110000",2024-04-14 11:00:00,-121.865549061243,36.8333710047255,0,"available_crw"
"254026_0",115,"254026_0_crw_115",25,"254026_0_20240414T170000",2024-04-14 17:00:00,-122.062915433577,36.6487465848742,0,"available_crw"
"254026_0",115,"254026_0_crw_115",26,"254026_0_20240414T230000",2024-04-14 23:00:00,-122.152237231279,36.7530911268083,0,"available_crw"
"254026_0",115,"254026_0_crw_115",27,"254026_0_20240415T050000",2024-04-15 05:00:00,-122.087935548868,36.7687876613195,0,"available_crw"
"254026_0",115,"254026_0_crw_115",28,"254026_0_20240415T110000",2024-04-15 11:00:00,-122.047149051182,36.7810669375804,0,"available_crw"
"254026_0",115,"254026_0_crw_115",29,"254026_0_20240415T170000",2024-04-15 17:00:00,-122.003389219946,36.7954241774643,0,"available_crw"
"254026_0",115,"254026_0_crw_115",30,"254026_0_20240415T230000",2024-04-15 23:00:00,-122.036474724427,36.9485305947357,0,"available_crw"
"254026_0",116,"254026_0_crw_116",1,"254026_0_20240408T170000",2024-04-08 17:00:00,-122.0637,36.9493,0,"available_crw"
"254026_0",116,"254026_0_crw_116",2,"254026_0_20240408T230000",2024-04-08 23:00:00,-122.053010738527,36.9412026864883,0,"available_crw"
"254026_0",116,"254026_0_crw_116",3,"254026_0_20240409T050000",2024-04-09 05:00:00,-121.857406138437,36.7551862855434,0,"available_crw"
"254026_0",116,"254026_0_crw_116",4,"254026_0_20240409T110000",2024-04-09 11:00:00,-121.919491616521,36.7345365786269,0,"available_crw"
"254026_0",116,"254026_0_crw_116",5,"254026_0_20240409T170000",2024-04-09 17:00:00,-121.962568795286,36.7189636024156,0,"available_crw"
"254026_0",116,"254026_0_crw_116",6,"254026_0_20240409T230000",2024-04-09 23:00:00,-121.973835076254,36.7114195393457,0,"available_crw"
"254026_0",116,"254026_0_crw_116",7,"254026_0_20240410T050000",2024-04-10 05:00:00,-121.98665154017,36.6833320371082,0,"available_crw"
"254026_0",116,"254026_0_crw_116",8,"254026_0_20240410T110000",2024-04-10 11:00:00,-121.983644920165,36.6669408920163,0,"available_crw"
"254026_0",116,"254026_0_crw_116",9,"254026_0_20240410T170000",2024-04-10 17:00:00,-121.964910048337,36.7143470064104,0,"available_crw"
"254026_0",116,"254026_0_crw_116",10,"254026_0_20240410T230000",2024-04-10 23:00:00,-121.954386809215,36.7483405466135,0,"available_crw"
"254026_0",116,"254026_0_crw_116",11,"254026_0_20240411T050000",2024-04-11 05:00:00,-121.947885904724,36.7705194875996,0,"available_crw"
"254026_0",116,"254026_0_crw_116",12,"254026_0_20240411T110000",2024-04-11 11:00:00,-121.809005350472,36.7108034357632,0,"available_crw"
"254026_0",116,"254026_0_crw_116",13,"254026_0_20240411T170000",2024-04-11 17:00:00,-121.79470651767,36.7082280929131,0,"available_crw"
"254026_0",116,"254026_0_crw_116",14,"254026_0_20240411T230000",2024-04-11 23:00:00,-121.867724527725,36.6952474109546,0,"available_crw"
"254026_0",116,"254026_0_crw_116",15,"254026_0_20240412T050000",2024-04-12 05:00:00,-121.904600391838,36.6881493131553,0,"available_crw"
"254026_0",116,"254026_0_crw_116",16,"254026_0_20240412T110000",2024-04-12 11:00:00,-121.914891277851,36.6723254524436,0,"available_crw"
"254026_0",116,"254026_0_crw_116",17,"254026_0_20240412T170000",2024-04-12 17:00:00,-122.056087753944,36.5177286300195,0,"available_crw"
"254026_0",116,"254026_0_crw_116",18,"254026_0_20240412T230000",2024-04-12 23:00:00,-122.082206303077,36.4863578754678,0,"available_crw"
"254026_0",116,"254026_0_crw_116",19,"254026_0_20240413T050000",2024-04-13 05:00:00,-122.108163975857,36.5198868739829,0,"available_crw"
"254026_0",116,"254026_0_crw_116",20,"254026_0_20240413T110000",2024-04-13 11:00:00,-122.045582496761,36.487122432702,0,"available_crw"
"254026_0",116,"254026_0_crw_116",21,"254026_0_20240413T170000",2024-04-13 17:00:00,-122.097367042573,36.4528580544514,0,"available_crw"
"254026_0",116,"254026_0_crw_116",22,"254026_0_20240413T230000",2024-04-13 23:00:00,-122.338359955601,36.3368893180413,0,"available_crw"
"254026_0",116,"254026_0_crw_116",23,"254026_0_20240414T050000",2024-04-14 05:00:00,-122.398782695127,36.3548501491112,0,"available_crw"
"254026_0",116,"254026_0_crw_116",24,"254026_0_20240414T110000",2024-04-14 11:00:00,-122.443298965488,36.3663640178463,0,"available_crw"
"254026_0",116,"254026_0_crw_116",25,"254026_0_20240414T170000",2024-04-14 17:00:00,-122.404520456392,36.4104175791189,0,"available_crw"
"254026_0",116,"254026_0_crw_116",26,"254026_0_20240414T230000",2024-04-14 23:00:00,-122.533894917179,36.525462938472,0,"available_crw"
"254026_0",116,"254026_0_crw_116",27,"254026_0_20240415T050000",2024-04-15 05:00:00,-122.553293414957,36.5308933834688,0,"available_crw"
"254026_0",116,"254026_0_crw_116",28,"254026_0_20240415T110000",2024-04-15 11:00:00,-122.802216328841,36.6362970259903,0,"available_crw"
"254026_0",116,"254026_0_crw_116",29,"254026_0_20240415T170000",2024-04-15 17:00:00,-123.029412492995,36.7702449666417,0,"available_crw"
"254026_0",116,"254026_0_crw_116",30,"254026_0_20240415T230000",2024-04-15 23:00:00,-123.065727241456,36.790604669943,0,"available_crw"
"254026_0",117,"254026_0_crw_117",1,"254026_0_20240408T170000",2024-04-08 17:00:00,-122.0637,36.9493,0,"available_crw"
"254026_0",117,"254026_0_crw_117",2,"254026_0_20240408T230000",2024-04-08 23:00:00,-122.085785384138,36.9003437002195,0,"available_crw"
"254026_0",117,"254026_0_crw_117",3,"254026_0_20240409T050000",2024-04-09 05:00:00,-122.060981869875,36.8867071476904,0,"available_crw"
"254026_0",117,"254026_0_crw_117",4,"254026_0_20240409T110000",2024-04-09 11:00:00,-122.02117108398,36.8661650246491,0,"available_crw"
"254026_0",117,"254026_0_crw_117",5,"254026_0_20240409T170000",2024-04-09 17:00:00,-122.029013732589,36.8641677509103,0,"available_crw"
"254026_0",117,"254026_0_crw_117",6,"254026_0_20240409T230000",2024-04-09 23:00:00,-122.326178078652,36.8165160075678,0,"available_crw"
"254026_0",117,"254026_0_crw_117",7,"254026_0_20240410T050000",2024-04-10 05:00:00,-122.33152963326,36.8325313786987,0,"available_crw"
"254026_0",117,"254026_0_crw_117",8,"254026_0_20240410T110000",2024-04-10 11:00:00,-122.389036631462,36.8761733537615,0,"available_crw"
"254026_0",117,"254026_0_crw_117",9,"254026_0_20240410T170000",2024-04-10 17:00:00,-122.413555358046,36.8880591883284,0,"available_crw"
"254026_0",117,"254026_0_crw_117",10,"254026_0_20240410T230000",2024-04-10 23:00:00,-122.597300233983,37.0110049070943,0,"available_crw"
"254026_0",117,"254026_0_crw_117",11,"254026_0_20240411T050000",2024-04-11 05:00:00,-122.675764480558,37.0200210038998,0,"available_crw"
"254026_0",117,"254026_0_crw_117",12,"254026_0_20240411T110000",2024-04-11 11:00:00,-122.624457366945,36.9920571129826,0,"available_crw"
"254026_0",117,"254026_0_crw_117",13,"254026_0_20240411T170000",2024-04-11 17:00:00,-122.584421194748,36.9721302937424,0,"available_crw"
"254026_0",117,"254026_0_crw_117",14,"254026_0_20240411T230000",2024-04-11 23:00:00,-122.617406985065,37.0142620054421,0,"available_crw"
"254026_0",117,"254026_0_crw_117",15,"254026_0_20240412T050000",2024-04-12 05:00:00,-122.600633042053,37.0239617709687,0,"available_crw"
"254026_0",117,"254026_0_crw_117",16,"254026_0_20240412T110000",2024-04-12 11:00:00,-122.387074105204,37.1109991342082,0,"available_crw"
"254026_0",117,"254026_0_crw_117",17,"254026_0_20240412T170000",2024-04-12 17:00:00,-122.375345155414,37.1246485475883,0,"available_crw"
"254026_0",117,"254026_0_crw_117",18,"254026_0_20240412T230000",2024-04-12 23:00:00,-122.37243038935,37.1544807918061,0,"available_crw"
"254026_0",117,"254026_0_crw_117",19,"254026_0_20240413T050000",2024-04-13 05:00:00,-122.373558842406,37.1843775360259,0,"available_crw"
"254026_0",117,"254026_0_crw_117",20,"254026_0_20240413T110000",2024-04-13 11:00:00,-122.393270732908,37.2098085377226,0,"available_crw"
"254026_0",117,"254026_0_crw_117",21,"254026_0_20240413T170000",2024-04-13 17:00:00,-122.404121813748,37.2177999488951,0,"available_crw"
"254026_0",117,"254026_0_crw_117",22,"254026_0_20240413T230000",2024-04-13 23:00:00,-122.563052317483,37.1285009873969,0,"available_crw"
"254026_0",117,"254026_0_crw_117",23,"254026_0_20240414T050000",2024-04-14 05:00:00,-122.501690032454,37.1363274554931,0,"available_crw"
"254026_0",117,"254026_0_crw_117",24,"254026_0_20240414T110000",2024-04-14 11:00:00,-122.45337616959,37.1014797902058,0,"available_crw"
"254026_0",117,"254026_0_crw_117",25,"254026_0_20240414T170000",2024-04-14 17:00:00,-122.417034867958,37.0773751456816,0,"available_crw"
"254026_0",117,"254026_0_crw_117",26,"254026_0_20240414T230000",2024-04-14 23:00:00,-122.229167714812,36.907992114942,0,"available_crw"
"254026_0",117,"254026_0_crw_117",27,"254026_0_20240415T050000",2024-04-15 05:00:00,-122.193800088814,36.8985754422037,0,"available_crw"
"254026_0",117,"254026_0_crw_117",28,"254026_0_20240415T110000",2024-04-15 11:00:00,-122.157314869767,36.9046445484138,0,"available_crw"
"254026_0",117,"254026_0_crw_117",29,"254026_0_20240415T170000",2024-04-15 17:00:00,-122.167890092786,36.8660306595285,0,"available_crw"
"254026_0",117,"254026_0_crw_117",30,"254026_0_20240415T230000",2024-04-15 23:00:00,-122.207454940815,36.8895449322172,0,"available_crw"
"254026_0",118,"254026_0_crw_118",1,"254026_0_20240408T170000",2024-04-08 17:00:00,-122.0637,36.9493,0,"available_crw"
"254026_0",118,"254026_0_crw_118",2,"254026_0_20240408T230000",2024-04-08 23:00:00,-122.031043274964,36.9348689984628,0,"available_crw"
"254026_0",118,"254026_0_crw_118",3,"254026_0_20240409T050000",2024-04-09 05:00:00,-122.010138656413,36.940992249869,0,"available_crw"
"254026_0",118,"254026_0_crw_118",4,"254026_0_20240409T110000",2024-04-09 11:00:00,-122.002139216417,36.9576614580909,0,"available_crw"
"254026_0",118,"254026_0_crw_118",5,"254026_0_20240409T170000",2024-04-09 17:00:00,-121.996943299654,36.8975940173917,0,"available_crw"
"254026_0",118,"254026_0_crw_118",6,"254026_0_20240409T230000",2024-04-09 23:00:00,-121.805581795557,36.8748310587074,0,"available_crw"
"254026_0",118,"254026_0_crw_118",7,"254026_0_20240410T050000",2024-04-10 05:00:00,-121.835260532462,36.8263149644421,0,"available_crw"
"254026_0",118,"254026_0_crw_118",8,"254026_0_20240410T110000",2024-04-10 11:00:00,-121.854317309509,36.832660935614,0,"available_crw"
"254026_0",118,"254026_0_crw_118",9,"254026_0_20240410T170000",2024-04-10 17:00:00,-121.889654492217,36.8438641756513,0,"available_crw"
"254026_0",118,"254026_0_crw_118",10,"254026_0_20240410T230000",2024-04-10 23:00:00,-122.157828716352,36.9575671432774,0,"available_crw"
"254026_0",118,"254026_0_crw_118",11,"254026_0_20240411T050000",2024-04-11 05:00:00,-122.185449732208,36.9637205175486,0,"available_crw"
"254026_0",118,"254026_0_crw_118",12,"254026_0_20240411T110000",2024-04-11 11:00:00,-122.212909670207,36.9695306857653,0,"available_crw"
"254026_0",118,"254026_0_crw_118",13,"254026_0_20240411T170000",2024-04-11 17:00:00,-122.176712640943,37.0151369825675,0,"available_crw"
"254026_0",118,"254026_0_crw_118",14,"254026_0_20240411T230000",2024-04-11 23:00:00,-122.069660703932,36.9219645308294,0,"available_crw"
"254026_0",118,"254026_0_crw_118",15,"254026_0_20240412T050000",2024-04-12 05:00:00,-122.077883079194,36.9216240980919,0,"available_crw"
"254026_0",118,"254026_0_crw_118",16,"254026_0_20240412T110000",2024-04-12 11:00:00,-121.978986934642,36.8643356038438,0,"available_crw"
"254026_0",118,"254026_0_crw_118",17,"254026_0_20240412T170000",2024-04-12 17:00:00,-122.008182605444,36.9082086328668,0,"available_crw"
"254026_0",118,"254026_0_crw_118",18,"254026_0_20240412T230000",2024-04-12 23:00:00,-122.194281796405,36.8657566478837,0,"available_crw"
"254026_0",118,"254026_0_crw_118",19,"254026_0_20240413T050000",2024-04-13 05:00:00,-122.206805649247,36.8595987336272,0,"available_crw"
"254026_0",118,"254026_0_crw_118",20,"254026_0_20240413T110000",2024-04-13 11:00:00,-122.466576884821,36.7713968727347,0,"available_crw"
"254026_0",118,"254026_0_crw_118",21,"254026_0_20240413T170000",2024-04-13 17:00:00,-122.465607644235,36.8109287008797,0,"available_crw"
"254026_0",118,"254026_0_crw_118",22,"254026_0_20240413T230000",2024-04-13 23:00:00,-122.445003341484,36.8116598159131,0,"available_crw"
"254026_0",118,"254026_0_crw_118",23,"254026_0_20240414T050000",2024-04-14 05:00:00,-122.207699772553,36.7905222077453,0,"available_crw"
"254026_0",118,"254026_0_crw_118",24,"254026_0_20240414T110000",2024-04-14 11:00:00,-122.163611412957,36.7873276061461,0,"available_crw"
"254026_0",118,"254026_0_crw_118",25,"254026_0_20240414T170000",2024-04-14 17:00:00,-122.217315960302,36.6681951595902,0,"available_crw"
"254026_0",118,"254026_0_crw_118",26,"254026_0_20240414T230000",2024-04-14 23:00:00,-122.218433733589,36.6564313108148,0,"available_crw"
"254026_0",118,"254026_0_crw_118",27,"254026_0_20240415T050000",2024-04-15 05:00:00,-122.224329408483,36.6610293378272,0,"available_crw"
"254026_0",118,"254026_0_crw_118",28,"254026_0_20240415T110000",2024-04-15 11:00:00,-122.256760851525,36.6852210519377,0,"available_crw"
"254026_0",118,"254026_0_crw_118",29,"254026_0_20240415T170000",2024-04-15 17:00:00,-122.432628152677,36.8623868459312,0,"available_crw"
"254026_0",118,"254026_0_crw_118",30,"254026_0_20240415T230000",2024-04-15 23:00:00,-122.456869974859,36.8859054168797,0,"available_crw"
"254026_0",119,"254026_0_crw_119",1,"254026_0_20240408T170000",2024-04-08 17:00:00,-122.0637,36.9493,0,"available_crw"
"254026_0",119,"254026_0_crw_119",2,"254026_0_20240408T230000",2024-04-08 23:00:00,-122.043507580812,36.9234239822708,0,"available_crw"
"254026_0",119,"254026_0_crw_119",3,"254026_0_20240409T050000",2024-04-09 05:00:00,-122.108732905846,36.9100066254999,0,"available_crw"
"254026_0",119,"254026_0_crw_119",4,"254026_0_20240409T110000",2024-04-09 11:00:00,-122.115133283478,36.925772549014,0,"available_crw"
"254026_0",119,"254026_0_crw_119",5,"254026_0_20240409T170000",2024-04-09 17:00:00,-122.135609002386,36.9327640897274,0,"available_crw"
"254026_0",119,"254026_0_crw_119",6,"254026_0_20240409T230000",2024-04-09 23:00:00,-122.176786475983,36.9443719256512,0,"available_crw"
"254026_0",119,"254026_0_crw_119",7,"254026_0_20240410T050000",2024-04-10 05:00:00,-122.196143020397,36.9355578721447,0,"available_crw"
"254026_0",119,"254026_0_crw_119",8,"254026_0_20240410T110000",2024-04-10 11:00:00,-122.236070109594,36.9155315492762,0,"available_crw"
"254026_0",119,"254026_0_crw_119",9,"254026_0_20240410T170000",2024-04-10 17:00:00,-122.509216306084,36.8099317847619,0,"available_crw"
"254026_0",119,"254026_0_crw_119",10,"254026_0_20240410T230000",2024-04-10 23:00:00,-122.447343157027,36.8096752638114,0,"available_crw"
"254026_0",119,"254026_0_crw_119",11,"254026_0_20240411T050000",2024-04-11 05:00:00,-122.400079875621,36.8105845468495,0,"available_crw"
"254026_0",119,"254026_0_crw_119",12,"254026_0_20240411T110000",2024-04-11 11:00:00,-122.393259723553,36.8340974126764,0,"available_crw"
"254026_0",119,"254026_0_crw_119",13,"254026_0_20240411T170000",2024-04-11 17:00:00,-122.393879838241,36.8458850784071,0,"available_crw"
"254026_0",119,"254026_0_crw_119",14,"254026_0_20240411T230000",2024-04-11 23:00:00,-122.465956814555,36.7669297596301,0,"available_crw"
"254026_0",119,"254026_0_crw_119",15,"254026_0_20240412T050000",2024-04-12 05:00:00,-122.565091252837,36.8654647795796,0,"available_crw"
"254026_0",119,"254026_0_crw_119",16,"254026_0_20240412T110000",2024-04-12 11:00:00,-122.599881279818,36.8761525137291,0,"available_crw"
"254026_0",119,"254026_0_crw_119",17,"254026_0_20240412T170000",2024-04-12 17:00:00,-122.507668606809,36.9790165005122,0,"available_crw"
"254026_0",119,"254026_0_crw_119",18,"254026_0_20240412T230000",2024-04-12 23:00:00,-122.42081016851,37.0062026391511,0,"available_crw"
"254026_0",119,"254026_0_crw_119",19,"254026_0_20240413T050000",2024-04-13 05:00:00,-122.40903587613,37.0132756969641,0,"available_crw"
"254026_0",119,"254026_0_crw_119",20,"254026_0_20240413T110000",2024-04-13 11:00:00,-122.489528073394,37.1546645951825,0,"available_crw"
"254026_0",119,"254026_0_crw_119",21,"254026_0_20240413T170000",2024-04-13 17:00:00,-122.505957994793,37.1822231729034,0,"available_crw"
"254026_0",119,"254026_0_crw_119",22,"254026_0_20240413T230000",2024-04-13 23:00:00,-122.47790763574,37.2292102153894,0,"available_crw"
"254026_0",119,"254026_0_crw_119",23,"254026_0_20240414T050000",2024-04-14 05:00:00,-122.479008193665,37.2457556027557,0,"available_crw"
"254026_0",119,"254026_0_crw_119",24,"254026_0_20240414T110000",2024-04-14 11:00:00,-122.484136044944,37.2805476503224,0,"available_crw"
"254026_0",119,"254026_0_crw_119",25,"254026_0_20240414T170000",2024-04-14 17:00:00,-122.489731861461,37.2914649900317,0,"available_crw"
"254026_0",119,"254026_0_crw_119",26,"254026_0_20240414T230000",2024-04-14 23:00:00,-122.434362841537,37.2506292445834,0,"available_crw"
"254026_0",119,"254026_0_crw_119",27,"254026_0_20240415T050000",2024-04-15 05:00:00,-122.409570194207,37.2389544309428,0,"available_crw"
"254026_0",119,"254026_0_crw_119",28,"254026_0_20240415T110000",2024-04-15 11:00:00,-122.48454506394,37.2446655250805,0,"available_crw"
"254026_0",119,"254026_0_crw_119",29,"254026_0_20240415T170000",2024-04-15 17:00:00,-122.522624115314,37.2470340139927,0,"available_crw"
"254026_0",119,"254026_0_crw_119",30,"254026_0_20240415T230000",2024-04-15 23:00:00,-122.567092133437,37.2490009329198,0,"available_crw"
"254026_0",120,"254026_0_crw_120",1,"254026_0_20240408T170000",2024-04-08 17:00:00,-122.0637,36.9493,0,"available_crw"
"254026_0",120,"254026_0_crw_120",2,"254026_0_20240408T230000",2024-04-08 23:00:00,-121.972982897655,36.7716866011714,0,"available_crw"
"254026_0",120,"254026_0_crw_120",3,"254026_0_20240409T050000",2024-04-09 05:00:00,-121.953783036523,36.7369557868587,0,"available_crw"
"254026_0",120,"254026_0_crw_120",4,"254026_0_20240409T110000",2024-04-09 11:00:00,-121.972033039623,36.7292617972537,0,"available_crw"
"254026_0",120,"254026_0_crw_120",5,"254026_0_20240409T170000",2024-04-09 17:00:00,-121.99396035545,36.7145108420729,0,"available_crw"
"254026_0",120,"254026_0_crw_120",6,"254026_0_20240409T230000",2024-04-09 23:00:00,-122.015441292409,36.699673781822,0,"available_crw"
"254026_0",120,"254026_0_crw_120",7,"254026_0_20240410T050000",2024-04-10 05:00:00,-122.032686025088,36.6813348594555,0,"available_crw"
"254026_0",120,"254026_0_crw_120",8,"254026_0_20240410T110000",2024-04-10 11:00:00,-122.051766032931,36.6556748461253,0,"available_crw"
"254026_0",120,"254026_0_crw_120",9,"254026_0_20240410T170000",2024-04-10 17:00:00,-122.060912010324,36.633882888013,0,"available_crw"
"254026_0",120,"254026_0_crw_120",10,"254026_0_20240410T230000",2024-04-10 23:00:00,-122.074682990141,36.5975262307502,0,"available_crw"
"254026_0",120,"254026_0_crw_120",11,"254026_0_20240411T050000",2024-04-11 05:00:00,-122.195970467173,36.3930370629005,0,"available_crw"
"254026_0",120,"254026_0_crw_120",12,"254026_0_20240411T110000",2024-04-11 11:00:00,-122.24469768536,36.4300824140128,0,"available_crw"
"254026_0",120,"254026_0_crw_120",13,"254026_0_20240411T170000",2024-04-11 17:00:00,-122.418286471173,36.6083427401997,0,"available_crw"
"254026_0",120,"254026_0_crw_120",14,"254026_0_20240411T230000",2024-04-11 23:00:00,-122.448555097639,36.6374960530304,0,"available_crw"
"254026_0",120,"254026_0_crw_120",15,"254026_0_20240412T050000",2024-04-12 05:00:00,-122.595012012095,36.8311735541534,0,"available_crw"
"254026_0",120,"254026_0_crw_120",16,"254026_0_20240412T110000",2024-04-12 11:00:00,-122.573206716925,36.8802093403047,0,"available_crw"
"254026_0",120,"254026_0_crw_120",17,"254026_0_20240412T170000",2024-04-12 17:00:00,-122.537678955292,36.8528509380711,0,"available_crw"
"254026_0",120,"254026_0_crw_120",18,"254026_0_20240412T230000",2024-04-12 23:00:00,-122.516258767518,36.7800687704366,0,"available_crw"
"254026_0",120,"254026_0_crw_120",19,"254026_0_20240413T050000",2024-04-13 05:00:00,-122.502603577941,36.8285941638301,0,"available_crw"
"254026_0",120,"254026_0_crw_120",20,"254026_0_20240413T110000",2024-04-13 11:00:00,-122.463260674615,36.8048714813408,0,"available_crw"
"254026_0",120,"254026_0_crw_120",21,"254026_0_20240413T170000",2024-04-13 17:00:00,-122.491429666242,36.8491710439673,0,"available_crw"
"254026_0",120,"254026_0_crw_120",22,"254026_0_20240413T230000",2024-04-13 23:00:00,-122.678338438076,36.8094663968502,0,"available_crw"
"254026_0",120,"254026_0_crw_120",23,"254026_0_20240414T050000",2024-04-14 05:00:00,-122.688161085736,36.7934426957027,0,"available_crw"
"254026_0",120,"254026_0_crw_120",24,"254026_0_20240414T110000",2024-04-14 11:00:00,-122.84902731556,36.6073525629355,0,"available_crw"
"254026_0",120,"254026_0_crw_120",25,"254026_0_20240414T170000",2024-04-14 17:00:00,-122.934818620831,36.578916505742,0,"available_crw"
"254026_0",120,"254026_0_crw_120",26,"254026_0_20240414T230000",2024-04-14 23:00:00,-122.973842508419,36.5635270917638,0,"available_crw"
"254026_0",120,"254026_0_crw_120",27,"254026_0_20240415T050000",2024-04-15 05:00:00,-122.979587108757,36.5462728649446,0,"available_crw"
"254026_0",120,"254026_0_crw_120",28,"254026_0_20240415T110000",2024-04-15 11:00:00,-122.999738870263,36.5495408434054,0,"available_crw"
"254026_0",120,"254026_0_crw_120",29,"254026_0_20240415T170000",2024-04-15 17:00:00,-123.043191123085,36.555778296623,0,"available_crw"
"254026_0",120,"254026_0_crw_120",30,"254026_0_20240415T230000",2024-04-15 23:00:00,-123.116476696669,36.5324488463548,0,"available_crw"
"254026_0",121,"254026_0_crw_121",1,"254026_0_20240408T170000",2024-04-08 17:00:00,-122.0637,36.9493,0,"available_crw"
"254026_0",121,"254026_0_crw_121",2,"254026_0_20240408T230000",2024-04-08 23:00:00,-122.044034444237,36.9325675630446,0,"available_crw"
"254026_0",121,"254026_0_crw_121",3,"254026_0_20240409T050000",2024-04-09 05:00:00,-122.01291448412,36.9072062491869,0,"available_crw"
"254026_0",121,"254026_0_crw_121",4,"254026_0_20240409T110000",2024-04-09 11:00:00,-121.978726423009,36.8809224077299,0,"available_crw"
"254026_0",121,"254026_0_crw_121",5,"254026_0_20240409T170000",2024-04-09 17:00:00,-121.950844626118,36.8601745179822,0,"available_crw"
"254026_0",121,"254026_0_crw_121",6,"254026_0_20240409T230000",2024-04-09 23:00:00,-121.920973044265,36.8423336388778,0,"available_crw"
"254026_0",121,"254026_0_crw_121",7,"254026_0_20240410T050000",2024-04-10 05:00:00,-121.890117608316,36.824525996969,0,"available_crw"
"254026_0",121,"254026_0_crw_121",8,"254026_0_20240410T110000",2024-04-10 11:00:00,-121.853600015866,36.8043914278183,0,"available_crw"
"254026_0",121,"254026_0_crw_121",9,"254026_0_20240410T170000",2024-04-10 17:00:00,-121.884076068801,36.8476870430904,0,"available_crw"
"254026_0",121,"254026_0_crw_121",10,"254026_0_20240410T230000",2024-04-10 23:00:00,-121.87598063356,36.846518517201,0,"available_crw"
"254026_0",121,"254026_0_crw_121",11,"254026_0_20240411T050000",2024-04-11 05:00:00,-121.858635606552,36.85768884496,0,"available_crw"
"254026_0",121,"254026_0_crw_121",12,"254026_0_20240411T110000",2024-04-11 11:00:00,-121.857704133602,36.8755357786336,0,"available_crw"
"254026_0",121,"254026_0_crw_121",13,"254026_0_20240411T170000",2024-04-11 17:00:00,-121.851599016684,36.8711043778152,0,"available_crw"
"254026_0",121,"254026_0_crw_121",14,"254026_0_20240411T230000",2024-04-11 23:00:00,-121.815409804927,36.8469634510369,0,"available_crw"
"254026_0",121,"254026_0_crw_121",15,"254026_0_20240412T050000",2024-04-12 05:00:00,-121.791046175832,36.8610861588617,0,"available_crw"
"254026_0",121,"254026_0_crw_121",16,"254026_0_20240412T110000",2024-04-12 11:00:00,-121.801969958003,36.883575263104,0,"available_crw"
"254026_0",121,"254026_0_crw_121",17,"254026_0_20240412T170000",2024-04-12 17:00:00,-121.817748156461,36.8942462109348,0,"available_crw"
"254026_0",121,"254026_0_crw_121",18,"254026_0_20240412T230000",2024-04-12 23:00:00,-121.839724544659,36.8915098391937,0,"available_crw"
"254026_0",121,"254026_0_crw_121",19,"254026_0_20240413T050000",2024-04-13 05:00:00,-122.121967146174,36.8905129431981,0,"available_crw"
"254026_0",121,"254026_0_crw_121",20,"254026_0_20240413T110000",2024-04-13 11:00:00,-122.169260940823,36.8891534282407,0,"available_crw"
"254026_0",121,"254026_0_crw_121",21,"254026_0_20240413T170000",2024-04-13 17:00:00,-122.102506697972,36.9165693936306,0,"available_crw"
"254026_0",121,"254026_0_crw_121",22,"254026_0_20240413T230000",2024-04-13 23:00:00,-122.097108941336,36.9338990550457,0,"available_crw"
"254026_0",121,"254026_0_crw_121",23,"254026_0_20240414T050000",2024-04-14 05:00:00,-122.096201288816,36.9568910588206,0,"available_crw"
"254026_0",121,"254026_0_crw_121",24,"254026_0_20240414T110000",2024-04-14 11:00:00,-122.125077934893,36.9636618951629,0,"available_crw"
"254026_0",121,"254026_0_crw_121",25,"254026_0_20240414T170000",2024-04-14 17:00:00,-122.170811669574,36.972712089986,0,"available_crw"
"254026_0",121,"254026_0_crw_121",26,"254026_0_20240414T230000",2024-04-14 23:00:00,-122.2347487105,37.0271475270972,0,"available_crw"
"254026_0",121,"254026_0_crw_121",27,"254026_0_20240415T050000",2024-04-15 05:00:00,-122.311300849124,37.0436867794297,0,"available_crw"
"254026_0",121,"254026_0_crw_121",28,"254026_0_20240415T110000",2024-04-15 11:00:00,-122.387300609846,37.0255839520536,0,"available_crw"
"254026_0",121,"254026_0_crw_121",29,"254026_0_20240415T170000",2024-04-15 17:00:00,-122.38083413708,37.0647801619607,0,"available_crw"
"254026_0",121,"254026_0_crw_121",30,"254026_0_20240415T230000",2024-04-15 23:00:00,-122.413180391671,37.1228199005368,0,"available_crw"
"254026_0",122,"254026_0_crw_122",1,"254026_0_20240408T170000",2024-04-08 17:00:00,-122.0637,36.9493,0,"available_crw"
"254026_0",122,"254026_0_crw_122",2,"254026_0_20240408T230000",2024-04-08 23:00:00,-122.045880689006,36.9409363638888,0,"available_crw"
"254026_0",122,"254026_0_crw_122",3,"254026_0_20240409T050000",2024-04-09 05:00:00,-121.860541535689,36.8197308215349,0,"available_crw"
"254026_0",122,"254026_0_crw_122",4,"254026_0_20240409T110000",2024-04-09 11:00:00,-121.933171655169,36.8344394825067,0,"available_crw"
"254026_0",122,"254026_0_crw_122",5,"254026_0_20240409T170000",2024-04-09 17:00:00,-122.153427183632,36.9089080568875,0,"available_crw"
"254026_0",122,"254026_0_crw_122",6,"254026_0_20240409T230000",2024-04-09 23:00:00,-122.197566088406,36.9220411211025,0,"available_crw"
"254026_0",122,"254026_0_crw_122",7,"254026_0_20240410T050000",2024-04-10 05:00:00,-122.275193611648,36.9095990222764,0,"available_crw"
"254026_0",122,"254026_0_crw_122",8,"254026_0_20240410T110000",2024-04-10 11:00:00,-122.361832725084,36.9370696548376,0,"available_crw"
"254026_0",122,"254026_0_crw_122",9,"254026_0_20240410T170000",2024-04-10 17:00:00,-122.301353303054,36.8520227012547,0,"available_crw"
"254026_0",122,"254026_0_crw_122",10,"254026_0_20240410T230000",2024-04-10 23:00:00,-122.350314002639,36.8481443635528,0,"available_crw"
"254026_0",122,"254026_0_crw_122",11,"254026_0_20240411T050000",2024-04-11 05:00:00,-122.396878511466,36.8428385768351,0,"available_crw"
"254026_0",122,"254026_0_crw_122",12,"254026_0_20240411T110000",2024-04-11 11:00:00,-122.434396354873,36.8380332361836,0,"available_crw"
"254026_0",122,"254026_0_crw_122",13,"254026_0_20240411T170000",2024-04-11 17:00:00,-122.477972599131,36.8316453298292,0,"available_crw"
"254026_0",122,"254026_0_crw_122",14,"254026_0_20240411T230000",2024-04-11 23:00:00,-122.523828703668,36.8232879788456,0,"available_crw"
"254026_0",122,"254026_0_crw_122",15,"254026_0_20240412T050000",2024-04-12 05:00:00,-122.518281440695,36.9499449377986,0,"available_crw"
"254026_0",122,"254026_0_crw_122",16,"254026_0_20240412T110000",2024-04-12 11:00:00,-122.518018101355,36.9879582412708,0,"available_crw"
"254026_0",122,"254026_0_crw_122",17,"254026_0_20240412T170000",2024-04-12 17:00:00,-122.473818270985,37.2118932650574,0,"available_crw"
"254026_0",122,"254026_0_crw_122",18,"254026_0_20240412T230000",2024-04-12 23:00:00,-122.501507799118,37.2215087074795,0,"available_crw"
"254026_0",122,"254026_0_crw_122",19,"254026_0_20240413T050000",2024-04-13 05:00:00,-122.494482635806,37.2371105962331,0,"available_crw"
"254026_0",122,"254026_0_crw_122",20,"254026_0_20240413T110000",2024-04-13 11:00:00,-122.493387959231,37.2488756181615,0,"available_crw"
"254026_0",122,"254026_0_crw_122",21,"254026_0_20240413T170000",2024-04-13 17:00:00,-122.491057686659,37.2844296878592,0,"available_crw"
"254026_0",122,"254026_0_crw_122",22,"254026_0_20240413T230000",2024-04-13 23:00:00,-122.490571883102,37.3222238501766,0,"available_crw"
"254026_0",122,"254026_0_crw_122",23,"254026_0_20240414T050000",2024-04-14 05:00:00,-122.56818805139,37.2464241741413,0,"available_crw"
"254026_0",122,"254026_0_crw_122",24,"254026_0_20240414T110000",2024-04-14 11:00:00,-122.597166346399,37.2162903669658,0,"available_crw"
"254026_0",122,"254026_0_crw_122",25,"254026_0_20240414T170000",2024-04-14 17:00:00,-122.600396420457,37.199924001551,0,"available_crw"
"254026_0",122,"254026_0_crw_122",26,"254026_0_20240414T230000",2024-04-14 23:00:00,-122.605790245488,37.1623738982197,0,"available_crw"
"254026_0",122,"254026_0_crw_122",27,"254026_0_20240415T050000",2024-04-15 05:00:00,-122.648298430717,37.1825259734942,0,"available_crw"
"254026_0",122,"254026_0_crw_122",28,"254026_0_20240415T110000",2024-04-15 11:00:00,-122.687334080551,37.1984017266359,0,"available_crw"
"254026_0",122,"254026_0_crw_122",29,"254026_0_20240415T170000",2024-04-15 17:00:00,-122.734370481465,37.2630442736568,0,"available_crw"
"254026_0",122,"254026_0_crw_122",30,"254026_0_20240415T230000",2024-04-15 23:00:00,-122.744945830075,37.2712752660524,0,"available_crw"
"254026_0",123,"254026_0_crw_123",1,"254026_0_20240408T170000",2024-04-08 17:00:00,-122.0637,36.9493,0,"available_crw"
"254026_0",123,"254026_0_crw_123",2,"254026_0_20240408T230000",2024-04-08 23:00:00,-122.04178220676,36.9461983322027,0,"available_crw"
"254026_0",123,"254026_0_crw_123",3,"254026_0_20240409T050000",2024-04-09 05:00:00,-122.044064028549,36.9297177002372,0,"available_crw"
"254026_0",123,"254026_0_crw_123",4,"254026_0_20240409T110000",2024-04-09 11:00:00,-122.049780757606,36.9344754658756,0,"available_crw"
"254026_0",123,"254026_0_crw_123",5,"254026_0_20240409T170000",2024-04-09 17:00:00,-122.08127479194,36.9595465900064,0,"available_crw"
"254026_0",123,"254026_0_crw_123",6,"254026_0_20240409T230000",2024-04-09 23:00:00,-122.101695202693,36.9753822882724,0,"available_crw"
"254026_0",123,"254026_0_crw_123",7,"254026_0_20240410T050000",2024-04-10 05:00:00,-122.137893728153,36.9825908934343,0,"available_crw"
"254026_0",123,"254026_0_crw_123",8,"254026_0_20240410T110000",2024-04-10 11:00:00,-122.399123669268,37.0693585564214,0,"available_crw"
"254026_0",123,"254026_0_crw_123",9,"254026_0_20240410T170000",2024-04-10 17:00:00,-122.417643594264,37.119269956345,0,"available_crw"
"254026_0",123,"254026_0_crw_123",10,"254026_0_20240410T230000",2024-04-10 23:00:00,-122.427883494554,37.0702014417252,0,"available_crw"
"254026_0",123,"254026_0_crw_123",11,"254026_0_20240411T050000",2024-04-11 05:00:00,-122.448471350736,37.071882340989,0,"available_crw"
"254026_0",123,"254026_0_crw_123",12,"254026_0_20240411T110000",2024-04-11 11:00:00,-122.442586266352,37.0765153287737,0,"available_crw"
"254026_0",123,"254026_0_crw_123",13,"254026_0_20240411T170000",2024-04-11 17:00:00,-122.409732346517,37.1039425464277,0,"available_crw"
"254026_0",123,"254026_0_crw_123",14,"254026_0_20240411T230000",2024-04-11 23:00:00,-122.411702799248,37.1217362601903,0,"available_crw"
"254026_0",123,"254026_0_crw_123",15,"254026_0_20240412T050000",2024-04-12 05:00:00,-122.420246079783,37.143699644295,0,"available_crw"
"254026_0",123,"254026_0_crw_123",16,"254026_0_20240412T110000",2024-04-12 11:00:00,-122.440664463934,37.1509071990575,0,"available_crw"
"254026_0",123,"254026_0_crw_123",17,"254026_0_20240412T170000",2024-04-12 17:00:00,-122.475827677062,37.1627494022228,0,"available_crw"
"254026_0",123,"254026_0_crw_123",18,"254026_0_20240412T230000",2024-04-12 23:00:00,-122.502214858503,37.1713131850501,0,"available_crw"
"254026_0",123,"254026_0_crw_123",19,"254026_0_20240413T050000",2024-04-13 05:00:00,-122.580538146578,37.1607771137865,0,"available_crw"
"254026_0",123,"254026_0_crw_123",20,"254026_0_20240413T110000",2024-04-13 11:00:00,-122.592210390939,37.1455513583407,0,"available_crw"
"254026_0",123,"254026_0_crw_123",21,"254026_0_20240413T170000",2024-04-13 17:00:00,-122.611603944392,37.1192591877454,0,"available_crw"
"254026_0",123,"254026_0_crw_123",22,"254026_0_20240413T230000",2024-04-13 23:00:00,-122.61439344809,37.1254811190915,0,"available_crw"
"254026_0",123,"254026_0_crw_123",23,"254026_0_20240414T050000",2024-04-14 05:00:00,-122.62961164039,37.14499384216,0,"available_crw"
"254026_0",123,"254026_0_crw_123",24,"254026_0_20240414T110000",2024-04-14 11:00:00,-122.742098712373,37.3531118559676,0,"available_crw"
"254026_0",123,"254026_0_crw_123",25,"254026_0_20240414T170000",2024-04-14 17:00:00,-122.831607361492,37.5859745127435,0,"available_crw"
"254026_0",123,"254026_0_crw_123",26,"254026_0_20240414T230000",2024-04-14 23:00:00,-123.026178343862,37.5730194910894,0,"available_crw"
"254026_0",123,"254026_0_crw_123",27,"254026_0_20240415T050000",2024-04-15 05:00:00,-122.924104062497,37.5183763906775,0,"available_crw"
"254026_0",123,"254026_0_crw_123",28,"254026_0_20240415T110000",2024-04-15 11:00:00,-122.883670763408,37.4986022268738,0,"available_crw"
"254026_0",123,"254026_0_crw_123",29,"254026_0_20240415T170000",2024-04-15 17:00:00,-122.844815381873,37.4822108596943,0,"available_crw"
"254026_0",123,"254026_0_crw_123",30,"254026_0_20240415T230000",2024-04-15 23:00:00,-122.830355161399,37.4796847611488,0,"available_crw"
"254026_0",124,"254026_0_crw_124",1,"254026_0_20240408T170000",2024-04-08 17:00:00,-122.0637,36.9493,0,"available_crw"
"254026_0",124,"254026_0_crw_124",2,"254026_0_20240408T230000",2024-04-08 23:00:00,-122.039962132268,36.9192265417833,0,"available_crw"
"254026_0",124,"254026_0_crw_124",3,"254026_0_20240409T050000",2024-04-09 05:00:00,-122.013464328164,36.8877299199026,0,"available_crw"
"254026_0",124,"254026_0_crw_124",4,"254026_0_20240409T110000",2024-04-09 11:00:00,-121.991670513568,36.8627149886278,0,"available_crw"
"254026_0",124,"254026_0_crw_124",5,"254026_0_20240409T170000",2024-04-09 17:00:00,-122.009567401207,36.8126730648343,0,"available_crw"
"254026_0",124,"254026_0_crw_124",6,"254026_0_20240409T230000",2024-04-09 23:00:00,-122.020854855553,36.7782466559711,0,"available_crw"
"254026_0",124,"254026_0_crw_124",7,"254026_0_20240410T050000",2024-04-10 05:00:00,-122.059133794267,36.8030522002282,0,"available_crw"
"254026_0",124,"254026_0_crw_124",8,"254026_0_20240410T110000",2024-04-10 11:00:00,-122.01533662962,36.8210249124908,0,"available_crw"
"254026_0",124,"254026_0_crw_124",9,"254026_0_20240410T170000",2024-04-10 17:00:00,-122.061350135273,36.7735239637941,0,"available_crw"
"254026_0",124,"254026_0_crw_124",10,"254026_0_20240410T230000",2024-04-10 23:00:00,-122.1491130579,36.7488876503255,0,"available_crw"
"254026_0",124,"254026_0_crw_124",11,"254026_0_20240411T050000",2024-04-11 05:00:00,-122.425885414656,36.7068264373836,0,"available_crw"
"254026_0",124,"254026_0_crw_124",12,"254026_0_20240411T110000",2024-04-11 11:00:00,-122.431138745395,36.5514713480074,0,"available_crw"
"254026_0",124,"254026_0_crw_124",13,"254026_0_20240411T170000",2024-04-11 17:00:00,-122.431371235311,36.5158648727102,0,"available_crw"
"254026_0",124,"254026_0_crw_124",14,"254026_0_20240411T230000",2024-04-11 23:00:00,-122.466447060525,36.2739370242334,0,"available_crw"
"254026_0",124,"254026_0_crw_124",15,"254026_0_20240412T050000",2024-04-12 05:00:00,-122.486901165864,36.2748064288992,0,"available_crw"
"254026_0",124,"254026_0_crw_124",16,"254026_0_20240412T110000",2024-04-12 11:00:00,-122.502254269071,36.2619756243903,0,"available_crw"
"254026_0",124,"254026_0_crw_124",17,"254026_0_20240412T170000",2024-04-12 17:00:00,-122.520400202895,36.2986879898837,0,"available_crw"
"254026_0",124,"254026_0_crw_124",18,"254026_0_20240412T230000",2024-04-12 23:00:00,-122.531197348964,36.3197371632672,0,"available_crw"
"254026_0",124,"254026_0_crw_124",19,"254026_0_20240413T050000",2024-04-13 05:00:00,-122.61519321369,36.5536760883046,0,"available_crw"
"254026_0",124,"254026_0_crw_124",20,"254026_0_20240413T110000",2024-04-13 11:00:00,-122.645106987508,36.552946767987,0,"available_crw"
"254026_0",124,"254026_0_crw_124",21,"254026_0_20240413T170000",2024-04-13 17:00:00,-122.651705264207,36.5293956863803,0,"available_crw"
"254026_0",124,"254026_0_crw_124",22,"254026_0_20240413T230000",2024-04-13 23:00:00,-122.660482521635,36.4944999031858,0,"available_crw"
"254026_0",124,"254026_0_crw_124",23,"254026_0_20240414T050000",2024-04-14 05:00:00,-122.659444178285,36.4827305435141,0,"available_crw"
"254026_0",124,"254026_0_crw_124",24,"254026_0_20240414T110000",2024-04-14 11:00:00,-122.652836977042,36.4532956909367,0,"available_crw"
"254026_0",124,"254026_0_crw_124",25,"254026_0_20240414T170000",2024-04-14 17:00:00,-122.642337365984,36.4246090270715,0,"available_crw"
"254026_0",124,"254026_0_crw_124",26,"254026_0_20240414T230000",2024-04-14 23:00:00,-122.622243573447,36.4171612093771,0,"available_crw"
"254026_0",124,"254026_0_crw_124",27,"254026_0_20240415T050000",2024-04-15 05:00:00,-122.585379161708,36.4199835187387,0,"available_crw"
"254026_0",124,"254026_0_crw_124",28,"254026_0_20240415T110000",2024-04-15 11:00:00,-122.549118763642,36.4259951895564,0,"available_crw"
"254026_0",124,"254026_0_crw_124",29,"254026_0_20240415T170000",2024-04-15 17:00:00,-122.608898586598,36.3900542446726,0,"available_crw"
"254026_0",124,"254026_0_crw_124",30,"254026_0_20240415T230000",2024-04-15 23:00:00,-122.856165123821,36.2833171616432,0,"available_crw"
"254026_0",125,"254026_0_crw_125",1,"254026_0_20240408T170000",2024-04-08 17:00:00,-122.0637,36.9493,0,"available_crw"
"254026_0",125,"254026_0_crw_125",2,"254026_0_20240408T230000",2024-04-08 23:00:00,-122.039962132268,36.9192265417833,0,"available_crw"
"254026_0",125,"254026_0_crw_125",3,"254026_0_20240409T050000",2024-04-09 05:00:00,-122.103162068085,36.9516555935182,0,"available_crw"
"254026_0",125,"254026_0_crw_125",4,"254026_0_20240409T110000",2024-04-09 11:00:00,-122.141386237931,36.9685776847657,0,"available_crw"
"254026_0",125,"254026_0_crw_125",5,"254026_0_20240409T170000",2024-04-09 17:00:00,-122.10577778555,36.9278579303957,0,"available_crw"
"254026_0",125,"254026_0_crw_125",6,"254026_0_20240409T230000",2024-04-09 23:00:00,-122.078488804873,36.9005241325082,0,"available_crw"
"254026_0",125,"254026_0_crw_125",7,"254026_0_20240410T050000",2024-04-10 05:00:00,-122.086718633006,36.9006372598144,0,"available_crw"
"254026_0",125,"254026_0_crw_125",8,"254026_0_20240410T110000",2024-04-10 11:00:00,-122.100935143539,36.8976682426823,0,"available_crw"
"254026_0",125,"254026_0_crw_125",9,"254026_0_20240410T170000",2024-04-10 17:00:00,-122.400959411536,36.8626123123395,0,"available_crw"
"254026_0",125,"254026_0_crw_125",10,"254026_0_20240410T230000",2024-04-10 23:00:00,-122.438456968404,36.8576584068164,0,"available_crw"
"254026_0",125,"254026_0_crw_125",11,"254026_0_20240411T050000",2024-04-11 05:00:00,-122.44114418938,36.8336114553089,0,"available_crw"
"254026_0",125,"254026_0_crw_125",12,"254026_0_20240411T110000",2024-04-11 11:00:00,-122.443974158241,36.7956650304102,0,"available_crw"
"254026_0",125,"254026_0_crw_125",13,"254026_0_20240411T170000",2024-04-11 17:00:00,-122.444809626356,36.7578716853216,0,"available_crw"
"254026_0",125,"254026_0_crw_125",14,"254026_0_20240411T230000",2024-04-11 23:00:00,-122.475298074696,36.8128697202686,0,"available_crw"
"254026_0",125,"254026_0_crw_125",15,"254026_0_20240412T050000",2024-04-12 05:00:00,-122.540577453387,36.8487412124239,0,"available_crw"
"254026_0",125,"254026_0_crw_125",16,"254026_0_20240412T110000",2024-04-12 11:00:00,-122.505112335162,36.7550397220653,0,"available_crw"
"254026_0",125,"254026_0_crw_125",17,"254026_0_20240412T170000",2024-04-12 17:00:00,-122.490519534449,36.727528788077,0,"available_crw"
"254026_0",125,"254026_0_crw_125",18,"254026_0_20240412T230000",2024-04-12 23:00:00,-122.474368916744,36.7172558054394,0,"available_crw"
"254026_0",125,"254026_0_crw_125",19,"254026_0_20240413T050000",2024-04-13 05:00:00,-122.530043828145,36.6870284432,0,"available_crw"
"254026_0",125,"254026_0_crw_125",20,"254026_0_20240413T110000",2024-04-13 11:00:00,-122.53849317605,36.7259791075832,0,"available_crw"
"254026_0",125,"254026_0_crw_125",21,"254026_0_20240413T170000",2024-04-13 17:00:00,-122.555667092954,36.6781862785803,0,"available_crw"
"254026_0",125,"254026_0_crw_125",22,"254026_0_20240413T230000",2024-04-13 23:00:00,-122.593155008048,36.7037201633647,0,"available_crw"
"254026_0",125,"254026_0_crw_125",23,"254026_0_20240414T050000",2024-04-14 05:00:00,-122.630259483691,36.7268827405519,0,"available_crw"
"254026_0",125,"254026_0_crw_125",24,"254026_0_20240414T110000",2024-04-14 11:00:00,-122.643828351771,36.7313454584161,0,"available_crw"
"254026_0",125,"254026_0_crw_125",25,"254026_0_20240414T170000",2024-04-14 17:00:00,-122.753169413147,36.6033022591178,0,"available_crw"
"254026_0",125,"254026_0_crw_125",26,"254026_0_20240414T230000",2024-04-14 23:00:00,-122.916091690639,36.4633583398385,0,"available_crw"
"254026_0",125,"254026_0_crw_125",27,"254026_0_20240415T050000",2024-04-15 05:00:00,-123.102972756035,36.3448199742532,0,"available_crw"
"254026_0",125,"254026_0_crw_125",28,"254026_0_20240415T110000",2024-04-15 11:00:00,-123.13013813124,36.2851708310554,0,"available_crw"
"254026_0",125,"254026_0_crw_125",29,"254026_0_20240415T170000",2024-04-15 17:00:00,-123.182840449482,36.3184005849947,0,"available_crw"
"254026_0",125,"254026_0_crw_125",30,"254026_0_20240415T230000",2024-04-15 23:00:00,-123.204511668678,36.3149909138303,0,"available_crw"
"254026_0",126,"254026_0_crw_126",1,"254026_0_20240408T170000",2024-04-08 17:00:00,-122.0637,36.9493,0,"available_crw"
"254026_0",126,"254026_0_crw_126",2,"254026_0_20240408T230000",2024-04-08 23:00:00,-122.04178220676,36.9461983322027,0,"available_crw"
"254026_0",126,"254026_0_crw_126",3,"254026_0_20240409T050000",2024-04-09 05:00:00,-121.994924619424,36.9406972721474,0,"available_crw"
"254026_0",126,"254026_0_crw_126",4,"254026_0_20240409T110000",2024-04-09 11:00:00,-121.975557172598,36.9464282144066,0,"available_crw"
"254026_0",126,"254026_0_crw_126",5,"254026_0_20240409T170000",2024-04-09 17:00:00,-121.960637344343,36.8202712209222,0,"available_crw"
"254026_0",126,"254026_0_crw_126",6,"254026_0_20240409T230000",2024-04-09 23:00:00,-121.951964159277,36.7983504248368,0,"available_crw"
"254026_0",126,"254026_0_crw_126",7,"254026_0_20240410T050000",2024-04-10 05:00:00,-121.939855041106,36.76941169972,0,"available_crw"
"254026_0",126,"254026_0_crw_126",8,"254026_0_20240410T110000",2024-04-10 11:00:00,-121.931624569633,36.7596480074827,0,"available_crw"
"254026_0",126,"254026_0_crw_126",9,"254026_0_20240410T170000",2024-04-10 17:00:00,-121.906001778836,36.7306247299736,0,"available_crw"
"254026_0",126,"254026_0_crw_126",10,"254026_0_20240410T230000",2024-04-10 23:00:00,-121.877234957003,36.7007552107731,0,"available_crw"
"254026_0",126,"254026_0_crw_126",11,"254026_0_20240411T050000",2024-04-11 05:00:00,-121.869320245377,36.6262412815258,0,"available_crw"
"254026_0",126,"254026_0_crw_126",12,"254026_0_20240411T110000",2024-04-11 11:00:00,-121.847023165949,36.672632037259,0,"available_crw"
"254026_0",126,"254026_0_crw_126",13,"254026_0_20240411T170000",2024-04-11 17:00:00,-121.843028790758,36.6668575587377,0,"available_crw"
"254026_0",126,"254026_0_crw_126",14,"254026_0_20240411T230000",2024-04-11 23:00:00,-121.908802046436,36.6561358493368,0,"available_crw"
"254026_0",126,"254026_0_crw_126",15,"254026_0_20240412T050000",2024-04-12 05:00:00,-122.146806512215,36.6468939766467,0,"available_crw"
"254026_0",126,"254026_0_crw_126",16,"254026_0_20240412T110000",2024-04-12 11:00:00,-122.160700320446,36.6431730029375,0,"available_crw"
"254026_0",126,"254026_0_crw_126",17,"254026_0_20240412T170000",2024-04-12 17:00:00,-122.204541337965,36.6297424822244,0,"available_crw"
"254026_0",126,"254026_0_crw_126",18,"254026_0_20240412T230000",2024-04-12 23:00:00,-122.212221045111,36.612984800894,0,"available_crw"
"254026_0",126,"254026_0_crw_126",19,"254026_0_20240413T050000",2024-04-13 05:00:00,-122.221675681695,36.591508496968,0,"available_crw"
"254026_0",126,"254026_0_crw_126",20,"254026_0_20240413T110000",2024-04-13 11:00:00,-122.21489891673,36.5620863389216,0,"available_crw"
"254026_0",126,"254026_0_crw_126",21,"254026_0_20240413T170000",2024-04-13 17:00:00,-122.201946761222,36.5492264356605,0,"available_crw"
"254026_0",126,"254026_0_crw_126",22,"254026_0_20240413T230000",2024-04-13 23:00:00,-122.029798544164,36.6190606233789,0,"available_crw"
"254026_0",126,"254026_0_crw_126",23,"254026_0_20240414T050000",2024-04-14 05:00:00,-121.970977976587,36.5975552952434,0,"available_crw"
"254026_0",126,"254026_0_crw_126",24,"254026_0_20240414T110000",2024-04-14 11:00:00,-121.92090796783,36.5346107116798,0,"available_crw"
"254026_0",126,"254026_0_crw_126",25,"254026_0_20240414T170000",2024-04-14 17:00:00,-121.929038458197,36.535418409762,0,"available_crw"
"254026_0",126,"254026_0_crw_126",26,"254026_0_20240414T230000",2024-04-14 23:00:00,-121.945517214577,36.5234914456842,0,"available_crw"
"254026_0",126,"254026_0_crw_126",27,"254026_0_20240415T050000",2024-04-15 05:00:00,-121.975897078333,36.4984719413325,0,"available_crw"
"254026_0",126,"254026_0_crw_126",28,"254026_0_20240415T110000",2024-04-15 11:00:00,-121.98149764192,36.4825314049145,0,"available_crw"
"254026_0",126,"254026_0_crw_126",29,"254026_0_20240415T170000",2024-04-15 17:00:00,-122.080272758769,36.3079196387078,0,"available_crw"
"254026_0",126,"254026_0_crw_126",30,"254026_0_20240415T230000",2024-04-15 23:00:00,-122.201493934088,36.3882123849585,0,"available_crw"
"254026_0",127,"254026_0_crw_127",1,"254026_0_20240408T170000",2024-04-08 17:00:00,-122.0637,36.9493,0,"available_crw"
"254026_0",127,"254026_0_crw_127",2,"254026_0_20240408T230000",2024-04-08 23:00:00,-122.037704116488,36.9177874740022,0,"available_crw"
"254026_0",127,"254026_0_crw_127",3,"254026_0_20240409T050000",2024-04-09 05:00:00,-121.899858931457,36.7009220485869,0,"available_crw"
"254026_0",127,"254026_0_crw_127",4,"254026_0_20240409T110000",2024-04-09 11:00:00,-121.832503210676,36.6678031635492,0,"available_crw"
"254026_0",127,"254026_0_crw_127",5,"254026_0_20240409T170000",2024-04-09 17:00:00,-121.818417857495,36.6645755051085,0,"available_crw"
"254026_0",127,"254026_0_crw_127",6,"254026_0_20240409T230000",2024-04-09 23:00:00,-121.799822828678,36.6743067580469,0,"available_crw"
"254026_0",127,"254026_0_crw_127",7,"254026_0_20240410T050000",2024-04-10 05:00:00,-121.796697620607,36.691991434123,0,"available_crw"
"254026_0",127,"254026_0_crw_127",8,"254026_0_20240410T110000",2024-04-10 11:00:00,-121.831359900944,36.6508188509002,0,"available_crw"
"254026_0",127,"254026_0_crw_127",9,"254026_0_20240410T170000",2024-04-10 17:00:00,-121.856650778488,36.6187339310333,0,"available_crw"
"254026_0",127,"254026_0_crw_127",10,"254026_0_20240410T230000",2024-04-10 23:00:00,-121.899670284042,36.6602194786435,0,"available_crw"
"254026_0",127,"254026_0_crw_127",11,"254026_0_20240411T050000",2024-04-11 05:00:00,-121.884753349646,36.6716457979357,0,"available_crw"
"254026_0",127,"254026_0_crw_127",12,"254026_0_20240411T110000",2024-04-11 11:00:00,-121.82067126838,36.6648541764101,0,"available_crw"
"254026_0",127,"254026_0_crw_127",13,"254026_0_20240411T170000",2024-04-11 17:00:00,-121.849249671647,36.6159408602178,0,"available_crw"
"254026_0",127,"254026_0_crw_127",14,"254026_0_20240411T230000",2024-04-11 23:00:00,-121.881240079876,36.645913434286,0,"available_crw"
"254026_0",127,"254026_0_crw_127",15,"254026_0_20240412T050000",2024-04-12 05:00:00,-121.900474409474,36.6517711806632,0,"available_crw"
"254026_0",127,"254026_0_crw_127",16,"254026_0_20240412T110000",2024-04-12 11:00:00,-121.945020720138,36.663622655997,0,"available_crw"
"254026_0",127,"254026_0_crw_127",17,"254026_0_20240412T170000",2024-04-12 17:00:00,-121.981375380394,36.6574952981997,0,"available_crw"
"254026_0",127,"254026_0_crw_127",18,"254026_0_20240412T230000",2024-04-12 23:00:00,-121.986873185951,36.6734755332865,0,"available_crw"
"254026_0",127,"254026_0_crw_127",19,"254026_0_20240413T050000",2024-04-13 05:00:00,-122.000827360152,36.709789168668,0,"available_crw"
"254026_0",127,"254026_0_crw_127",20,"254026_0_20240413T110000",2024-04-13 11:00:00,-122.045405524419,36.6186702221203,0,"available_crw"
"254026_0",127,"254026_0_crw_127",21,"254026_0_20240413T170000",2024-04-13 17:00:00,-122.055427808327,36.5973623938662,0,"available_crw"
"254026_0",127,"254026_0_crw_127",22,"254026_0_20240413T230000",2024-04-13 23:00:00,-122.044983546218,36.5816083283582,0,"available_crw"
"254026_0",127,"254026_0_crw_127",23,"254026_0_20240414T050000",2024-04-14 05:00:00,-121.966256702718,36.4004351123951,0,"available_crw"
"254026_0",127,"254026_0_crw_127",24,"254026_0_20240414T110000",2024-04-14 11:00:00,-121.950323277959,36.3734393049466,0,"available_crw"
"254026_0",127,"254026_0_crw_127",25,"254026_0_20240414T170000",2024-04-14 17:00:00,-121.930504713721,36.3416468702738,0,"available_crw"
"254026_0",127,"254026_0_crw_127",26,"254026_0_20240414T230000",2024-04-14 23:00:00,-121.907746257578,36.3086375947689,0,"available_crw"
"254026_0",127,"254026_0_crw_127",27,"254026_0_20240415T050000",2024-04-15 05:00:00,-122.059387729718,36.277128256881,0,"available_crw"
"254026_0",127,"254026_0_crw_127",28,"254026_0_20240415T110000",2024-04-15 11:00:00,-122.051188504336,36.3161076193232,0,"available_crw"
"254026_0",127,"254026_0_crw_127",29,"254026_0_20240415T170000",2024-04-15 17:00:00,-121.988643672837,36.371186536863,0,"available_crw"
"254026_0",127,"254026_0_crw_127",30,"254026_0_20240415T230000",2024-04-15 23:00:00,-121.961418192484,36.3984419155654,0,"available_crw"
"254026_0",128,"254026_0_crw_128",1,"254026_0_20240408T170000",2024-04-08 17:00:00,-122.0637,36.9493,0,"available_crw"
"254026_0",128,"254026_0_crw_128",2,"254026_0_20240408T230000",2024-04-08 23:00:00,-122.038809429567,36.9205246392105,0,"available_crw"
"254026_0",128,"254026_0_crw_128",3,"254026_0_20240409T050000",2024-04-09 05:00:00,-122.087195069188,36.9131967438647,0,"available_crw"
"254026_0",128,"254026_0_crw_128",4,"254026_0_20240409T110000",2024-04-09 11:00:00,-122.129453574806,36.9044956282172,0,"available_crw"
"254026_0",128,"254026_0_crw_128",5,"254026_0_20240409T170000",2024-04-09 17:00:00,-122.172137853857,36.8948831205772,0,"available_crw"
"254026_0",128,"254026_0_crw_128",6,"254026_0_20240409T230000",2024-04-09 23:00:00,-122.164921646844,36.9339933302723,0,"available_crw"
"254026_0",128,"254026_0_crw_128",7,"254026_0_20240410T050000",2024-04-10 05:00:00,-122.01995211936,36.8839211612646,0,"available_crw"
"254026_0",128,"254026_0_crw_128",8,"254026_0_20240410T110000",2024-04-10 11:00:00,-121.941642642819,36.8930348743778,0,"available_crw"
"254026_0",128,"254026_0_crw_128",9,"254026_0_20240410T170000",2024-04-10 17:00:00,-121.898959917642,36.9002466168435,0,"available_crw"
"254026_0",128,"254026_0_crw_128",10,"254026_0_20240410T230000",2024-04-10 23:00:00,-121.90938605448,36.861608629941,0,"available_crw"
"254026_0",128,"254026_0_crw_128",11,"254026_0_20240411T050000",2024-04-11 05:00:00,-121.897983155055,36.8331241121841,0,"available_crw"
"254026_0",128,"254026_0_crw_128",12,"254026_0_20240411T110000",2024-04-11 11:00:00,-121.860455182619,36.6435261381356,0,"available_crw"
"254026_0",128,"254026_0_crw_128",13,"254026_0_20240411T170000",2024-04-11 17:00:00,-121.830632186647,36.6412340604493,0,"available_crw"
"254026_0",128,"254026_0_crw_128",14,"254026_0_20240411T230000",2024-04-11 23:00:00,-121.8145348189,36.6535155688989,0,"available_crw"
"254026_0",128,"254026_0_crw_128",15,"254026_0_20240412T050000",2024-04-12 05:00:00,-121.873447685847,36.6386429735967,0,"available_crw"
"254026_0",128,"254026_0_crw_128",16,"254026_0_20240412T110000",2024-04-12 11:00:00,-121.880848416647,36.6541158355284,0,"available_crw"
"254026_0",128,"254026_0_crw_128",17,"254026_0_20240412T170000",2024-04-12 17:00:00,-121.896523962493,36.6648407086616,0,"available_crw"
"254026_0",128,"254026_0_crw_128",18,"254026_0_20240412T230000",2024-04-12 23:00:00,-121.839565426948,36.6934433002485,0,"available_crw"
"254026_0",128,"254026_0_crw_128",19,"254026_0_20240413T050000",2024-04-13 05:00:00,-121.829662441681,36.7021371325204,0,"available_crw"
"254026_0",128,"254026_0_crw_128",20,"254026_0_20240413T110000",2024-04-13 11:00:00,-121.845989957865,36.7223860998577,0,"available_crw"
"254026_0",128,"254026_0_crw_128",21,"254026_0_20240413T170000",2024-04-13 17:00:00,-121.879133152006,36.7359374842113,0,"available_crw"
"254026_0",128,"254026_0_crw_128",22,"254026_0_20240413T230000",2024-04-13 23:00:00,-121.913896907766,36.7465123106364,0,"available_crw"
"254026_0",128,"254026_0_crw_128",23,"254026_0_20240414T050000",2024-04-14 05:00:00,-121.928497695683,36.7475693148427,0,"available_crw"
"254026_0",128,"254026_0_crw_128",24,"254026_0_20240414T110000",2024-04-14 11:00:00,-121.999187150591,36.7192390886094,0,"available_crw"
"254026_0",128,"254026_0_crw_128",25,"254026_0_20240414T170000",2024-04-14 17:00:00,-122.001235329363,36.7587417929092,0,"available_crw"
"254026_0",128,"254026_0_crw_128",26,"254026_0_20240414T230000",2024-04-14 23:00:00,-122.01183293186,36.7729485090781,0,"available_crw"
"254026_0",128,"254026_0_crw_128",27,"254026_0_20240415T050000",2024-04-15 05:00:00,-122.029590233963,36.7813437905682,0,"available_crw"
"254026_0",128,"254026_0_crw_128",28,"254026_0_20240415T110000",2024-04-15 11:00:00,-121.917595615108,36.8705255856834,0,"available_crw"
"254026_0",128,"254026_0_crw_128",29,"254026_0_20240415T170000",2024-04-15 17:00:00,-121.897684409364,36.8867542622697,0,"available_crw"
"254026_0",128,"254026_0_crw_128",30,"254026_0_20240415T230000",2024-04-15 23:00:00,-121.866078994239,36.9147572490179,0,"available_crw"
"254026_0",129,"254026_0_crw_129",1,"254026_0_20240408T170000",2024-04-08 17:00:00,-122.0637,36.9493,0,"available_crw"
"254026_0",129,"254026_0_crw_129",2,"254026_0_20240408T230000",2024-04-08 23:00:00,-122.08066858826,36.9398414033531,0,"available_crw"
"254026_0",129,"254026_0_crw_129",3,"254026_0_20240409T050000",2024-04-09 05:00:00,-122.112385109145,36.881606987371,0,"available_crw"
"254026_0",129,"254026_0_crw_129",4,"254026_0_20240409T110000",2024-04-09 11:00:00,-122.236122555792,36.9602824962551,0,"available_crw"
"254026_0",129,"254026_0_crw_129",5,"254026_0_20240409T170000",2024-04-09 17:00:00,-122.399255298739,37.1008372385863,0,"available_crw"
"254026_0",129,"254026_0_crw_129",6,"254026_0_20240409T230000",2024-04-09 23:00:00,-122.431075220246,37.1248772055441,0,"available_crw"
"254026_0",129,"254026_0_crw_129",7,"254026_0_20240410T050000",2024-04-10 05:00:00,-122.466574231419,37.1501204565798,0,"available_crw"
"254026_0",129,"254026_0_crw_129",8,"254026_0_20240410T110000",2024-04-10 11:00:00,-122.479816216094,37.1553009451514,0,"available_crw"
"254026_0",129,"254026_0_crw_129",9,"254026_0_20240410T170000",2024-04-10 17:00:00,-122.404600310307,37.1542241930943,0,"available_crw"
"254026_0",129,"254026_0_crw_129",10,"254026_0_20240410T230000",2024-04-10 23:00:00,-122.409989927984,37.1492153844204,0,"available_crw"
"254026_0",129,"254026_0_crw_129",11,"254026_0_20240411T050000",2024-04-11 05:00:00,-122.475008220712,37.1508006533286,0,"available_crw"
"254026_0",129,"254026_0_crw_129",12,"254026_0_20240411T110000",2024-04-11 11:00:00,-122.45252083228,37.2017832629092,0,"available_crw"
"254026_0",129,"254026_0_crw_129",13,"254026_0_20240411T170000",2024-04-11 17:00:00,-122.477567672886,37.2152557481524,0,"available_crw"
"254026_0",129,"254026_0_crw_129",14,"254026_0_20240411T230000",2024-04-11 23:00:00,-122.71027639726,37.3725814031567,0,"available_crw"
"254026_0",129,"254026_0_crw_129",15,"254026_0_20240412T050000",2024-04-12 05:00:00,-122.697913862594,37.3859096311365,0,"available_crw"
"254026_0",129,"254026_0_crw_129",16,"254026_0_20240412T110000",2024-04-12 11:00:00,-122.753230978021,37.3629759418714,0,"available_crw"
"254026_0",129,"254026_0_crw_129",17,"254026_0_20240412T170000",2024-04-12 17:00:00,-122.702513882719,37.2129530072735,0,"available_crw"
"254026_0",129,"254026_0_crw_129",18,"254026_0_20240412T230000",2024-04-12 23:00:00,-122.508421501112,37.2202844434175,0,"available_crw"
"254026_0",129,"254026_0_crw_129",19,"254026_0_20240413T050000",2024-04-13 05:00:00,-122.465200672475,37.1813503328011,0,"available_crw"
"254026_0",129,"254026_0_crw_129",20,"254026_0_20240413T110000",2024-04-13 11:00:00,-122.434950350678,37.1552440689002,0,"available_crw"
"254026_0",129,"254026_0_crw_129",21,"254026_0_20240413T170000",2024-04-13 17:00:00,-122.45290301375,37.2028738155924,0,"available_crw"
"254026_0",129,"254026_0_crw_129",22,"254026_0_20240413T230000",2024-04-13 23:00:00,-122.461479131635,37.2246044873056,0,"available_crw"
"254026_0",129,"254026_0_crw_129",23,"254026_0_20240414T050000",2024-04-14 05:00:00,-122.49162637093,37.2233205190494,0,"available_crw"
"254026_0",129,"254026_0_crw_129",24,"254026_0_20240414T110000",2024-04-14 11:00:00,-122.556986609668,37.1871715879511,0,"available_crw"
"254026_0",129,"254026_0_crw_129",25,"254026_0_20240414T170000",2024-04-14 17:00:00,-122.610937504543,37.3063347028452,0,"available_crw"
"254026_0",129,"254026_0_crw_129",26,"254026_0_20240414T230000",2024-04-14 23:00:00,-122.543303690421,37.3083955454461,0,"available_crw"
"254026_0",129,"254026_0_crw_129",27,"254026_0_20240415T050000",2024-04-15 05:00:00,-122.496134918309,37.3114011852908,0,"available_crw"
"254026_0",129,"254026_0_crw_129",28,"254026_0_20240415T110000",2024-04-15 11:00:00,-122.459343090896,37.3169745783268,0,"available_crw"
"254026_0",129,"254026_0_crw_129",29,"254026_0_20240415T170000",2024-04-15 17:00:00,-122.416853963714,37.3256793479355,0,"available_crw"
"254026_0",129,"254026_0_crw_129",30,"254026_0_20240415T230000",2024-04-15 23:00:00,-122.390094111103,37.3466268855128,0,"available_crw"
"254026_0",130,"254026_0_crw_130",1,"254026_0_20240408T170000",2024-04-08 17:00:00,-122.0637,36.9493,0,"available_crw"
"254026_0",130,"254026_0_crw_130",2,"254026_0_20240408T230000",2024-04-08 23:00:00,-121.937186075153,36.7279957569188,0,"available_crw"
"254026_0",130,"254026_0_crw_130",3,"254026_0_20240409T050000",2024-04-09 05:00:00,-121.907662844085,36.7322514048406,0,"available_crw"
"254026_0",130,"254026_0_crw_130",4,"254026_0_20240409T110000",2024-04-09 11:00:00,-121.896243973124,36.7475691245705,0,"available_crw"
"254026_0",130,"254026_0_crw_130",5,"254026_0_20240409T170000",2024-04-09 17:00:00,-121.89234634745,36.7589419598724,0,"available_crw"
"254026_0",130,"254026_0_crw_130",6,"254026_0_20240409T230000",2024-04-09 23:00:00,-121.886390924841,36.7884656588495,0,"available_crw"
"254026_0",130,"254026_0_crw_130",7,"254026_0_20240410T050000",2024-04-10 05:00:00,-121.882205728482,36.8110026646822,0,"available_crw"
"254026_0",130,"254026_0_crw_130",8,"254026_0_20240410T110000",2024-04-10 11:00:00,-121.889282433641,36.8265634765251,0,"available_crw"
"254026_0",130,"254026_0_crw_130",9,"254026_0_20240410T170000",2024-04-10 17:00:00,-121.905766761001,36.8533782937781,0,"available_crw"
"254026_0",130,"254026_0_crw_130",10,"254026_0_20240410T230000",2024-04-10 23:00:00,-121.928369637478,36.8865250346032,0,"available_crw"
"254026_0",130,"254026_0_crw_130",11,"254026_0_20240411T050000",2024-04-11 05:00:00,-121.867936939907,36.8509190321171,0,"available_crw"
"254026_0",130,"254026_0_crw_130",12,"254026_0_20240411T110000",2024-04-11 11:00:00,-121.846246490515,36.8548216547601,0,"available_crw"
"254026_0",130,"254026_0_crw_130",13,"254026_0_20240411T170000",2024-04-11 17:00:00,-121.955738928251,36.897874728598,0,"available_crw"
"254026_0",130,"254026_0_crw_130",14,"254026_0_20240411T230000",2024-04-11 23:00:00,-121.996080494543,36.9112028513248,0,"available_crw"
"254026_0",130,"254026_0_crw_130",15,"254026_0_20240412T050000",2024-04-12 05:00:00,-122.26240805718,37.028032952431,0,"available_crw"
"254026_0",130,"254026_0_crw_130",16,"254026_0_20240412T110000",2024-04-12 11:00:00,-122.341572054503,37.0246822865248,0,"available_crw"
"254026_0",130,"254026_0_crw_130",17,"254026_0_20240412T170000",2024-04-12 17:00:00,-122.388496529375,37.0210785127683,0,"available_crw"
"254026_0",130,"254026_0_crw_130",18,"254026_0_20240412T230000",2024-04-12 23:00:00,-122.286408671629,36.9673500842806,0,"available_crw"
"254026_0",130,"254026_0_crw_130",19,"254026_0_20240413T050000",2024-04-13 05:00:00,-122.053333769741,36.8115643744573,0,"available_crw"
"254026_0",130,"254026_0_crw_130",20,"254026_0_20240413T110000",2024-04-13 11:00:00,-122.181737082859,36.7381419706377,0,"available_crw"
"254026_0",130,"254026_0_crw_130",21,"254026_0_20240413T170000",2024-04-13 17:00:00,-122.200979821288,36.7211330501988,0,"available_crw"
"254026_0",130,"254026_0_crw_130",22,"254026_0_20240413T230000",2024-04-13 23:00:00,-122.089484151816,36.5943211021708,0,"available_crw"
"254026_0",130,"254026_0_crw_130",23,"254026_0_20240414T050000",2024-04-14 05:00:00,-122.153392907541,36.5779803140064,0,"available_crw"
"254026_0",130,"254026_0_crw_130",24,"254026_0_20240414T110000",2024-04-14 11:00:00,-122.204863543606,36.529854469023,0,"available_crw"
"254026_0",130,"254026_0_crw_130",25,"254026_0_20240414T170000",2024-04-14 17:00:00,-122.206220334538,36.5363742554505,0,"available_crw"
"254026_0",130,"254026_0_crw_130",26,"254026_0_20240414T230000",2024-04-14 23:00:00,-122.163900253473,36.4867841494772,0,"available_crw"
"254026_0",130,"254026_0_crw_130",27,"254026_0_20240415T050000",2024-04-15 05:00:00,-122.180034424815,36.4765244463783,0,"available_crw"
"254026_0",130,"254026_0_crw_130",28,"254026_0_20240415T110000",2024-04-15 11:00:00,-122.179824445896,36.4831333931514,0,"available_crw"
"254026_0",130,"254026_0_crw_130",29,"254026_0_20240415T170000",2024-04-15 17:00:00,-122.137447903719,36.6720711198785,0,"available_crw"
"254026_0",130,"254026_0_crw_130",30,"254026_0_20240415T230000",2024-04-15 23:00:00,-122.118399865335,36.6138440325031,0,"available_crw"
"254026_0",131,"254026_0_crw_131",1,"254026_0_20240408T170000",2024-04-08 17:00:00,-122.0637,36.9493,0,"available_crw"
"254026_0",131,"254026_0_crw_131",2,"254026_0_20240408T230000",2024-04-08 23:00:00,-122.039962132268,36.9192265417833,0,"available_crw"
"254026_0",131,"254026_0_crw_131",3,"254026_0_20240409T050000",2024-04-09 05:00:00,-122.060711669529,36.8698971938718,0,"available_crw"
"254026_0",131,"254026_0_crw_131",4,"254026_0_20240409T110000",2024-04-09 11:00:00,-122.017127593619,36.9052416008199,0,"available_crw"
"254026_0",131,"254026_0_crw_131",5,"254026_0_20240409T170000",2024-04-09 17:00:00,-121.937247031598,36.7959791364614,0,"available_crw"
"254026_0",131,"254026_0_crw_131",6,"254026_0_20240409T230000",2024-04-09 23:00:00,-121.941952115661,36.8455829584521,0,"available_crw"
"254026_0",131,"254026_0_crw_131",7,"254026_0_20240410T050000",2024-04-10 05:00:00,-121.948778294075,36.874985515429,0,"available_crw"
"254026_0",131,"254026_0_crw_131",8,"254026_0_20240410T110000",2024-04-10 11:00:00,-121.978758633495,36.8766286541069,0,"available_crw"
"254026_0",131,"254026_0_crw_131",9,"254026_0_20240410T170000",2024-04-10 17:00:00,-121.955647897235,36.9115359194458,0,"available_crw"
"254026_0",131,"254026_0_crw_131",10,"254026_0_20240410T230000",2024-04-10 23:00:00,-121.959527197092,36.8514045481208,0,"available_crw"
"254026_0",131,"254026_0_crw_131",11,"254026_0_20240411T050000",2024-04-11 05:00:00,-121.943559049889,36.8389795020198,0,"available_crw"
"254026_0",131,"254026_0_crw_131",12,"254026_0_20240411T110000",2024-04-11 11:00:00,-121.910380221734,36.8162675294848,0,"available_crw"
"254026_0",131,"254026_0_crw_131",13,"254026_0_20240411T170000",2024-04-11 17:00:00,-121.881069644755,36.7968566571442,0,"available_crw"
"254026_0",131,"254026_0_crw_131",14,"254026_0_20240411T230000",2024-04-11 23:00:00,-121.860840807896,36.7937205894144,0,"available_crw"
"254026_0",131,"254026_0_crw_131",15,"254026_0_20240412T050000",2024-04-12 05:00:00,-121.832246621178,36.7942432680569,0,"available_crw"
"254026_0",131,"254026_0_crw_131",16,"254026_0_20240412T110000",2024-04-12 11:00:00,-121.814380787607,36.8024936849961,0,"available_crw"
"254026_0",131,"254026_0_crw_131",17,"254026_0_20240412T170000",2024-04-12 17:00:00,-121.872669014352,36.9506609193501,0,"available_crw"
"254026_0",131,"254026_0_crw_131",18,"254026_0_20240412T230000",2024-04-12 23:00:00,-121.886908524646,36.970624338389,0,"available_crw"
"254026_0",131,"254026_0_crw_131",19,"254026_0_20240413T050000",2024-04-13 05:00:00,-121.905836974969,36.8738764680835,0,"available_crw"
"254026_0",131,"254026_0_crw_131",20,"254026_0_20240413T110000",2024-04-13 11:00:00,-121.990782866181,36.6577128644808,0,"available_crw"
"254026_0",131,"254026_0_crw_131",21,"254026_0_20240413T170000",2024-04-13 17:00:00,-122.000574778602,36.7174086737456,0,"available_crw"
"254026_0",131,"254026_0_crw_131",22,"254026_0_20240413T230000",2024-04-13 23:00:00,-122.010235662196,36.7390583555319,0,"available_crw"
"254026_0",131,"254026_0_crw_131",23,"254026_0_20240414T050000",2024-04-14 05:00:00,-122.027553277846,36.7712009311312,0,"available_crw"
"254026_0",131,"254026_0_crw_131",24,"254026_0_20240414T110000",2024-04-14 11:00:00,-121.971538747695,36.7312769169658,0,"available_crw"
"254026_0",131,"254026_0_crw_131",25,"254026_0_20240414T170000",2024-04-14 17:00:00,-121.941234874727,36.7139699781112,0,"available_crw"
"254026_0",131,"254026_0_crw_131",26,"254026_0_20240414T230000",2024-04-14 23:00:00,-121.970815790917,36.7576514985087,0,"available_crw"
"254026_0",131,"254026_0_crw_131",27,"254026_0_20240415T050000",2024-04-15 05:00:00,-121.992181488902,36.661234677404,0,"available_crw"
"254026_0",131,"254026_0_crw_131",28,"254026_0_20240415T110000",2024-04-15 11:00:00,-121.900590348368,36.7256668355104,0,"available_crw"
"254026_0",131,"254026_0_crw_131",29,"254026_0_20240415T170000",2024-04-15 17:00:00,-121.873931397672,36.6760471730637,0,"available_crw"
"254026_0",131,"254026_0_crw_131",30,"254026_0_20240415T230000",2024-04-15 23:00:00,-121.844094678715,36.6582246232525,0,"available_crw"
"254026_0",132,"254026_0_crw_132",1,"254026_0_20240408T170000",2024-04-08 17:00:00,-122.0637,36.9493,0,"available_crw"
"254026_0",132,"254026_0_crw_132",2,"254026_0_20240408T230000",2024-04-08 23:00:00,-121.937186075153,36.7279957569188,0,"available_crw"
"254026_0",132,"254026_0_crw_132",3,"254026_0_20240409T050000",2024-04-09 05:00:00,-121.945116897896,36.7297120466839,0,"available_crw"
"254026_0",132,"254026_0_crw_132",4,"254026_0_20240409T110000",2024-04-09 11:00:00,-121.93841081455,36.7335281814725,0,"available_crw"
"254026_0",132,"254026_0_crw_132",5,"254026_0_20240409T170000",2024-04-09 17:00:00,-121.928911669412,36.6947381902471,0,"available_crw"
"254026_0",132,"254026_0_crw_132",6,"254026_0_20240409T230000",2024-04-09 23:00:00,-121.936123106498,36.697896545378,0,"available_crw"
"254026_0",132,"254026_0_crw_132",7,"254026_0_20240410T050000",2024-04-10 05:00:00,-121.956698651612,36.697883286501,0,"available_crw"
"254026_0",132,"254026_0_crw_132",8,"254026_0_20240410T110000",2024-04-10 11:00:00,-121.901188314437,36.6760611806717,0,"available_crw"
"254026_0",132,"254026_0_crw_132",9,"254026_0_20240410T170000",2024-04-10 17:00:00,-121.939157464871,36.7153042271034,0,"available_crw"
"254026_0",132,"254026_0_crw_132",10,"254026_0_20240410T230000",2024-04-10 23:00:00,-121.794315705677,36.7650054793257,0,"available_crw"
"254026_0",132,"254026_0_crw_132",11,"254026_0_20240411T050000",2024-04-11 05:00:00,-121.782854945624,36.7723644307714,0,"available_crw"
"254026_0",132,"254026_0_crw_132",12,"254026_0_20240411T110000",2024-04-11 11:00:00,-121.868446671608,36.911697897272,0,"available_crw"
"254026_0",132,"254026_0_crw_132",13,"254026_0_20240411T170000",2024-04-11 17:00:00,-121.878249698427,36.9204848081453,0,"available_crw"
"254026_0",132,"254026_0_crw_132",14,"254026_0_20240411T230000",2024-04-11 23:00:00,-121.904945510707,36.9093807498856,0,"available_crw"
"254026_0",132,"254026_0_crw_132",15,"254026_0_20240412T050000",2024-04-12 05:00:00,-121.859203512816,36.9570976998308,0,"available_crw"
"254026_0",132,"254026_0_crw_132",16,"254026_0_20240412T110000",2024-04-12 11:00:00,-121.857391044651,36.9506495417504,0,"available_crw"
"254026_0",132,"254026_0_crw_132",17,"254026_0_20240412T170000",2024-04-12 17:00:00,-121.897589695657,36.909790803669,0,"available_crw"
"254026_0",132,"254026_0_crw_132",18,"254026_0_20240412T230000",2024-04-12 23:00:00,-121.924281656168,36.8813675092819,0,"available_crw"
"254026_0",132,"254026_0_crw_132",19,"254026_0_20240413T050000",2024-04-13 05:00:00,-121.941066554058,36.8629994358033,0,"available_crw"
"254026_0",132,"254026_0_crw_132",20,"254026_0_20240413T110000",2024-04-13 11:00:00,-121.967905123217,36.8317006906642,0,"available_crw"
"254026_0",132,"254026_0_crw_132",21,"254026_0_20240413T170000",2024-04-13 17:00:00,-121.992917388054,36.7996986059448,0,"available_crw"
"254026_0",132,"254026_0_crw_132",22,"254026_0_20240413T230000",2024-04-13 23:00:00,-121.986513841959,36.7825938257833,0,"available_crw"
"254026_0",132,"254026_0_crw_132",23,"254026_0_20240414T050000",2024-04-14 05:00:00,-122.143963243337,36.7781658269676,0,"available_crw"
"254026_0",132,"254026_0_crw_132",24,"254026_0_20240414T110000",2024-04-14 11:00:00,-122.172258248462,36.7770586242438,0,"available_crw"
"254026_0",132,"254026_0_crw_132",25,"254026_0_20240414T170000",2024-04-14 17:00:00,-122.203499442603,36.760818376626,0,"available_crw"
"254026_0",132,"254026_0_crw_132",26,"254026_0_20240414T230000",2024-04-14 23:00:00,-122.163724459314,36.8118319950191,0,"available_crw"
"254026_0",132,"254026_0_crw_132",27,"254026_0_20240415T050000",2024-04-15 05:00:00,-122.27873005066,36.7796147774701,0,"available_crw"
"254026_0",132,"254026_0_crw_132",28,"254026_0_20240415T110000",2024-04-15 11:00:00,-122.290774314064,36.7728826665149,0,"available_crw"
"254026_0",132,"254026_0_crw_132",29,"254026_0_20240415T170000",2024-04-15 17:00:00,-122.318828817159,36.753255272101,0,"available_crw"
"254026_0",132,"254026_0_crw_132",30,"254026_0_20240415T230000",2024-04-15 23:00:00,-122.410827112474,36.7426435541575,0,"available_crw"
"254026_0",133,"254026_0_crw_133",1,"254026_0_20240408T170000",2024-04-08 17:00:00,-122.0637,36.9493,0,"available_crw"
"254026_0",133,"254026_0_crw_133",2,"254026_0_20240408T230000",2024-04-08 23:00:00,-121.993359964016,36.9201224209422,0,"available_crw"
"254026_0",133,"254026_0_crw_133",3,"254026_0_20240409T050000",2024-04-09 05:00:00,-122.001654220768,36.9049367502548,0,"available_crw"
"254026_0",133,"254026_0_crw_133",4,"254026_0_20240409T110000",2024-04-09 11:00:00,-121.845330613213,36.8134602704325,0,"available_crw"
"254026_0",133,"254026_0_crw_133",5,"254026_0_20240409T170000",2024-04-09 17:00:00,-121.877234417402,36.9079798302659,0,"available_crw"
"254026_0",133,"254026_0_crw_133",6,"254026_0_20240409T230000",2024-04-09 23:00:00,-121.887809897643,36.9373082357476,0,"available_crw"
"254026_0",133,"254026_0_crw_133",7,"254026_0_20240410T050000",2024-04-10 05:00:00,-121.907986752844,36.9448424897082,0,"available_crw"
"254026_0",133,"254026_0_crw_133",8,"254026_0_20240410T110000",2024-04-10 11:00:00,-121.9005449244,36.9476740268556,0,"available_crw"
"254026_0",133,"254026_0_crw_133",9,"254026_0_20240410T170000",2024-04-10 17:00:00,-121.877830761867,36.9617030070041,0,"available_crw"
"254026_0",133,"254026_0_crw_133",10,"254026_0_20240410T230000",2024-04-10 23:00:00,-121.854952130122,36.9108563493288,0,"available_crw"
"254026_0",133,"254026_0_crw_133",11,"254026_0_20240411T050000",2024-04-11 05:00:00,-121.838597134599,36.8839862328111,0,"available_crw"
"254026_0",133,"254026_0_crw_133",12,"254026_0_20240411T110000",2024-04-11 11:00:00,-121.825822286666,36.8636421462308,0,"available_crw"
"254026_0",133,"254026_0_crw_133",13,"254026_0_20240411T170000",2024-04-11 17:00:00,-121.8847448279,36.900855868589,0,"available_crw"
"254026_0",133,"254026_0_crw_133",14,"254026_0_20240411T230000",2024-04-11 23:00:00,-121.922950805212,36.9229293188079,0,"available_crw"
"254026_0",133,"254026_0_crw_133",15,"254026_0_20240412T050000",2024-04-12 05:00:00,-121.911986220475,36.9369816867179,0,"available_crw"
"254026_0",133,"254026_0_crw_133",16,"254026_0_20240412T110000",2024-04-12 11:00:00,-121.902258232981,36.9586186911865,0,"available_crw"
"254026_0",133,"254026_0_crw_133",17,"254026_0_20240412T170000",2024-04-12 17:00:00,-121.882415934049,36.9539958262833,0,"available_crw"
"254026_0",133,"254026_0_crw_133",18,"254026_0_20240412T230000",2024-04-12 23:00:00,-121.886897732852,36.937809181675,0,"available_crw"
"254026_0",133,"254026_0_crw_133",19,"254026_0_20240413T050000",2024-04-13 05:00:00,-121.895789854063,36.9004752475081,0,"available_crw"
"254026_0",133,"254026_0_crw_133",20,"254026_0_20240413T110000",2024-04-13 11:00:00,-121.902670848289,36.8630863370567,0,"available_crw"
"254026_0",133,"254026_0_crw_133",21,"254026_0_20240413T170000",2024-04-13 17:00:00,-122.047715637807,36.9129364458365,0,"available_crw"
"254026_0",133,"254026_0_crw_133",22,"254026_0_20240413T230000",2024-04-13 23:00:00,-122.003672160347,36.9538357663475,0,"available_crw"
"254026_0",133,"254026_0_crw_133",23,"254026_0_20240414T050000",2024-04-14 05:00:00,-122.12366308061,36.9360638467409,0,"available_crw"
"254026_0",133,"254026_0_crw_133",24,"254026_0_20240414T110000",2024-04-14 11:00:00,-122.182401895356,36.8934566199424,0,"available_crw"
"254026_0",133,"254026_0_crw_133",25,"254026_0_20240414T170000",2024-04-14 17:00:00,-122.254900000376,37.0060379548053,0,"available_crw"
"254026_0",133,"254026_0_crw_133",26,"254026_0_20240414T230000",2024-04-14 23:00:00,-122.228814236954,37.053722095749,0,"available_crw"
"254026_0",133,"254026_0_crw_133",27,"254026_0_20240415T050000",2024-04-15 05:00:00,-122.238308068543,37.0698840414902,0,"available_crw"
"254026_0",133,"254026_0_crw_133",28,"254026_0_20240415T110000",2024-04-15 11:00:00,-122.267907365975,37.0653849690778,0,"available_crw"
"254026_0",133,"254026_0_crw_133",29,"254026_0_20240415T170000",2024-04-15 17:00:00,-122.303605541598,37.0566581568238,0,"available_crw"
"254026_0",133,"254026_0_crw_133",30,"254026_0_20240415T230000",2024-04-15 23:00:00,-122.242317177812,37.0487924326503,0,"available_crw"
"254026_0",134,"254026_0_crw_134",1,"254026_0_20240408T170000",2024-04-08 17:00:00,-122.0637,36.9493,0,"available_crw"
"254026_0",134,"254026_0_crw_134",2,"254026_0_20240408T230000",2024-04-08 23:00:00,-122.21516970335,36.9136129426167,0,"available_crw"
"254026_0",134,"254026_0_crw_134",3,"254026_0_20240409T050000",2024-04-09 05:00:00,-122.249552616768,36.9021107211637,0,"available_crw"
"254026_0",134,"254026_0_crw_134",4,"254026_0_20240409T110000",2024-04-09 11:00:00,-122.256600494548,36.8851675301996,0,"available_crw"
"254026_0",134,"254026_0_crw_134",5,"254026_0_20240409T170000",2024-04-09 17:00:00,-122.154046807905,36.9381817221088,0,"available_crw"
"254026_0",134,"254026_0_crw_134",6,"254026_0_20240409T230000",2024-04-09 23:00:00,-122.144138456704,36.9527171230331,0,"available_crw"
"254026_0",134,"254026_0_crw_134",7,"254026_0_20240410T050000",2024-04-10 05:00:00,-122.14503492849,36.9826317164267,0,"available_crw"
"254026_0",134,"254026_0_crw_134",8,"254026_0_20240410T110000",2024-04-10 11:00:00,-122.149317174845,36.9939180035106,0,"available_crw"
"254026_0",134,"254026_0_crw_134",9,"254026_0_20240410T170000",2024-04-10 17:00:00,-122.099145619451,36.9491402356545,0,"available_crw"
"254026_0",134,"254026_0_crw_134",10,"254026_0_20240410T230000",2024-04-10 23:00:00,-122.023223506548,36.9310913161044,0,"available_crw"
"254026_0",134,"254026_0_crw_134",11,"254026_0_20240411T050000",2024-04-11 05:00:00,-122.008530446798,36.9308906692069,0,"available_crw"
"254026_0",134,"254026_0_crw_134",12,"254026_0_20240411T110000",2024-04-11 11:00:00,-122.051385089192,36.8089310022875,0,"available_crw"
"254026_0",134,"254026_0_crw_134",13,"254026_0_20240411T170000",2024-04-11 17:00:00,-121.881052940365,36.7356416162621,0,"available_crw"
"254026_0",134,"254026_0_crw_134",14,"254026_0_20240411T230000",2024-04-11 23:00:00,-121.838776429874,36.7191967594017,0,"available_crw"
"254026_0",134,"254026_0_crw_134",15,"254026_0_20240412T050000",2024-04-12 05:00:00,-121.79855733047,36.7043994874233,0,"available_crw"
"254026_0",134,"254026_0_crw_134",16,"254026_0_20240412T110000",2024-04-12 11:00:00,-121.843703314322,36.6643903901641,0,"available_crw"
"254026_0",134,"254026_0_crw_134",17,"254026_0_20240412T170000",2024-04-12 17:00:00,-121.848564004033,36.6482912278258,0,"available_crw"
"254026_0",134,"254026_0_crw_134",18,"254026_0_20240412T230000",2024-04-12 23:00:00,-121.905866186928,36.6764288225782,0,"available_crw"
"254026_0",134,"254026_0_crw_134",19,"254026_0_20240413T050000",2024-04-13 05:00:00,-121.939486735982,36.6891318702355,0,"available_crw"
"254026_0",134,"254026_0_crw_134",20,"254026_0_20240413T110000",2024-04-13 11:00:00,-121.900778400358,36.6503682203274,0,"available_crw"
"254026_0",134,"254026_0_crw_134",21,"254026_0_20240413T170000",2024-04-13 17:00:00,-121.878586659195,36.6358988175201,0,"available_crw"
"254026_0",134,"254026_0_crw_134",22,"254026_0_20240413T230000",2024-04-13 23:00:00,-122.005327961492,36.5609526974922,0,"available_crw"
"254026_0",134,"254026_0_crw_134",23,"254026_0_20240414T050000",2024-04-14 05:00:00,-122.007184140132,36.5431514762451,0,"available_crw"
"254026_0",134,"254026_0_crw_134",24,"254026_0_20240414T110000",2024-04-14 11:00:00,-122.060559882076,36.5138975396346,0,"available_crw"
"254026_0",134,"254026_0_crw_134",25,"254026_0_20240414T170000",2024-04-14 17:00:00,-122.327080959658,36.3999918289051,0,"available_crw"
"254026_0",134,"254026_0_crw_134",26,"254026_0_20240414T230000",2024-04-14 23:00:00,-122.386363621888,36.4203798857064,0,"available_crw"
"254026_0",134,"254026_0_crw_134",27,"254026_0_20240415T050000",2024-04-15 05:00:00,-122.400838876225,36.4219152712146,0,"available_crw"
"254026_0",134,"254026_0_crw_134",28,"254026_0_20240415T110000",2024-04-15 11:00:00,-122.438382986006,36.4253733375347,0,"available_crw"
"254026_0",134,"254026_0_crw_134",29,"254026_0_20240415T170000",2024-04-15 17:00:00,-122.381348267855,36.5434513052455,0,"available_crw"
"254026_0",134,"254026_0_crw_134",30,"254026_0_20240415T230000",2024-04-15 23:00:00,-122.31983665843,36.5592214648342,0,"available_crw"
"254026_0",135,"254026_0_crw_135",1,"254026_0_20240408T170000",2024-04-08 17:00:00,-122.0637,36.9493,0,"available_crw"
"254026_0",135,"254026_0_crw_135",2,"254026_0_20240408T230000",2024-04-08 23:00:00,-122.12603374735,36.9828221901849,0,"available_crw"
"254026_0",135,"254026_0_crw_135",3,"254026_0_20240409T050000",2024-04-09 05:00:00,-122.089440727045,36.8893932089142,0,"available_crw"
"254026_0",135,"254026_0_crw_135",4,"254026_0_20240409T110000",2024-04-09 11:00:00,-122.080596464506,36.8677416529498,0,"available_crw"
"254026_0",135,"254026_0_crw_135",5,"254026_0_20240409T170000",2024-04-09 17:00:00,-122.064528552311,36.8319899314618,0,"available_crw"
"254026_0",135,"254026_0_crw_135",6,"254026_0_20240409T230000",2024-04-09 23:00:00,-121.872825026988,36.8521641778997,0,"available_crw"
"254026_0",135,"254026_0_crw_135",7,"254026_0_20240410T050000",2024-04-10 05:00:00,-121.82611865341,36.8581670037345,0,"available_crw"
"254026_0",135,"254026_0_crw_135",8,"254026_0_20240410T110000",2024-04-10 11:00:00,-121.83621307382,36.804717096352,0,"available_crw"
"254026_0",135,"254026_0_crw_135",9,"254026_0_20240410T170000",2024-04-10 17:00:00,-121.829184968401,36.7891427890601,0,"available_crw"
"254026_0",135,"254026_0_crw_135",10,"254026_0_20240410T230000",2024-04-10 23:00:00,-121.882136132509,36.8317176345543,0,"available_crw"
"254026_0",135,"254026_0_crw_135",11,"254026_0_20240411T050000",2024-04-11 05:00:00,-121.902443172319,36.8476181046685,0,"available_crw"
"254026_0",135,"254026_0_crw_135",12,"254026_0_20240411T110000",2024-04-11 11:00:00,-121.928112579282,36.8350822149128,0,"available_crw"
"254026_0",135,"254026_0_crw_135",13,"254026_0_20240411T170000",2024-04-11 17:00:00,-122.021116868763,36.8371299039029,0,"available_crw"
"254026_0",135,"254026_0_crw_135",14,"254026_0_20240411T230000",2024-04-11 23:00:00,-122.029404186506,36.8139250618791,0,"available_crw"
"254026_0",135,"254026_0_crw_135",15,"254026_0_20240412T050000",2024-04-12 05:00:00,-122.035741836855,36.7844518534016,0,"available_crw"
"254026_0",135,"254026_0_crw_135",16,"254026_0_20240412T110000",2024-04-12 11:00:00,-122.021741602844,36.7705857805902,0,"available_crw"
"254026_0",135,"254026_0_crw_135",17,"254026_0_20240412T170000",2024-04-12 17:00:00,-122.089105394525,36.7968485864869,0,"available_crw"
"254026_0",135,"254026_0_crw_135",18,"254026_0_20240412T230000",2024-04-12 23:00:00,-122.081623424682,36.7995864085628,0,"available_crw"
"254026_0",135,"254026_0_crw_135",19,"254026_0_20240413T050000",2024-04-13 05:00:00,-122.073720353728,36.7458959307206,0,"available_crw"
"254026_0",135,"254026_0_crw_135",20,"254026_0_20240413T110000",2024-04-13 11:00:00,-122.024762293534,36.6960286495246,0,"available_crw"
"254026_0",135,"254026_0_crw_135",21,"254026_0_20240413T170000",2024-04-13 17:00:00,-121.950665262672,36.6741527121587,0,"available_crw"
"254026_0",135,"254026_0_crw_135",22,"254026_0_20240413T230000",2024-04-13 23:00:00,-121.933627201002,36.6940158859059,0,"available_crw"
"254026_0",135,"254026_0_crw_135",23,"254026_0_20240414T050000",2024-04-14 05:00:00,-121.946090544551,36.6346449316737,0,"available_crw"
"254026_0",135,"254026_0_crw_135",24,"254026_0_20240414T110000",2024-04-14 11:00:00,-121.966556399325,36.6363568840154,0,"available_crw"
"254026_0",135,"254026_0_crw_135",25,"254026_0_20240414T170000",2024-04-14 17:00:00,-122.003670137811,36.6362028228898,0,"available_crw"
"254026_0",135,"254026_0_crw_135",26,"254026_0_20240414T230000",2024-04-14 23:00:00,-122.282130229455,36.6687838202444,0,"available_crw"
"254026_0",135,"254026_0_crw_135",27,"254026_0_20240415T050000",2024-04-15 05:00:00,-122.319737660248,36.6726155352181,0,"available_crw"
"254026_0",135,"254026_0_crw_135",28,"254026_0_20240415T110000",2024-04-15 11:00:00,-122.248562331082,36.6910463663116,0,"available_crw"
"254026_0",135,"254026_0_crw_135",29,"254026_0_20240415T170000",2024-04-15 17:00:00,-121.951921402228,36.738842756848,0,"available_crw"
"254026_0",135,"254026_0_crw_135",30,"254026_0_20240415T230000",2024-04-15 23:00:00,-121.908727130672,36.7465317285561,0,"available_crw"
"254026_0",136,"254026_0_crw_136",1,"254026_0_20240408T170000",2024-04-08 17:00:00,-122.0637,36.9493,0,"available_crw"
"254026_0",136,"254026_0_crw_136",2,"254026_0_20240408T230000",2024-04-08 23:00:00,-122.037704116488,36.9177874740022,0,"available_crw"
"254026_0",136,"254026_0_crw_136",3,"254026_0_20240409T050000",2024-04-09 05:00:00,-122.026607044429,36.9100559264466,0,"available_crw"
"254026_0",136,"254026_0_crw_136",4,"254026_0_20240409T110000",2024-04-09 11:00:00,-121.996008990612,36.8930048375989,0,"available_crw"
"254026_0",136,"254026_0_crw_136",5,"254026_0_20240409T170000",2024-04-09 17:00:00,-121.96330857249,36.8787005069197,0,"available_crw"
"254026_0",136,"254026_0_crw_136",6,"254026_0_20240409T230000",2024-04-09 23:00:00,-121.935835525689,36.872220588093,0,"available_crw"
"254026_0",136,"254026_0_crw_136",7,"254026_0_20240410T050000",2024-04-10 05:00:00,-121.921153401822,36.8720508656781,0,"available_crw"
"254026_0",136,"254026_0_crw_136",8,"254026_0_20240410T110000",2024-04-10 11:00:00,-121.873847654801,36.8726185943367,0,"available_crw"
"254026_0",136,"254026_0_crw_136",9,"254026_0_20240410T170000",2024-04-10 17:00:00,-121.893270858719,36.8362948832644,0,"available_crw"
"254026_0",136,"254026_0_crw_136",10,"254026_0_20240410T230000",2024-04-10 23:00:00,-122.019633143927,36.6734393838448,0,"available_crw"
"254026_0",136,"254026_0_crw_136",11,"254026_0_20240411T050000",2024-04-11 05:00:00,-122.023765284712,36.662120885504,0,"available_crw"
"254026_0",136,"254026_0_crw_136",12,"254026_0_20240411T110000",2024-04-11 11:00:00,-122.031398357024,36.6401784033029,0,"available_crw"
"254026_0",136,"254026_0_crw_136",13,"254026_0_20240411T170000",2024-04-11 17:00:00,-122.100906381818,36.5906428170188,0,"available_crw"
"254026_0",136,"254026_0_crw_136",14,"254026_0_20240411T230000",2024-04-11 23:00:00,-122.11263736749,36.5622529882248,0,"available_crw"
"254026_0",136,"254026_0_crw_136",15,"254026_0_20240412T050000",2024-04-12 05:00:00,-122.148768890725,36.588975023222,0,"available_crw"
"254026_0",136,"254026_0_crw_136",16,"254026_0_20240412T110000",2024-04-12 11:00:00,-122.07755709672,36.5708789755541,0,"available_crw"
"254026_0",136,"254026_0_crw_136",17,"254026_0_20240412T170000",2024-04-12 17:00:00,-122.001104676367,36.5863117851979,0,"available_crw"
"254026_0",136,"254026_0_crw_136",18,"254026_0_20240412T230000",2024-04-12 23:00:00,-121.945938856473,36.6317219683153,0,"available_crw"
"254026_0",136,"254026_0_crw_136",19,"254026_0_20240413T050000",2024-04-13 05:00:00,-121.914541734839,36.6598022343905,0,"available_crw"
"254026_0",136,"254026_0_crw_136",20,"254026_0_20240413T110000",2024-04-13 11:00:00,-121.908011920088,36.6703620639873,0,"available_crw"
"254026_0",136,"254026_0_crw_136",21,"254026_0_20240413T170000",2024-04-13 17:00:00,-121.895137969532,36.6984177215796,0,"available_crw"
"254026_0",136,"254026_0_crw_136",22,"254026_0_20240413T230000",2024-04-13 23:00:00,-121.90576217417,36.7140994863019,0,"available_crw"
"254026_0",136,"254026_0_crw_136",23,"254026_0_20240414T050000",2024-04-14 05:00:00,-121.937519875253,36.7296494645156,0,"available_crw"
"254026_0",136,"254026_0_crw_136",24,"254026_0_20240414T110000",2024-04-14 11:00:00,-121.975817100615,36.7474682430366,0,"available_crw"
"254026_0",136,"254026_0_crw_136",25,"254026_0_20240414T170000",2024-04-14 17:00:00,-121.996399630689,36.7478837408181,0,"available_crw"
"254026_0",136,"254026_0_crw_136",26,"254026_0_20240414T230000",2024-04-14 23:00:00,-121.941573359807,36.7249122019247,0,"available_crw"
"254026_0",136,"254026_0_crw_136",27,"254026_0_20240415T050000",2024-04-15 05:00:00,-121.978292541863,36.7649333215627,0,"available_crw"
"254026_0",136,"254026_0_crw_136",28,"254026_0_20240415T110000",2024-04-15 11:00:00,-121.961995251195,36.8153250619463,0,"available_crw"
"254026_0",136,"254026_0_crw_136",29,"254026_0_20240415T170000",2024-04-15 17:00:00,-121.94841507361,36.7561111230402,0,"available_crw"
"254026_0",136,"254026_0_crw_136",30,"254026_0_20240415T230000",2024-04-15 23:00:00,-121.99048669322,36.7165566440024,0,"available_crw"
"254026_0",137,"254026_0_crw_137",1,"254026_0_20240408T170000",2024-04-08 17:00:00,-122.0637,36.9493,0,"available_crw"
"254026_0",137,"254026_0_crw_137",2,"254026_0_20240408T230000",2024-04-08 23:00:00,-122.03804893492,36.9173492559836,0,"available_crw"
"254026_0",137,"254026_0_crw_137",3,"254026_0_20240409T050000",2024-04-09 05:00:00,-122.054656918775,36.9074945741741,0,"available_crw"
"254026_0",137,"254026_0_crw_137",4,"254026_0_20240409T110000",2024-04-09 11:00:00,-122.082034934435,36.8872185429105,0,"available_crw"
"254026_0",137,"254026_0_crw_137",5,"254026_0_20240409T170000",2024-04-09 17:00:00,-121.960392053375,36.8939248286818,0,"available_crw"
"254026_0",137,"254026_0_crw_137",6,"254026_0_20240409T230000",2024-04-09 23:00:00,-121.92251205829,36.8964999904713,0,"available_crw"
"254026_0",137,"254026_0_crw_137",7,"254026_0_20240410T050000",2024-04-10 05:00:00,-121.919464710848,36.8800998149093,0,"available_crw"
"254026_0",137,"254026_0_crw_137",8,"254026_0_20240410T110000",2024-04-10 11:00:00,-121.985900705797,36.8887437569302,0,"available_crw"
"254026_0",137,"254026_0_crw_137",9,"254026_0_20240410T170000",2024-04-10 17:00:00,-122.032823089765,36.8936839527896,0,"available_crw"
"254026_0",137,"254026_0_crw_137",10,"254026_0_20240410T230000",2024-04-10 23:00:00,-122.076892645414,36.8975188075413,0,"available_crw"
"254026_0",137,"254026_0_crw_137",11,"254026_0_20240411T050000",2024-04-11 05:00:00,-122.049625734059,36.9469520846083,0,"available_crw"
"254026_0",137,"254026_0_crw_137",12,"254026_0_20240411T110000",2024-04-11 11:00:00,-121.999282240437,36.9110445369187,0,"available_crw"
"254026_0",137,"254026_0_crw_137",13,"254026_0_20240411T170000",2024-04-11 17:00:00,-121.968939392283,36.8937016908889,0,"available_crw"
"254026_0",137,"254026_0_crw_137",14,"254026_0_20240411T230000",2024-04-11 23:00:00,-121.945624846301,36.8807203586536,0,"available_crw"
"254026_0",137,"254026_0_crw_137",15,"254026_0_20240412T050000",2024-04-12 05:00:00,-121.908501919064,36.8782785835021,0,"available_crw"
"254026_0",137,"254026_0_crw_137",16,"254026_0_20240412T110000",2024-04-12 11:00:00,-121.870576886513,36.8762850007637,0,"available_crw"
"254026_0",137,"254026_0_crw_137",17,"254026_0_20240412T170000",2024-04-12 17:00:00,-121.795930822963,36.8316298137946,0,"available_crw"
"254026_0",137,"254026_0_crw_137",18,"254026_0_20240412T230000",2024-04-12 23:00:00,-121.919153796978,36.7526542582987,0,"available_crw"
"254026_0",137,"254026_0_crw_137",19,"254026_0_20240413T050000",2024-04-13 05:00:00,-121.953113214298,36.7298379514296,0,"available_crw"
"254026_0",137,"254026_0_crw_137",20,"254026_0_20240413T110000",2024-04-13 11:00:00,-121.970666980163,36.711686324666,0,"available_crw"
"254026_0",137,"254026_0_crw_137",21,"254026_0_20240413T170000",2024-04-13 17:00:00,-121.952366021711,36.6925630770261,0,"available_crw"
"254026_0",137,"254026_0_crw_137",22,"254026_0_20240413T230000",2024-04-13 23:00:00,-121.92873297396,36.6686882866222,0,"available_crw"
"254026_0",137,"254026_0_crw_137",23,"254026_0_20240414T050000",2024-04-14 05:00:00,-121.755528426955,36.7372196980686,0,"available_crw"
"254026_0",137,"254026_0_crw_137",24,"254026_0_20240414T110000",2024-04-14 11:00:00,-121.874307580884,36.7585386790707,0,"available_crw"
"254026_0",137,"254026_0_crw_137",25,"254026_0_20240414T170000",2024-04-14 17:00:00,-122.09680637562,36.8280979058885,0,"available_crw"
"254026_0",137,"254026_0_crw_137",26,"254026_0_20240414T230000",2024-04-14 23:00:00,-122.132454801339,36.8386441501481,0,"available_crw"
"254026_0",137,"254026_0_crw_137",27,"254026_0_20240415T050000",2024-04-15 05:00:00,-122.379872516431,36.9477707209586,0,"available_crw"
"254026_0",137,"254026_0_crw_137",28,"254026_0_20240415T110000",2024-04-15 11:00:00,-122.391450947797,36.9990058289883,0,"available_crw"
"254026_0",137,"254026_0_crw_137",29,"254026_0_20240415T170000",2024-04-15 17:00:00,-122.40033316672,37.0338900585091,0,"available_crw"
"254026_0",137,"254026_0_crw_137",30,"254026_0_20240415T230000",2024-04-15 23:00:00,-122.427671210926,37.2764572250555,0,"available_crw"
"254026_0",138,"254026_0_crw_138",1,"254026_0_20240408T170000",2024-04-08 17:00:00,-122.0637,36.9493,0,"available_crw"
"254026_0",138,"254026_0_crw_138",2,"254026_0_20240408T230000",2024-04-08 23:00:00,-122.04872703058,36.9299402179283,0,"available_crw"
"254026_0",138,"254026_0_crw_138",3,"254026_0_20240409T050000",2024-04-09 05:00:00,-122.024527717903,36.9001079114587,0,"available_crw"
"254026_0",138,"254026_0_crw_138",4,"254026_0_20240409T110000",2024-04-09 11:00:00,-122.174286813103,36.8602819371246,0,"available_crw"
"254026_0",138,"254026_0_crw_138",5,"254026_0_20240409T170000",2024-04-09 17:00:00,-122.119813659224,36.9016437929336,0,"available_crw"
"254026_0",138,"254026_0_crw_138",6,"254026_0_20240409T230000",2024-04-09 23:00:00,-122.028230958257,36.9152141360753,0,"available_crw"
"254026_0",138,"254026_0_crw_138",7,"254026_0_20240410T050000",2024-04-10 05:00:00,-122.032255239703,36.9094473556297,0,"available_crw"
"254026_0",138,"254026_0_crw_138",8,"254026_0_20240410T110000",2024-04-10 11:00:00,-122.024782601868,36.8926225256929,0,"available_crw"
"254026_0",138,"254026_0_crw_138",9,"254026_0_20240410T170000",2024-04-10 17:00:00,-122.073857772485,36.8956953497689,0,"available_crw"
"254026_0",138,"254026_0_crw_138",10,"254026_0_20240410T230000",2024-04-10 23:00:00,-122.068126019497,36.9004395358794,0,"available_crw"
"254026_0",138,"254026_0_crw_138",11,"254026_0_20240411T050000",2024-04-11 05:00:00,-122.049885368435,36.8637185852153,0,"available_crw"
"254026_0",138,"254026_0_crw_138",12,"254026_0_20240411T110000",2024-04-11 11:00:00,-122.034016222413,36.8531397962205,0,"available_crw"
"254026_0",138,"254026_0_crw_138",13,"254026_0_20240411T170000",2024-04-11 17:00:00,-122.002979049515,36.8366361001453,0,"available_crw"
"254026_0",138,"254026_0_crw_138",14,"254026_0_20240411T230000",2024-04-11 23:00:00,-121.96552489302,36.8176368654367,0,"available_crw"
"254026_0",138,"254026_0_crw_138",15,"254026_0_20240412T050000",2024-04-12 05:00:00,-122.005254280693,36.9102250417761,0,"available_crw"
"254026_0",138,"254026_0_crw_138",16,"254026_0_20240412T110000",2024-04-12 11:00:00,-122.03522247393,36.9083044513778,0,"available_crw"
"254026_0",138,"254026_0_crw_138",17,"254026_0_20240412T170000",2024-04-12 17:00:00,-122.081936914736,36.9036999565987,0,"available_crw"
"254026_0",138,"254026_0_crw_138",18,"254026_0_20240412T230000",2024-04-12 23:00:00,-122.320911974191,36.909352287375,0,"available_crw"
"254026_0",138,"254026_0_crw_138",19,"254026_0_20240413T050000",2024-04-13 05:00:00,-122.321650021829,36.9259245970156,0,"available_crw"
"254026_0",138,"254026_0_crw_138",20,"254026_0_20240413T110000",2024-04-13 11:00:00,-122.394440028324,36.8473499645827,0,"available_crw"
"254026_0",138,"254026_0_crw_138",21,"254026_0_20240413T170000",2024-04-13 17:00:00,-122.416589418938,36.8225416074579,0,"available_crw"
"254026_0",138,"254026_0_crw_138",22,"254026_0_20240413T230000",2024-04-13 23:00:00,-122.43408514132,36.8313271688131,0,"available_crw"
"254026_0",138,"254026_0_crw_138",23,"254026_0_20240414T050000",2024-04-14 05:00:00,-122.455346026888,36.8261285997862,0,"available_crw"
"254026_0",138,"254026_0_crw_138",24,"254026_0_20240414T110000",2024-04-14 11:00:00,-122.439916328473,36.6712154316715,0,"available_crw"
"254026_0",138,"254026_0_crw_138",25,"254026_0_20240414T170000",2024-04-14 17:00:00,-122.393384047744,36.6198867338915,0,"available_crw"
"254026_0",138,"254026_0_crw_138",26,"254026_0_20240414T230000",2024-04-14 23:00:00,-122.364173774179,36.5903197170739,0,"available_crw"
"254026_0",138,"254026_0_crw_138",27,"254026_0_20240415T050000",2024-04-15 05:00:00,-122.224460951609,36.3936415849923,0,"available_crw"
"254026_0",138,"254026_0_crw_138",28,"254026_0_20240415T110000",2024-04-15 11:00:00,-122.15546826659,36.3631744598461,0,"available_crw"
"254026_0",138,"254026_0_crw_138",29,"254026_0_20240415T170000",2024-04-15 17:00:00,-122.118478045171,36.3639029843922,0,"available_crw"
"254026_0",138,"254026_0_crw_138",30,"254026_0_20240415T230000",2024-04-15 23:00:00,-122.039671744787,36.3247939966918,0,"available_crw"
"254026_0",139,"254026_0_crw_139",1,"254026_0_20240408T170000",2024-04-08 17:00:00,-122.0637,36.9493,0,"available_crw"
"254026_0",139,"254026_0_crw_139",2,"254026_0_20240408T230000",2024-04-08 23:00:00,-122.129215532388,36.9367507128748,0,"available_crw"
"254026_0",139,"254026_0_crw_139",3,"254026_0_20240409T050000",2024-04-09 05:00:00,-122.120100051152,36.97560458253,0,"available_crw"
"254026_0",139,"254026_0_crw_139",4,"254026_0_20240409T110000",2024-04-09 11:00:00,-122.298524939232,37.0361991108565,0,"available_crw"
"254026_0",139,"254026_0_crw_139",5,"254026_0_20240409T170000",2024-04-09 17:00:00,-122.376890266706,37.0265727493402,0,"available_crw"
"254026_0",139,"254026_0_crw_139",6,"254026_0_20240409T230000",2024-04-09 23:00:00,-122.317666300993,37.0117484357346,0,"available_crw"
"254026_0",139,"254026_0_crw_139",7,"254026_0_20240410T050000",2024-04-10 05:00:00,-122.324583070814,37.0081523400972,0,"available_crw"
"254026_0",139,"254026_0_crw_139",8,"254026_0_20240410T110000",2024-04-10 11:00:00,-122.35617175858,36.991109981388,0,"available_crw"
"254026_0",139,"254026_0_crw_139",9,"254026_0_20240410T170000",2024-04-10 17:00:00,-122.358949470617,36.9733856890917,0,"available_crw"
"254026_0",139,"254026_0_crw_139",10,"254026_0_20240410T230000",2024-04-10 23:00:00,-122.324962525566,37.015000899113,0,"available_crw"
"254026_0",139,"254026_0_crw_139",11,"254026_0_20240411T050000",2024-04-11 05:00:00,-122.314673755193,37.0364748681502,0,"available_crw"
"254026_0",139,"254026_0_crw_139",12,"254026_0_20240411T110000",2024-04-11 11:00:00,-122.301639497313,37.0699140858499,0,"available_crw"
"254026_0",139,"254026_0_crw_139",13,"254026_0_20240411T170000",2024-04-11 17:00:00,-122.313303876765,37.0851375665728,0,"available_crw"
"254026_0",139,"254026_0_crw_139",14,"254026_0_20240411T230000",2024-04-11 23:00:00,-122.336169341448,37.108784211144,0,"available_crw"
"254026_0",139,"254026_0_crw_139",15,"254026_0_20240412T050000",2024-04-12 05:00:00,-122.269321042339,37.0812499378176,0,"available_crw"
"254026_0",139,"254026_0_crw_139",16,"254026_0_20240412T110000",2024-04-12 11:00:00,-122.248598703902,37.0878429700805,0,"available_crw"
"254026_0",139,"254026_0_crw_139",17,"254026_0_20240412T170000",2024-04-12 17:00:00,-122.365506168312,37.1165373765981,0,"available_crw"
"254026_0",139,"254026_0_crw_139",18,"254026_0_20240412T230000",2024-04-12 23:00:00,-122.360728049995,37.1326723678673,0,"available_crw"
"254026_0",139,"254026_0_crw_139",19,"254026_0_20240413T050000",2024-04-13 05:00:00,-122.356084175744,37.1623508972487,0,"available_crw"
"254026_0",139,"254026_0_crw_139",20,"254026_0_20240413T110000",2024-04-13 11:00:00,-122.370950784205,37.1756757714145,0,"available_crw"
"254026_0",139,"254026_0_crw_139",21,"254026_0_20240413T170000",2024-04-13 17:00:00,-122.501884049031,37.3366305687267,0,"available_crw"
"254026_0",139,"254026_0_crw_139",22,"254026_0_20240413T230000",2024-04-13 23:00:00,-122.573850351655,37.3638147473835,0,"available_crw"
"254026_0",139,"254026_0_crw_139",23,"254026_0_20240414T050000",2024-04-14 05:00:00,-122.611208334974,37.3613228667451,0,"available_crw"
"254026_0",139,"254026_0_crw_139",24,"254026_0_20240414T110000",2024-04-14 11:00:00,-122.509486381267,37.306603788183,0,"available_crw"
"254026_0",139,"254026_0_crw_139",25,"254026_0_20240414T170000",2024-04-14 17:00:00,-122.471639429079,37.2889096162036,0,"available_crw"
"254026_0",139,"254026_0_crw_139",26,"254026_0_20240414T230000",2024-04-14 23:00:00,-122.429525575045,37.2221285286654,0,"available_crw"
"254026_0",139,"254026_0_crw_139",27,"254026_0_20240415T050000",2024-04-15 05:00:00,-122.411440168201,37.2042416655702,0,"available_crw"
"254026_0",139,"254026_0_crw_139",28,"254026_0_20240415T110000",2024-04-15 11:00:00,-122.268788583242,37.0084246730615,0,"available_crw"
"254026_0",139,"254026_0_crw_139",29,"254026_0_20240415T170000",2024-04-15 17:00:00,-122.243384921428,36.9765911320027,0,"available_crw"
"254026_0",139,"254026_0_crw_139",30,"254026_0_20240415T230000",2024-04-15 23:00:00,-122.218660892885,36.9470282106255,0,"available_crw"
"254026_0",140,"254026_0_crw_140",1,"254026_0_20240408T170000",2024-04-08 17:00:00,-122.0637,36.9493,0,"available_crw"
"254026_0",140,"254026_0_crw_140",2,"254026_0_20240408T230000",2024-04-08 23:00:00,-122.038809429567,36.9205246392105,0,"available_crw"
"254026_0",140,"254026_0_crw_140",3,"254026_0_20240409T050000",2024-04-09 05:00:00,-121.914838977739,36.7169003538164,0,"available_crw"
"254026_0",140,"254026_0_crw_140",4,"254026_0_20240409T110000",2024-04-09 11:00:00,-121.893275620995,36.686473392029,0,"available_crw"
"254026_0",140,"254026_0_crw_140",5,"254026_0_20240409T170000",2024-04-09 17:00:00,-121.942128620899,36.6826024904845,0,"available_crw"
"254026_0",140,"254026_0_crw_140",6,"254026_0_20240409T230000",2024-04-09 23:00:00,-121.970246082423,36.6800747896818,0,"available_crw"
"254026_0",140,"254026_0_crw_140",7,"254026_0_20240410T050000",2024-04-10 05:00:00,-121.982877516057,36.6653922410077,0,"available_crw"
"254026_0",140,"254026_0_crw_140",8,"254026_0_20240410T110000",2024-04-10 11:00:00,-122.06867876514,36.6368682542008,0,"available_crw"
"254026_0",140,"254026_0_crw_140",9,"254026_0_20240410T170000",2024-04-10 17:00:00,-122.341699233749,36.5824932527568,0,"available_crw"
"254026_0",140,"254026_0_crw_140",10,"254026_0_20240410T230000",2024-04-10 23:00:00,-122.281385960647,36.5720530321287,0,"available_crw"
"254026_0",140,"254026_0_crw_140",11,"254026_0_20240411T050000",2024-04-11 05:00:00,-121.995352538638,36.4943214973429,0,"available_crw"
"254026_0",140,"254026_0_crw_140",12,"254026_0_20240411T110000",2024-04-11 11:00:00,-121.937837592819,36.435709324963,0,"available_crw"
"254026_0",140,"254026_0_crw_140",13,"254026_0_20240411T170000",2024-04-11 17:00:00,-121.953075608138,36.4246019195189,0,"available_crw"
"254026_0",140,"254026_0_crw_140",14,"254026_0_20240411T230000",2024-04-11 23:00:00,-121.986442827433,36.3981188995134,0,"available_crw"
"254026_0",140,"254026_0_crw_140",15,"254026_0_20240412T050000",2024-04-12 05:00:00,-122.178997568426,36.2858684965183,0,"available_crw"
"254026_0",140,"254026_0_crw_140",16,"254026_0_20240412T110000",2024-04-12 11:00:00,-122.21622419892,36.262702725391,0,"available_crw"
"254026_0",140,"254026_0_crw_140",17,"254026_0_20240412T170000",2024-04-12 17:00:00,-122.181974351292,36.316160259204,0,"available_crw"
"254026_0",140,"254026_0_crw_140",18,"254026_0_20240412T230000",2024-04-12 23:00:00,-122.187674549866,36.37955999846,0,"available_crw"
"254026_0",140,"254026_0_crw_140",19,"254026_0_20240413T050000",2024-04-13 05:00:00,-122.165653116566,36.6055917832122,0,"available_crw"
"254026_0",140,"254026_0_crw_140",20,"254026_0_20240413T110000",2024-04-13 11:00:00,-122.168456769506,36.6171715250375,0,"available_crw"
"254026_0",140,"254026_0_crw_140",21,"254026_0_20240413T170000",2024-04-13 17:00:00,-122.198354036115,36.6186145131251,0,"available_crw"
"254026_0",140,"254026_0_crw_140",22,"254026_0_20240413T230000",2024-04-13 23:00:00,-122.245238187315,36.6192690208292,0,"available_crw"
"254026_0",140,"254026_0_crw_140",23,"254026_0_20240414T050000",2024-04-14 05:00:00,-122.283119838963,36.6192729066532,0,"available_crw"
"254026_0",140,"254026_0_crw_140",24,"254026_0_20240414T110000",2024-04-14 11:00:00,-122.242902918624,36.7417990695686,0,"available_crw"
"254026_0",140,"254026_0_crw_140",25,"254026_0_20240414T170000",2024-04-14 17:00:00,-122.147202549487,36.9177097104499,0,"available_crw"
"254026_0",140,"254026_0_crw_140",26,"254026_0_20240414T230000",2024-04-14 23:00:00,-122.084648517086,36.9314517430871,0,"available_crw"
"254026_0",140,"254026_0_crw_140",27,"254026_0_20240415T050000",2024-04-15 05:00:00,-122.092193719571,36.8923821464649,0,"available_crw"
"254026_0",140,"254026_0_crw_140",28,"254026_0_20240415T110000",2024-04-15 11:00:00,-122.236857139414,36.9430563006053,0,"available_crw"
"254026_0",140,"254026_0_crw_140",29,"254026_0_20240415T170000",2024-04-15 17:00:00,-122.200454140089,36.9696964015496,0,"available_crw"
"254026_0",140,"254026_0_crw_140",30,"254026_0_20240415T230000",2024-04-15 23:00:00,-122.200072256202,36.9630929006815,0,"available_crw"
"254026_0",141,"254026_0_crw_141",1,"254026_0_20240408T170000",2024-04-08 17:00:00,-122.0637,36.9493,0,"available_crw"
"254026_0",141,"254026_0_crw_141",2,"254026_0_20240408T230000",2024-04-08 23:00:00,-122.071844125396,36.950286231022,0,"available_crw"
"254026_0",141,"254026_0_crw_141",3,"254026_0_20240409T050000",2024-04-09 05:00:00,-121.989172676791,36.8782800041482,0,"available_crw"
"254026_0",141,"254026_0_crw_141",4,"254026_0_20240409T110000",2024-04-09 11:00:00,-121.962965434274,36.8561687073379,0,"available_crw"
"254026_0",141,"254026_0_crw_141",5,"254026_0_20240409T170000",2024-04-09 17:00:00,-121.801771793656,36.6702230609479,0,"available_crw"
"254026_0",141,"254026_0_crw_141",6,"254026_0_20240409T230000",2024-04-09 23:00:00,-121.866456549961,36.7004124112853,0,"available_crw"
"254026_0",141,"254026_0_crw_141",7,"254026_0_20240410T050000",2024-04-10 05:00:00,-121.893651718697,36.7074585486981,0,"available_crw"
"254026_0",141,"254026_0_crw_141",8,"254026_0_20240410T110000",2024-04-10 11:00:00,-121.849138047237,36.6729662713832,0,"available_crw"
"254026_0",141,"254026_0_crw_141",9,"254026_0_20240410T170000",2024-04-10 17:00:00,-121.816641195987,36.6488400836833,0,"available_crw"
"254026_0",141,"254026_0_crw_141",10,"254026_0_20240410T230000",2024-04-10 23:00:00,-121.861720122258,36.6332383895123,0,"available_crw"
"254026_0",141,"254026_0_crw_141",11,"254026_0_20240411T050000",2024-04-11 05:00:00,-121.868208726464,36.687049343889,0,"available_crw"
"254026_0",141,"254026_0_crw_141",12,"254026_0_20240411T110000",2024-04-11 11:00:00,-121.875776711354,36.7163321023884,0,"available_crw"
"254026_0",141,"254026_0_crw_141",13,"254026_0_20240411T170000",2024-04-11 17:00:00,-121.831003630314,36.668109300275,0,"available_crw"
"254026_0",141,"254026_0_crw_141",14,"254026_0_20240411T230000",2024-04-11 23:00:00,-121.803272045051,36.6772638550383,0,"available_crw"
"254026_0",141,"254026_0_crw_141",15,"254026_0_20240412T050000",2024-04-12 05:00:00,-121.864901530637,36.6805253256044,0,"available_crw"
"254026_0",141,"254026_0_crw_141",16,"254026_0_20240412T110000",2024-04-12 11:00:00,-121.864873631455,36.6971074969999,0,"available_crw"
"254026_0",141,"254026_0_crw_141",17,"254026_0_20240412T170000",2024-04-12 17:00:00,-121.844321903528,36.6981426888291,0,"available_crw"
"254026_0",141,"254026_0_crw_141",18,"254026_0_20240412T230000",2024-04-12 23:00:00,-121.849160575974,36.692802754977,0,"available_crw"
"254026_0",141,"254026_0_crw_141",19,"254026_0_20240413T050000",2024-04-13 05:00:00,-121.865543676545,36.6742247695081,0,"available_crw"
"254026_0",141,"254026_0_crw_141",20,"254026_0_20240413T110000",2024-04-13 11:00:00,-121.883057055196,36.6829411268987,0,"available_crw"
"254026_0",141,"254026_0_crw_141",21,"254026_0_20240413T170000",2024-04-13 17:00:00,-122.12147575985,36.8329919457456,0,"available_crw"
"254026_0",141,"254026_0_crw_141",22,"254026_0_20240413T230000",2024-04-13 23:00:00,-122.143294096492,36.8296009510397,0,"available_crw"
"254026_0",141,"254026_0_crw_141",23,"254026_0_20240414T050000",2024-04-14 05:00:00,-122.139339171878,36.8353970028898,0,"available_crw"
"254026_0",141,"254026_0_crw_141",24,"254026_0_20240414T110000",2024-04-14 11:00:00,-122.109645387543,36.8038807264428,0,"available_crw"
"254026_0",141,"254026_0_crw_141",25,"254026_0_20240414T170000",2024-04-14 17:00:00,-121.955250081237,36.5944472992302,0,"available_crw"
"254026_0",141,"254026_0_crw_141",26,"254026_0_20240414T230000",2024-04-14 23:00:00,-122.020586113427,36.5823202832578,0,"available_crw"
"254026_0",141,"254026_0_crw_141",27,"254026_0_20240415T050000",2024-04-15 05:00:00,-122.04639065279,36.5725194216797,0,"available_crw"
"254026_0",141,"254026_0_crw_141",28,"254026_0_20240415T110000",2024-04-15 11:00:00,-122.087896931046,36.55497945747,0,"available_crw"
"254026_0",141,"254026_0_crw_141",29,"254026_0_20240415T170000",2024-04-15 17:00:00,-122.353347718437,36.4808319272429,0,"available_crw"
"254026_0",141,"254026_0_crw_141",30,"254026_0_20240415T230000",2024-04-15 23:00:00,-122.629255505407,36.4391276491827,0,"available_crw"
"254026_0",142,"254026_0_crw_142",1,"254026_0_20240408T170000",2024-04-08 17:00:00,-122.0637,36.9493,0,"available_crw"
"254026_0",142,"254026_0_crw_142",2,"254026_0_20240408T230000",2024-04-08 23:00:00,-121.993359964016,36.9201224209422,0,"available_crw"
"254026_0",142,"254026_0_crw_142",3,"254026_0_20240409T050000",2024-04-09 05:00:00,-121.80048986718,36.806803092111,0,"available_crw"
"254026_0",142,"254026_0_crw_142",4,"254026_0_20240409T110000",2024-04-09 11:00:00,-121.769497187882,36.7891676901252,0,"available_crw"
"254026_0",142,"254026_0_crw_142",5,"254026_0_20240409T170000",2024-04-09 17:00:00,-121.811791504087,36.7690302682823,0,"available_crw"
"254026_0",142,"254026_0_crw_142",6,"254026_0_20240409T230000",2024-04-09 23:00:00,-121.817384567433,36.8083086819485,0,"available_crw"
"254026_0",142,"254026_0_crw_142",7,"254026_0_20240410T050000",2024-04-10 05:00:00,-121.839578200105,36.8323285442763,0,"available_crw"
"254026_0",142,"254026_0_crw_142",8,"254026_0_20240410T110000",2024-04-10 11:00:00,-121.773680538356,36.803723238604,0,"available_crw"
"254026_0",142,"254026_0_crw_142",9,"254026_0_20240410T170000",2024-04-10 17:00:00,-121.821106510554,36.8939350210444,0,"available_crw"
"254026_0",142,"254026_0_crw_142",10,"254026_0_20240410T230000",2024-04-10 23:00:00,-121.837250919977,36.9042487566526,0,"available_crw"
"254026_0",142,"254026_0_crw_142",11,"254026_0_20240411T050000",2024-04-11 05:00:00,-121.861246042661,36.8897096693106,0,"available_crw"
"254026_0",142,"254026_0_crw_142",12,"254026_0_20240411T110000",2024-04-11 11:00:00,-121.890065321547,36.8305206475639,0,"available_crw"
"254026_0",142,"254026_0_crw_142",13,"254026_0_20240411T170000",2024-04-11 17:00:00,-121.891550463764,36.8187839888747,0,"available_crw"
"254026_0",142,"254026_0_crw_142",14,"254026_0_20240411T230000",2024-04-11 23:00:00,-121.89405982458,36.7960865508584,0,"available_crw"
"254026_0",142,"254026_0_crw_142",15,"254026_0_20240412T050000",2024-04-12 05:00:00,-121.878349352415,36.7689633306488,0,"available_crw"
"254026_0",142,"254026_0_crw_142",16,"254026_0_20240412T110000",2024-04-12 11:00:00,-121.812454106973,36.7339214610184,0,"available_crw"
"254026_0",142,"254026_0_crw_142",17,"254026_0_20240412T170000",2024-04-12 17:00:00,-121.849688639303,36.8271641690063,0,"available_crw"
"254026_0",142,"254026_0_crw_142",18,"254026_0_20240412T230000",2024-04-12 23:00:00,-121.864839672382,36.8544821349598,0,"available_crw"
"254026_0",142,"254026_0_crw_142",19,"254026_0_20240413T050000",2024-04-13 05:00:00,-121.835410444444,36.9008713323733,0,"available_crw"
"254026_0",142,"254026_0_crw_142",20,"254026_0_20240413T110000",2024-04-13 11:00:00,-121.835973025205,36.9174331012215,0,"available_crw"
"254026_0",142,"254026_0_crw_142",21,"254026_0_20240413T170000",2024-04-13 17:00:00,-121.802415859307,36.8635931882386,0,"available_crw"
"254026_0",142,"254026_0_crw_142",22,"254026_0_20240413T230000",2024-04-13 23:00:00,-121.784850200419,36.8365201145421,0,"available_crw"
"254026_0",142,"254026_0_crw_142",23,"254026_0_20240414T050000",2024-04-14 05:00:00,-121.771431194341,36.816449224124,0,"available_crw"
"254026_0",142,"254026_0_crw_142",24,"254026_0_20240414T110000",2024-04-14 11:00:00,-121.837527120919,36.8065370389468,0,"available_crw"
"254026_0",142,"254026_0_crw_142",25,"254026_0_20240414T170000",2024-04-14 17:00:00,-121.843422049075,36.6512148626141,0,"available_crw"
"254026_0",142,"254026_0_crw_142",26,"254026_0_20240414T230000",2024-04-14 23:00:00,-121.834142689982,36.6364295764969,0,"available_crw"
"254026_0",142,"254026_0_crw_142",27,"254026_0_20240415T050000",2024-04-15 05:00:00,-121.834974944745,36.6861730740126,0,"available_crw"
"254026_0",142,"254026_0_crw_142",28,"254026_0_20240415T110000",2024-04-15 11:00:00,-121.837582071517,36.7239106204258,0,"available_crw"
"254026_0",142,"254026_0_crw_142",29,"254026_0_20240415T170000",2024-04-15 17:00:00,-121.840323935365,36.7543641973753,0,"available_crw"
"254026_0",142,"254026_0_crw_142",30,"254026_0_20240415T230000",2024-04-15 23:00:00,-121.869840645506,36.7586919438548,0,"available_crw"
"254026_0",143,"254026_0_crw_143",1,"254026_0_20240408T170000",2024-04-08 17:00:00,-122.0637,36.9493,0,"available_crw"
"254026_0",143,"254026_0_crw_143",2,"254026_0_20240408T230000",2024-04-08 23:00:00,-122.044034444237,36.9325675630446,0,"available_crw"
"254026_0",143,"254026_0_crw_143",3,"254026_0_20240409T050000",2024-04-09 05:00:00,-122.113776807991,36.9547449026674,0,"available_crw"
"254026_0",143,"254026_0_crw_143",4,"254026_0_20240409T110000",2024-04-09 11:00:00,-122.128395438852,36.9559856102761,0,"available_crw"
"254026_0",143,"254026_0_crw_143",5,"254026_0_20240409T170000",2024-04-09 17:00:00,-122.147461592117,36.9496313871378,0,"available_crw"
"254026_0",143,"254026_0_crw_143",6,"254026_0_20240409T230000",2024-04-09 23:00:00,-122.170087776654,36.9258505359998,0,"available_crw"
"254026_0",143,"254026_0_crw_143",7,"254026_0_20240410T050000",2024-04-10 05:00:00,-122.114657231038,36.9480997191688,0,"available_crw"
"254026_0",143,"254026_0_crw_143",8,"254026_0_20240410T110000",2024-04-10 11:00:00,-122.120948111593,36.9717081662346,0,"available_crw"
"254026_0",143,"254026_0_crw_143",9,"254026_0_20240410T170000",2024-04-10 17:00:00,-122.113648596274,36.9686431838912,0,"available_crw"
"254026_0",143,"254026_0_crw_143",10,"254026_0_20240410T230000",2024-04-10 23:00:00,-122.161544740891,36.9306271444801,0,"available_crw"
"254026_0",143,"254026_0_crw_143",11,"254026_0_20240411T050000",2024-04-11 05:00:00,-122.177179280636,36.9113502164341,0,"available_crw"
"254026_0",143,"254026_0_crw_143",12,"254026_0_20240411T110000",2024-04-11 11:00:00,-122.187367831195,36.8898506832445,0,"available_crw"
"254026_0",143,"254026_0_crw_143",13,"254026_0_20240411T170000",2024-04-11 17:00:00,-122.325930963088,36.6924098869317,0,"available_crw"
"254026_0",143,"254026_0_crw_143",14,"254026_0_20240411T230000",2024-04-11 23:00:00,-122.344807956987,36.6608459529971,0,"available_crw"
"254026_0",143,"254026_0_crw_143",15,"254026_0_20240412T050000",2024-04-12 05:00:00,-122.356754111918,36.640189308385,0,"available_crw"
"254026_0",143,"254026_0_crw_143",16,"254026_0_20240412T110000",2024-04-12 11:00:00,-122.247729022654,36.6835264525409,0,"available_crw"
"254026_0",143,"254026_0_crw_143",17,"254026_0_20240412T170000",2024-04-12 17:00:00,-122.216376449825,36.6995640822618,0,"available_crw"
"254026_0",143,"254026_0_crw_143",18,"254026_0_20240412T230000",2024-04-12 23:00:00,-122.155107698468,36.6829272912901,0,"available_crw"
"254026_0",143,"254026_0_crw_143",19,"254026_0_20240413T050000",2024-04-13 05:00:00,-122.132668990876,36.634094914439,0,"available_crw"
"254026_0",143,"254026_0_crw_143",20,"254026_0_20240413T110000",2024-04-13 11:00:00,-122.152858558489,36.5610971441619,0,"available_crw"
"254026_0",143,"254026_0_crw_143",21,"254026_0_20240413T170000",2024-04-13 17:00:00,-122.152097245927,36.5493147895111,0,"available_crw"
"254026_0",143,"254026_0_crw_143",22,"254026_0_20240413T230000",2024-04-13 23:00:00,-122.198271695973,36.4844705798324,0,"available_crw"
"254026_0",143,"254026_0_crw_143",23,"254026_0_20240414T050000",2024-04-14 05:00:00,-122.217421394045,36.453033369821,0,"available_crw"
"254026_0",143,"254026_0_crw_143",24,"254026_0_20240414T110000",2024-04-14 11:00:00,-122.230073572493,36.4249210228289,0,"available_crw"
"254026_0",143,"254026_0_crw_143",25,"254026_0_20240414T170000",2024-04-14 17:00:00,-122.236652450412,36.4849053392497,0,"available_crw"
"254026_0",143,"254026_0_crw_143",26,"254026_0_20240414T230000",2024-04-14 23:00:00,-122.25454441887,36.4954144487636,0,"available_crw"
"254026_0",143,"254026_0_crw_143",27,"254026_0_20240415T050000",2024-04-15 05:00:00,-122.243547403958,36.5094216605663,0,"available_crw"
"254026_0",143,"254026_0_crw_143",28,"254026_0_20240415T110000",2024-04-15 11:00:00,-122.264006490454,36.5270355242298,0,"available_crw"
"254026_0",143,"254026_0_crw_143",29,"254026_0_20240415T170000",2024-04-15 17:00:00,-122.340008885112,36.5437377807859,0,"available_crw"
"254026_0",143,"254026_0_crw_143",30,"254026_0_20240415T230000",2024-04-15 23:00:00,-122.376692991896,36.5512496960582,0,"available_crw"
"254026_0",144,"254026_0_crw_144",1,"254026_0_20240408T170000",2024-04-08 17:00:00,-122.0637,36.9493,0,"available_crw"
"254026_0",144,"254026_0_crw_144",2,"254026_0_20240408T230000",2024-04-08 23:00:00,-122.045880689006,36.9409363638888,0,"available_crw"
"254026_0",144,"254026_0_crw_144",3,"254026_0_20240409T050000",2024-04-09 05:00:00,-122.012735176533,36.9259598469363,0,"available_crw"
"254026_0",144,"254026_0_crw_144",4,"254026_0_20240409T110000",2024-04-09 11:00:00,-121.970788261373,36.9088103671264,0,"available_crw"
"254026_0",144,"254026_0_crw_144",5,"254026_0_20240409T170000",2024-04-09 17:00:00,-122.018123414417,36.8703754230093,0,"available_crw"
"254026_0",144,"254026_0_crw_144",6,"254026_0_20240409T230000",2024-04-09 23:00:00,-122.04437970307,36.8483033103398,0,"available_crw"
"254026_0",144,"254026_0_crw_144",7,"254026_0_20240410T050000",2024-04-10 05:00:00,-121.936540130379,36.7193676424912,0,"available_crw"
"254026_0",144,"254026_0_crw_144",8,"254026_0_20240410T110000",2024-04-10 11:00:00,-121.90314794267,36.7062290548417,0,"available_crw"
"254026_0",144,"254026_0_crw_144",9,"254026_0_20240410T170000",2024-04-10 17:00:00,-121.883656386881,36.7245754547739,0,"available_crw"
"254026_0",144,"254026_0_crw_144",10,"254026_0_20240410T230000",2024-04-10 23:00:00,-121.870096326971,36.7448247226316,0,"available_crw"
"254026_0",144,"254026_0_crw_144",11,"254026_0_20240411T050000",2024-04-11 05:00:00,-121.862166753783,36.7669253006074,0,"available_crw"
"254026_0",144,"254026_0_crw_144",12,"254026_0_20240411T110000",2024-04-11 11:00:00,-121.850820693295,36.8013377340649,0,"available_crw"
"254026_0",144,"254026_0_crw_144",13,"254026_0_20240411T170000",2024-04-11 17:00:00,-121.794184318968,36.772224780969,0,"available_crw"
"254026_0",144,"254026_0_crw_144",14,"254026_0_20240411T230000",2024-04-11 23:00:00,-121.83524726742,36.7505118356457,0,"available_crw"
"254026_0",144,"254026_0_crw_144",15,"254026_0_20240412T050000",2024-04-12 05:00:00,-121.853344525067,36.8025778328996,0,"available_crw"
"254026_0",144,"254026_0_crw_144",16,"254026_0_20240412T110000",2024-04-12 11:00:00,-121.861325030297,36.8244424591743,0,"available_crw"
"254026_0",144,"254026_0_crw_144",17,"254026_0_20240412T170000",2024-04-12 17:00:00,-121.853775355824,36.8218238191296,0,"available_crw"
"254026_0",144,"254026_0_crw_144",18,"254026_0_20240412T230000",2024-04-12 23:00:00,-121.818662964614,36.8101933205876,0,"available_crw"
"254026_0",144,"254026_0_crw_144",19,"254026_0_20240413T050000",2024-04-13 05:00:00,-121.777374843562,36.7973443436381,0,"available_crw"
"254026_0",144,"254026_0_crw_144",20,"254026_0_20240413T110000",2024-04-13 11:00:00,-121.852068799254,36.7932540908519,0,"available_crw"
"254026_0",144,"254026_0_crw_144",21,"254026_0_20240413T170000",2024-04-13 17:00:00,-122.089979139997,36.8092573793102,0,"available_crw"
"254026_0",144,"254026_0_crw_144",22,"254026_0_20240413T230000",2024-04-13 23:00:00,-122.019740940025,36.8301573915877,0,"available_crw"
"254026_0",144,"254026_0_crw_144",23,"254026_0_20240414T050000",2024-04-14 05:00:00,-122.135368937328,36.861074185411,0,"available_crw"
"254026_0",144,"254026_0_crw_144",24,"254026_0_20240414T110000",2024-04-14 11:00:00,-122.060934623278,36.8680491380615,0,"available_crw"
"254026_0",144,"254026_0_crw_144",25,"254026_0_20240414T170000",2024-04-14 17:00:00,-122.048347879325,36.8827747445253,0,"available_crw"
"254026_0",144,"254026_0_crw_144",26,"254026_0_20240414T230000",2024-04-14 23:00:00,-121.983726612248,36.8868345393629,0,"available_crw"
"254026_0",144,"254026_0_crw_144",27,"254026_0_20240415T050000",2024-04-15 05:00:00,-121.93962286753,36.8903681494928,0,"available_crw"
"254026_0",144,"254026_0_crw_144",28,"254026_0_20240415T110000",2024-04-15 11:00:00,-121.925931951751,36.8946397799702,0,"available_crw"
"254026_0",144,"254026_0_crw_144",29,"254026_0_20240415T170000",2024-04-15 17:00:00,-121.886361926513,36.9093809088685,0,"available_crw"
"254026_0",144,"254026_0_crw_144",30,"254026_0_20240415T230000",2024-04-15 23:00:00,-121.84655095606,36.9250531744977,0,"available_crw"
"254026_0",145,"254026_0_crw_145",1,"254026_0_20240408T170000",2024-04-08 17:00:00,-122.0637,36.9493,0,"available_crw"
"254026_0",145,"254026_0_crw_145",2,"254026_0_20240408T230000",2024-04-08 23:00:00,-122.21516970335,36.9136129426167,0,"available_crw"
"254026_0",145,"254026_0_crw_145",3,"254026_0_20240409T050000",2024-04-09 05:00:00,-122.208569036502,36.9527935219071,0,"available_crw"
"254026_0",145,"254026_0_crw_145",4,"254026_0_20240409T110000",2024-04-09 11:00:00,-122.204222331443,36.9904291667117,0,"available_crw"
"254026_0",145,"254026_0_crw_145",5,"254026_0_20240409T170000",2024-04-09 17:00:00,-122.288988019383,36.9199707723864,0,"available_crw"
"254026_0",145,"254026_0_crw_145",6,"254026_0_20240409T230000",2024-04-09 23:00:00,-122.307387206842,36.9566463100087,0,"available_crw"
"254026_0",145,"254026_0_crw_145",7,"254026_0_20240410T050000",2024-04-10 05:00:00,-122.498251295291,36.930568709614,0,"available_crw"
"254026_0",145,"254026_0_crw_145",8,"254026_0_20240410T110000",2024-04-10 11:00:00,-122.511540509858,36.925531981507,0,"available_crw"
"254026_0",145,"254026_0_crw_145",9,"254026_0_20240410T170000",2024-04-10 17:00:00,-122.517607888859,36.9083447772685,0,"available_crw"
"254026_0",145,"254026_0_crw_145",10,"254026_0_20240410T230000",2024-04-10 23:00:00,-122.537796024718,36.9118364038653,0,"available_crw"
"254026_0",145,"254026_0_crw_145",11,"254026_0_20240411T050000",2024-04-11 05:00:00,-122.489127655255,36.8810586122214,0,"available_crw"
"254026_0",145,"254026_0_crw_145",12,"254026_0_20240411T110000",2024-04-11 11:00:00,-122.532708100378,36.8626907846451,0,"available_crw"
"254026_0",145,"254026_0_crw_145",13,"254026_0_20240411T170000",2024-04-11 17:00:00,-122.592228947126,36.8833006718522,0,"available_crw"
"254026_0",145,"254026_0_crw_145",14,"254026_0_20240411T230000",2024-04-11 23:00:00,-122.612282668827,36.8755801399689,0,"available_crw"
"254026_0",145,"254026_0_crw_145",15,"254026_0_20240412T050000",2024-04-12 05:00:00,-122.61358001597,36.9151057524145,0,"available_crw"
"254026_0",145,"254026_0_crw_145",16,"254026_0_20240412T110000",2024-04-12 11:00:00,-122.630726766477,36.9264900067154,0,"available_crw"
"254026_0",145,"254026_0_crw_145",17,"254026_0_20240412T170000",2024-04-12 17:00:00,-122.622636085451,36.9277199681225,0,"available_crw"
"254026_0",145,"254026_0_crw_145",18,"254026_0_20240412T230000",2024-04-12 23:00:00,-122.579248071985,36.935100615026,0,"available_crw"
"254026_0",145,"254026_0_crw_145",19,"254026_0_20240413T050000",2024-04-13 05:00:00,-122.543836888374,36.944415197089,0,"available_crw"
"254026_0",145,"254026_0_crw_145",20,"254026_0_20240413T110000",2024-04-13 11:00:00,-122.519102704366,36.9560400748884,0,"available_crw"
"254026_0",145,"254026_0_crw_145",21,"254026_0_20240413T170000",2024-04-13 17:00:00,-122.504373827555,36.9032815086046,0,"available_crw"
"254026_0",145,"254026_0_crw_145",22,"254026_0_20240413T230000",2024-04-13 23:00:00,-122.492134437479,36.8696543816681,0,"available_crw"
"254026_0",145,"254026_0_crw_145",23,"254026_0_20240414T050000",2024-04-14 05:00:00,-122.433487013574,36.8270066766836,0,"available_crw"
"254026_0",145,"254026_0_crw_145",24,"254026_0_20240414T110000",2024-04-14 11:00:00,-122.399382522706,36.8051994419437,0,"available_crw"
"254026_0",145,"254026_0_crw_145",25,"254026_0_20240414T170000",2024-04-14 17:00:00,-122.377530359818,36.8084199059906,0,"available_crw"
"254026_0",145,"254026_0_crw_145",26,"254026_0_20240414T230000",2024-04-14 23:00:00,-122.386101976129,36.7547933221049,0,"available_crw"
"254026_0",145,"254026_0_crw_145",27,"254026_0_20240415T050000",2024-04-15 05:00:00,-122.406669295979,36.7558503171867,0,"available_crw"
"254026_0",145,"254026_0_crw_145",28,"254026_0_20240415T110000",2024-04-15 11:00:00,-122.434938328516,36.7524151105478,0,"available_crw"
"254026_0",145,"254026_0_crw_145",29,"254026_0_20240415T170000",2024-04-15 17:00:00,-122.673548355753,36.7527592274909,0,"available_crw"
"254026_0",145,"254026_0_crw_145",30,"254026_0_20240415T230000",2024-04-15 23:00:00,-122.578703639219,36.6914058871786,0,"available_crw"
"254026_0",146,"254026_0_crw_146",1,"254026_0_20240408T170000",2024-04-08 17:00:00,-122.0637,36.9493,0,"available_crw"
"254026_0",146,"254026_0_crw_146",2,"254026_0_20240408T230000",2024-04-08 23:00:00,-122.037704116488,36.9177874740022,0,"available_crw"
"254026_0",146,"254026_0_crw_146",3,"254026_0_20240409T050000",2024-04-09 05:00:00,-122.054158309308,36.9077677458086,0,"available_crw"
"254026_0",146,"254026_0_crw_146",4,"254026_0_20240409T110000",2024-04-09 11:00:00,-122.042560669967,36.8854949680085,0,"available_crw"
"254026_0",146,"254026_0_crw_146",5,"254026_0_20240409T170000",2024-04-09 17:00:00,-122.026472364183,36.8751276151009,0,"available_crw"
"254026_0",146,"254026_0_crw_146",6,"254026_0_20240409T230000",2024-04-09 23:00:00,-122.004129431853,36.8610922539846,0,"available_crw"
"254026_0",146,"254026_0_crw_146",7,"254026_0_20240410T050000",2024-04-10 05:00:00,-122.003059267493,36.8090307641459,0,"available_crw"
"254026_0",146,"254026_0_crw_146",8,"254026_0_20240410T110000",2024-04-10 11:00:00,-122.000307079564,36.7712989544418,0,"available_crw"
"254026_0",146,"254026_0_crw_146",9,"254026_0_20240410T170000",2024-04-10 17:00:00,-121.955087698361,36.7191872370374,0,"available_crw"
"254026_0",146,"254026_0_crw_146",10,"254026_0_20240410T230000",2024-04-10 23:00:00,-121.936671846705,36.7117908355142,0,"available_crw"
"254026_0",146,"254026_0_crw_146",11,"254026_0_20240411T050000",2024-04-11 05:00:00,-121.858030266774,36.7173767107612,0,"available_crw"
"254026_0",146,"254026_0_crw_146",12,"254026_0_20240411T110000",2024-04-11 11:00:00,-121.811473998032,36.7222549191976,0,"available_crw"
"254026_0",146,"254026_0_crw_146",13,"254026_0_20240411T170000",2024-04-11 17:00:00,-121.915469102002,36.773123278834,0,"available_crw"
"254026_0",146,"254026_0_crw_146",14,"254026_0_20240411T230000",2024-04-11 23:00:00,-121.954072593675,36.7893415140346,0,"available_crw"
"254026_0",146,"254026_0_crw_146",15,"254026_0_20240412T050000",2024-04-12 05:00:00,-121.988710296736,36.8002318694295,0,"available_crw"
"254026_0",146,"254026_0_crw_146",16,"254026_0_20240412T110000",2024-04-12 11:00:00,-121.953665927774,36.8279658256149,0,"available_crw"
"254026_0",146,"254026_0_crw_146",17,"254026_0_20240412T170000",2024-04-12 17:00:00,-121.875588810186,36.7179012868849,0,"available_crw"
"254026_0",146,"254026_0_crw_146",18,"254026_0_20240412T230000",2024-04-12 23:00:00,-121.85064996,36.6858812661033,0,"available_crw"
"254026_0",146,"254026_0_crw_146",19,"254026_0_20240413T050000",2024-04-13 05:00:00,-121.826361511733,36.6561369259521,0,"available_crw"
"254026_0",146,"254026_0_crw_146",20,"254026_0_20240413T110000",2024-04-13 11:00:00,-121.842797429412,36.6461580220662,0,"available_crw"
"254026_0",146,"254026_0_crw_146",21,"254026_0_20240413T170000",2024-04-13 17:00:00,-121.864980564242,36.6971835007157,0,"available_crw"
"254026_0",146,"254026_0_crw_146",22,"254026_0_20240413T230000",2024-04-13 23:00:00,-121.882356477056,36.7322954651067,0,"available_crw"
"254026_0",146,"254026_0_crw_146",23,"254026_0_20240414T050000",2024-04-14 05:00:00,-121.899768621211,36.7587199651426,0,"available_crw"
"254026_0",146,"254026_0_crw_146",24,"254026_0_20240414T110000",2024-04-14 11:00:00,-121.921362700662,36.7897967210608,0,"available_crw"
"254026_0",146,"254026_0_crw_146",25,"254026_0_20240414T170000",2024-04-14 17:00:00,-122.106145760929,36.7445461611827,0,"available_crw"
"254026_0",146,"254026_0_crw_146",26,"254026_0_20240414T230000",2024-04-14 23:00:00,-122.150884098771,36.7323605008027,0,"available_crw"
"254026_0",146,"254026_0_crw_146",27,"254026_0_20240415T050000",2024-04-15 05:00:00,-122.192452809227,36.7201948315591,0,"available_crw"
"254026_0",146,"254026_0_crw_146",28,"254026_0_20240415T110000",2024-04-15 11:00:00,-122.216310660709,36.6972493067065,0,"available_crw"
"254026_0",146,"254026_0_crw_146",29,"254026_0_20240415T170000",2024-04-15 17:00:00,-122.098389795225,36.5742880084741,0,"available_crw"
"254026_0",146,"254026_0_crw_146",30,"254026_0_20240415T230000",2024-04-15 23:00:00,-122.113299138385,36.5236245031931,0,"available_crw"
"254026_0",147,"254026_0_crw_147",1,"254026_0_20240408T170000",2024-04-08 17:00:00,-122.0637,36.9493,0,"available_crw"
"254026_0",147,"254026_0_crw_147",2,"254026_0_20240408T230000",2024-04-08 23:00:00,-122.129215532388,36.9367507128748,0,"available_crw"
"254026_0",147,"254026_0_crw_147",3,"254026_0_20240409T050000",2024-04-09 05:00:00,-122.018958644928,36.8948716535784,0,"available_crw"
"254026_0",147,"254026_0_crw_147",4,"254026_0_20240409T110000",2024-04-09 11:00:00,-121.991068158473,36.8896463089535,0,"available_crw"
"254026_0",147,"254026_0_crw_147",5,"254026_0_20240409T170000",2024-04-09 17:00:00,-121.926467480871,36.8358100740457,0,"available_crw"
"254026_0",147,"254026_0_crw_147",6,"254026_0_20240409T230000",2024-04-09 23:00:00,-121.906544229017,36.8196012363727,0,"available_crw"
"254026_0",147,"254026_0_crw_147",7,"254026_0_20240410T050000",2024-04-10 05:00:00,-122.043140822291,36.7564427358006,0,"available_crw"
"254026_0",147,"254026_0_crw_147",8,"254026_0_20240410T110000",2024-04-10 11:00:00,-122.035148455986,36.7331726073787,0,"available_crw"
"254026_0",147,"254026_0_crw_147",9,"254026_0_20240410T170000",2024-04-10 17:00:00,-122.042637433791,36.7358868605233,0,"available_crw"
"254026_0",147,"254026_0_crw_147",10,"254026_0_20240410T230000",2024-04-10 23:00:00,-122.083396659075,36.7481873030278,0,"available_crw"
"254026_0",147,"254026_0_crw_147",11,"254026_0_20240411T050000",2024-04-11 05:00:00,-122.040936832017,36.7120354197464,0,"available_crw"
"254026_0",147,"254026_0_crw_147",12,"254026_0_20240411T110000",2024-04-11 11:00:00,-122.1014428617,36.688598331144,0,"available_crw"
"254026_0",147,"254026_0_crw_147",13,"254026_0_20240411T170000",2024-04-11 17:00:00,-122.123967455946,36.6744537534526,0,"available_crw"
"254026_0",147,"254026_0_crw_147",14,"254026_0_20240411T230000",2024-04-11 23:00:00,-122.135720399025,36.7128425008652,0,"available_crw"
"254026_0",147,"254026_0_crw_147",15,"254026_0_20240412T050000",2024-04-12 05:00:00,-122.105396876991,36.7835382446735,0,"available_crw"
"254026_0",147,"254026_0_crw_147",16,"254026_0_20240412T110000",2024-04-12 11:00:00,-122.122555303993,36.8455844933411,0,"available_crw"
"254026_0",147,"254026_0_crw_147",17,"254026_0_20240412T170000",2024-04-12 17:00:00,-122.115236849328,36.8425674467125,0,"available_crw"
"254026_0",147,"254026_0_crw_147",18,"254026_0_20240412T230000",2024-04-12 23:00:00,-121.886876536187,36.7097080368816,0,"available_crw"
"254026_0",147,"254026_0_crw_147",19,"254026_0_20240413T050000",2024-04-13 05:00:00,-121.929410577908,36.6899586122329,0,"available_crw"
"254026_0",147,"254026_0_crw_147",20,"254026_0_20240413T110000",2024-04-13 11:00:00,-121.953734453782,36.6783192212864,0,"available_crw"
"254026_0",147,"254026_0_crw_147",21,"254026_0_20240413T170000",2024-04-13 17:00:00,-121.963857595366,36.6697933235044,0,"available_crw"
"254026_0",147,"254026_0_crw_147",22,"254026_0_20240413T230000",2024-04-13 23:00:00,-122.028276845375,36.6740863787889,0,"available_crw"
"254026_0",147,"254026_0_crw_147",23,"254026_0_20240414T050000",2024-04-14 05:00:00,-121.958162723387,36.6949868754968,0,"available_crw"
"254026_0",147,"254026_0_crw_147",24,"254026_0_20240414T110000",2024-04-14 11:00:00,-121.943132231392,36.5688373432041,0,"available_crw"
"254026_0",147,"254026_0_crw_147",25,"254026_0_20240414T170000",2024-04-14 17:00:00,-121.947920717404,36.3253055513108,0,"available_crw"
"254026_0",147,"254026_0_crw_147",26,"254026_0_20240414T230000",2024-04-14 23:00:00,-121.920029989259,36.369647015446,0,"available_crw"
"254026_0",147,"254026_0_crw_147",27,"254026_0_20240415T050000",2024-04-15 05:00:00,-121.942408316346,36.3856297601285,0,"available_crw"
"254026_0",147,"254026_0_crw_147",28,"254026_0_20240415T110000",2024-04-15 11:00:00,-121.897885159484,36.4019886215644,0,"available_crw"
"254026_0",147,"254026_0_crw_147",29,"254026_0_20240415T170000",2024-04-15 17:00:00,-121.871707648618,36.277036571933,0,"available_crw"
"254026_0",147,"254026_0_crw_147",30,"254026_0_20240415T230000",2024-04-15 23:00:00,-121.914022707156,36.3265636436534,0,"available_crw"
"254026_0",148,"254026_0_crw_148",1,"254026_0_20240408T170000",2024-04-08 17:00:00,-122.0637,36.9493,0,"available_crw"
"254026_0",148,"254026_0_crw_148",2,"254026_0_20240408T230000",2024-04-08 23:00:00,-122.037704116488,36.9177874740022,0,"available_crw"
"254026_0",148,"254026_0_crw_148",3,"254026_0_20240409T050000",2024-04-09 05:00:00,-122.01134775519,36.8898724937855,0,"available_crw"
"254026_0",148,"254026_0_crw_148",4,"254026_0_20240409T110000",2024-04-09 11:00:00,-121.982838628232,36.8633641946909,0,"available_crw"
"254026_0",148,"254026_0_crw_148",5,"254026_0_20240409T170000",2024-04-09 17:00:00,-121.950879653604,36.8353429863779,0,"available_crw"
"254026_0",148,"254026_0_crw_148",6,"254026_0_20240409T230000",2024-04-09 23:00:00,-121.928663373004,36.8357761402676,0,"available_crw"
"254026_0",148,"254026_0_crw_148",7,"254026_0_20240410T050000",2024-04-10 05:00:00,-121.995722500361,36.8089616852115,0,"available_crw"
"254026_0",148,"254026_0_crw_148",8,"254026_0_20240410T110000",2024-04-10 11:00:00,-122.223024321815,36.7503876154457,0,"available_crw"
"254026_0",148,"254026_0_crw_148",9,"254026_0_20240410T170000",2024-04-10 17:00:00,-122.247763421144,36.7388621926078,0,"available_crw"
"254026_0",148,"254026_0_crw_148",10,"254026_0_20240410T230000",2024-04-10 23:00:00,-122.287368874185,36.7185546161093,0,"available_crw"
"254026_0",148,"254026_0_crw_148",11,"254026_0_20240411T050000",2024-04-11 05:00:00,-122.290684089124,36.7008906698938,0,"available_crw"
"254026_0",148,"254026_0_crw_148",12,"254026_0_20240411T110000",2024-04-11 11:00:00,-122.346452210761,36.6745421808652,0,"available_crw"
"254026_0",148,"254026_0_crw_148",13,"254026_0_20240411T170000",2024-04-11 17:00:00,-122.384062680275,36.6558415655206,0,"available_crw"
"254026_0",148,"254026_0_crw_148",14,"254026_0_20240411T230000",2024-04-11 23:00:00,-122.41951335479,36.6355574241229,0,"available_crw"
"254026_0",148,"254026_0_crw_148",15,"254026_0_20240412T050000",2024-04-12 05:00:00,-122.481745750842,36.649579728337,0,"available_crw"
"254026_0",148,"254026_0_crw_148",16,"254026_0_20240412T110000",2024-04-12 11:00:00,-122.402032360003,36.7588627409159,0,"available_crw"
"254026_0",148,"254026_0_crw_148",17,"254026_0_20240412T170000",2024-04-12 17:00:00,-122.383635902088,36.7513872222764,0,"available_crw"
"254026_0",148,"254026_0_crw_148",18,"254026_0_20240412T230000",2024-04-12 23:00:00,-122.336764007652,36.6868119578178,0,"available_crw"
"254026_0",148,"254026_0_crw_148",19,"254026_0_20240413T050000",2024-04-13 05:00:00,-122.340974572073,36.6120963942235,0,"available_crw"
"254026_0",148,"254026_0_crw_148",20,"254026_0_20240413T110000",2024-04-13 11:00:00,-122.154810427213,36.5718961921388,0,"available_crw"
"254026_0",148,"254026_0_crw_148",21,"254026_0_20240413T170000",2024-04-13 17:00:00,-122.118973810935,36.5796454904643,0,"available_crw"
"254026_0",148,"254026_0_crw_148",22,"254026_0_20240413T230000",2024-04-13 23:00:00,-122.127930478169,36.7348831395848,0,"available_crw"
"254026_0",148,"254026_0_crw_148",23,"254026_0_20240414T050000",2024-04-14 05:00:00,-122.107452536392,36.7367086782527,0,"available_crw"
"254026_0",148,"254026_0_crw_148",24,"254026_0_20240414T110000",2024-04-14 11:00:00,-121.804854958952,36.7359798885496,0,"available_crw"
"254026_0",148,"254026_0_crw_148",25,"254026_0_20240414T170000",2024-04-14 17:00:00,-121.757643280696,36.7369235835451,0,"available_crw"
"254026_0",148,"254026_0_crw_148",26,"254026_0_20240414T230000",2024-04-14 23:00:00,-121.854489717903,36.7962540901954,0,"available_crw"
"254026_0",148,"254026_0_crw_148",27,"254026_0_20240415T050000",2024-04-15 05:00:00,-121.885094819958,36.8143261324019,0,"available_crw"
"254026_0",148,"254026_0_crw_148",28,"254026_0_20240415T110000",2024-04-15 11:00:00,-121.811656438145,36.8025669672714,0,"available_crw"
"254026_0",148,"254026_0_crw_148",29,"254026_0_20240415T170000",2024-04-15 17:00:00,-121.798603449091,36.8243074638347,0,"available_crw"
"254026_0",148,"254026_0_crw_148",30,"254026_0_20240415T230000",2024-04-15 23:00:00,-121.78613749019,36.8524880280773,0,"available_crw"
"254026_0",149,"254026_0_crw_149",1,"254026_0_20240408T170000",2024-04-08 17:00:00,-122.0637,36.9493,0,"available_crw"
"254026_0",149,"254026_0_crw_149",2,"254026_0_20240408T230000",2024-04-08 23:00:00,-122.038809429567,36.9205246392105,0,"available_crw"
"254026_0",149,"254026_0_crw_149",3,"254026_0_20240409T050000",2024-04-09 05:00:00,-122.056953825934,36.8705371194231,0,"available_crw"
"254026_0",149,"254026_0_crw_149",4,"254026_0_20240409T110000",2024-04-09 11:00:00,-122.127302948367,36.8215842619443,0,"available_crw"
"254026_0",149,"254026_0_crw_149",5,"254026_0_20240409T170000",2024-04-09 17:00:00,-122.155579091178,36.8012015996153,0,"available_crw"
"254026_0",149,"254026_0_crw_149",6,"254026_0_20240409T230000",2024-04-09 23:00:00,-122.189208570016,36.7748000937072,0,"available_crw"
"254026_0",149,"254026_0_crw_149",7,"254026_0_20240410T050000",2024-04-10 05:00:00,-122.189871029441,36.7813893839319,0,"available_crw"
"254026_0",149,"254026_0_crw_149",8,"254026_0_20240410T110000",2024-04-10 11:00:00,-122.195077664295,36.819171481033,0,"available_crw"
"254026_0",149,"254026_0_crw_149",9,"254026_0_20240410T170000",2024-04-10 17:00:00,-122.188210934326,36.8155353006234,0,"available_crw"
"254026_0",149,"254026_0_crw_149",10,"254026_0_20240410T230000",2024-04-10 23:00:00,-121.955839986339,36.6595166080308,0,"available_crw"
"254026_0",149,"254026_0_crw_149",11,"254026_0_20240411T050000",2024-04-11 05:00:00,-121.920774347738,36.6388052076574,0,"available_crw"
"254026_0",149,"254026_0_crw_149",12,"254026_0_20240411T110000",2024-04-11 11:00:00,-121.952313486909,36.7333926991121,0,"available_crw"
"254026_0",149,"254026_0_crw_149",13,"254026_0_20240411T170000",2024-04-11 17:00:00,-122.001132455605,36.6436913798651,0,"available_crw"
"254026_0",149,"254026_0_crw_149",14,"254026_0_20240411T230000",2024-04-11 23:00:00,-122.051512234063,36.6794082680978,0,"available_crw"
"254026_0",149,"254026_0_crw_149",15,"254026_0_20240412T050000",2024-04-12 05:00:00,-122.038928892474,36.6925338007845,0,"available_crw"
"254026_0",149,"254026_0_crw_149",16,"254026_0_20240412T110000",2024-04-12 11:00:00,-122.016253002265,36.7170082349696,0,"available_crw"
"254026_0",149,"254026_0_crw_149",17,"254026_0_20240412T170000",2024-04-12 17:00:00,-121.990578456198,36.7460000907014,0,"available_crw"
"254026_0",149,"254026_0_crw_149",18,"254026_0_20240412T230000",2024-04-12 23:00:00,-121.965722113478,36.7118994363635,0,"available_crw"
"254026_0",149,"254026_0_crw_149",19,"254026_0_20240413T050000",2024-04-13 05:00:00,-121.943922238371,36.7085781287157,0,"available_crw"
"254026_0",149,"254026_0_crw_149",20,"254026_0_20240413T110000",2024-04-13 11:00:00,-122.016370077991,36.6936632234526,0,"available_crw"
"254026_0",149,"254026_0_crw_149",21,"254026_0_20240413T170000",2024-04-13 17:00:00,-122.315761316444,36.65952302245,0,"available_crw"
"254026_0",149,"254026_0_crw_149",22,"254026_0_20240413T230000",2024-04-13 23:00:00,-122.311468018646,36.6651570388805,0,"available_crw"
"254026_0",149,"254026_0_crw_149",23,"254026_0_20240414T050000",2024-04-14 05:00:00,-122.31993182337,36.6053264332108,0,"available_crw"
"254026_0",149,"254026_0_crw_149",24,"254026_0_20240414T110000",2024-04-14 11:00:00,-122.393228655161,36.38644999176,0,"available_crw"
"254026_0",149,"254026_0_crw_149",25,"254026_0_20240414T170000",2024-04-14 17:00:00,-122.398952590793,36.3568958461925,0,"available_crw"
"254026_0",149,"254026_0_crw_149",26,"254026_0_20240414T230000",2024-04-14 23:00:00,-122.404166012109,36.3266500887372,0,"available_crw"
"254026_0",149,"254026_0_crw_149",27,"254026_0_20240415T050000",2024-04-15 05:00:00,-122.408748769723,36.2963375633371,0,"available_crw"
"254026_0",149,"254026_0_crw_149",28,"254026_0_20240415T110000",2024-04-15 11:00:00,-122.406147414419,36.2734270329772,0,"available_crw"
"254026_0",149,"254026_0_crw_149",29,"254026_0_20240415T170000",2024-04-15 17:00:00,-122.471363721155,36.2850729454933,0,"available_crw"
"254026_0",149,"254026_0_crw_149",30,"254026_0_20240415T230000",2024-04-15 23:00:00,-122.536386379286,36.3382271780872,0,"available_crw"
"254026_0",150,"254026_0_crw_150",1,"254026_0_20240408T170000",2024-04-08 17:00:00,-122.0637,36.9493,0,"available_crw"
"254026_0",150,"254026_0_crw_150",2,"254026_0_20240408T230000",2024-04-08 23:00:00,-122.04178220676,36.9461983322027,0,"available_crw"
"254026_0",150,"254026_0_crw_150",3,"254026_0_20240409T050000",2024-04-09 05:00:00,-122.013143950267,36.947086570197,0,"available_crw"
"254026_0",150,"254026_0_crw_150",4,"254026_0_20240409T110000",2024-04-09 11:00:00,-121.98538657102,36.9528162873999,0,"available_crw"
"254026_0",150,"254026_0_crw_150",5,"254026_0_20240409T170000",2024-04-09 17:00:00,-121.897034584515,36.9290883902774,0,"available_crw"
"254026_0",150,"254026_0_crw_150",6,"254026_0_20240409T230000",2024-04-09 23:00:00,-121.860640890517,36.922700236734,0,"available_crw"
"254026_0",150,"254026_0_crw_150",7,"254026_0_20240410T050000",2024-04-10 05:00:00,-121.832843536543,36.9181087285315,0,"available_crw"
"254026_0",150,"254026_0_crw_150",8,"254026_0_20240410T110000",2024-04-10 11:00:00,-121.839270425914,36.913977921247,0,"available_crw"
"254026_0",150,"254026_0_crw_150",9,"254026_0_20240410T170000",2024-04-10 17:00:00,-121.847245990364,36.8986980360193,0,"available_crw"
"254026_0",150,"254026_0_crw_150",10,"254026_0_20240410T230000",2024-04-10 23:00:00,-121.971908715461,36.7349510552547,0,"available_crw"
"254026_0",150,"254026_0_crw_150",11,"254026_0_20240411T050000",2024-04-11 05:00:00,-121.999719070502,36.7675445693946,0,"available_crw"
"254026_0",150,"254026_0_crw_150",12,"254026_0_20240411T110000",2024-04-11 11:00:00,-122.025576751859,36.7964404410946,0,"available_crw"
"254026_0",150,"254026_0_crw_150",13,"254026_0_20240411T170000",2024-04-11 17:00:00,-122.047692442279,36.7981036256612,0,"available_crw"
"254026_0",150,"254026_0_crw_150",14,"254026_0_20240411T230000",2024-04-11 23:00:00,-122.063785853419,36.7857921995871,0,"available_crw"
"254026_0",150,"254026_0_crw_150",15,"254026_0_20240412T050000",2024-04-12 05:00:00,-122.071312654396,36.7756665251569,0,"available_crw"
"254026_0",150,"254026_0_crw_150",16,"254026_0_20240412T110000",2024-04-12 11:00:00,-122.064443796159,36.758679138214,0,"available_crw"
"254026_0",150,"254026_0_crw_150",17,"254026_0_20240412T170000",2024-04-12 17:00:00,-122.004316068295,36.717470990457,0,"available_crw"
"254026_0",150,"254026_0_crw_150",18,"254026_0_20240412T230000",2024-04-12 23:00:00,-121.973604610801,36.7006420849271,0,"available_crw"
"254026_0",150,"254026_0_crw_150",19,"254026_0_20240413T050000",2024-04-13 05:00:00,-121.936155829078,36.6828161677371,0,"available_crw"
"254026_0",150,"254026_0_crw_150",20,"254026_0_20240413T110000",2024-04-13 11:00:00,-121.897382671411,36.6669464149091,0,"available_crw"
"254026_0",150,"254026_0_crw_150",21,"254026_0_20240413T170000",2024-04-13 17:00:00,-121.88302746358,36.6646141528656,0,"available_crw"
"254026_0",150,"254026_0_crw_150",22,"254026_0_20240413T230000",2024-04-13 23:00:00,-121.952389983417,36.5508902234561,0,"available_crw"
"254026_0",150,"254026_0_crw_150",23,"254026_0_20240414T050000",2024-04-14 05:00:00,-121.959254736358,36.5285626546053,0,"available_crw"
"254026_0",150,"254026_0_crw_150",24,"254026_0_20240414T110000",2024-04-14 11:00:00,-121.964113100811,36.5338852183643,0,"available_crw"
"254026_0",150,"254026_0_crw_150",25,"254026_0_20240414T170000",2024-04-14 17:00:00,-122.139837170388,36.4704435260448,0,"available_crw"
"254026_0",150,"254026_0_crw_150",26,"254026_0_20240414T230000",2024-04-14 23:00:00,-122.151076188021,36.4629071048038,0,"available_crw"
"254026_0",150,"254026_0_crw_150",27,"254026_0_20240415T050000",2024-04-15 05:00:00,-122.138342396703,36.4410639467483,0,"available_crw"
"254026_0",150,"254026_0_crw_150",28,"254026_0_20240415T110000",2024-04-15 11:00:00,-122.187269959621,36.4402857669306,0,"available_crw"
"254026_0",150,"254026_0_crw_150",29,"254026_0_20240415T170000",2024-04-15 17:00:00,-122.168176916492,36.4921091166939,0,"available_crw"
"254026_0",150,"254026_0_crw_150",30,"254026_0_20240415T230000",2024-04-15 23:00:00,-122.048166372568,36.6971428092135,0,"available_crw"
"254026_0",151,"254026_0_crw_151",1,"254026_0_20240408T170000",2024-04-08 17:00:00,-122.0637,36.9493,0,"available_crw"
"254026_0",151,"254026_0_crw_151",2,"254026_0_20240408T230000",2024-04-08 23:00:00,-122.039962132268,36.9192265417833,0,"available_crw"
"254026_0",151,"254026_0_crw_151",3,"254026_0_20240409T050000",2024-04-09 05:00:00,-122.060711669529,36.8698971938718,0,"available_crw"
"254026_0",151,"254026_0_crw_151",4,"254026_0_20240409T110000",2024-04-09 11:00:00,-122.114917593778,36.9019445826222,0,"available_crw"
"254026_0",151,"254026_0_crw_151",5,"254026_0_20240409T170000",2024-04-09 17:00:00,-122.117900583436,36.9539583515025,0,"available_crw"
"254026_0",151,"254026_0_crw_151",6,"254026_0_20240409T230000",2024-04-09 23:00:00,-122.308827552466,36.9799906157219,0,"available_crw"
"254026_0",151,"254026_0_crw_151",7,"254026_0_20240410T050000",2024-04-10 05:00:00,-122.277905195321,37.0280322531181,0,"available_crw"
"254026_0",151,"254026_0_crw_151",8,"254026_0_20240410T110000",2024-04-10 11:00:00,-122.270435368061,37.050243009937,0,"available_crw"
"254026_0",151,"254026_0_crw_151",9,"254026_0_20240410T170000",2024-04-10 17:00:00,-122.264667840317,37.0797942321771,0,"available_crw"
"254026_0",151,"254026_0_crw_151",10,"254026_0_20240410T230000",2024-04-10 23:00:00,-122.26637542716,37.0915121593365,0,"available_crw"
"254026_0",151,"254026_0_crw_151",11,"254026_0_20240411T050000",2024-04-11 05:00:00,-122.259457767543,37.0879083714246,0,"available_crw"
"254026_0",151,"254026_0_crw_151",12,"254026_0_20240411T110000",2024-04-11 11:00:00,-122.24541302361,37.084362369323,0,"available_crw"
"254026_0",151,"254026_0_crw_151",13,"254026_0_20240411T170000",2024-04-11 17:00:00,-122.319911364797,37.0764325606454,0,"available_crw"
"254026_0",151,"254026_0_crw_151",14,"254026_0_20240411T230000",2024-04-11 23:00:00,-122.559491106047,37.0801449338712,0,"available_crw"
"254026_0",151,"254026_0_crw_151",15,"254026_0_20240412T050000",2024-04-12 05:00:00,-122.560440072679,37.0967103559458,0,"available_crw"
"254026_0",151,"254026_0_crw_151",16,"254026_0_20240412T110000",2024-04-12 11:00:00,-122.58062463502,37.1218920355743,0,"available_crw"
"254026_0",151,"254026_0_crw_151",17,"254026_0_20240412T170000",2024-04-12 17:00:00,-122.517058355232,37.0897404140634,0,"available_crw"
"254026_0",151,"254026_0_crw_151",18,"254026_0_20240412T230000",2024-04-12 23:00:00,-122.4835309944,37.0765821855321,0,"available_crw"
"254026_0",151,"254026_0_crw_151",19,"254026_0_20240413T050000",2024-04-13 05:00:00,-122.535572842701,37.1652138844188,0,"available_crw"
"254026_0",151,"254026_0_crw_151",20,"254026_0_20240413T110000",2024-04-13 11:00:00,-122.566306400579,37.1822606061567,0,"available_crw"
"254026_0",151,"254026_0_crw_151",21,"254026_0_20240413T170000",2024-04-13 17:00:00,-122.531466583516,37.0883762468735,0,"available_crw"
"254026_0",151,"254026_0_crw_151",22,"254026_0_20240413T230000",2024-04-13 23:00:00,-122.337980918993,37.0995975517246,0,"available_crw"
"254026_0",151,"254026_0_crw_151",23,"254026_0_20240414T050000",2024-04-14 05:00:00,-122.324550794562,37.1138592596877,0,"available_crw"
"254026_0",151,"254026_0_crw_151",24,"254026_0_20240414T110000",2024-04-14 11:00:00,-122.340154539297,37.0549574741301,0,"available_crw"
"254026_0",151,"254026_0_crw_151",25,"254026_0_20240414T170000",2024-04-14 17:00:00,-122.30189360921,37.0941375269197,0,"available_crw"
"254026_0",151,"254026_0_crw_151",26,"254026_0_20240414T230000",2024-04-14 23:00:00,-122.296255860818,37.1050365562532,0,"available_crw"
"254026_0",151,"254026_0_crw_151",27,"254026_0_20240415T050000",2024-04-15 05:00:00,-122.342798566204,37.0721023589091,0,"available_crw"
"254026_0",151,"254026_0_crw_151",28,"254026_0_20240415T110000",2024-04-15 11:00:00,-122.349853962696,37.0565279177589,0,"available_crw"
"254026_0",151,"254026_0_crw_151",29,"254026_0_20240415T170000",2024-04-15 17:00:00,-122.359212884216,37.0350103179349,0,"available_crw"
"254026_0",151,"254026_0_crw_151",30,"254026_0_20240415T230000",2024-04-15 23:00:00,-122.373479141576,36.9987596303393,0,"available_crw"
"254026_0",152,"254026_0_crw_152",1,"254026_0_20240408T170000",2024-04-08 17:00:00,-122.0637,36.9493,0,"available_crw"
"254026_0",152,"254026_0_crw_152",2,"254026_0_20240408T230000",2024-04-08 23:00:00,-122.129215532388,36.9367507128748,0,"available_crw"
"254026_0",152,"254026_0_crw_152",3,"254026_0_20240409T050000",2024-04-09 05:00:00,-122.156737179298,36.9311697090532,0,"available_crw"
"254026_0",152,"254026_0_crw_152",4,"254026_0_20240409T110000",2024-04-09 11:00:00,-122.153190872262,36.9371358909875,0,"available_crw"
"254026_0",152,"254026_0_crw_152",5,"254026_0_20240409T170000",2024-04-09 17:00:00,-122.162025874764,36.9535314327513,0,"available_crw"
"254026_0",152,"254026_0_crw_152",6,"254026_0_20240409T230000",2024-04-09 23:00:00,-122.177719202368,36.9813481047487,0,"available_crw"
"254026_0",152,"254026_0_crw_152",7,"254026_0_20240410T050000",2024-04-10 05:00:00,-122.198543026899,37.015494088811,0,"available_crw"
"254026_0",152,"254026_0_crw_152",8,"254026_0_20240410T110000",2024-04-10 11:00:00,-122.215854220126,37.0426914000486,0,"available_crw"
"254026_0",152,"254026_0_crw_152",9,"254026_0_20240410T170000",2024-04-10 17:00:00,-122.247205225206,37.0589379015216,0,"available_crw"
"254026_0",152,"254026_0_crw_152",10,"254026_0_20240410T230000",2024-04-10 23:00:00,-122.215185410583,37.0163231529103,0,"available_crw"
"254026_0",152,"254026_0_crw_152",11,"254026_0_20240411T050000",2024-04-11 05:00:00,-122.22333566681,37.0173158814609,0,"available_crw"
"254026_0",152,"254026_0_crw_152",12,"254026_0_20240411T110000",2024-04-11 11:00:00,-122.270195455771,37.0214038488719,0,"available_crw"
"254026_0",152,"254026_0_crw_152",13,"254026_0_20240411T170000",2024-04-11 17:00:00,-122.314434559065,37.0244603150272,0,"available_crw"
"254026_0",152,"254026_0_crw_152",14,"254026_0_20240411T230000",2024-04-11 23:00:00,-122.358117813543,37.0252098013784,0,"available_crw"
"254026_0",152,"254026_0_crw_152",15,"254026_0_20240412T050000",2024-04-12 05:00:00,-122.366259987581,37.0019666564935,0,"available_crw"
"254026_0",152,"254026_0_crw_152",16,"254026_0_20240412T110000",2024-04-12 11:00:00,-122.370942872517,37.0074068659493,0,"available_crw"
"254026_0",152,"254026_0_crw_152",17,"254026_0_20240412T170000",2024-04-12 17:00:00,-122.550104857502,36.9483424030749,0,"available_crw"
"254026_0",152,"254026_0_crw_152",18,"254026_0_20240412T230000",2024-04-12 23:00:00,-122.582820885004,36.9340211748076,0,"available_crw"
"254026_0",152,"254026_0_crw_152",19,"254026_0_20240413T050000",2024-04-13 05:00:00,-122.615896648512,36.9189451213632,0,"available_crw"
"254026_0",152,"254026_0_crw_152",20,"254026_0_20240413T110000",2024-04-13 11:00:00,-122.614452918489,36.9254536779347,0,"available_crw"
"254026_0",152,"254026_0_crw_152",21,"254026_0_20240413T170000",2024-04-13 17:00:00,-122.641803709135,36.9354933654205,0,"available_crw"
"254026_0",152,"254026_0_crw_152",22,"254026_0_20240413T230000",2024-04-13 23:00:00,-122.662078729498,36.9281305770628,0,"available_crw"
"254026_0",152,"254026_0_crw_152",23,"254026_0_20240414T050000",2024-04-14 05:00:00,-122.892300297388,36.8763513785049,0,"available_crw"
"254026_0",152,"254026_0_crw_152",24,"254026_0_20240414T110000",2024-04-14 11:00:00,-122.945927282946,36.8296251057338,0,"available_crw"
"254026_0",152,"254026_0_crw_152",25,"254026_0_20240414T170000",2024-04-14 17:00:00,-122.971194956569,36.8068258564143,0,"available_crw"
"254026_0",152,"254026_0_crw_152",26,"254026_0_20240414T230000",2024-04-14 23:00:00,-122.949716865517,36.8645169368236,0,"available_crw"
"254026_0",152,"254026_0_crw_152",27,"254026_0_20240415T050000",2024-04-15 05:00:00,-122.815296695752,36.7982827276521,0,"available_crw"
"254026_0",152,"254026_0_crw_152",28,"254026_0_20240415T110000",2024-04-15 11:00:00,-122.736254773101,36.7982973658813,0,"available_crw"
"254026_0",152,"254026_0_crw_152",29,"254026_0_20240415T170000",2024-04-15 17:00:00,-122.756330969821,36.7622051705938,0,"available_crw"
"254026_0",152,"254026_0_crw_152",30,"254026_0_20240415T230000",2024-04-15 23:00:00,-122.818872942992,36.7488226440378,0,"available_crw"
"254026_0",153,"254026_0_crw_153",1,"254026_0_20240408T170000",2024-04-08 17:00:00,-122.0637,36.9493,0,"available_crw"
"254026_0",153,"254026_0_crw_153",2,"254026_0_20240408T230000",2024-04-08 23:00:00,-122.043507580812,36.9234239822708,0,"available_crw"
"254026_0",153,"254026_0_crw_153",3,"254026_0_20240409T050000",2024-04-09 05:00:00,-122.060273181861,36.9137413981674,0,"available_crw"
"254026_0",153,"254026_0_crw_153",4,"254026_0_20240409T110000",2024-04-09 11:00:00,-122.073381503183,36.9265553311438,0,"available_crw"
"254026_0",153,"254026_0_crw_153",5,"254026_0_20240409T170000",2024-04-09 17:00:00,-122.059083474098,36.8781502880437,0,"available_crw"
"254026_0",153,"254026_0_crw_153",6,"254026_0_20240409T230000",2024-04-09 23:00:00,-122.046329265566,36.8446500377995,0,"available_crw"
"254026_0",153,"254026_0_crw_153",7,"254026_0_20240410T050000",2024-04-10 05:00:00,-121.990691761631,36.6052485415454,0,"available_crw"
"254026_0",153,"254026_0_crw_153",8,"254026_0_20240410T110000",2024-04-10 11:00:00,-121.985150928344,36.5829026256829,0,"available_crw"
"254026_0",153,"254026_0_crw_153",9,"254026_0_20240410T170000",2024-04-10 17:00:00,-121.973996613863,36.5543764572319,0,"available_crw"
"254026_0",153,"254026_0_crw_153",10,"254026_0_20240410T230000",2024-04-10 23:00:00,-121.958317324554,36.5217068522929,0,"available_crw"
"254026_0",153,"254026_0_crw_153",11,"254026_0_20240411T050000",2024-04-11 05:00:00,-122.114339284652,36.5075520171535,0,"available_crw"
"254026_0",153,"254026_0_crw_153",12,"254026_0_20240411T110000",2024-04-11 11:00:00,-122.151847083851,36.5036032297622,0,"available_crw"
"254026_0",153,"254026_0_crw_153",13,"254026_0_20240411T170000",2024-04-11 17:00:00,-122.235537390038,36.5357098682489,0,"available_crw"
"254026_0",153,"254026_0_crw_153",14,"254026_0_20240411T230000",2024-04-11 23:00:00,-122.198268050283,36.5613838862438,0,"available_crw"
"254026_0",153,"254026_0_crw_153",15,"254026_0_20240412T050000",2024-04-12 05:00:00,-122.198026813,36.5792474843868,0,"available_crw"
"254026_0",153,"254026_0_crw_153",16,"254026_0_20240412T110000",2024-04-12 11:00:00,-122.238599642808,36.6337493863239,0,"available_crw"
"254026_0",153,"254026_0_crw_153",17,"254026_0_20240412T170000",2024-04-12 17:00:00,-122.345779571619,36.8434225523832,0,"available_crw"
"254026_0",153,"254026_0_crw_153",18,"254026_0_20240412T230000",2024-04-12 23:00:00,-122.327242311398,36.8507055482096,0,"available_crw"
"254026_0",153,"254026_0_crw_153",19,"254026_0_20240413T050000",2024-04-13 05:00:00,-122.098945592942,36.9075030207002,0,"available_crw"
"254026_0",153,"254026_0_crw_153",20,"254026_0_20240413T110000",2024-04-13 11:00:00,-122.099614605076,36.8534408460281,0,"available_crw"
"254026_0",153,"254026_0_crw_153",21,"254026_0_20240413T170000",2024-04-13 17:00:00,-122.089934242403,36.8388120949643,0,"available_crw"
"254026_0",153,"254026_0_crw_153",22,"254026_0_20240413T230000",2024-04-13 23:00:00,-122.07145409385,36.8212482532138,0,"available_crw"
"254026_0",153,"254026_0_crw_153",23,"254026_0_20240414T050000",2024-04-14 05:00:00,-122.079676257973,36.8211872125303,0,"available_crw"
"254026_0",153,"254026_0_crw_153",24,"254026_0_20240414T110000",2024-04-14 11:00:00,-122.123938903535,36.8200678258373,0,"available_crw"
"254026_0",153,"254026_0_crw_153",25,"254026_0_20240414T170000",2024-04-14 17:00:00,-122.170822402532,36.8172730283777,0,"available_crw"
"254026_0",153,"254026_0_crw_153",26,"254026_0_20240414T230000",2024-04-14 23:00:00,-122.213977399061,36.8124336520212,0,"available_crw"
"254026_0",153,"254026_0_crw_153",27,"254026_0_20240415T050000",2024-04-15 05:00:00,-122.495939418907,36.8148633643879,0,"available_crw"
"254026_0",153,"254026_0_crw_153",28,"254026_0_20240415T110000",2024-04-15 11:00:00,-122.524282707757,36.8147814919017,0,"available_crw"
"254026_0",153,"254026_0_crw_153",29,"254026_0_20240415T170000",2024-04-15 17:00:00,-122.538824371335,36.801275200289,0,"available_crw"
"254026_0",153,"254026_0_crw_153",30,"254026_0_20240415T230000",2024-04-15 23:00:00,-122.535726804509,36.7835850130708,0,"available_crw"
"254026_0",154,"254026_0_crw_154",1,"254026_0_20240408T170000",2024-04-08 17:00:00,-122.0637,36.9493,0,"available_crw"
"254026_0",154,"254026_0_crw_154",2,"254026_0_20240408T230000",2024-04-08 23:00:00,-121.972982897655,36.7716866011714,0,"available_crw"
"254026_0",154,"254026_0_crw_154",3,"254026_0_20240409T050000",2024-04-09 05:00:00,-121.943538904575,36.7534062836767,0,"available_crw"
"254026_0",154,"254026_0_crw_154",4,"254026_0_20240409T110000",2024-04-09 11:00:00,-121.951554619125,36.7519590947878,0,"available_crw"
"254026_0",154,"254026_0_crw_154",5,"254026_0_20240409T170000",2024-04-09 17:00:00,-121.962129410147,36.7362532839923,0,"available_crw"
"254026_0",154,"254026_0_crw_154",6,"254026_0_20240409T230000",2024-04-09 23:00:00,-122.13456543531,36.5362313974674,0,"available_crw"
"254026_0",154,"254026_0_crw_154",7,"254026_0_20240410T050000",2024-04-10 05:00:00,-122.136764451319,36.5425998071664,0,"available_crw"
"254026_0",154,"254026_0_crw_154",8,"254026_0_20240410T110000",2024-04-10 11:00:00,-122.088309485445,36.536724519516,0,"available_crw"
"254026_0",154,"254026_0_crw_154",9,"254026_0_20240410T170000",2024-04-10 17:00:00,-122.13906843448,36.5649742791393,0,"available_crw"
"254026_0",154,"254026_0_crw_154",10,"254026_0_20240410T230000",2024-04-10 23:00:00,-122.086019616881,36.5980326224758,0,"available_crw"
"254026_0",154,"254026_0_crw_154",11,"254026_0_20240411T050000",2024-04-11 05:00:00,-122.077743093495,36.6131991581464,0,"available_crw"
"254026_0",154,"254026_0_crw_154",12,"254026_0_20240411T110000",2024-04-11 11:00:00,-122.079472847557,36.6297099314383,0,"available_crw"
"254026_0",154,"254026_0_crw_154",13,"254026_0_20240411T170000",2024-04-11 17:00:00,-122.270683847081,36.6498685331407,0,"available_crw"
"254026_0",154,"254026_0_crw_154",14,"254026_0_20240411T230000",2024-04-11 23:00:00,-122.242196719659,36.6988255951941,0,"available_crw"
"254026_0",154,"254026_0_crw_154",15,"254026_0_20240412T050000",2024-04-12 05:00:00,-122.22342218747,36.7337056122949,0,"available_crw"
"254026_0",154,"254026_0_crw_154",16,"254026_0_20240412T110000",2024-04-12 11:00:00,-122.227716599571,36.7634301135707,0,"available_crw"
"254026_0",154,"254026_0_crw_154",17,"254026_0_20240412T170000",2024-04-12 17:00:00,-122.233793584805,36.7986975098299,0,"available_crw"
"254026_0",154,"254026_0_crw_154",18,"254026_0_20240412T230000",2024-04-12 23:00:00,-122.194463784438,36.8664756096135,0,"available_crw"
"254026_0",154,"254026_0_crw_154",19,"254026_0_20240413T050000",2024-04-13 05:00:00,-122.190949485214,36.8604983485138,0,"available_crw"
"254026_0",154,"254026_0_crw_154",20,"254026_0_20240413T110000",2024-04-13 11:00:00,-122.17851509779,36.8400182409178,0,"available_crw"
"254026_0",154,"254026_0_crw_154",21,"254026_0_20240413T170000",2024-04-13 17:00:00,-122.23680321651,36.8778601583792,0,"available_crw"
"254026_0",154,"254026_0_crw_154",22,"254026_0_20240413T230000",2024-04-13 23:00:00,-122.192934301984,36.8957894811424,0,"available_crw"
"254026_0",154,"254026_0_crw_154",23,"254026_0_20240414T050000",2024-04-14 05:00:00,-122.254867323177,36.8949914303691,0,"available_crw"
"254026_0",154,"254026_0_crw_154",24,"254026_0_20240414T110000",2024-04-14 11:00:00,-122.198798193984,36.8738623604837,0,"available_crw"
"254026_0",154,"254026_0_crw_154",25,"254026_0_20240414T170000",2024-04-14 17:00:00,-122.18332215893,36.8232994371968,0,"available_crw"
"254026_0",154,"254026_0_crw_154",26,"254026_0_20240414T230000",2024-04-14 23:00:00,-122.163576818636,36.8151079279527,0,"available_crw"
"254026_0",154,"254026_0_crw_154",27,"254026_0_20240415T050000",2024-04-15 05:00:00,-121.970845599556,36.7019124229145,0,"available_crw"
"254026_0",154,"254026_0_crw_154",28,"254026_0_20240415T110000",2024-04-15 11:00:00,-121.937698419599,36.6320546763974,0,"available_crw"
"254026_0",154,"254026_0_crw_154",29,"254026_0_20240415T170000",2024-04-15 17:00:00,-121.97009638576,36.5870095265966,0,"available_crw"
"254026_0",154,"254026_0_crw_154",30,"254026_0_20240415T230000",2024-04-15 23:00:00,-121.992505025866,36.5535684367255,0,"available_crw"
"254026_0",155,"254026_0_crw_155",1,"254026_0_20240408T170000",2024-04-08 17:00:00,-122.0637,36.9493,0,"available_crw"
"254026_0",155,"254026_0_crw_155",2,"254026_0_20240408T230000",2024-04-08 23:00:00,-121.993359964016,36.9201224209422,0,"available_crw"
"254026_0",155,"254026_0_crw_155",3,"254026_0_20240409T050000",2024-04-09 05:00:00,-121.80048986718,36.806803092111,0,"available_crw"
"254026_0",155,"254026_0_crw_155",4,"254026_0_20240409T110000",2024-04-09 11:00:00,-121.843199939042,36.7872271501451,0,"available_crw"
"254026_0",155,"254026_0_crw_155",5,"254026_0_20240409T170000",2024-04-09 17:00:00,-122.105989733237,36.7055351665105,0,"available_crw"
"254026_0",155,"254026_0_crw_155",6,"254026_0_20240409T230000",2024-04-09 23:00:00,-121.990042820805,36.6759871860721,0,"available_crw"
"254026_0",155,"254026_0_crw_155",7,"254026_0_20240410T050000",2024-04-10 05:00:00,-121.931005652663,36.6182804231172,0,"available_crw"
"254026_0",155,"254026_0_crw_155",8,"254026_0_20240410T110000",2024-04-10 11:00:00,-121.978289256595,36.6077829025431,0,"available_crw"
"254026_0",155,"254026_0_crw_155",9,"254026_0_20240410T170000",2024-04-10 17:00:00,-121.993073496279,36.5962742717459,0,"available_crw"
"254026_0",155,"254026_0_crw_155",10,"254026_0_20240410T230000",2024-04-10 23:00:00,-122.013148765761,36.5802363730493,0,"available_crw"
"254026_0",155,"254026_0_crw_155",11,"254026_0_20240411T050000",2024-04-11 05:00:00,-122.028694755559,36.5609497980294,0,"available_crw"
"254026_0",155,"254026_0_crw_155",12,"254026_0_20240411T110000",2024-04-11 11:00:00,-122.04997484517,36.5304113227562,0,"available_crw"
"254026_0",155,"254026_0_crw_155",13,"254026_0_20240411T170000",2024-04-11 17:00:00,-122.049505827948,36.500488729318,0,"available_crw"
"254026_0",155,"254026_0_crw_155",14,"254026_0_20240411T230000",2024-04-11 23:00:00,-122.00745378254,36.4467585422669,0,"available_crw"
"254026_0",155,"254026_0_crw_155",15,"254026_0_20240412T050000",2024-04-12 05:00:00,-122.070219314273,36.4792510068295,0,"available_crw"
"254026_0",155,"254026_0_crw_155",16,"254026_0_20240412T110000",2024-04-12 11:00:00,-122.102404799403,36.4952824647091,0,"available_crw"
"254026_0",155,"254026_0_crw_155",17,"254026_0_20240412T170000",2024-04-12 17:00:00,-122.134931471632,36.5108677480385,0,"available_crw"
"254026_0",155,"254026_0_crw_155",18,"254026_0_20240412T230000",2024-04-12 23:00:00,-122.060701749269,36.5049280982376,0,"available_crw"
"254026_0",155,"254026_0_crw_155",19,"254026_0_20240413T050000",2024-04-13 05:00:00,-122.01372935274,36.5022777153349,0,"available_crw"
"254026_0",155,"254026_0_crw_155",20,"254026_0_20240413T110000",2024-04-13 11:00:00,-122.013854322713,36.4856947852358,0,"available_crw"
"254026_0",155,"254026_0_crw_155",21,"254026_0_20240413T170000",2024-04-13 17:00:00,-121.986442501708,36.5302535086072,0,"available_crw"
"254026_0",155,"254026_0_crw_155",22,"254026_0_20240413T230000",2024-04-13 23:00:00,-121.822460552279,36.7348286007276,0,"available_crw"
"254026_0",155,"254026_0_crw_155",23,"254026_0_20240414T050000",2024-04-14 05:00:00,-121.801190354383,36.7653940130715,0,"available_crw"
"254026_0",155,"254026_0_crw_155",24,"254026_0_20240414T110000",2024-04-14 11:00:00,-121.779324301244,36.7990902803105,0,"available_crw"
"254026_0",155,"254026_0_crw_155",25,"254026_0_20240414T170000",2024-04-14 17:00:00,-121.776147665647,36.7929936822479,0,"available_crw"
"254026_0",155,"254026_0_crw_155",26,"254026_0_20240414T230000",2024-04-14 23:00:00,-121.784009482445,36.7949214240581,0,"available_crw"
"254026_0",155,"254026_0_crw_155",27,"254026_0_20240415T050000",2024-04-15 05:00:00,-122.038538038723,36.8926242521332,0,"available_crw"
"254026_0",155,"254026_0_crw_155",28,"254026_0_20240415T110000",2024-04-15 11:00:00,-122.073137627446,36.9052784732315,0,"available_crw"
"254026_0",155,"254026_0_crw_155",29,"254026_0_20240415T170000",2024-04-15 17:00:00,-122.018209051404,36.8178497064502,0,"available_crw"
"254026_0",155,"254026_0_crw_155",30,"254026_0_20240415T230000",2024-04-15 23:00:00,-121.995681680753,36.7844321578303,0,"available_crw"
"254026_0",156,"254026_0_crw_156",1,"254026_0_20240408T170000",2024-04-08 17:00:00,-122.0637,36.9493,0,"available_crw"
"254026_0",156,"254026_0_crw_156",2,"254026_0_20240408T230000",2024-04-08 23:00:00,-122.085785384138,36.9003437002195,0,"available_crw"
"254026_0",156,"254026_0_crw_156",3,"254026_0_20240409T050000",2024-04-09 05:00:00,-122.08690022253,36.8885801785359,0,"available_crw"
"254026_0",156,"254026_0_crw_156",4,"254026_0_20240409T110000",2024-04-09 11:00:00,-122.140224692802,36.8589857560529,0,"available_crw"
"254026_0",156,"254026_0_crw_156",5,"254026_0_20240409T170000",2024-04-09 17:00:00,-122.079004329612,36.8664087421103,0,"available_crw"
"254026_0",156,"254026_0_crw_156",6,"254026_0_20240409T230000",2024-04-09 23:00:00,-122.052235800777,36.8745707423379,0,"available_crw"
"254026_0",156,"254026_0_crw_156",7,"254026_0_20240410T050000",2024-04-10 05:00:00,-122.02870806881,36.8977700466208,0,"available_crw"
"254026_0",156,"254026_0_crw_156",8,"254026_0_20240410T110000",2024-04-10 11:00:00,-122.00658199516,36.8624546883972,0,"available_crw"
"254026_0",156,"254026_0_crw_156",9,"254026_0_20240410T170000",2024-04-10 17:00:00,-121.97721690125,36.8675650586001,0,"available_crw"
"254026_0",156,"254026_0_crw_156",10,"254026_0_20240410T230000",2024-04-10 23:00:00,-121.966473253535,36.8832043425416,0,"available_crw"
"254026_0",156,"254026_0_crw_156",11,"254026_0_20240411T050000",2024-04-11 05:00:00,-121.988321398109,36.8997833668555,0,"available_crw"
"254026_0",156,"254026_0_crw_156",12,"254026_0_20240411T110000",2024-04-11 11:00:00,-121.971560390667,36.8027769994596,0,"available_crw"
"254026_0",156,"254026_0_crw_156",13,"254026_0_20240411T170000",2024-04-11 17:00:00,-121.952275244227,36.8500475644182,0,"available_crw"
"254026_0",156,"254026_0_crw_156",14,"254026_0_20240411T230000",2024-04-11 23:00:00,-121.944559251094,36.8793077665243,0,"available_crw"
"254026_0",156,"254026_0_crw_156",15,"254026_0_20240412T050000",2024-04-12 05:00:00,-121.936121499848,36.9167098193157,0,"available_crw"
"254026_0",156,"254026_0_crw_156",16,"254026_0_20240412T110000",2024-04-12 11:00:00,-121.950010407808,36.9306644342458,0,"available_crw"
"254026_0",156,"254026_0_crw_156",17,"254026_0_20240412T170000",2024-04-12 17:00:00,-121.969038816764,36.9370807316007,0,"available_crw"
"254026_0",156,"254026_0_crw_156",18,"254026_0_20240412T230000",2024-04-12 23:00:00,-122.004754152268,36.9456077720343,0,"available_crw"
"254026_0",156,"254026_0_crw_156",19,"254026_0_20240413T050000",2024-04-13 05:00:00,-122.221196688854,37.027532914489,0,"available_crw"
"254026_0",156,"254026_0_crw_156",20,"254026_0_20240413T110000",2024-04-13 11:00:00,-122.236673245389,37.0781024688392,0,"available_crw"
"254026_0",156,"254026_0_crw_156",21,"254026_0_20240413T170000",2024-04-13 17:00:00,-122.249855851729,37.0294888189716,0,"available_crw"
"254026_0",156,"254026_0_crw_156",22,"254026_0_20240413T230000",2024-04-13 23:00:00,-122.255535650722,37.0071609600836,0,"available_crw"
"254026_0",156,"254026_0_crw_156",23,"254026_0_20240414T050000",2024-04-14 05:00:00,-122.262515355898,36.9771441121361,0,"available_crw"
"254026_0",156,"254026_0_crw_156",24,"254026_0_20240414T110000",2024-04-14 11:00:00,-122.321884023198,37.0027375465018,0,"available_crw"
"254026_0",156,"254026_0_crw_156",25,"254026_0_20240414T170000",2024-04-14 17:00:00,-122.355728319583,37.0167263818741,0,"available_crw"
"254026_0",156,"254026_0_crw_156",26,"254026_0_20240414T230000",2024-04-14 23:00:00,-122.392999559972,37.0152539874243,0,"available_crw"
"254026_0",156,"254026_0_crw_156",27,"254026_0_20240415T050000",2024-04-15 05:00:00,-122.458358166318,36.979310876479,0,"available_crw"
"254026_0",156,"254026_0_crw_156",28,"254026_0_20240415T110000",2024-04-15 11:00:00,-122.489369322814,36.9616117399198,0,"available_crw"
"254026_0",156,"254026_0_crw_156",29,"254026_0_20240415T170000",2024-04-15 17:00:00,-122.524937372119,36.940332803308,0,"available_crw"
"254026_0",156,"254026_0_crw_156",30,"254026_0_20240415T230000",2024-04-15 23:00:00,-122.464020021499,36.949519255985,0,"available_crw"
"254026_0",157,"254026_0_crw_157",1,"254026_0_20240408T170000",2024-04-08 17:00:00,-122.0637,36.9493,0,"available_crw"
"254026_0",157,"254026_0_crw_157",2,"254026_0_20240408T230000",2024-04-08 23:00:00,-122.041116949982,36.9255096380072,0,"available_crw"
"254026_0",157,"254026_0_crw_157",3,"254026_0_20240409T050000",2024-04-09 05:00:00,-122.02228372456,36.9187369681312,0,"available_crw"
"254026_0",157,"254026_0_crw_157",4,"254026_0_20240409T110000",2024-04-09 11:00:00,-121.99624226612,36.9096820791939,0,"available_crw"
"254026_0",157,"254026_0_crw_157",5,"254026_0_20240409T170000",2024-04-09 17:00:00,-122.04050265397,36.8689515853703,0,"available_crw"
"254026_0",157,"254026_0_crw_157",6,"254026_0_20240409T230000",2024-04-09 23:00:00,-122.263505589778,36.7041866462411,0,"available_crw"
"254026_0",157,"254026_0_crw_157",7,"254026_0_20240410T050000",2024-04-10 05:00:00,-122.291826286108,36.7532135298398,0,"available_crw"
"254026_0",157,"254026_0_crw_157",8,"254026_0_20240410T110000",2024-04-10 11:00:00,-122.304098624099,36.7737520448169,0,"available_crw"
"254026_0",157,"254026_0_crw_157",9,"254026_0_20240410T170000",2024-04-10 17:00:00,-122.404386028054,37.00360600776,0,"available_crw"
"254026_0",157,"254026_0_crw_157",10,"254026_0_20240410T230000",2024-04-10 23:00:00,-122.41940651889,37.0232047266751,0,"available_crw"
"254026_0",157,"254026_0_crw_157",11,"254026_0_20240411T050000",2024-04-11 05:00:00,-122.43927086618,37.0398048435112,0,"available_crw"
"254026_0",157,"254026_0_crw_157",12,"254026_0_20240411T110000",2024-04-11 11:00:00,-122.425288479878,37.0520265049802,0,"available_crw"
"254026_0",157,"254026_0_crw_157",13,"254026_0_20240411T170000",2024-04-11 17:00:00,-122.447844246328,36.9945915421932,0,"available_crw"
"254026_0",157,"254026_0_crw_157",14,"254026_0_20240411T230000",2024-04-11 23:00:00,-122.346311072615,37.0490371411039,0,"available_crw"
"254026_0",157,"254026_0_crw_157",15,"254026_0_20240412T050000",2024-04-12 05:00:00,-122.407814561286,37.0423648243592,0,"available_crw"
"254026_0",157,"254026_0_crw_157",16,"254026_0_20240412T110000",2024-04-12 11:00:00,-122.454226009732,37.0357029043135,0,"available_crw"
"254026_0",157,"254026_0_crw_157",17,"254026_0_20240412T170000",2024-04-12 17:00:00,-122.441430424786,37.1620176153812,0,"available_crw"
"254026_0",157,"254026_0_crw_157",18,"254026_0_20240412T230000",2024-04-12 23:00:00,-122.439485114169,37.1847519745916,0,"available_crw"
"254026_0",157,"254026_0_crw_157",19,"254026_0_20240413T050000",2024-04-13 05:00:00,-122.439297475275,37.2197844738492,0,"available_crw"
"254026_0",157,"254026_0_crw_157",20,"254026_0_20240413T110000",2024-04-13 11:00:00,-122.388140909893,37.2823989989914,0,"available_crw"
"254026_0",157,"254026_0_crw_157",21,"254026_0_20240413T170000",2024-04-13 17:00:00,-122.441610084472,37.2569269593782,0,"available_crw"
"254026_0",157,"254026_0_crw_157",22,"254026_0_20240413T230000",2024-04-13 23:00:00,-122.453355856091,37.2705957987398,0,"available_crw"
"254026_0",157,"254026_0_crw_157",23,"254026_0_20240414T050000",2024-04-14 05:00:00,-122.462402897536,37.1729252403103,0,"available_crw"
"254026_0",157,"254026_0_crw_157",24,"254026_0_20240414T110000",2024-04-14 11:00:00,-122.518759889647,37.1132786089328,0,"available_crw"
"254026_0",157,"254026_0_crw_157",25,"254026_0_20240414T170000",2024-04-14 17:00:00,-122.463325589962,37.1357434801127,0,"available_crw"
"254026_0",157,"254026_0_crw_157",26,"254026_0_20240414T230000",2024-04-14 23:00:00,-122.370446024673,37.1278112286836,0,"available_crw"
"254026_0",157,"254026_0_crw_157",27,"254026_0_20240415T050000",2024-04-15 05:00:00,-122.351321413896,37.134139912648,0,"available_crw"
"254026_0",157,"254026_0_crw_157",28,"254026_0_20240415T110000",2024-04-15 11:00:00,-122.33970872358,37.141402515656,0,"available_crw"
"254026_0",157,"254026_0_crw_157",29,"254026_0_20240415T170000",2024-04-15 17:00:00,-122.351742624727,37.1635398832982,0,"available_crw"
"254026_0",157,"254026_0_crw_157",30,"254026_0_20240415T230000",2024-04-15 23:00:00,-122.370278039238,37.1895137940347,0,"available_crw"
"254026_0",158,"254026_0_crw_158",1,"254026_0_20240408T170000",2024-04-08 17:00:00,-122.0637,36.9493,0,"available_crw"
"254026_0",158,"254026_0_crw_158",2,"254026_0_20240408T230000",2024-04-08 23:00:00,-122.031043274964,36.9348689984628,0,"available_crw"
"254026_0",158,"254026_0_crw_158",3,"254026_0_20240409T050000",2024-04-09 05:00:00,-121.996660816113,36.9233504819182,0,"available_crw"
"254026_0",158,"254026_0_crw_158",4,"254026_0_20240409T110000",2024-04-09 11:00:00,-121.978501085199,36.9425935520988,0,"available_crw"
"254026_0",158,"254026_0_crw_158",5,"254026_0_20240409T170000",2024-04-09 17:00:00,-121.881326353478,36.8427592987333,0,"available_crw"
"254026_0",158,"254026_0_crw_158",6,"254026_0_20240409T230000",2024-04-09 23:00:00,-121.859336685884,36.8280383661696,0,"available_crw"
"254026_0",158,"254026_0_crw_158",7,"254026_0_20240410T050000",2024-04-10 05:00:00,-121.829758487701,36.8088878049503,0,"available_crw"
"254026_0",158,"254026_0_crw_158",8,"254026_0_20240410T110000",2024-04-10 11:00:00,-121.804188644438,36.7985761635615,0,"available_crw"
"254026_0",158,"254026_0_crw_158",9,"254026_0_20240410T170000",2024-04-10 17:00:00,-121.812235981807,36.783309830381,0,"available_crw"
"254026_0",158,"254026_0_crw_158",10,"254026_0_20240410T230000",2024-04-10 23:00:00,-121.826624193117,36.7502460170228,0,"available_crw"
"254026_0",158,"254026_0_crw_158",11,"254026_0_20240411T050000",2024-04-11 05:00:00,-121.880301835667,36.7827696632804,0,"available_crw"
"254026_0",158,"254026_0_crw_158",12,"254026_0_20240411T110000",2024-04-11 11:00:00,-121.882567534945,36.834805284441,0,"available_crw"
"254026_0",158,"254026_0_crw_158",13,"254026_0_20240411T170000",2024-04-11 17:00:00,-121.893056524909,36.8490683664409,0,"available_crw"
"254026_0",158,"254026_0_crw_158",14,"254026_0_20240411T230000",2024-04-11 23:00:00,-121.925517307196,36.8637282193812,0,"available_crw"
"254026_0",158,"254026_0_crw_158",15,"254026_0_20240412T050000",2024-04-12 05:00:00,-121.95288244544,36.8704884944922,0,"available_crw"
"254026_0",158,"254026_0_crw_158",16,"254026_0_20240412T110000",2024-04-12 11:00:00,-121.907718675313,36.836466369519,0,"available_crw"
"254026_0",158,"254026_0_crw_158",17,"254026_0_20240412T170000",2024-04-12 17:00:00,-121.885606510495,36.8382492338389,0,"available_crw"
"254026_0",158,"254026_0_crw_158",18,"254026_0_20240412T230000",2024-04-12 23:00:00,-121.842604535499,36.8439593512397,0,"available_crw"
"254026_0",158,"254026_0_crw_158",19,"254026_0_20240413T050000",2024-04-13 05:00:00,-121.814690919317,36.8479500845633,0,"available_crw"
"254026_0",158,"254026_0_crw_158",20,"254026_0_20240413T110000",2024-04-13 11:00:00,-121.875943206113,36.8132956425779,0,"available_crw"
"254026_0",158,"254026_0_crw_158",21,"254026_0_20240413T170000",2024-04-13 17:00:00,-121.878244137136,36.7955288510656,0,"available_crw"
"254026_0",158,"254026_0_crw_158",22,"254026_0_20240413T230000",2024-04-13 23:00:00,-121.881138761906,36.757804837945,0,"available_crw"
"254026_0",158,"254026_0_crw_158",23,"254026_0_20240414T050000",2024-04-14 05:00:00,-121.850597781434,36.8010627194968,0,"available_crw"
"254026_0",158,"254026_0_crw_158",24,"254026_0_20240414T110000",2024-04-14 11:00:00,-121.832391050036,36.8278576879288,0,"available_crw"
"254026_0",158,"254026_0_crw_158",25,"254026_0_20240414T170000",2024-04-14 17:00:00,-121.854310069184,36.8443618262608,0,"available_crw"
"254026_0",158,"254026_0_crw_158",26,"254026_0_20240414T230000",2024-04-14 23:00:00,-121.875251888077,36.8597238888272,0,"available_crw"
"254026_0",158,"254026_0_crw_158",27,"254026_0_20240415T050000",2024-04-15 05:00:00,-121.830128347746,36.8754892439601,0,"available_crw"
"254026_0",158,"254026_0_crw_158",28,"254026_0_20240415T110000",2024-04-15 11:00:00,-121.83483392404,36.8993325957915,0,"available_crw"
"254026_0",158,"254026_0_crw_158",29,"254026_0_20240415T170000",2024-04-15 17:00:00,-121.853678212686,36.9088215768117,0,"available_crw"
"254026_0",158,"254026_0_crw_158",30,"254026_0_20240415T230000",2024-04-15 23:00:00,-121.874271597958,36.909832710825,0,"available_crw"
"254026_0",159,"254026_0_crw_159",1,"254026_0_20240408T170000",2024-04-08 17:00:00,-122.0637,36.9493,0,"available_crw"
"254026_0",159,"254026_0_crw_159",2,"254026_0_20240408T230000",2024-04-08 23:00:00,-122.043507580812,36.9234239822708,0,"available_crw"
"254026_0",159,"254026_0_crw_159",3,"254026_0_20240409T050000",2024-04-09 05:00:00,-122.016875107876,36.8922608802614,0,"available_crw"
"254026_0",159,"254026_0_crw_159",4,"254026_0_20240409T110000",2024-04-09 11:00:00,-122.005624138173,36.8846777179556,0,"available_crw"
"254026_0",159,"254026_0_crw_159",5,"254026_0_20240409T170000",2024-04-09 17:00:00,-121.797012252561,36.7081348765148,0,"available_crw"
"254026_0",159,"254026_0_crw_159",6,"254026_0_20240409T230000",2024-04-09 23:00:00,-121.805204259595,36.7076980159163,0,"available_crw"
"254026_0",159,"254026_0_crw_159",7,"254026_0_20240410T050000",2024-04-10 05:00:00,-121.818649273594,36.6934898936925,0,"available_crw"
"254026_0",159,"254026_0_crw_159",8,"254026_0_20240410T110000",2024-04-10 11:00:00,-121.82049648682,36.6999307656349,0,"available_crw"
"254026_0",159,"254026_0_crw_159",9,"254026_0_20240410T170000",2024-04-10 17:00:00,-121.832986877521,36.7334885654547,0,"available_crw"
"254026_0",159,"254026_0_crw_159",10,"254026_0_20240410T230000",2024-04-10 23:00:00,-121.813669613329,36.7392527422707,0,"available_crw"
"254026_0",159,"254026_0_crw_159",11,"254026_0_20240411T050000",2024-04-11 05:00:00,-121.816730400386,36.7632683097396,0,"available_crw"
"254026_0",159,"254026_0_crw_159",12,"254026_0_20240411T110000",2024-04-11 11:00:00,-121.838555876051,36.7874979874715,0,"available_crw"
"254026_0",159,"254026_0_crw_159",13,"254026_0_20240411T170000",2024-04-11 17:00:00,-121.866332197013,36.8144845161948,0,"available_crw"
"254026_0",159,"254026_0_crw_159",14,"254026_0_20240411T230000",2024-04-11 23:00:00,-121.864422713174,36.7165604501992,0,"available_crw"
"254026_0",159,"254026_0_crw_159",15,"254026_0_20240412T050000",2024-04-12 05:00:00,-121.861712825163,36.6788273344146,0,"available_crw"
"254026_0",159,"254026_0_crw_159",16,"254026_0_20240412T110000",2024-04-12 11:00:00,-121.832310067763,36.6741463032909,0,"available_crw"
"254026_0",159,"254026_0_crw_159",17,"254026_0_20240412T170000",2024-04-12 17:00:00,-121.797156484215,36.6838219029295,0,"available_crw"
"254026_0",159,"254026_0_crw_159",18,"254026_0_20240412T230000",2024-04-12 23:00:00,-121.746864609633,36.7328111516125,0,"available_crw"
"254026_0",159,"254026_0_crw_159",19,"254026_0_20240413T050000",2024-04-13 05:00:00,-121.80315393652,36.7122823876528,0,"available_crw"
"254026_0",159,"254026_0_crw_159",20,"254026_0_20240413T110000",2024-04-13 11:00:00,-121.826082176251,36.6985597061253,0,"available_crw"
"254026_0",159,"254026_0_crw_159",21,"254026_0_20240413T170000",2024-04-13 17:00:00,-121.862525371782,36.6747466384693,0,"available_crw"
"254026_0",159,"254026_0_crw_159",22,"254026_0_20240413T230000",2024-04-13 23:00:00,-121.850060409644,36.6527922173724,0,"available_crw"
"254026_0",159,"254026_0_crw_159",23,"254026_0_20240414T050000",2024-04-14 05:00:00,-121.833606924967,36.6428554033154,0,"available_crw"
"254026_0",159,"254026_0_crw_159",24,"254026_0_20240414T110000",2024-04-14 11:00:00,-121.861736717561,36.6871421450303,0,"available_crw"
"254026_0",159,"254026_0_crw_159",25,"254026_0_20240414T170000",2024-04-14 17:00:00,-121.884868843024,36.7200300841638,0,"available_crw"
"254026_0",159,"254026_0_crw_159",26,"254026_0_20240414T230000",2024-04-14 23:00:00,-121.87678635898,36.718863626639,0,"available_crw"
"254026_0",159,"254026_0_crw_159",27,"254026_0_20240415T050000",2024-04-15 05:00:00,-121.857257747578,36.7240951045416,0,"available_crw"
"254026_0",159,"254026_0_crw_159",28,"254026_0_20240415T110000",2024-04-15 11:00:00,-121.830510797661,36.7315585210249,0,"available_crw"
"254026_0",159,"254026_0_crw_159",29,"254026_0_20240415T170000",2024-04-15 17:00:00,-121.806097991902,36.7435196070889,0,"available_crw"
"254026_0",159,"254026_0_crw_159",30,"254026_0_20240415T230000",2024-04-15 23:00:00,-121.782095879213,36.7556092114397,0,"available_crw"
"254026_0",160,"254026_0_crw_160",1,"254026_0_20240408T170000",2024-04-08 17:00:00,-122.0637,36.9493,0,"available_crw"
"254026_0",160,"254026_0_crw_160",2,"254026_0_20240408T230000",2024-04-08 23:00:00,-122.03804893492,36.9173492559836,0,"available_crw"
"254026_0",160,"254026_0_crw_160",3,"254026_0_20240409T050000",2024-04-09 05:00:00,-122.103048762871,36.9032603652861,0,"available_crw"
"254026_0",160,"254026_0_crw_160",4,"254026_0_20240409T110000",2024-04-09 11:00:00,-122.129300581254,36.8820281443632,0,"available_crw"
"254026_0",160,"254026_0_crw_160",5,"254026_0_20240409T170000",2024-04-09 17:00:00,-122.008145913766,36.8930222250814,0,"available_crw"
"254026_0",160,"254026_0_crw_160",6,"254026_0_20240409T230000",2024-04-09 23:00:00,-121.995484691587,36.9077085767116,0,"available_crw"
"254026_0",160,"254026_0_crw_160",7,"254026_0_20240410T050000",2024-04-10 05:00:00,-121.972988548153,36.9377253804248,0,"available_crw"
"254026_0",160,"254026_0_crw_160",8,"254026_0_20240410T110000",2024-04-10 11:00:00,-121.994063610995,36.9549497485831,0,"available_crw"
"254026_0",160,"254026_0_crw_160",9,"254026_0_20240410T170000",2024-04-10 17:00:00,-121.98585564397,36.9555020600842,0,"available_crw"
"254026_0",160,"254026_0_crw_160",10,"254026_0_20240410T230000",2024-04-10 23:00:00,-121.957593115852,36.9576895172293,0,"available_crw"
"254026_0",160,"254026_0_crw_160",11,"254026_0_20240411T050000",2024-04-11 05:00:00,-122.022186241314,36.9270744048448,0,"available_crw"
"254026_0",160,"254026_0_crw_160",12,"254026_0_20240411T110000",2024-04-11 11:00:00,-122.052016679533,36.909160338551,0,"available_crw"
"254026_0",160,"254026_0_crw_160",13,"254026_0_20240411T170000",2024-04-11 17:00:00,-122.085192160045,36.8864153811522,0,"available_crw"
"254026_0",160,"254026_0_crw_160",14,"254026_0_20240411T230000",2024-04-11 23:00:00,-122.093394331564,36.8766292846381,0,"available_crw"
"254026_0",160,"254026_0_crw_160",15,"254026_0_20240412T050000",2024-04-12 05:00:00,-122.178948686232,36.8471812919366,0,"available_crw"
"254026_0",160,"254026_0_crw_160",16,"254026_0_20240412T110000",2024-04-12 11:00:00,-122.221343787061,36.830826637251,0,"available_crw"
"254026_0",160,"254026_0_crw_160",17,"254026_0_20240412T170000",2024-04-12 17:00:00,-122.255299490005,36.8171441889691,0,"available_crw"
"254026_0",160,"254026_0_crw_160",18,"254026_0_20240412T230000",2024-04-12 23:00:00,-122.275728780797,36.7921321570482,0,"available_crw"
"254026_0",160,"254026_0_crw_160",19,"254026_0_20240413T050000",2024-04-13 05:00:00,-122.286005916445,36.770663975795,0,"available_crw"
"254026_0",160,"254026_0_crw_160",20,"254026_0_20240413T110000",2024-04-13 11:00:00,-122.295533545249,36.7417509842693,0,"available_crw"
"254026_0",160,"254026_0_crw_160",21,"254026_0_20240413T170000",2024-04-13 17:00:00,-122.315748403707,36.7449659160134,0,"available_crw"
"254026_0",160,"254026_0_crw_160",22,"254026_0_20240413T230000",2024-04-13 23:00:00,-122.343597794879,36.7490942975543,0,"available_crw"
"254026_0",160,"254026_0_crw_160",23,"254026_0_20240414T050000",2024-04-14 05:00:00,-122.380668600751,36.7512924346002,0,"available_crw"
"254026_0",160,"254026_0_crw_160",24,"254026_0_20240414T110000",2024-04-14 11:00:00,-122.678360513599,36.7957183882202,0,"available_crw"
"254026_0",160,"254026_0_crw_160",25,"254026_0_20240414T170000",2024-04-14 17:00:00,-122.715816548404,36.8007318711245,0,"available_crw"
"254026_0",160,"254026_0_crw_160",26,"254026_0_20240414T230000",2024-04-14 23:00:00,-122.713741012103,36.8172315004476,0,"available_crw"
"254026_0",160,"254026_0_crw_160",27,"254026_0_20240415T050000",2024-04-15 05:00:00,-122.729056776486,36.8445074175714,0,"available_crw"
"254026_0",160,"254026_0_crw_160",28,"254026_0_20240415T110000",2024-04-15 11:00:00,-122.822498257701,37.0762444630498,0,"available_crw"
"254026_0",160,"254026_0_crw_160",29,"254026_0_20240415T170000",2024-04-15 17:00:00,-122.860855813927,37.265772840801,0,"available_crw"
"254026_0",160,"254026_0_crw_160",30,"254026_0_20240415T230000",2024-04-15 23:00:00,-122.813054336824,37.2556031359993,0,"available_crw"
"254026_0",161,"254026_0_crw_161",1,"254026_0_20240408T170000",2024-04-08 17:00:00,-122.0637,36.9493,0,"available_crw"
"254026_0",161,"254026_0_crw_161",2,"254026_0_20240408T230000",2024-04-08 23:00:00,-121.993359964016,36.9201224209422,0,"available_crw"
"254026_0",161,"254026_0_crw_161",3,"254026_0_20240409T050000",2024-04-09 05:00:00,-122.031856129893,36.895476772442,0,"available_crw"
"254026_0",161,"254026_0_crw_161",4,"254026_0_20240409T110000",2024-04-09 11:00:00,-122.095168408768,36.9066878695584,0,"available_crw"
"254026_0",161,"254026_0_crw_161",5,"254026_0_20240409T170000",2024-04-09 17:00:00,-122.109837058867,36.9060418142655,0,"available_crw"
"254026_0",161,"254026_0_crw_161",6,"254026_0_20240409T230000",2024-04-09 23:00:00,-122.156679424835,36.9023738065973,0,"available_crw"
"254026_0",161,"254026_0_crw_161",7,"254026_0_20240410T050000",2024-04-10 05:00:00,-122.09213465555,36.9330293847031,0,"available_crw"
"254026_0",161,"254026_0_crw_161",8,"254026_0_20240410T110000",2024-04-10 11:00:00,-122.080511884062,36.919321829134,0,"available_crw"
"254026_0",161,"254026_0_crw_161",9,"254026_0_20240410T170000",2024-04-10 17:00:00,-122.145049414636,36.9039189331243,0,"available_crw"
"254026_0",161,"254026_0_crw_161",10,"254026_0_20240410T230000",2024-04-10 23:00:00,-122.170147059931,36.8928341586974,0,"available_crw"
"254026_0",161,"254026_0_crw_161",11,"254026_0_20240411T050000",2024-04-11 05:00:00,-122.115374756384,36.7438025167521,0,"available_crw"
"254026_0",161,"254026_0_crw_161",12,"254026_0_20240411T110000",2024-04-11 11:00:00,-122.107016553423,36.7220299910959,0,"available_crw"
"254026_0",161,"254026_0_crw_161",13,"254026_0_20240411T170000",2024-04-11 17:00:00,-122.174176178064,36.7225205780025,0,"available_crw"
"254026_0",161,"254026_0_crw_161",14,"254026_0_20240411T230000",2024-04-11 23:00:00,-122.181926317814,36.6991974387191,0,"available_crw"
"254026_0",161,"254026_0_crw_161",15,"254026_0_20240412T050000",2024-04-12 05:00:00,-122.183295676281,36.6762190248883,0,"available_crw"
"254026_0",161,"254026_0_crw_161",16,"254026_0_20240412T110000",2024-04-12 11:00:00,-122.178593045007,36.6535281780512,0,"available_crw"
"254026_0",161,"254026_0_crw_161",17,"254026_0_20240412T170000",2024-04-12 17:00:00,-122.170366034476,36.6185458697507,0,"available_crw"
"254026_0",161,"254026_0_crw_161",18,"254026_0_20240412T230000",2024-04-12 23:00:00,-122.162693925775,36.5886428906699,0,"available_crw"
"254026_0",161,"254026_0_crw_161",19,"254026_0_20240413T050000",2024-04-13 05:00:00,-122.151133606513,36.5676118346304,0,"available_crw"
"254026_0",161,"254026_0_crw_161",20,"254026_0_20240413T110000",2024-04-13 11:00:00,-122.060544356257,36.3352965895036,0,"available_crw"
"254026_0",161,"254026_0_crw_161",21,"254026_0_20240413T170000",2024-04-13 17:00:00,-122.046465339168,36.3153097958666,0,"available_crw"
"254026_0",161,"254026_0_crw_161",22,"254026_0_20240413T230000",2024-04-13 23:00:00,-122.050355841745,36.3649630135194,0,"available_crw"
"254026_0",161,"254026_0_crw_161",23,"254026_0_20240414T050000",2024-04-14 05:00:00,-122.070888729149,36.3898600562104,0,"available_crw"
"254026_0",161,"254026_0_crw_161",24,"254026_0_20240414T110000",2024-04-14 11:00:00,-122.081473377541,36.2922879199842,0,"available_crw"
"254026_0",161,"254026_0_crw_161",25,"254026_0_20240414T170000",2024-04-14 17:00:00,-122.087278105805,36.2969384656093,0,"available_crw"
"254026_0",161,"254026_0_crw_161",26,"254026_0_20240414T230000",2024-04-14 23:00:00,-122.100008360005,36.3026852157361,0,"available_crw"
"254026_0",161,"254026_0_crw_161",27,"254026_0_20240415T050000",2024-04-15 05:00:00,-122.138898031654,36.3193333678673,0,"available_crw"
"254026_0",161,"254026_0_crw_161",28,"254026_0_20240415T110000",2024-04-15 11:00:00,-122.032632804239,36.4124805627228,0,"available_crw"
"254026_0",161,"254026_0_crw_161",29,"254026_0_20240415T170000",2024-04-15 17:00:00,-122.15244380811,36.3978640793824,0,"available_crw"
"254026_0",161,"254026_0_crw_161",30,"254026_0_20240415T230000",2024-04-15 23:00:00,-122.165758327893,36.3930328489021,0,"available_crw"
"254026_0",162,"254026_0_crw_162",1,"254026_0_20240408T170000",2024-04-08 17:00:00,-122.0637,36.9493,0,"available_crw"
"254026_0",162,"254026_0_crw_162",2,"254026_0_20240408T230000",2024-04-08 23:00:00,-122.041116949982,36.9255096380072,0,"available_crw"
"254026_0",162,"254026_0_crw_162",3,"254026_0_20240409T050000",2024-04-09 05:00:00,-122.011333467552,36.8959651676246,0,"available_crw"
"254026_0",162,"254026_0_crw_162",4,"254026_0_20240409T110000",2024-04-09 11:00:00,-121.999371730572,36.8891191130721,0,"available_crw"
"254026_0",162,"254026_0_crw_162",5,"254026_0_20240409T170000",2024-04-09 17:00:00,-121.995419817853,36.8371477424698,0,"available_crw"
"254026_0",162,"254026_0_crw_162",6,"254026_0_20240409T230000",2024-04-09 23:00:00,-122.041043247396,36.7719782226281,0,"available_crw"
"254026_0",162,"254026_0_crw_162",7,"254026_0_20240410T050000",2024-04-10 05:00:00,-122.104852088916,36.7632693339712,0,"available_crw"
"254026_0",162,"254026_0_crw_162",8,"254026_0_20240410T110000",2024-04-10 11:00:00,-122.151170279835,36.7557817614559,0,"available_crw"
"254026_0",162,"254026_0_crw_162",9,"254026_0_20240410T170000",2024-04-10 17:00:00,-122.179042007149,36.7359736791175,0,"available_crw"
"254026_0",162,"254026_0_crw_162",10,"254026_0_20240410T230000",2024-04-10 23:00:00,-122.165439093966,36.7144563273987,0,"available_crw"
"254026_0",162,"254026_0_crw_162",11,"254026_0_20240411T050000",2024-04-11 05:00:00,-122.152287475746,36.6942777840575,0,"available_crw"
"254026_0",162,"254026_0_crw_162",12,"254026_0_20240411T110000",2024-04-11 11:00:00,-122.218402354937,36.6848907417724,0,"available_crw"
"254026_0",162,"254026_0_crw_162",13,"254026_0_20240411T170000",2024-04-11 17:00:00,-122.209412459554,36.7384714691463,0,"available_crw"
"254026_0",162,"254026_0_crw_162",14,"254026_0_20240411T230000",2024-04-11 23:00:00,-122.211415753472,36.7501588870275,0,"available_crw"
"254026_0",162,"254026_0_crw_162",15,"254026_0_20240412T050000",2024-04-12 05:00:00,-122.217232339161,36.7803336348108,0,"available_crw"
"254026_0",162,"254026_0_crw_162",16,"254026_0_20240412T110000",2024-04-12 11:00:00,-122.224978230013,36.8153888600241,0,"available_crw"
"254026_0",162,"254026_0_crw_162",17,"254026_0_20240412T170000",2024-04-12 17:00:00,-122.418127144137,36.8213579418893,0,"available_crw"
"254026_0",162,"254026_0_crw_162",18,"254026_0_20240412T230000",2024-04-12 23:00:00,-122.396369112578,36.8568188517743,0,"available_crw"
"254026_0",162,"254026_0_crw_162",19,"254026_0_20240413T050000",2024-04-13 05:00:00,-122.333150039642,36.8682624432236,0,"available_crw"
"254026_0",162,"254026_0_crw_162",20,"254026_0_20240413T110000",2024-04-13 11:00:00,-122.332203478097,36.8923937577429,0,"available_crw"
"254026_0",162,"254026_0_crw_162",21,"254026_0_20240413T170000",2024-04-13 17:00:00,-122.348496178078,36.9045549797911,0,"available_crw"
"254026_0",162,"254026_0_crw_162",22,"254026_0_20240413T230000",2024-04-13 23:00:00,-122.335433182748,36.9173986286826,0,"available_crw"
"254026_0",162,"254026_0_crw_162",23,"254026_0_20240414T050000",2024-04-14 05:00:00,-122.311864605144,36.9413648128671,0,"available_crw"
"254026_0",162,"254026_0_crw_162",24,"254026_0_20240414T110000",2024-04-14 11:00:00,-122.294868735462,36.9319387865295,0,"available_crw"
"254026_0",162,"254026_0_crw_162",25,"254026_0_20240414T170000",2024-04-14 17:00:00,-122.280982059469,36.9280783817049,0,"available_crw"
"254026_0",162,"254026_0_crw_162",26,"254026_0_20240414T230000",2024-04-14 23:00:00,-122.252535376847,36.9253207237136,0,"available_crw"
"254026_0",162,"254026_0_crw_162",27,"254026_0_20240415T050000",2024-04-15 05:00:00,-122.224005980549,36.927455756659,0,"available_crw"
"254026_0",162,"254026_0_crw_162",28,"254026_0_20240415T110000",2024-04-15 11:00:00,-122.19668296335,36.9343869458453,0,"available_crw"
"254026_0",162,"254026_0_crw_162",29,"254026_0_20240415T170000",2024-04-15 17:00:00,-122.171801533949,36.945800990307,0,"available_crw"
"254026_0",162,"254026_0_crw_162",30,"254026_0_20240415T230000",2024-04-15 23:00:00,-122.141624959947,36.9633542222969,0,"available_crw"
"254026_0",163,"254026_0_crw_163",1,"254026_0_20240408T170000",2024-04-08 17:00:00,-122.0637,36.9493,0,"available_crw"
"254026_0",163,"254026_0_crw_163",2,"254026_0_20240408T230000",2024-04-08 23:00:00,-122.08066858826,36.9398414033531,0,"available_crw"
"254026_0",163,"254026_0_crw_163",3,"254026_0_20240409T050000",2024-04-09 05:00:00,-122.347190800205,36.8237402882097,0,"available_crw"
"254026_0",163,"254026_0_crw_163",4,"254026_0_20240409T110000",2024-04-09 11:00:00,-122.352019249137,36.8063029137603,0,"available_crw"
"254026_0",163,"254026_0_crw_163",5,"254026_0_20240409T170000",2024-04-09 17:00:00,-122.338854936366,36.791913481273,0,"available_crw"
"254026_0",163,"254026_0_crw_163",6,"254026_0_20240409T230000",2024-04-09 23:00:00,-122.310990791483,36.8008991893183,0,"available_crw"
"254026_0",163,"254026_0_crw_163",7,"254026_0_20240410T050000",2024-04-10 05:00:00,-122.219729504581,36.786534891336,0,"available_crw"
"254026_0",163,"254026_0_crw_163",8,"254026_0_20240410T110000",2024-04-10 11:00:00,-121.995429528307,36.721065485695,0,"available_crw"
"254026_0",163,"254026_0_crw_163",9,"254026_0_20240410T170000",2024-04-10 17:00:00,-121.975076980462,36.7235338431629,0,"available_crw"
"254026_0",163,"254026_0_crw_163",10,"254026_0_20240410T230000",2024-04-10 23:00:00,-121.948358460158,36.7316954238855,0,"available_crw"
"254026_0",163,"254026_0_crw_163",11,"254026_0_20240411T050000",2024-04-11 05:00:00,-121.951021231587,36.7254419855742,0,"available_crw"
"254026_0",163,"254026_0_crw_163",12,"254026_0_20240411T110000",2024-04-11 11:00:00,-121.962712376597,36.6963947305086,0,"available_crw"
"254026_0",163,"254026_0_crw_163",13,"254026_0_20240411T170000",2024-04-11 17:00:00,-122.069677260177,36.5248517741728,0,"available_crw"
"254026_0",163,"254026_0_crw_163",14,"254026_0_20240411T230000",2024-04-11 23:00:00,-122.082020003632,36.5043561642443,0,"available_crw"
"254026_0",163,"254026_0_crw_163",15,"254026_0_20240412T050000",2024-04-12 05:00:00,-122.085401313538,36.5103772954769,0,"available_crw"
"254026_0",163,"254026_0_crw_163",16,"254026_0_20240412T110000",2024-04-12 11:00:00,-122.161784774862,36.7285796255436,0,"available_crw"
"254026_0",163,"254026_0_crw_163",17,"254026_0_20240412T170000",2024-04-12 17:00:00,-122.190960035219,36.9191384707965,0,"available_crw"
"254026_0",163,"254026_0_crw_163",18,"254026_0_20240412T230000",2024-04-12 23:00:00,-122.198681264588,36.9564238647386,0,"available_crw"
"254026_0",163,"254026_0_crw_163",19,"254026_0_20240413T050000",2024-04-13 05:00:00,-122.208735176534,36.985226142515,0,"available_crw"
"254026_0",163,"254026_0_crw_163",20,"254026_0_20240413T110000",2024-04-13 11:00:00,-122.238823117644,36.9847299036505,0,"available_crw"
"254026_0",163,"254026_0_crw_163",21,"254026_0_20240413T170000",2024-04-13 17:00:00,-122.219624631544,37.0211451794493,0,"available_crw"
"254026_0",163,"254026_0_crw_163",22,"254026_0_20240413T230000",2024-04-13 23:00:00,-122.217735241566,37.0328450648048,0,"available_crw"
"254026_0",163,"254026_0_crw_163",23,"254026_0_20240414T050000",2024-04-14 05:00:00,-122.245686695111,37.0418305342631,0,"available_crw"
"254026_0",163,"254026_0_crw_163",24,"254026_0_20240414T110000",2024-04-14 11:00:00,-122.239231544551,37.0575850105155,0,"available_crw"
"254026_0",163,"254026_0_crw_163",25,"254026_0_20240414T170000",2024-04-14 17:00:00,-122.406435450451,37.1363872769641,0,"available_crw"
"254026_0",163,"254026_0_crw_163",26,"254026_0_20240414T230000",2024-04-14 23:00:00,-122.431164269139,37.1476728809616,0,"available_crw"
"254026_0",163,"254026_0_crw_163",27,"254026_0_20240415T050000",2024-04-15 05:00:00,-122.452234630271,37.1417909599435,0,"available_crw"
"254026_0",163,"254026_0_crw_163",28,"254026_0_20240415T110000",2024-04-15 11:00:00,-122.49611173961,37.1278428496229,0,"available_crw"
"254026_0",163,"254026_0_crw_163",29,"254026_0_20240415T170000",2024-04-15 17:00:00,-122.379219077026,37.0990593886851,0,"available_crw"
"254026_0",163,"254026_0_crw_163",30,"254026_0_20240415T230000",2024-04-15 23:00:00,-122.302365654428,37.114903548864,0,"available_crw"
"254026_0",164,"254026_0_crw_164",1,"254026_0_20240408T170000",2024-04-08 17:00:00,-122.0637,36.9493,0,"available_crw"
"254026_0",164,"254026_0_crw_164",2,"254026_0_20240408T230000",2024-04-08 23:00:00,-122.085785384138,36.9003437002195,0,"available_crw"
"254026_0",164,"254026_0_crw_164",3,"254026_0_20240409T050000",2024-04-09 05:00:00,-121.922306266523,36.8173319546352,0,"available_crw"
"254026_0",164,"254026_0_crw_164",4,"254026_0_20240409T110000",2024-04-09 11:00:00,-122.037708848441,36.7310699695614,0,"available_crw"
"254026_0",164,"254026_0_crw_164",5,"254026_0_20240409T170000",2024-04-09 17:00:00,-122.037000432755,36.713215366933,0,"available_crw"
"254026_0",164,"254026_0_crw_164",6,"254026_0_20240409T230000",2024-04-09 23:00:00,-122.007743589874,36.7079240328842,0,"available_crw"
"254026_0",164,"254026_0_crw_164",7,"254026_0_20240410T050000",2024-04-10 05:00:00,-121.979103632398,36.6612423647128,0,"available_crw"
"254026_0",164,"254026_0_crw_164",8,"254026_0_20240410T110000",2024-04-10 11:00:00,-121.97935584356,36.7109913107099,0,"available_crw"
"254026_0",164,"254026_0_crw_164",9,"254026_0_20240410T170000",2024-04-10 17:00:00,-121.946777081001,36.9531270943101,0,"available_crw"
"254026_0",164,"254026_0_crw_164",10,"254026_0_20240410T230000",2024-04-10 23:00:00,-121.885205492196,36.9312146041389,0,"available_crw"
"254026_0",164,"254026_0_crw_164",11,"254026_0_20240411T050000",2024-04-11 05:00:00,-121.892581934613,36.9282775260457,0,"available_crw"
"254026_0",164,"254026_0_crw_164",12,"254026_0_20240411T110000",2024-04-11 11:00:00,-121.926358540005,36.9142489833595,0,"available_crw"
"254026_0",164,"254026_0_crw_164",13,"254026_0_20240411T170000",2024-04-11 17:00:00,-121.946413529291,36.8890312764251,0,"available_crw"
"254026_0",164,"254026_0_crw_164",14,"254026_0_20240411T230000",2024-04-11 23:00:00,-121.956361351834,36.8674609695284,0,"available_crw"
"254026_0",164,"254026_0_crw_164",15,"254026_0_20240412T050000",2024-04-12 05:00:00,-121.793724098898,36.7834838090185,0,"available_crw"
"254026_0",164,"254026_0_crw_164",16,"254026_0_20240412T110000",2024-04-12 11:00:00,-121.772390675804,36.7884464778416,0,"available_crw"
"254026_0",164,"254026_0_crw_164",17,"254026_0_20240412T170000",2024-04-12 17:00:00,-121.884856927641,36.8260305312076,0,"available_crw"
"254026_0",164,"254026_0_crw_164",18,"254026_0_20240412T230000",2024-04-12 23:00:00,-121.902931020236,36.8067524034131,0,"available_crw"
"254026_0",164,"254026_0_crw_164",19,"254026_0_20240413T050000",2024-04-13 05:00:00,-121.89835381118,36.7892728080808,0,"available_crw"
"254026_0",164,"254026_0_crw_164",20,"254026_0_20240413T110000",2024-04-13 11:00:00,-121.884986112302,36.7766674054693,0,"available_crw"
"254026_0",164,"254026_0_crw_164",21,"254026_0_20240413T170000",2024-04-13 17:00:00,-121.946946390978,36.7557418701154,0,"available_crw"
"254026_0",164,"254026_0_crw_164",22,"254026_0_20240413T230000",2024-04-13 23:00:00,-121.972910578907,36.7466464068373,0,"available_crw"
"254026_0",164,"254026_0_crw_164",23,"254026_0_20240414T050000",2024-04-14 05:00:00,-122.015135215303,36.7301030786809,0,"available_crw"
"254026_0",164,"254026_0_crw_164",24,"254026_0_20240414T110000",2024-04-14 11:00:00,-122.026108167188,36.7222822042833,0,"available_crw"
"254026_0",164,"254026_0_crw_164",25,"254026_0_20240414T170000",2024-04-14 17:00:00,-122.059907152887,36.6960508328711,0,"available_crw"
"254026_0",164,"254026_0_crw_164",26,"254026_0_20240414T230000",2024-04-14 23:00:00,-122.08675043797,36.6744873359883,0,"available_crw"
"254026_0",164,"254026_0_crw_164",27,"254026_0_20240415T050000",2024-04-15 05:00:00,-122.113126600016,36.6525586148427,0,"available_crw"
"254026_0",164,"254026_0_crw_164",28,"254026_0_20240415T110000",2024-04-15 11:00:00,-122.194504615256,36.7610386353347,0,"available_crw"
"254026_0",164,"254026_0_crw_164",29,"254026_0_20240415T170000",2024-04-15 17:00:00,-122.302650011497,36.9704441677663,0,"available_crw"
"254026_0",164,"254026_0_crw_164",30,"254026_0_20240415T230000",2024-04-15 23:00:00,-122.253393357991,36.969375668442,0,"available_crw"
"254026_0",165,"254026_0_crw_165",1,"254026_0_20240408T170000",2024-04-08 17:00:00,-122.0637,36.9493,0,"available_crw"
"254026_0",165,"254026_0_crw_165",2,"254026_0_20240408T230000",2024-04-08 23:00:00,-121.937186075153,36.7279957569188,0,"available_crw"
"254026_0",165,"254026_0_crw_165",3,"254026_0_20240409T050000",2024-04-09 05:00:00,-121.945116897896,36.7297120466839,0,"available_crw"
"254026_0",165,"254026_0_crw_165",4,"254026_0_20240409T110000",2024-04-09 11:00:00,-121.914095666139,36.7603694945845,0,"available_crw"
"254026_0",165,"254026_0_crw_165",5,"254026_0_20240409T170000",2024-04-09 17:00:00,-121.903663377003,36.8233724813285,0,"available_crw"
"254026_0",165,"254026_0_crw_165",6,"254026_0_20240409T230000",2024-04-09 23:00:00,-121.900275578157,36.8459960715724,0,"available_crw"
"254026_0",165,"254026_0_crw_165",7,"254026_0_20240410T050000",2024-04-10 05:00:00,-121.89601464327,36.8838524720157,0,"available_crw"
"254026_0",165,"254026_0_crw_165",8,"254026_0_20240410T110000",2024-04-10 11:00:00,-121.893749451562,36.9216038133047,0,"available_crw"
"254026_0",165,"254026_0_crw_165",9,"254026_0_20240410T170000",2024-04-10 17:00:00,-121.897002621686,36.9331081098174,0,"available_crw"
"254026_0",165,"254026_0_crw_165",10,"254026_0_20240410T230000",2024-04-10 23:00:00,-121.90397976581,36.9434908795979,0,"available_crw"
"254026_0",165,"254026_0_crw_165",11,"254026_0_20240411T050000",2024-04-11 05:00:00,-121.895905533181,36.9421899931894,0,"available_crw"
"254026_0",165,"254026_0_crw_165",12,"254026_0_20240411T110000",2024-04-11 11:00:00,-121.858494000839,36.9366762606125,0,"available_crw"
"254026_0",165,"254026_0_crw_165",13,"254026_0_20240411T170000",2024-04-11 17:00:00,-121.843857001328,36.9377311646447,0,"available_crw"
"254026_0",165,"254026_0_crw_165",14,"254026_0_20240411T230000",2024-04-11 23:00:00,-121.870339163592,36.8128077251549,0,"available_crw"
"254026_0",165,"254026_0_crw_165",15,"254026_0_20240412T050000",2024-04-12 05:00:00,-121.933182329241,36.7576919074336,0,"available_crw"
"254026_0",165,"254026_0_crw_165",16,"254026_0_20240412T110000",2024-04-12 11:00:00,-121.875621222348,36.7758633968799,0,"available_crw"
"254026_0",165,"254026_0_crw_165",17,"254026_0_20240412T170000",2024-04-12 17:00:00,-121.927163737545,36.7322127957866,0,"available_crw"
"254026_0",165,"254026_0_crw_165",18,"254026_0_20240412T230000",2024-04-12 23:00:00,-122.017454427689,36.7146026339411,0,"available_crw"
"254026_0",165,"254026_0_crw_165",19,"254026_0_20240413T050000",2024-04-13 05:00:00,-122.030245631977,36.7088469514711,0,"available_crw"
"254026_0",165,"254026_0_crw_165",20,"254026_0_20240413T110000",2024-04-13 11:00:00,-122.028750827211,36.7153471689983,0,"available_crw"
"254026_0",165,"254026_0_crw_165",21,"254026_0_20240413T170000",2024-04-13 17:00:00,-121.886527484706,36.661124285372,0,"available_crw"
"254026_0",165,"254026_0_crw_165",22,"254026_0_20240413T230000",2024-04-13 23:00:00,-121.894139887381,36.6457179929697,0,"available_crw"
"254026_0",165,"254026_0_crw_165",23,"254026_0_20240414T050000",2024-04-14 05:00:00,-121.913707495677,36.6508525436559,0,"available_crw"
"254026_0",165,"254026_0_crw_165",24,"254026_0_20240414T110000",2024-04-14 11:00:00,-121.928335347225,36.6513625122902,0,"available_crw"
"254026_0",165,"254026_0_crw_165",25,"254026_0_20240414T170000",2024-04-14 17:00:00,-121.972511945492,36.6521100100769,0,"available_crw"
"254026_0",165,"254026_0_crw_165",26,"254026_0_20240414T230000",2024-04-14 23:00:00,-122.019410219582,36.6512950008,0,"available_crw"
"254026_0",165,"254026_0_crw_165",27,"254026_0_20240415T050000",2024-04-15 05:00:00,-122.062727418673,36.648281212291,0,"available_crw"
"254026_0",165,"254026_0_crw_165",28,"254026_0_20240415T110000",2024-04-15 11:00:00,-122.300513362415,36.6608433691787,0,"available_crw"
"254026_0",165,"254026_0_crw_165",29,"254026_0_20240415T170000",2024-04-15 17:00:00,-122.347419629598,36.6616713161627,0,"available_crw"
"254026_0",165,"254026_0_crw_165",30,"254026_0_20240415T230000",2024-04-15 23:00:00,-122.279010308371,36.6859523314317,0,"available_crw"
"254026_0",166,"254026_0_crw_166",1,"254026_0_20240408T170000",2024-04-08 17:00:00,-122.0637,36.9493,0,"available_crw"
"254026_0",166,"254026_0_crw_166",2,"254026_0_20240408T230000",2024-04-08 23:00:00,-121.937186075153,36.7279957569188,0,"available_crw"
"254026_0",166,"254026_0_crw_166",3,"254026_0_20240409T050000",2024-04-09 05:00:00,-121.915905279708,36.7229322126421,0,"available_crw"
"254026_0",166,"254026_0_crw_166",4,"254026_0_20240409T110000",2024-04-09 11:00:00,-121.947837985012,36.6928973635379,0,"available_crw"
"254026_0",166,"254026_0_crw_166",5,"254026_0_20240409T170000",2024-04-09 17:00:00,-121.961388767006,36.6726474214172,0,"available_crw"
"254026_0",166,"254026_0_crw_166",6,"254026_0_20240409T230000",2024-04-09 23:00:00,-122.024906567405,36.6630045038474,0,"available_crw"
"254026_0",166,"254026_0_crw_166",7,"254026_0_20240410T050000",2024-04-10 05:00:00,-122.051203550281,36.6540430874159,0,"available_crw"
"254026_0",166,"254026_0_crw_166",8,"254026_0_20240410T110000",2024-04-10 11:00:00,-122.074540741074,36.6407926946828,0,"available_crw"
"254026_0",166,"254026_0_crw_166",9,"254026_0_20240410T170000",2024-04-10 17:00:00,-122.037400536854,36.693048588685,0,"available_crw"
"254026_0",166,"254026_0_crw_166",10,"254026_0_20240410T230000",2024-04-10 23:00:00,-121.992079651953,36.6531697562101,0,"available_crw"
"254026_0",166,"254026_0_crw_166",11,"254026_0_20240411T050000",2024-04-11 05:00:00,-122.038644690544,36.6407079807663,0,"available_crw"
"254026_0",166,"254026_0_crw_166",12,"254026_0_20240411T110000",2024-04-11 11:00:00,-121.977467699719,36.6340548698707,0,"available_crw"
"254026_0",166,"254026_0_crw_166",13,"254026_0_20240411T170000",2024-04-11 17:00:00,-121.930771628411,36.6305595767699,0,"available_crw"
"254026_0",166,"254026_0_crw_166",14,"254026_0_20240411T230000",2024-04-11 23:00:00,-121.98477401924,36.5115492667833,0,"available_crw"
"254026_0",166,"254026_0_crw_166",15,"254026_0_20240412T050000",2024-04-12 05:00:00,-121.988669382316,36.488760483727,0,"available_crw"
"254026_0",166,"254026_0_crw_166",16,"254026_0_20240412T110000",2024-04-12 11:00:00,-121.981410191808,36.4732625103195,0,"available_crw"
"254026_0",166,"254026_0_crw_166",17,"254026_0_20240412T170000",2024-04-12 17:00:00,-121.972769741694,36.4637497535694,0,"available_crw"
"254026_0",166,"254026_0_crw_166",18,"254026_0_20240412T230000",2024-04-12 23:00:00,-121.947774860617,36.4416817297391,0,"available_crw"
"254026_0",166,"254026_0_crw_166",19,"254026_0_20240413T050000",2024-04-13 05:00:00,-121.932409216555,36.367929828531,0,"available_crw"
"254026_0",166,"254026_0_crw_166",20,"254026_0_20240413T110000",2024-04-13 11:00:00,-121.908819788497,36.3448769866148,0,"available_crw"
"254026_0",166,"254026_0_crw_166",21,"254026_0_20240413T170000",2024-04-13 17:00:00,-121.955909377025,36.3342973087348,0,"available_crw"
"254026_0",166,"254026_0_crw_166",22,"254026_0_20240413T230000",2024-04-13 23:00:00,-122.191501808678,36.3114501491249,0,"available_crw"
"254026_0",166,"254026_0_crw_166",23,"254026_0_20240414T050000",2024-04-14 05:00:00,-122.237710920569,36.3476963548593,0,"available_crw"
"254026_0",166,"254026_0_crw_166",24,"254026_0_20240414T110000",2024-04-14 11:00:00,-122.272426828192,36.3733250111265,0,"available_crw"
"254026_0",166,"254026_0_crw_166",25,"254026_0_20240414T170000",2024-04-14 17:00:00,-122.140605990168,36.4419492934789,0,"available_crw"
"254026_0",166,"254026_0_crw_166",26,"254026_0_20240414T230000",2024-04-14 23:00:00,-122.102344830551,36.4637075324867,0,"available_crw"
"254026_0",166,"254026_0_crw_166",27,"254026_0_20240415T050000",2024-04-15 05:00:00,-122.100043370587,36.4814752269128,0,"available_crw"
"254026_0",166,"254026_0_crw_166",28,"254026_0_20240415T110000",2024-04-15 11:00:00,-122.097133942961,36.5192013594362,0,"available_crw"
"254026_0",166,"254026_0_crw_166",29,"254026_0_20240415T170000",2024-04-15 17:00:00,-122.076588492517,36.5192283073634,0,"available_crw"
"254026_0",166,"254026_0_crw_166",30,"254026_0_20240415T230000",2024-04-15 23:00:00,-122.035958012907,36.4787881112463,0,"available_crw"
"254026_0",167,"254026_0_crw_167",1,"254026_0_20240408T170000",2024-04-08 17:00:00,-122.0637,36.9493,0,"available_crw"
"254026_0",167,"254026_0_crw_167",2,"254026_0_20240408T230000",2024-04-08 23:00:00,-121.993359964016,36.9201224209422,0,"available_crw"
"254026_0",167,"254026_0_crw_167",3,"254026_0_20240409T050000",2024-04-09 05:00:00,-121.972729355098,36.9204763250006,0,"available_crw"
"254026_0",167,"254026_0_crw_167",4,"254026_0_20240409T110000",2024-04-09 11:00:00,-121.99182925418,36.8686349853731,0,"available_crw"
"254026_0",167,"254026_0_crw_167",5,"254026_0_20240409T170000",2024-04-09 17:00:00,-121.987507761099,36.8524343621464,0,"available_crw"
"254026_0",167,"254026_0_crw_167",6,"254026_0_20240409T230000",2024-04-09 23:00:00,-122.007364889311,36.8479288301061,0,"available_crw"
"254026_0",167,"254026_0_crw_167",7,"254026_0_20240410T050000",2024-04-10 05:00:00,-122.096324110845,36.8699053080831,0,"available_crw"
"254026_0",167,"254026_0_crw_167",8,"254026_0_20240410T110000",2024-04-10 11:00:00,-122.138746705606,36.8780106487702,0,"available_crw"
"254026_0",167,"254026_0_crw_167",9,"254026_0_20240410T170000",2024-04-10 17:00:00,-122.424374720203,36.9600100210696,0,"available_crw"
"254026_0",167,"254026_0_crw_167",10,"254026_0_20240410T230000",2024-04-10 23:00:00,-122.445923774362,37.0091273089497,0,"available_crw"
"254026_0",167,"254026_0_crw_167",11,"254026_0_20240411T050000",2024-04-11 05:00:00,-122.459173159533,37.037754778896,0,"available_crw"
"254026_0",167,"254026_0_crw_167",12,"254026_0_20240411T110000",2024-04-11 11:00:00,-122.474760245758,37.0486370036109,0,"available_crw"
"254026_0",167,"254026_0_crw_167",13,"254026_0_20240411T170000",2024-04-11 17:00:00,-122.511605317117,37.072232147236,0,"available_crw"
"254026_0",167,"254026_0_crw_167",14,"254026_0_20240411T230000",2024-04-11 23:00:00,-122.662031621288,36.9742387918038,0,"available_crw"
"254026_0",167,"254026_0_crw_167",15,"254026_0_20240412T050000",2024-04-12 05:00:00,-122.695818528917,36.9511601503427,0,"available_crw"
"254026_0",167,"254026_0_crw_167",16,"254026_0_20240412T110000",2024-04-12 11:00:00,-122.604844677529,36.8140060284295,0,"available_crw"
"254026_0",167,"254026_0_crw_167",17,"254026_0_20240412T170000",2024-04-12 17:00:00,-122.594731329832,36.805457652269,0,"available_crw"
"254026_0",167,"254026_0_crw_167",18,"254026_0_20240412T230000",2024-04-12 23:00:00,-122.582140298864,36.7994009654601,0,"available_crw"
"254026_0",167,"254026_0_crw_167",19,"254026_0_20240413T050000",2024-04-13 05:00:00,-122.561012385623,36.8049214970894,0,"available_crw"
"254026_0",167,"254026_0_crw_167",20,"254026_0_20240413T110000",2024-04-13 11:00:00,-122.615719546738,36.7638130652574,0,"available_crw"
"254026_0",167,"254026_0_crw_167",21,"254026_0_20240413T170000",2024-04-13 17:00:00,-122.643001251176,36.7425865904988,0,"available_crw"
"254026_0",167,"254026_0_crw_167",22,"254026_0_20240413T230000",2024-04-13 23:00:00,-122.584191491693,36.7579390941854,0,"available_crw"
"254026_0",167,"254026_0_crw_167",23,"254026_0_20240414T050000",2024-04-14 05:00:00,-122.494400344799,36.7386334199274,0,"available_crw"
"254026_0",167,"254026_0_crw_167",24,"254026_0_20240414T110000",2024-04-14 11:00:00,-122.212923465108,36.6495064338158,0,"available_crw"
"254026_0",167,"254026_0_crw_167",25,"254026_0_20240414T170000",2024-04-14 17:00:00,-122.220115562647,36.6463254777863,0,"available_crw"
"254026_0",167,"254026_0_crw_167",26,"254026_0_20240414T230000",2024-04-14 23:00:00,-122.224105494725,36.6857337050508,0,"available_crw"
"254026_0",167,"254026_0_crw_167",27,"254026_0_20240415T050000",2024-04-15 05:00:00,-122.245279701709,36.7103258069596,0,"available_crw"
"254026_0",167,"254026_0_crw_167",28,"254026_0_20240415T110000",2024-04-15 11:00:00,-122.369447140631,36.9138825494098,0,"available_crw"
"254026_0",167,"254026_0_crw_167",29,"254026_0_20240415T170000",2024-04-15 17:00:00,-122.387242691704,36.9319122235627,0,"available_crw"
"254026_0",167,"254026_0_crw_167",30,"254026_0_20240415T230000",2024-04-15 23:00:00,-122.396201595578,37.0063549879039,0,"available_crw"
"254026_0",168,"254026_0_crw_168",1,"254026_0_20240408T170000",2024-04-08 17:00:00,-122.0637,36.9493,0,"available_crw"
"254026_0",168,"254026_0_crw_168",2,"254026_0_20240408T230000",2024-04-08 23:00:00,-122.044034444237,36.9325675630446,0,"available_crw"
"254026_0",168,"254026_0_crw_168",3,"254026_0_20240409T050000",2024-04-09 05:00:00,-122.015698025085,36.9131510299701,0,"available_crw"
"254026_0",168,"254026_0_crw_168",4,"254026_0_20240409T110000",2024-04-09 11:00:00,-121.98078062968,36.8921536965845,0,"available_crw"
"254026_0",168,"254026_0_crw_168",5,"254026_0_20240409T170000",2024-04-09 17:00:00,-121.943788508769,36.8886206067446,0,"available_crw"
"254026_0",168,"254026_0_crw_168",6,"254026_0_20240409T230000",2024-04-09 23:00:00,-121.932881002967,36.9111167478364,0,"available_crw"
"254026_0",168,"254026_0_crw_168",7,"254026_0_20240410T050000",2024-04-10 05:00:00,-121.931413986436,36.9228549471938,0,"available_crw"
"254026_0",168,"254026_0_crw_168",8,"254026_0_20240410T110000",2024-04-10 11:00:00,-121.93465635061,36.9457100714957,0,"available_crw"
"254026_0",168,"254026_0_crw_168",9,"254026_0_20240410T170000",2024-04-10 17:00:00,-121.952976370695,36.9558532049995,0,"available_crw"
"254026_0",168,"254026_0_crw_168",10,"254026_0_20240410T230000",2024-04-10 23:00:00,-121.973507940374,36.9575880652246,0,"available_crw"
"254026_0",168,"254026_0_crw_168",11,"254026_0_20240411T050000",2024-04-11 05:00:00,-121.92098984288,36.9311725248201,0,"available_crw"
"254026_0",168,"254026_0_crw_168",12,"254026_0_20240411T110000",2024-04-11 11:00:00,-121.896756616205,36.9193110751933,0,"available_crw"
"254026_0",168,"254026_0_crw_168",13,"254026_0_20240411T170000",2024-04-11 17:00:00,-121.875175978915,36.9361223110586,0,"available_crw"
"254026_0",168,"254026_0_crw_168",14,"254026_0_20240411T230000",2024-04-11 23:00:00,-121.797960714237,36.8256204539309,0,"available_crw"
"254026_0",168,"254026_0_crw_168",15,"254026_0_20240412T050000",2024-04-12 05:00:00,-121.806048073951,36.8268143304114,0,"available_crw"
"254026_0",168,"254026_0_crw_168",16,"254026_0_20240412T110000",2024-04-12 11:00:00,-121.880625487847,36.6834751229288,0,"available_crw"
"254026_0",168,"254026_0_crw_168",17,"254026_0_20240412T170000",2024-04-12 17:00:00,-121.870834262464,36.6674472599473,0,"available_crw"
"254026_0",168,"254026_0_crw_168",18,"254026_0_20240412T230000",2024-04-12 23:00:00,-121.848766928557,36.6338506043516,0,"available_crw"
"254026_0",168,"254026_0_crw_168",19,"254026_0_20240413T050000",2024-04-13 05:00:00,-122.001870260946,36.6050632572483,0,"available_crw"
"254026_0",168,"254026_0_crw_168",20,"254026_0_20240413T110000",2024-04-13 11:00:00,-122.301741064123,36.5759281953037,0,"available_crw"
"254026_0",168,"254026_0_crw_168",21,"254026_0_20240413T170000",2024-04-13 17:00:00,-122.297308538766,36.5814893750097,0,"available_crw"
"254026_0",168,"254026_0_crw_168",22,"254026_0_20240413T230000",2024-04-13 23:00:00,-122.280734541687,36.6082507498351,0,"available_crw"
"254026_0",168,"254026_0_crw_168",23,"254026_0_20240414T050000",2024-04-14 05:00:00,-122.281464524107,36.6248103963451,0,"available_crw"
"254026_0",168,"254026_0_crw_168",24,"254026_0_20240414T110000",2024-04-14 11:00:00,-122.28588746754,36.6360574107304,0,"available_crw"
"254026_0",168,"254026_0_crw_168",25,"254026_0_20240414T170000",2024-04-14 17:00:00,-122.313338074872,36.6562127028855,0,"available_crw"
"254026_0",168,"254026_0_crw_168",26,"254026_0_20240414T230000",2024-04-14 23:00:00,-122.300475886501,36.6691601738551,0,"available_crw"
"254026_0",168,"254026_0_crw_168",27,"254026_0_20240415T050000",2024-04-15 05:00:00,-122.085938803257,36.8409758419145,0,"available_crw"
"254026_0",168,"254026_0_crw_168",28,"254026_0_20240415T110000",2024-04-15 11:00:00,-122.080040244128,36.856852143701,0,"available_crw"
"254026_0",168,"254026_0_crw_168",29,"254026_0_20240415T170000",2024-04-15 17:00:00,-122.042768265983,36.8310495456498,0,"available_crw"
"254026_0",168,"254026_0_crw_168",30,"254026_0_20240415T230000",2024-04-15 23:00:00,-122.067158911814,36.8767741719021,0,"available_crw"
"254026_0",169,"254026_0_crw_169",1,"254026_0_20240408T170000",2024-04-08 17:00:00,-122.0637,36.9493,0,"available_crw"
"254026_0",169,"254026_0_crw_169",2,"254026_0_20240408T230000",2024-04-08 23:00:00,-122.08066858826,36.9398414033531,0,"available_crw"
"254026_0",169,"254026_0_crw_169",3,"254026_0_20240409T050000",2024-04-09 05:00:00,-122.070235777797,36.9171987621045,0,"available_crw"
"254026_0",169,"254026_0_crw_169",4,"254026_0_20240409T110000",2024-04-09 11:00:00,-121.997576475726,36.6807595706175,0,"available_crw"
"254026_0",169,"254026_0_crw_169",5,"254026_0_20240409T170000",2024-04-09 17:00:00,-121.984432925918,36.6444757400057,0,"available_crw"
"254026_0",169,"254026_0_crw_169",6,"254026_0_20240409T230000",2024-04-09 23:00:00,-121.969613956755,36.6115410530755,0,"available_crw"
"254026_0",169,"254026_0_crw_169",7,"254026_0_20240410T050000",2024-04-10 05:00:00,-121.923627448147,36.42316481444,0,"available_crw"
"254026_0",169,"254026_0_crw_169",8,"254026_0_20240410T110000",2024-04-10 11:00:00,-121.913184216338,36.3861000672473,0,"available_crw"
"254026_0",169,"254026_0_crw_169",9,"254026_0_20240410T170000",2024-04-10 17:00:00,-121.906580219007,36.3639459987112,0,"available_crw"
"254026_0",169,"254026_0_crw_169",10,"254026_0_20240410T230000",2024-04-10 23:00:00,-121.894222909394,36.3272698238429,0,"available_crw"
"254026_0",169,"254026_0_crw_169",11,"254026_0_20240411T050000",2024-04-11 05:00:00,-121.880192704472,36.294126225887,0,"available_crw"
"254026_0",169,"254026_0_crw_169",12,"254026_0_20240411T110000",2024-04-11 11:00:00,-121.852312020746,36.2744799713296,0,"available_crw"
"254026_0",169,"254026_0_crw_169",13,"254026_0_20240411T170000",2024-04-11 17:00:00,-121.83916086626,36.269401296484,0,"available_crw"
"254026_0",169,"254026_0_crw_169",14,"254026_0_20240411T230000",2024-04-11 23:00:00,-121.846776982336,36.2540077569249,0,"available_crw"
"254026_0",169,"254026_0_crw_169",15,"254026_0_20240412T050000",2024-04-12 05:00:00,-121.972465904497,36.329564489591,0,"available_crw"
"254026_0",169,"254026_0_crw_169",16,"254026_0_20240412T110000",2024-04-12 11:00:00,-122.170277066988,36.49031516372,0,"available_crw"
"254026_0",169,"254026_0_crw_169",17,"254026_0_20240412T170000",2024-04-12 17:00:00,-122.156683998434,36.5027477231164,0,"available_crw"
"254026_0",169,"254026_0_crw_169",18,"254026_0_20240412T230000",2024-04-12 23:00:00,-122.136416212999,36.4667542386407,0,"available_crw"
"254026_0",169,"254026_0_crw_169",19,"254026_0_20240413T050000",2024-04-13 05:00:00,-122.106255598949,36.4493773741135,0,"available_crw"
"254026_0",169,"254026_0_crw_169",20,"254026_0_20240413T110000",2024-04-13 11:00:00,-122.069834851301,36.4293330647377,0,"available_crw"
"254026_0",169,"254026_0_crw_169",21,"254026_0_20240413T170000",2024-04-13 17:00:00,-122.030116418443,36.4093745921252,0,"available_crw"
"254026_0",169,"254026_0_crw_169",22,"254026_0_20240413T230000",2024-04-13 23:00:00,-121.951479263701,36.409017265999,0,"available_crw"
"254026_0",169,"254026_0_crw_169",23,"254026_0_20240414T050000",2024-04-14 05:00:00,-122.019140943504,36.3838390972263,0,"available_crw"
"254026_0",169,"254026_0_crw_169",24,"254026_0_20240414T110000",2024-04-14 11:00:00,-122.076896718761,36.406889900014,0,"available_crw"
"254026_0",169,"254026_0_crw_169",25,"254026_0_20240414T170000",2024-04-14 17:00:00,-122.271684887857,36.5169391027399,0,"available_crw"
"254026_0",169,"254026_0_crw_169",26,"254026_0_20240414T230000",2024-04-14 23:00:00,-122.308412330892,36.53666665166,0,"available_crw"
"254026_0",169,"254026_0_crw_169",27,"254026_0_20240415T050000",2024-04-15 05:00:00,-122.322311649147,36.5403283565801,0,"available_crw"
"254026_0",169,"254026_0_crw_169",28,"254026_0_20240415T110000",2024-04-15 11:00:00,-122.358586155603,36.5341062995167,0,"available_crw"
"254026_0",169,"254026_0_crw_169",29,"254026_0_20240415T170000",2024-04-15 17:00:00,-122.250229569161,36.4900265591784,0,"available_crw"
"254026_0",169,"254026_0_crw_169",30,"254026_0_20240415T230000",2024-04-15 23:00:00,-122.236615328072,36.4391269392234,0,"available_crw"
"254026_0",170,"254026_0_crw_170",1,"254026_0_20240408T170000",2024-04-08 17:00:00,-122.0637,36.9493,0,"available_crw"
"254026_0",170,"254026_0_crw_170",2,"254026_0_20240408T230000",2024-04-08 23:00:00,-122.112588686632,36.9444656021333,0,"available_crw"
"254026_0",170,"254026_0_crw_170",3,"254026_0_20240409T050000",2024-04-09 05:00:00,-122.125052029669,36.9296668612357,0,"available_crw"
"254026_0",170,"254026_0_crw_170",4,"254026_0_20240409T110000",2024-04-09 11:00:00,-122.128464872553,36.8661652137071,0,"available_crw"
"254026_0",170,"254026_0_crw_170",5,"254026_0_20240409T170000",2024-04-09 17:00:00,-122.180535589392,36.8351795381581,0,"available_crw"
"254026_0",170,"254026_0_crw_170",6,"254026_0_20240409T230000",2024-04-09 23:00:00,-122.169261543803,36.8128024663342,0,"available_crw"
"254026_0",170,"254026_0_crw_170",7,"254026_0_20240410T050000",2024-04-10 05:00:00,-122.16031070462,36.8034543567198,0,"available_crw"
"254026_0",170,"254026_0_crw_170",8,"254026_0_20240410T110000",2024-04-10 11:00:00,-122.024232632852,36.604970846312,0,"available_crw"
"254026_0",170,"254026_0_crw_170",9,"254026_0_20240410T170000",2024-04-10 17:00:00,-122.041572828124,36.5960536218765,0,"available_crw"
"254026_0",170,"254026_0_crw_170",10,"254026_0_20240410T230000",2024-04-10 23:00:00,-122.312364255142,36.4884365951514,0,"available_crw"
"254026_0",170,"254026_0_crw_170",11,"254026_0_20240411T050000",2024-04-11 05:00:00,-122.314245315607,36.5279480847592,0,"available_crw"
"254026_0",170,"254026_0_crw_170",12,"254026_0_20240411T110000",2024-04-11 11:00:00,-122.503874657728,36.5551490717051,0,"available_crw"
"254026_0",170,"254026_0_crw_170",13,"254026_0_20240411T170000",2024-04-11 17:00:00,-122.497622932826,36.5594235856929,0,"available_crw"
"254026_0",170,"254026_0_crw_170",14,"254026_0_20240411T230000",2024-04-11 23:00:00,-122.463170881018,36.5850492134407,0,"available_crw"
"254026_0",170,"254026_0_crw_170",15,"254026_0_20240412T050000",2024-04-12 05:00:00,-122.434893827128,36.5360263719994,0,"available_crw"
"254026_0",170,"254026_0_crw_170",16,"254026_0_20240412T110000",2024-04-12 11:00:00,-122.368762513371,36.3515948474147,0,"available_crw"
"254026_0",170,"254026_0_crw_170",17,"254026_0_20240412T170000",2024-04-12 17:00:00,-122.405566002153,36.3088733523932,0,"available_crw"
"254026_0",170,"254026_0_crw_170",18,"254026_0_20240412T230000",2024-04-12 23:00:00,-122.42991014472,36.2792155261761,0,"available_crw"
"254026_0",170,"254026_0_crw_170",19,"254026_0_20240413T050000",2024-04-13 05:00:00,-122.409989667111,36.2612482747293,0,"available_crw"
"254026_0",170,"254026_0_crw_170",20,"254026_0_20240413T110000",2024-04-13 11:00:00,-122.374852811834,36.2519834818563,0,"available_crw"
"254026_0",170,"254026_0_crw_170",21,"254026_0_20240413T170000",2024-04-13 17:00:00,-122.338710555579,36.2582113966422,0,"available_crw"
"254026_0",170,"254026_0_crw_170",22,"254026_0_20240413T230000",2024-04-13 23:00:00,-122.34250405857,36.2523571405612,0,"available_crw"
"254026_0",170,"254026_0_crw_170",23,"254026_0_20240414T050000",2024-04-14 05:00:00,-122.345643439307,36.2584601888021,0,"available_crw"
"254026_0",170,"254026_0_crw_170",24,"254026_0_20240414T110000",2024-04-14 11:00:00,-122.363456295972,36.2846678788014,0,"available_crw"
"254026_0",170,"254026_0_crw_170",25,"254026_0_20240414T170000",2024-04-14 17:00:00,-122.478616181238,36.5097574151263,0,"available_crw"
"254026_0",170,"254026_0_crw_170",26,"254026_0_20240414T230000",2024-04-14 23:00:00,-122.494589409098,36.5201663762543,0,"available_crw"
"254026_0",170,"254026_0_crw_170",27,"254026_0_20240415T050000",2024-04-15 05:00:00,-122.516387275007,36.5170658043729,0,"available_crw"
"254026_0",170,"254026_0_crw_170",28,"254026_0_20240415T110000",2024-04-15 11:00:00,-122.559648115424,36.5101065671164,0,"available_crw"
"254026_0",170,"254026_0_crw_170",29,"254026_0_20240415T170000",2024-04-15 17:00:00,-122.617331783742,36.4668462459339,0,"available_crw"
"254026_0",170,"254026_0_crw_170",30,"254026_0_20240415T230000",2024-04-15 23:00:00,-122.624974048245,36.4567906989163,0,"available_crw"
"254026_0",171,"254026_0_crw_171",1,"254026_0_20240408T170000",2024-04-08 17:00:00,-122.0637,36.9493,0,"available_crw"
"254026_0",171,"254026_0_crw_171",2,"254026_0_20240408T230000",2024-04-08 23:00:00,-121.937186075153,36.7279957569188,0,"available_crw"
"254026_0",171,"254026_0_crw_171",3,"254026_0_20240409T050000",2024-04-09 05:00:00,-121.950495913098,36.6539808571022,0,"available_crw"
"254026_0",171,"254026_0_crw_171",4,"254026_0_20240409T110000",2024-04-09 11:00:00,-121.955864126263,36.6162150778004,0,"available_crw"
"254026_0",171,"254026_0_crw_171",5,"254026_0_20240409T170000",2024-04-09 17:00:00,-121.948151312155,36.6008569650588,0,"available_crw"
"254026_0",171,"254026_0_crw_171",6,"254026_0_20240409T230000",2024-04-09 23:00:00,-121.955964297985,36.6028614265866,0,"available_crw"
"254026_0",171,"254026_0_crw_171",7,"254026_0_20240410T050000",2024-04-10 05:00:00,-121.983006358431,36.6094911187943,0,"available_crw"
"254026_0",171,"254026_0_crw_171",8,"254026_0_20240410T110000",2024-04-10 11:00:00,-122.011446181332,36.611363918286,0,"available_crw"
"254026_0",171,"254026_0_crw_171",9,"254026_0_20240410T170000",2024-04-10 17:00:00,-122.02581660366,36.609134411751,0,"available_crw"
"254026_0",171,"254026_0_crw_171",10,"254026_0_20240410T230000",2024-04-10 23:00:00,-122.05205517627,36.6000968545089,0,"available_crw"
"254026_0",171,"254026_0_crw_171",11,"254026_0_20240411T050000",2024-04-11 05:00:00,-122.064784412223,36.587089539098,0,"available_crw"
"254026_0",171,"254026_0_crw_171",12,"254026_0_20240411T110000",2024-04-11 11:00:00,-122.269738633669,36.4320664335798,0,"available_crw"
"254026_0",171,"254026_0_crw_171",13,"254026_0_20240411T170000",2024-04-11 17:00:00,-122.296843078019,36.4107897539867,0,"available_crw"
"254026_0",171,"254026_0_crw_171",14,"254026_0_20240411T230000",2024-04-11 23:00:00,-122.32667393181,36.45919023642,0,"available_crw"
"254026_0",171,"254026_0_crw_171",15,"254026_0_20240412T050000",2024-04-12 05:00:00,-122.30891843205,36.4675175806809,0,"available_crw"
"254026_0",171,"254026_0_crw_171",16,"254026_0_20240412T110000",2024-04-12 11:00:00,-122.248699212254,36.4489324927656,0,"available_crw"
"254026_0",171,"254026_0_crw_171",17,"254026_0_20240412T170000",2024-04-12 17:00:00,-122.004979268595,36.336766360004,0,"available_crw"
"254026_0",171,"254026_0_crw_171",18,"254026_0_20240412T230000",2024-04-12 23:00:00,-121.926453581298,36.3388059136785,0,"available_crw"
"254026_0",171,"254026_0_crw_171",19,"254026_0_20240413T050000",2024-04-13 05:00:00,-121.912534765121,36.3423264202804,0,"available_crw"
"254026_0",171,"254026_0_crw_171",20,"254026_0_20240413T110000",2024-04-13 11:00:00,-121.918271487575,36.3030607743634,0,"available_crw"
"254026_0",171,"254026_0_crw_171",21,"254026_0_20240413T170000",2024-04-13 17:00:00,-121.91603954274,36.2914016049409,0,"available_crw"
"254026_0",171,"254026_0_crw_171",22,"254026_0_20240413T230000",2024-04-13 23:00:00,-122.071764772522,36.3045308172048,0,"available_crw"
"254026_0",171,"254026_0_crw_171",23,"254026_0_20240414T050000",2024-04-14 05:00:00,-122.019627355064,36.2781888527361,0,"available_crw"
"254026_0",171,"254026_0_crw_171",24,"254026_0_20240414T110000",2024-04-14 11:00:00,-122.027378259593,36.2761101817682,0,"available_crw"
"254026_0",171,"254026_0_crw_171",25,"254026_0_20240414T170000",2024-04-14 17:00:00,-121.973286028498,36.3174495846583,0,"available_crw"
"254026_0",171,"254026_0_crw_171",26,"254026_0_20240414T230000",2024-04-14 23:00:00,-121.95719738479,36.2801162021124,0,"available_crw"
"254026_0",171,"254026_0_crw_171",27,"254026_0_20240415T050000",2024-04-15 05:00:00,-121.941338584346,36.2531005816853,0,"available_crw"
"254026_0",171,"254026_0_crw_171",28,"254026_0_20240415T110000",2024-04-15 11:00:00,-121.913475721612,36.3484134909687,0,"available_crw"
"254026_0",171,"254026_0_crw_171",29,"254026_0_20240415T170000",2024-04-15 17:00:00,-121.939879903837,36.3596718956947,0,"available_crw"
"254026_0",171,"254026_0_crw_171",30,"254026_0_20240415T230000",2024-04-15 23:00:00,-121.97684820224,36.3584765803509,0,"available_crw"
"254026_0",172,"254026_0_crw_172",1,"254026_0_20240408T170000",2024-04-08 17:00:00,-122.0637,36.9493,0,"available_crw"
"254026_0",172,"254026_0_crw_172",2,"254026_0_20240408T230000",2024-04-08 23:00:00,-122.21516970335,36.9136129426167,0,"available_crw"
"254026_0",172,"254026_0_crw_172",3,"254026_0_20240409T050000",2024-04-09 05:00:00,-122.201478768576,36.7586002705933,0,"available_crw"
"254026_0",172,"254026_0_crw_172",4,"254026_0_20240409T110000",2024-04-09 11:00:00,-122.237897901668,36.8112103852317,0,"available_crw"
"254026_0",172,"254026_0_crw_172",5,"254026_0_20240409T170000",2024-04-09 17:00:00,-122.336769192517,37.0235743583016,0,"available_crw"
"254026_0",172,"254026_0_crw_172",6,"254026_0_20240409T230000",2024-04-09 23:00:00,-122.350722452535,37.0519863515494,0,"available_crw"
"254026_0",172,"254026_0_crw_172",7,"254026_0_20240410T050000",2024-04-10 05:00:00,-122.365277841471,37.0802052514168,0,"available_crw"
"254026_0",172,"254026_0_crw_172",8,"254026_0_20240410T110000",2024-04-10 11:00:00,-122.298027221811,37.0846664868256,0,"available_crw"
"254026_0",172,"254026_0_crw_172",9,"254026_0_20240410T170000",2024-04-10 17:00:00,-122.253159807837,37.0470049005588,0,"available_crw"
"254026_0",172,"254026_0_crw_172",10,"254026_0_20240410T230000",2024-04-10 23:00:00,-122.224639745824,37.0277204710635,0,"available_crw"
"254026_0",172,"254026_0_crw_172",11,"254026_0_20240411T050000",2024-04-11 05:00:00,-122.353919783166,36.9548780749087,0,"available_crw"
"254026_0",172,"254026_0_crw_172",12,"254026_0_20240411T110000",2024-04-11 11:00:00,-122.384661216821,36.9368899580726,0,"available_crw"
"254026_0",172,"254026_0_crw_172",13,"254026_0_20240411T170000",2024-04-11 17:00:00,-122.422067078754,36.9135847293102,0,"available_crw"
"254026_0",172,"254026_0_crw_172",14,"254026_0_20240411T230000",2024-04-11 23:00:00,-122.630834875446,36.8201587286188,0,"available_crw"
"254026_0",172,"254026_0_crw_172",15,"254026_0_20240412T050000",2024-04-12 05:00:00,-122.655402583983,36.8087938664861,0,"available_crw"
"254026_0",172,"254026_0_crw_172",16,"254026_0_20240412T110000",2024-04-12 11:00:00,-122.917885092722,36.7262547446095,0,"available_crw"
"254026_0",172,"254026_0_crw_172",17,"254026_0_20240412T170000",2024-04-12 17:00:00,-122.9295935798,36.7191572854244,0,"available_crw"
"254026_0",172,"254026_0_crw_172",18,"254026_0_20240412T230000",2024-04-12 23:00:00,-122.894480071145,36.7723353099131,0,"available_crw"
"254026_0",172,"254026_0_crw_172",19,"254026_0_20240413T050000",2024-04-13 05:00:00,-122.886706366662,36.7944752315868,0,"available_crw"
"254026_0",172,"254026_0_crw_172",20,"254026_0_20240413T110000",2024-04-13 11:00:00,-122.875205691137,36.8313491151307,0,"available_crw"
"254026_0",172,"254026_0_crw_172",21,"254026_0_20240413T170000",2024-04-13 17:00:00,-122.865059378087,36.8684797429392,0,"available_crw"
"254026_0",172,"254026_0_crw_172",22,"254026_0_20240413T230000",2024-04-13 23:00:00,-122.763463710466,37.080045643716,0,"available_crw"
"254026_0",172,"254026_0_crw_172",23,"254026_0_20240414T050000",2024-04-14 05:00:00,-122.787974985953,37.0940916908701,0,"available_crw"
"254026_0",172,"254026_0_crw_172",24,"254026_0_20240414T110000",2024-04-14 11:00:00,-122.811327078283,37.1071085752513,0,"available_crw"
"254026_0",172,"254026_0_crw_172",25,"254026_0_20240414T170000",2024-04-14 17:00:00,-122.890565599568,37.1106781262533,0,"available_crw"
"254026_0",172,"254026_0_crw_172",26,"254026_0_20240414T230000",2024-04-14 23:00:00,-122.904955200747,37.1081529609393,0,"available_crw"
"254026_0",172,"254026_0_crw_172",27,"254026_0_20240415T050000",2024-04-15 05:00:00,-123.207309371662,37.0824433802288,0,"available_crw"
"254026_0",172,"254026_0_crw_172",28,"254026_0_20240415T110000",2024-04-15 11:00:00,-123.220990697012,37.0780802562543,0,"available_crw"
"254026_0",172,"254026_0_crw_172",29,"254026_0_20240415T170000",2024-04-15 17:00:00,-123.232709332838,37.0709370217275,0,"available_crw"
"254026_0",172,"254026_0_crw_172",30,"254026_0_20240415T230000",2024-04-15 23:00:00,-123.221044542974,37.0486768974671,0,"available_crw"
"254026_0",173,"254026_0_crw_173",1,"254026_0_20240408T170000",2024-04-08 17:00:00,-122.0637,36.9493,0,"available_crw"
"254026_0",173,"254026_0_crw_173",2,"254026_0_20240408T230000",2024-04-08 23:00:00,-121.937186075153,36.7279957569188,0,"available_crw"
"254026_0",173,"254026_0_crw_173",3,"254026_0_20240409T050000",2024-04-09 05:00:00,-121.915838804462,36.6943330495378,0,"available_crw"
"254026_0",173,"254026_0_crw_173",4,"254026_0_20240409T110000",2024-04-09 11:00:00,-121.905925496174,36.6856473089418,0,"available_crw"
"254026_0",173,"254026_0_crw_173",5,"254026_0_20240409T170000",2024-04-09 17:00:00,-121.874510192807,36.6614211928143,0,"available_crw"
"254026_0",173,"254026_0_crw_173",6,"254026_0_20240409T230000",2024-04-09 23:00:00,-121.838428200842,36.6543313891934,0,"available_crw"
"254026_0",173,"254026_0_crw_173",7,"254026_0_20240410T050000",2024-04-10 05:00:00,-121.842019962156,36.638003721986,0,"available_crw"
"254026_0",173,"254026_0_crw_173",8,"254026_0_20240410T110000",2024-04-10 11:00:00,-121.835488631985,36.6222935181694,0,"available_crw"
"254026_0",173,"254026_0_crw_173",9,"254026_0_20240410T170000",2024-04-10 17:00:00,-121.827395359555,36.6716122931742,0,"available_crw"
"254026_0",173,"254026_0_crw_173",10,"254026_0_20240410T230000",2024-04-10 23:00:00,-121.834781800207,36.687075783288,0,"available_crw"
"254026_0",173,"254026_0_crw_173",11,"254026_0_20240411T050000",2024-04-11 05:00:00,-121.911493696812,36.922678315689,0,"available_crw"
"254026_0",173,"254026_0_crw_173",12,"254026_0_20240411T110000",2024-04-11 11:00:00,-121.924468635814,36.9431876937732,0,"available_crw"
"254026_0",173,"254026_0_crw_173",13,"254026_0_20240411T170000",2024-04-11 17:00:00,-121.875273197507,36.9451271916975,0,"available_crw"
"254026_0",173,"254026_0_crw_173",14,"254026_0_20240411T230000",2024-04-11 23:00:00,-121.941581938438,36.9169912039395,0,"available_crw"
"254026_0",173,"254026_0_crw_173",15,"254026_0_20240412T050000",2024-04-12 05:00:00,-122.223496474158,36.8274569123796,0,"available_crw"
"254026_0",173,"254026_0_crw_173",16,"254026_0_20240412T110000",2024-04-12 11:00:00,-122.242338431108,36.9532807555733,0,"available_crw"
"254026_0",173,"254026_0_crw_173",17,"254026_0_20240412T170000",2024-04-12 17:00:00,-122.249932609302,36.990583490883,0,"available_crw"
"254026_0",173,"254026_0_crw_173",18,"254026_0_20240412T230000",2024-04-12 23:00:00,-122.44340450365,36.9987168848369,0,"available_crw"
"254026_0",173,"254026_0_crw_173",19,"254026_0_20240413T050000",2024-04-13 05:00:00,-122.471795034074,36.999594255087,0,"available_crw"
"254026_0",173,"254026_0_crw_173",20,"254026_0_20240413T110000",2024-04-13 11:00:00,-122.519187650936,36.9999160032418,0,"available_crw"
"254026_0",173,"254026_0_crw_173",21,"254026_0_20240413T170000",2024-04-13 17:00:00,-122.798416028834,37.0355321025802,0,"available_crw"
"254026_0",173,"254026_0_crw_173",22,"254026_0_20240413T230000",2024-04-13 23:00:00,-122.796508136686,37.0520446589515,0,"available_crw"
"254026_0",173,"254026_0_crw_173",23,"254026_0_20240414T050000",2024-04-14 05:00:00,-122.82485758972,37.0602089019352,0,"available_crw"
"254026_0",173,"254026_0_crw_173",24,"254026_0_20240414T110000",2024-04-14 11:00:00,-122.861145102731,37.0672127484168,0,"available_crw"
"254026_0",173,"254026_0_crw_173",25,"254026_0_20240414T170000",2024-04-14 17:00:00,-122.925531992595,37.1213723540679,0,"available_crw"
"254026_0",173,"254026_0_crw_173",26,"254026_0_20240414T230000",2024-04-14 23:00:00,-122.945428712705,37.1376669559197,0,"available_crw"
"254026_0",173,"254026_0_crw_173",27,"254026_0_20240415T050000",2024-04-15 05:00:00,-122.958180191529,37.1435814171511,0,"available_crw"
"254026_0",173,"254026_0_crw_173",28,"254026_0_20240415T110000",2024-04-15 11:00:00,-122.997384046524,37.1591580489752,0,"available_crw"
"254026_0",173,"254026_0_crw_173",29,"254026_0_20240415T170000",2024-04-15 17:00:00,-123.076467952154,37.1533737204868,0,"available_crw"
"254026_0",173,"254026_0_crw_173",30,"254026_0_20240415T230000",2024-04-15 23:00:00,-123.100391508652,36.9991545223619,0,"available_crw"
"254026_0",174,"254026_0_crw_174",1,"254026_0_20240408T170000",2024-04-08 17:00:00,-122.0637,36.9493,0,"available_crw"
"254026_0",174,"254026_0_crw_174",2,"254026_0_20240408T230000",2024-04-08 23:00:00,-122.129215532388,36.9367507128748,0,"available_crw"
"254026_0",174,"254026_0_crw_174",3,"254026_0_20240409T050000",2024-04-09 05:00:00,-122.166054191133,36.9291508125667,0,"available_crw"
"254026_0",174,"254026_0_crw_174",4,"254026_0_20240409T110000",2024-04-09 11:00:00,-122.054929254918,36.8887941579162,0,"available_crw"
"254026_0",174,"254026_0_crw_174",5,"254026_0_20240409T170000",2024-04-09 17:00:00,-122.01417030901,36.8748128810237,0,"available_crw"
"254026_0",174,"254026_0_crw_174",6,"254026_0_20240409T230000",2024-04-09 23:00:00,-121.978558643039,36.8660970187657,0,"available_crw"
"254026_0",174,"254026_0_crw_174",7,"254026_0_20240410T050000",2024-04-10 05:00:00,-122.047358546266,36.9469610855334,0,"available_crw"
"254026_0",174,"254026_0_crw_174",8,"254026_0_20240410T110000",2024-04-10 11:00:00,-122.056624929569,36.8493065725718,0,"available_crw"
"254026_0",174,"254026_0_crw_174",9,"254026_0_20240410T170000",2024-04-10 17:00:00,-122.062537460363,36.8539024679313,0,"available_crw"
"254026_0",174,"254026_0_crw_174",10,"254026_0_20240410T230000",2024-04-10 23:00:00,-122.07544062241,36.8595300699317,0,"available_crw"
"254026_0",174,"254026_0_crw_174",11,"254026_0_20240411T050000",2024-04-11 05:00:00,-122.117678254253,36.8766544015401,0,"available_crw"
"254026_0",174,"254026_0_crw_174",12,"254026_0_20240411T110000",2024-04-11 11:00:00,-122.137485193875,36.8584995853945,0,"available_crw"
"254026_0",174,"254026_0_crw_174",13,"254026_0_20240411T170000",2024-04-11 17:00:00,-122.155899939968,36.8411712679977,0,"available_crw"
"254026_0",174,"254026_0_crw_174",14,"254026_0_20240411T230000",2024-04-11 23:00:00,-122.180074523326,36.8176187185196,0,"available_crw"
"254026_0",174,"254026_0_crw_174",15,"254026_0_20240412T050000",2024-04-12 05:00:00,-122.186034894469,36.8068380653874,0,"available_crw"
"254026_0",174,"254026_0_crw_174",16,"254026_0_20240412T110000",2024-04-12 11:00:00,-122.200870428944,36.7787305100287,0,"available_crw"
"254026_0",174,"254026_0_crw_174",17,"254026_0_20240412T170000",2024-04-12 17:00:00,-122.218026741021,36.7433116739573,0,"available_crw"
"254026_0",174,"254026_0_crw_174",18,"254026_0_20240412T230000",2024-04-12 23:00:00,-122.237666389464,36.7483310006392,0,"available_crw"
"254026_0",174,"254026_0_crw_174",19,"254026_0_20240413T050000",2024-04-13 05:00:00,-122.256635236247,36.7390528019376,0,"available_crw"
"254026_0",174,"254026_0_crw_174",20,"254026_0_20240413T110000",2024-04-13 11:00:00,-122.266966488318,36.7247208668219,0,"available_crw"
"254026_0",174,"254026_0_crw_174",21,"254026_0_20240413T170000",2024-04-13 17:00:00,-122.267520468106,36.7081570803936,0,"available_crw"
"254026_0",174,"254026_0_crw_174",22,"254026_0_20240413T230000",2024-04-13 23:00:00,-122.311800438998,36.7252603631356,0,"available_crw"
"254026_0",174,"254026_0_crw_174",23,"254026_0_20240414T050000",2024-04-14 05:00:00,-122.326231759526,36.7273219445365,0,"available_crw"
"254026_0",174,"254026_0_crw_174",24,"254026_0_20240414T110000",2024-04-14 11:00:00,-122.354790309798,36.7264480555116,0,"available_crw"
"254026_0",174,"254026_0_crw_174",25,"254026_0_20240414T170000",2024-04-14 17:00:00,-122.382467897945,36.7207186046243,0,"available_crw"
"254026_0",174,"254026_0_crw_174",26,"254026_0_20240414T230000",2024-04-14 23:00:00,-122.392427627145,36.7047546540655,0,"available_crw"
"254026_0",174,"254026_0_crw_174",27,"254026_0_20240415T050000",2024-04-15 05:00:00,-122.405410944309,36.6767287628768,0,"available_crw"
"254026_0",174,"254026_0_crw_174",28,"254026_0_20240415T110000",2024-04-15 11:00:00,-122.425122486747,36.6815183571966,0,"available_crw"
"254026_0",174,"254026_0_crw_174",29,"254026_0_20240415T170000",2024-04-15 17:00:00,-122.640428302092,36.7641413558331,0,"available_crw"
"254026_0",174,"254026_0_crw_174",30,"254026_0_20240415T230000",2024-04-15 23:00:00,-122.898102383213,36.8922803958355,0,"available_crw"
"254026_0",175,"254026_0_crw_175",1,"254026_0_20240408T170000",2024-04-08 17:00:00,-122.0637,36.9493,0,"available_crw"
"254026_0",175,"254026_0_crw_175",2,"254026_0_20240408T230000",2024-04-08 23:00:00,-122.045880689006,36.9409363638888,0,"available_crw"
"254026_0",175,"254026_0_crw_175",3,"254026_0_20240409T050000",2024-04-09 05:00:00,-122.003924190839,36.8741707355765,0,"available_crw"
"254026_0",175,"254026_0_crw_175",4,"254026_0_20240409T110000",2024-04-09 11:00:00,-121.990834170081,36.8539561436833,0,"available_crw"
"254026_0",175,"254026_0_crw_175",5,"254026_0_20240409T170000",2024-04-09 17:00:00,-122.050327080409,36.8905749171179,0,"available_crw"
"254026_0",175,"254026_0_crw_175",6,"254026_0_20240409T230000",2024-04-09 23:00:00,-122.086113421328,36.9115876831283,0,"available_crw"
"254026_0",175,"254026_0_crw_175",7,"254026_0_20240410T050000",2024-04-10 05:00:00,-122.122484597854,36.9319541116393,0,"available_crw"
"254026_0",175,"254026_0_crw_175",8,"254026_0_20240410T110000",2024-04-10 11:00:00,-122.295824170883,37.0643577170704,0,"available_crw"
"254026_0",175,"254026_0_crw_175",9,"254026_0_20240410T170000",2024-04-10 17:00:00,-122.328698208999,37.0883111344127,0,"available_crw"
"254026_0",175,"254026_0_crw_175",10,"254026_0_20240410T230000",2024-04-10 23:00:00,-122.40667303557,37.1000744470591,0,"available_crw"
"254026_0",175,"254026_0_crw_175",11,"254026_0_20240411T050000",2024-04-11 05:00:00,-122.674081678569,37.1746813610785,0,"available_crw"
"254026_0",175,"254026_0_crw_175",12,"254026_0_20240411T110000",2024-04-11 11:00:00,-122.710795591997,37.1690001467435,0,"available_crw"
"254026_0",175,"254026_0_crw_175",13,"254026_0_20240411T170000",2024-04-11 17:00:00,-122.700158466046,37.2954441059473,0,"available_crw"
"254026_0",175,"254026_0_crw_175",14,"254026_0_20240411T230000",2024-04-11 23:00:00,-122.887065517449,37.3386238394467,0,"available_crw"
"254026_0",175,"254026_0_crw_175",15,"254026_0_20240412T050000",2024-04-12 05:00:00,-122.840877163884,37.3052429710899,0,"available_crw"
"254026_0",175,"254026_0_crw_175",16,"254026_0_20240412T110000",2024-04-12 11:00:00,-122.815923740665,37.2937628198704,0,"available_crw"
"254026_0",175,"254026_0_crw_175",17,"254026_0_20240412T170000",2024-04-12 17:00:00,-122.774020174927,37.2757656008398,0,"available_crw"
"254026_0",175,"254026_0_crw_175",18,"254026_0_20240412T230000",2024-04-12 23:00:00,-122.748740041157,37.2652249740482,0,"available_crw"
"254026_0",175,"254026_0_crw_175",19,"254026_0_20240413T050000",2024-04-13 05:00:00,-122.714585509143,37.2515478161244,0,"available_crw"
"254026_0",175,"254026_0_crw_175",20,"254026_0_20240413T110000",2024-04-13 11:00:00,-122.635365404412,37.257020354357,0,"available_crw"
"254026_0",175,"254026_0_crw_175",21,"254026_0_20240413T170000",2024-04-13 17:00:00,-122.640082350575,37.2515904892173,0,"available_crw"
"254026_0",175,"254026_0_crw_175",22,"254026_0_20240413T230000",2024-04-13 23:00:00,-122.507980196752,37.1376572078693,0,"available_crw"
"254026_0",175,"254026_0_crw_175",23,"254026_0_20240414T050000",2024-04-14 05:00:00,-122.485677152027,37.1381867394589,0,"available_crw"
"254026_0",175,"254026_0_crw_175",24,"254026_0_20240414T110000",2024-04-14 11:00:00,-122.438585299554,37.1408819413335,0,"available_crw"
"254026_0",175,"254026_0_crw_175",25,"254026_0_20240414T170000",2024-04-14 17:00:00,-122.496225781909,37.15948682794,0,"available_crw"
"254026_0",175,"254026_0_crw_175",26,"254026_0_20240414T230000",2024-04-14 23:00:00,-122.515290523398,37.2092717732246,0,"available_crw"
"254026_0",175,"254026_0_crw_175",27,"254026_0_20240415T050000",2024-04-15 05:00:00,-122.525027791436,37.1601364210883,0,"available_crw"
"254026_0",175,"254026_0_crw_175",28,"254026_0_20240415T110000",2024-04-15 11:00:00,-122.529126638528,37.1375859813455,0,"available_crw"
"254026_0",175,"254026_0_crw_175",29,"254026_0_20240415T170000",2024-04-15 17:00:00,-122.514602733236,37.1240257416626,0,"available_crw"
"254026_0",175,"254026_0_crw_175",30,"254026_0_20240415T230000",2024-04-15 23:00:00,-122.656975547543,37.0687603369421,0,"available_crw"
"254026_0",176,"254026_0_crw_176",1,"254026_0_20240408T170000",2024-04-08 17:00:00,-122.0637,36.9493,0,"available_crw"
"254026_0",176,"254026_0_crw_176",2,"254026_0_20240408T230000",2024-04-08 23:00:00,-122.038809429567,36.9205246392105,0,"available_crw"
"254026_0",176,"254026_0_crw_176",3,"254026_0_20240409T050000",2024-04-09 05:00:00,-121.914838977739,36.7169003538164,0,"available_crw"
"254026_0",176,"254026_0_crw_176",4,"254026_0_20240409T110000",2024-04-09 11:00:00,-121.905111818969,36.7080771720693,0,"available_crw"
"254026_0",176,"254026_0_crw_176",5,"254026_0_20240409T170000",2024-04-09 17:00:00,-121.882055993126,36.6944944475787,0,"available_crw"
"254026_0",176,"254026_0_crw_176",6,"254026_0_20240409T230000",2024-04-09 23:00:00,-121.913731307282,36.7890556761475,0,"available_crw"
"254026_0",176,"254026_0_crw_176",7,"254026_0_20240410T050000",2024-04-10 05:00:00,-121.846586066599,36.7865729358366,0,"available_crw"
"254026_0",176,"254026_0_crw_176",8,"254026_0_20240410T110000",2024-04-10 11:00:00,-121.813556151624,36.8003446143632,0,"available_crw"
"254026_0",176,"254026_0_crw_176",9,"254026_0_20240410T170000",2024-04-10 17:00:00,-121.863842910031,36.9503917648747,0,"available_crw"
"254026_0",176,"254026_0_crw_176",10,"254026_0_20240410T230000",2024-04-10 23:00:00,-121.875629439647,36.9015538498145,0,"available_crw"
"254026_0",176,"254026_0_crw_176",11,"254026_0_20240411T050000",2024-04-11 05:00:00,-121.848488936325,36.8911795103484,0,"available_crw"
"254026_0",176,"254026_0_crw_176",12,"254026_0_20240411T110000",2024-04-11 11:00:00,-121.808069488291,36.8765778362506,0,"available_crw"
"254026_0",176,"254026_0_crw_176",13,"254026_0_20240411T170000",2024-04-11 17:00:00,-121.815459367311,36.8736714701929,0,"available_crw"
"254026_0",176,"254026_0_crw_176",14,"254026_0_20240411T230000",2024-04-11 23:00:00,-121.840768730551,36.8633904301368,0,"available_crw"
"254026_0",176,"254026_0_crw_176",15,"254026_0_20240412T050000",2024-04-12 05:00:00,-121.874379516915,36.8491513750102,0,"available_crw"
"254026_0",176,"254026_0_crw_176",16,"254026_0_20240412T110000",2024-04-12 11:00:00,-121.914617597873,36.7944412330067,0,"available_crw"
"254026_0",176,"254026_0_crw_176",17,"254026_0_20240412T170000",2024-04-12 17:00:00,-121.923622250626,36.772607924204,0,"available_crw"
"254026_0",176,"254026_0_crw_176",18,"254026_0_20240412T230000",2024-04-12 23:00:00,-121.926671011092,36.7497356091237,0,"available_crw"
"254026_0",176,"254026_0_crw_176",19,"254026_0_20240413T050000",2024-04-13 05:00:00,-121.928529402709,36.7147348478101,0,"available_crw"
"254026_0",176,"254026_0_crw_176",20,"254026_0_20240413T110000",2024-04-13 11:00:00,-121.97487222521,36.474061803064,0,"available_crw"
"254026_0",176,"254026_0_crw_176",21,"254026_0_20240413T170000",2024-04-13 17:00:00,-121.976555842689,36.4441807387492,0,"available_crw"
"254026_0",176,"254026_0_crw_176",22,"254026_0_20240413T230000",2024-04-13 23:00:00,-122.030259092571,36.3832739697852,0,"available_crw"
"254026_0",176,"254026_0_crw_176",23,"254026_0_20240414T050000",2024-04-14 05:00:00,-122.116200208995,36.3556458977663,0,"available_crw"
"254026_0",176,"254026_0_crw_176",24,"254026_0_20240414T110000",2024-04-14 11:00:00,-122.129288794125,36.3428993047326,0,"available_crw"
"254026_0",176,"254026_0_crw_176",25,"254026_0_20240414T170000",2024-04-14 17:00:00,-122.11042412299,36.4011538057638,0,"available_crw"
"254026_0",176,"254026_0_crw_176",26,"254026_0_20240414T230000",2024-04-14 23:00:00,-122.05169563672,36.4225609597584,0,"available_crw"
"254026_0",176,"254026_0_crw_176",27,"254026_0_20240415T050000",2024-04-15 05:00:00,-122.053872803347,36.4161883868827,0,"available_crw"
"254026_0",176,"254026_0_crw_176",28,"254026_0_20240415T110000",2024-04-15 11:00:00,-122.041687840275,36.40128410411,0,"available_crw"
"254026_0",176,"254026_0_crw_176",29,"254026_0_20240415T170000",2024-04-15 17:00:00,-122.019786205137,36.3989044463535,0,"available_crw"
"254026_0",176,"254026_0_crw_176",30,"254026_0_20240415T230000",2024-04-15 23:00:00,-122.00532965955,36.4005228369055,0,"available_crw"
"254026_0",177,"254026_0_crw_177",1,"254026_0_20240408T170000",2024-04-08 17:00:00,-122.0637,36.9493,0,"available_crw"
"254026_0",177,"254026_0_crw_177",2,"254026_0_20240408T230000",2024-04-08 23:00:00,-122.045880689006,36.9409363638888,0,"available_crw"
"254026_0",177,"254026_0_crw_177",3,"254026_0_20240409T050000",2024-04-09 05:00:00,-122.008603346442,36.9407961538457,0,"available_crw"
"254026_0",177,"254026_0_crw_177",4,"254026_0_20240409T110000",2024-04-09 11:00:00,-121.930657343806,36.899857496298,0,"available_crw"
"254026_0",177,"254026_0_crw_177",5,"254026_0_20240409T170000",2024-04-09 17:00:00,-121.938524272896,36.8979142133852,0,"available_crw"
"254026_0",177,"254026_0_crw_177",6,"254026_0_20240409T230000",2024-04-09 23:00:00,-121.922494397078,36.7430542000197,0,"available_crw"
"254026_0",177,"254026_0_crw_177",7,"254026_0_20240410T050000",2024-04-10 05:00:00,-121.875728213252,36.6918453113812,0,"available_crw"
"254026_0",177,"254026_0_crw_177",8,"254026_0_20240410T110000",2024-04-10 11:00:00,-121.841691492203,36.6798493131257,0,"available_crw"
"254026_0",177,"254026_0_crw_177",9,"254026_0_20240410T170000",2024-04-10 17:00:00,-121.813699115098,36.675292620394,0,"available_crw"
"254026_0",177,"254026_0_crw_177",10,"254026_0_20240410T230000",2024-04-10 23:00:00,-121.891669470868,36.750465087405,0,"available_crw"
"254026_0",177,"254026_0_crw_177",11,"254026_0_20240411T050000",2024-04-11 05:00:00,-121.876896262693,36.7021593172006,0,"available_crw"
"254026_0",177,"254026_0_crw_177",12,"254026_0_20240411T110000",2024-04-11 11:00:00,-121.863777263811,36.665869995883,0,"available_crw"
"254026_0",177,"254026_0_crw_177",13,"254026_0_20240411T170000",2024-04-11 17:00:00,-121.849258864386,36.6297031510871,0,"available_crw"
"254026_0",177,"254026_0_crw_177",14,"254026_0_20240411T230000",2024-04-11 23:00:00,-121.841187293348,36.6198617827374,0,"available_crw"
"254026_0",177,"254026_0_crw_177",15,"254026_0_20240412T050000",2024-04-12 05:00:00,-121.904908344403,36.6512999057653,0,"available_crw"
"254026_0",177,"254026_0_crw_177",16,"254026_0_20240412T110000",2024-04-12 11:00:00,-122.038183512733,36.5390469040019,0,"available_crw"
"254026_0",177,"254026_0_crw_177",17,"254026_0_20240412T170000",2024-04-12 17:00:00,-122.022418020035,36.5185281395419,0,"available_crw"
"254026_0",177,"254026_0_crw_177",18,"254026_0_20240412T230000",2024-04-12 23:00:00,-122.007241647718,36.4993128484017,0,"available_crw"
"254026_0",177,"254026_0_crw_177",19,"254026_0_20240413T050000",2024-04-13 05:00:00,-121.996371754836,36.4914280086798,0,"available_crw"
"254026_0",177,"254026_0_crw_177",20,"254026_0_20240413T110000",2024-04-13 11:00:00,-121.967829410225,36.4713992973743,0,"available_crw"
"254026_0",177,"254026_0_crw_177",21,"254026_0_20240413T170000",2024-04-13 17:00:00,-121.975906723898,36.4703295511572,0,"available_crw"
"254026_0",177,"254026_0_crw_177",22,"254026_0_20240413T230000",2024-04-13 23:00:00,-122.021725162585,36.4626387706724,0,"available_crw"
"254026_0",177,"254026_0_crw_177",23,"254026_0_20240414T050000",2024-04-14 05:00:00,-122.049269573801,36.4577107870709,0,"available_crw"
"254026_0",177,"254026_0_crw_177",24,"254026_0_20240414T110000",2024-04-14 11:00:00,-122.090919847302,36.4479470053682,0,"available_crw"
"254026_0",177,"254026_0_crw_177",25,"254026_0_20240414T170000",2024-04-14 17:00:00,-122.143845290609,36.4776789224713,0,"available_crw"
"254026_0",177,"254026_0_crw_177",26,"254026_0_20240414T230000",2024-04-14 23:00:00,-122.113858569013,36.4342217125783,0,"available_crw"
"254026_0",177,"254026_0_crw_177",27,"254026_0_20240415T050000",2024-04-15 05:00:00,-122.08939958809,36.4020031186984,0,"available_crw"
"254026_0",177,"254026_0_crw_177",28,"254026_0_20240415T110000",2024-04-15 11:00:00,-122.063644143159,36.3701991274326,0,"available_crw"
"254026_0",177,"254026_0_crw_177",29,"254026_0_20240415T170000",2024-04-15 17:00:00,-122.128058442536,36.3557319805198,0,"available_crw"
"254026_0",177,"254026_0_crw_177",30,"254026_0_20240415T230000",2024-04-15 23:00:00,-122.15510322574,36.3493457209848,0,"available_crw"
"254026_0",178,"254026_0_crw_178",1,"254026_0_20240408T170000",2024-04-08 17:00:00,-122.0637,36.9493,0,"available_crw"
"254026_0",178,"254026_0_crw_178",2,"254026_0_20240408T230000",2024-04-08 23:00:00,-122.044034444237,36.9325675630446,0,"available_crw"
"254026_0",178,"254026_0_crw_178",3,"254026_0_20240409T050000",2024-04-09 05:00:00,-122.027171284131,36.8590183708748,0,"available_crw"
"254026_0",178,"254026_0_crw_178",4,"254026_0_20240409T110000",2024-04-09 11:00:00,-121.969333297987,36.9452388063926,0,"available_crw"
"254026_0",178,"254026_0_crw_178",5,"254026_0_20240409T170000",2024-04-09 17:00:00,-121.96942212169,36.961806935835,0,"available_crw"
"254026_0",178,"254026_0_crw_178",6,"254026_0_20240409T230000",2024-04-09 23:00:00,-122.158852130359,36.9942066785705,0,"available_crw"
"254026_0",178,"254026_0_crw_178",7,"254026_0_20240410T050000",2024-04-10 05:00:00,-122.447298841029,37.0706251229387,0,"available_crw"
"254026_0",178,"254026_0_crw_178",8,"254026_0_20240410T110000",2024-04-10 11:00:00,-122.372682432771,37.0777746602576,0,"available_crw"
"254026_0",178,"254026_0_crw_178",9,"254026_0_20240410T170000",2024-04-10 17:00:00,-122.328682448004,37.08275440103,0,"available_crw"
"254026_0",178,"254026_0_crw_178",10,"254026_0_20240410T230000",2024-04-10 23:00:00,-122.391637573845,37.049882532403,0,"available_crw"
"254026_0",178,"254026_0_crw_178",11,"254026_0_20240411T050000",2024-04-11 05:00:00,-122.430567075122,37.0281787740614,0,"available_crw"
"254026_0",178,"254026_0_crw_178",12,"254026_0_20240411T110000",2024-04-11 11:00:00,-122.420099560241,37.0055418722818,0,"available_crw"
"254026_0",178,"254026_0_crw_178",13,"254026_0_20240411T170000",2024-04-11 17:00:00,-122.411476601354,36.9959837450413,0,"available_crw"
"254026_0",178,"254026_0_crw_178",14,"254026_0_20240411T230000",2024-04-11 23:00:00,-122.477114490906,37.0252251157033,0,"available_crw"
"254026_0",178,"254026_0_crw_178",15,"254026_0_20240412T050000",2024-04-12 05:00:00,-122.437650724951,37.0489387624246,0,"available_crw"
"254026_0",178,"254026_0_crw_178",16,"254026_0_20240412T110000",2024-04-12 11:00:00,-122.438060960266,37.0423362183228,0,"available_crw"
"254026_0",178,"254026_0_crw_178",17,"254026_0_20240412T170000",2024-04-12 17:00:00,-122.409313444876,37.0351404070442,0,"available_crw"
"254026_0",178,"254026_0_crw_178",18,"254026_0_20240412T230000",2024-04-12 23:00:00,-122.155472693373,36.9354832328521,0,"available_crw"
"254026_0",178,"254026_0_crw_178",19,"254026_0_20240413T050000",2024-04-13 05:00:00,-122.141089074725,36.8847111796098,0,"available_crw"
"254026_0",178,"254026_0_crw_178",20,"254026_0_20240413T110000",2024-04-13 11:00:00,-122.134449675576,36.8625565054731,0,"available_crw"
"254026_0",178,"254026_0_crw_178",21,"254026_0_20240413T170000",2024-04-13 17:00:00,-122.16526265057,36.7919895399415,0,"available_crw"
"254026_0",178,"254026_0_crw_178",22,"254026_0_20240413T230000",2024-04-13 23:00:00,-122.121209672077,36.8269221232969,0,"available_crw"
"254026_0",178,"254026_0_crw_178",23,"254026_0_20240414T050000",2024-04-14 05:00:00,-122.136278022317,36.8478068937778,0,"available_crw"
"254026_0",178,"254026_0_crw_178",24,"254026_0_20240414T110000",2024-04-14 11:00:00,-122.205940071501,36.8779209252883,0,"available_crw"
"254026_0",178,"254026_0_crw_178",25,"254026_0_20240414T170000",2024-04-14 17:00:00,-122.250902572784,36.9434162937158,0,"available_crw"
"254026_0",178,"254026_0_crw_178",26,"254026_0_20240414T230000",2024-04-14 23:00:00,-122.26983738996,36.9699013510153,0,"available_crw"
"254026_0",178,"254026_0_crw_178",27,"254026_0_20240415T050000",2024-04-15 05:00:00,-122.208474308813,36.9352550112202,0,"available_crw"
"254026_0",178,"254026_0_crw_178",28,"254026_0_20240415T110000",2024-04-15 11:00:00,-122.129453066111,36.9312812570943,0,"available_crw"
"254026_0",178,"254026_0_crw_178",29,"254026_0_20240415T170000",2024-04-15 17:00:00,-122.219716296152,36.9972027947848,0,"available_crw"
"254026_0",178,"254026_0_crw_178",30,"254026_0_20240415T230000",2024-04-15 23:00:00,-122.206811585156,37.0101586661375,0,"available_crw"
"254026_0",179,"254026_0_crw_179",1,"254026_0_20240408T170000",2024-04-08 17:00:00,-122.0637,36.9493,0,"available_crw"
"254026_0",179,"254026_0_crw_179",2,"254026_0_20240408T230000",2024-04-08 23:00:00,-122.08066858826,36.9398414033531,0,"available_crw"
"254026_0",179,"254026_0_crw_179",3,"254026_0_20240409T050000",2024-04-09 05:00:00,-122.090048852364,36.930759642072,0,"available_crw"
"254026_0",179,"254026_0_crw_179",4,"254026_0_20240409T110000",2024-04-09 11:00:00,-122.154903444576,36.9313671685445,0,"available_crw"
"254026_0",179,"254026_0_crw_179",5,"254026_0_20240409T170000",2024-04-09 17:00:00,-122.169718328685,36.9180394670329,0,"available_crw"
"254026_0",179,"254026_0_crw_179",6,"254026_0_20240409T230000",2024-04-09 23:00:00,-122.170944451463,36.9245763780366,0,"available_crw"
"254026_0",179,"254026_0_crw_179",7,"254026_0_20240410T050000",2024-04-10 05:00:00,-122.200855626459,36.9270610477699,0,"available_crw"
"254026_0",179,"254026_0_crw_179",8,"254026_0_20240410T110000",2024-04-10 11:00:00,-122.273512837627,36.9738867290156,0,"available_crw"
"254026_0",179,"254026_0_crw_179",9,"254026_0_20240410T170000",2024-04-10 17:00:00,-122.265440790286,36.9752117189422,0,"available_crw"
"254026_0",179,"254026_0_crw_179",10,"254026_0_20240410T230000",2024-04-10 23:00:00,-122.274352473176,36.8486829071807,0,"available_crw"
"254026_0",179,"254026_0_crw_179",11,"254026_0_20240411T050000",2024-04-11 05:00:00,-122.275859433329,36.8181715321655,0,"available_crw"
"254026_0",179,"254026_0_crw_179",12,"254026_0_20240411T110000",2024-04-11 11:00:00,-122.276332873712,36.7801595515064,0,"available_crw"
"254026_0",179,"254026_0_crw_179",13,"254026_0_20240411T170000",2024-04-11 17:00:00,-122.428313490603,36.8136619405439,0,"available_crw"
"254026_0",179,"254026_0_crw_179",14,"254026_0_20240411T230000",2024-04-11 23:00:00,-122.397098305851,36.8442177176017,0,"available_crw"
"254026_0",179,"254026_0_crw_179",15,"254026_0_20240412T050000",2024-04-12 05:00:00,-122.386329291132,36.9071896229561,0,"available_crw"
"254026_0",179,"254026_0_crw_179",16,"254026_0_20240412T110000",2024-04-12 11:00:00,-122.568114126692,36.9606206436496,0,"available_crw"
"254026_0",179,"254026_0_crw_179",17,"254026_0_20240412T170000",2024-04-12 17:00:00,-122.525152283076,36.9247596517457,0,"available_crw"
"254026_0",179,"254026_0_crw_179",18,"254026_0_20240412T230000",2024-04-12 23:00:00,-122.51250253747,36.9187560499867,0,"available_crw"
"254026_0",179,"254026_0_crw_179",19,"254026_0_20240413T050000",2024-04-13 05:00:00,-122.498312685073,36.9156933023193,0,"available_crw"
"254026_0",179,"254026_0_crw_179",20,"254026_0_20240413T110000",2024-04-13 11:00:00,-122.422406847863,36.9337579148236,0,"available_crw"
"254026_0",179,"254026_0_crw_179",21,"254026_0_20240413T170000",2024-04-13 17:00:00,-122.142514811488,36.9643404665302,0,"available_crw"
"254026_0",179,"254026_0_crw_179",22,"254026_0_20240413T230000",2024-04-13 23:00:00,-122.058235834344,36.9324456137838,0,"available_crw"
"254026_0",179,"254026_0_crw_179",23,"254026_0_20240414T050000",2024-04-14 05:00:00,-122.037631117849,36.9333998990136,0,"available_crw"
"254026_0",179,"254026_0_crw_179",24,"254026_0_20240414T110000",2024-04-14 11:00:00,-121.956663242173,36.8964423942046,0,"available_crw"
"254026_0",179,"254026_0_crw_179",25,"254026_0_20240414T170000",2024-04-14 17:00:00,-121.919408693407,36.8966587321788,0,"available_crw"
"254026_0",179,"254026_0_crw_179",26,"254026_0_20240414T230000",2024-04-14 23:00:00,-121.891459709973,36.9016852806223,0,"available_crw"
"254026_0",179,"254026_0_crw_179",27,"254026_0_20240415T050000",2024-04-15 05:00:00,-121.878508715222,36.9072526307612,0,"available_crw"
"254026_0",179,"254026_0_crw_179",28,"254026_0_20240415T110000",2024-04-15 11:00:00,-121.847756226151,36.9241285768674,0,"available_crw"
"254026_0",179,"254026_0_crw_179",29,"254026_0_20240415T170000",2024-04-15 17:00:00,-121.848524175887,36.9175471841382,0,"available_crw"
"254026_0",179,"254026_0_crw_179",30,"254026_0_20240415T230000",2024-04-15 23:00:00,-121.916640064746,36.6975577915654,0,"available_crw"
"254026_0",180,"254026_0_crw_180",1,"254026_0_20240408T170000",2024-04-08 17:00:00,-122.0637,36.9493,0,"available_crw"
"254026_0",180,"254026_0_crw_180",2,"254026_0_20240408T230000",2024-04-08 23:00:00,-122.037704116488,36.9177874740022,0,"available_crw"
"254026_0",180,"254026_0_crw_180",3,"254026_0_20240409T050000",2024-04-09 05:00:00,-122.054158309308,36.9077677458086,0,"available_crw"
"254026_0",180,"254026_0_crw_180",4,"254026_0_20240409T110000",2024-04-09 11:00:00,-122.264194983058,36.816234911215,0,"available_crw"
"254026_0",180,"254026_0_crw_180",5,"254026_0_20240409T170000",2024-04-09 17:00:00,-122.294759401133,36.7991855374834,0,"available_crw"
"254026_0",180,"254026_0_crw_180",6,"254026_0_20240409T230000",2024-04-09 23:00:00,-122.307576193349,36.8121770695969,0,"available_crw"
"254026_0",180,"254026_0_crw_180",7,"254026_0_20240410T050000",2024-04-10 05:00:00,-122.293441685455,36.8629936673932,0,"available_crw"
"254026_0",180,"254026_0_crw_180",8,"254026_0_20240410T110000",2024-04-10 11:00:00,-122.468954748166,36.9284056052809,0,"available_crw"
"254026_0",180,"254026_0_crw_180",9,"254026_0_20240410T170000",2024-04-10 17:00:00,-122.414704159607,36.8406913637798,0,"available_crw"
"254026_0",180,"254026_0_crw_180",10,"254026_0_20240410T230000",2024-04-10 23:00:00,-122.415083009468,36.8904417207587,0,"available_crw"
"254026_0",180,"254026_0_crw_180",11,"254026_0_20240411T050000",2024-04-11 05:00:00,-122.394487818977,36.8916006443299,0,"available_crw"
"254026_0",180,"254026_0_crw_180",12,"254026_0_20240411T110000",2024-04-11 11:00:00,-122.347721264079,36.8958130163464,0,"available_crw"
"254026_0",180,"254026_0_crw_180",13,"254026_0_20240411T170000",2024-04-11 17:00:00,-122.304768527933,36.9019231307718,0,"available_crw"
"254026_0",180,"254026_0_crw_180",14,"254026_0_20240411T230000",2024-04-11 23:00:00,-122.317864885558,36.7756277658785,0,"available_crw"
"254026_0",180,"254026_0_crw_180",15,"254026_0_20240412T050000",2024-04-12 05:00:00,-122.301969833532,36.7485732455192,0,"available_crw"
"254026_0",180,"254026_0_crw_180",16,"254026_0_20240412T110000",2024-04-12 11:00:00,-122.301152302049,36.7983202447204,0,"available_crw"
"254026_0",180,"254026_0_crw_180",17,"254026_0_20240412T170000",2024-04-12 17:00:00,-122.489455551817,36.8333829841824,0,"available_crw"
"254026_0",180,"254026_0_crw_180",18,"254026_0_20240412T230000",2024-04-12 23:00:00,-122.532469512749,36.8390433721051,0,"available_crw"
"254026_0",180,"254026_0_crw_180",19,"254026_0_20240413T050000",2024-04-13 05:00:00,-122.603580911523,36.694546134278,0,"available_crw"
"254026_0",180,"254026_0_crw_180",20,"254026_0_20240413T110000",2024-04-13 11:00:00,-122.607527179995,36.7003435100335,0,"available_crw"
"254026_0",180,"254026_0_crw_180",21,"254026_0_20240413T170000",2024-04-13 17:00:00,-122.547229156569,36.6647384823827,0,"available_crw"
"254026_0",180,"254026_0_crw_180",22,"254026_0_20240413T230000",2024-04-13 23:00:00,-122.34833891608,36.5044852133077,0,"available_crw"
"254026_0",180,"254026_0_crw_180",23,"254026_0_20240414T050000",2024-04-14 05:00:00,-122.394097098838,36.4903926457956,0,"available_crw"
"254026_0",180,"254026_0_crw_180",24,"254026_0_20240414T110000",2024-04-14 11:00:00,-122.391354852926,36.5298716794189,0,"available_crw"
"254026_0",180,"254026_0_crw_180",25,"254026_0_20240414T170000",2024-04-14 17:00:00,-122.421473818986,36.48646312837,0,"available_crw"
"254026_0",180,"254026_0_crw_180",26,"254026_0_20240414T230000",2024-04-14 23:00:00,-122.440195423847,36.4548568192813,0,"available_crw"
"254026_0",180,"254026_0_crw_180",27,"254026_0_20240415T050000",2024-04-15 05:00:00,-122.456357939496,36.4223442285161,0,"available_crw"
"254026_0",180,"254026_0_crw_180",28,"254026_0_20240415T110000",2024-04-15 11:00:00,-122.517935917667,36.4070213421819,0,"available_crw"
"254026_0",180,"254026_0_crw_180",29,"254026_0_20240415T170000",2024-04-15 17:00:00,-122.551911803869,36.3951675775812,0,"available_crw"
"254026_0",180,"254026_0_crw_180",30,"254026_0_20240415T230000",2024-04-15 23:00:00,-122.78163146097,36.3465952604406,0,"available_crw"
"254026_0",181,"254026_0_crw_181",1,"254026_0_20240408T170000",2024-04-08 17:00:00,-122.0637,36.9493,0,"available_crw"
"254026_0",181,"254026_0_crw_181",2,"254026_0_20240408T230000",2024-04-08 23:00:00,-121.972982897655,36.7716866011714,0,"available_crw"
"254026_0",181,"254026_0_crw_181",3,"254026_0_20240409T050000",2024-04-09 05:00:00,-121.951966482528,36.7659236350865,0,"available_crw"
"254026_0",181,"254026_0_crw_181",4,"254026_0_20240409T110000",2024-04-09 11:00:00,-121.923565228331,36.7632762994687,0,"available_crw"
"254026_0",181,"254026_0_crw_181",5,"254026_0_20240409T170000",2024-04-09 17:00:00,-121.888951047773,36.7192870960795,0,"available_crw"
"254026_0",181,"254026_0_crw_181",6,"254026_0_20240409T230000",2024-04-09 23:00:00,-121.873512602504,36.7001886849986,0,"available_crw"
"254026_0",181,"254026_0_crw_181",7,"254026_0_20240410T050000",2024-04-10 05:00:00,-121.855409629316,36.6923148377754,0,"available_crw"
"254026_0",181,"254026_0_crw_181",8,"254026_0_20240410T110000",2024-04-10 11:00:00,-121.830349606931,36.6817365171952,0,"available_crw"
"254026_0",181,"254026_0_crw_181",9,"254026_0_20240410T170000",2024-04-10 17:00:00,-121.866916175728,36.7218347543612,0,"available_crw"
"254026_0",181,"254026_0_crw_181",10,"254026_0_20240410T230000",2024-04-10 23:00:00,-121.89629060863,36.751323415689,0,"available_crw"
"254026_0",181,"254026_0_crw_181",11,"254026_0_20240411T050000",2024-04-11 05:00:00,-121.922549377909,36.7724949778277,0,"available_crw"
"254026_0",181,"254026_0_crw_181",12,"254026_0_20240411T110000",2024-04-11 11:00:00,-121.9484109349,36.7602509143508,0,"available_crw"
"254026_0",181,"254026_0_crw_181",13,"254026_0_20240411T170000",2024-04-11 17:00:00,-121.97262945127,36.7484404967997,0,"available_crw"
"254026_0",181,"254026_0_crw_181",14,"254026_0_20240411T230000",2024-04-11 23:00:00,-122.232479541168,36.661124960545,0,"available_crw"
"254026_0",181,"254026_0_crw_181",15,"254026_0_20240412T050000",2024-04-12 05:00:00,-122.274942956466,36.6450584005467,0,"available_crw"
"254026_0",181,"254026_0_crw_181",16,"254026_0_20240412T110000",2024-04-12 11:00:00,-122.333108895298,36.6677576481718,0,"available_crw"
"254026_0",181,"254026_0_crw_181",17,"254026_0_20240412T170000",2024-04-12 17:00:00,-122.368088572143,36.677797964765,0,"available_crw"
"254026_0",181,"254026_0_crw_181",18,"254026_0_20240412T230000",2024-04-12 23:00:00,-122.279068988892,36.7823330129177,0,"available_crw"
"254026_0",181,"254026_0_crw_181",19,"254026_0_20240413T050000",2024-04-13 05:00:00,-122.268246558783,36.8036275724864,0,"available_crw"
"254026_0",181,"254026_0_crw_181",20,"254026_0_20240413T110000",2024-04-13 11:00:00,-122.266538177908,36.8153453910242,0,"available_crw"
"254026_0",181,"254026_0_crw_181",21,"254026_0_20240413T170000",2024-04-13 17:00:00,-122.207233288476,36.872977640514,0,"available_crw"
"254026_0",181,"254026_0_crw_181",22,"254026_0_20240413T230000",2024-04-13 23:00:00,-122.205706188315,36.8664817795552,0,"available_crw"
"254026_0",181,"254026_0_crw_181",23,"254026_0_20240414T050000",2024-04-14 05:00:00,-122.183039243441,36.6236042613664,0,"available_crw"
"254026_0",181,"254026_0_crw_181",24,"254026_0_20240414T110000",2024-04-14 11:00:00,-122.136858517374,36.5720887926827,0,"available_crw"
"254026_0",181,"254026_0_crw_181",25,"254026_0_20240414T170000",2024-04-14 17:00:00,-122.008721293793,36.3703597627475,0,"available_crw"
"254026_0",181,"254026_0_crw_181",26,"254026_0_20240414T230000",2024-04-14 23:00:00,-121.990688809831,36.3525685526074,0,"available_crw"
"254026_0",181,"254026_0_crw_181",27,"254026_0_20240415T050000",2024-04-15 05:00:00,-121.966280299749,36.3292765272342,0,"available_crw"
"254026_0",181,"254026_0_crw_181",28,"254026_0_20240415T110000",2024-04-15 11:00:00,-121.969577999247,36.4271847457185,0,"available_crw"
"254026_0",181,"254026_0_crw_181",29,"254026_0_20240415T170000",2024-04-15 17:00:00,-121.979874597647,36.4415141229587,0,"available_crw"
"254026_0",181,"254026_0_crw_181",30,"254026_0_20240415T230000",2024-04-15 23:00:00,-122.001823106299,36.4656044942148,0,"available_crw"
"254026_0",182,"254026_0_crw_182",1,"254026_0_20240408T170000",2024-04-08 17:00:00,-122.0637,36.9493,0,"available_crw"
"254026_0",182,"254026_0_crw_182",2,"254026_0_20240408T230000",2024-04-08 23:00:00,-122.129215532388,36.9367507128748,0,"available_crw"
"254026_0",182,"254026_0_crw_182",3,"254026_0_20240409T050000",2024-04-09 05:00:00,-122.139544237854,36.9209285267707,0,"available_crw"
"254026_0",182,"254026_0_crw_182",4,"254026_0_20240409T110000",2024-04-09 11:00:00,-122.139212024638,36.9043617582683,0,"available_crw"
"254026_0",182,"254026_0_crw_182",5,"254026_0_20240409T170000",2024-04-09 17:00:00,-122.14563017514,36.9085011571621,0,"available_crw"
"254026_0",182,"254026_0_crw_182",6,"254026_0_20240409T230000",2024-04-09 23:00:00,-122.183411659038,36.9314076298161,0,"available_crw"
"254026_0",182,"254026_0_crw_182",7,"254026_0_20240410T050000",2024-04-10 05:00:00,-122.214156430764,36.949388422207,0,"available_crw"
"254026_0",182,"254026_0_crw_182",8,"254026_0_20240410T110000",2024-04-10 11:00:00,-122.159792063789,36.9813252261674,0,"available_crw"
"254026_0",182,"254026_0_crw_182",9,"254026_0_20240410T170000",2024-04-10 17:00:00,-122.150685186252,36.990588488345,0,"available_crw"
"254026_0",182,"254026_0_crw_182",10,"254026_0_20240410T230000",2024-04-10 23:00:00,-122.168908626161,37.0098032244466,0,"available_crw"
"254026_0",182,"254026_0_crw_182",11,"254026_0_20240411T050000",2024-04-11 05:00:00,-122.242847544092,37.0327143615872,0,"available_crw"
"254026_0",182,"254026_0_crw_182",12,"254026_0_20240411T110000",2024-04-11 11:00:00,-122.257493961329,37.0338558313695,0,"available_crw"
"254026_0",182,"254026_0_crw_182",13,"254026_0_20240411T170000",2024-04-11 17:00:00,-122.301780327524,37.0365114930986,0,"available_crw"
"254026_0",182,"254026_0_crw_182",14,"254026_0_20240411T230000",2024-04-11 23:00:00,-122.248228630913,37.0113866554246,0,"available_crw"
"254026_0",182,"254026_0_crw_182",15,"254026_0_20240412T050000",2024-04-12 05:00:00,-122.298351041239,36.9752396865774,0,"available_crw"
"254026_0",182,"254026_0_crw_182",16,"254026_0_20240412T110000",2024-04-12 11:00:00,-122.328866955061,36.95018574548,0,"available_crw"
"254026_0",182,"254026_0_crw_182",17,"254026_0_20240412T170000",2024-04-12 17:00:00,-122.222667726305,36.8202912562165,0,"available_crw"
"254026_0",182,"254026_0_crw_182",18,"254026_0_20240412T230000",2024-04-12 23:00:00,-122.201313794472,36.795041273985,0,"available_crw"
"254026_0",182,"254026_0_crw_182",19,"254026_0_20240413T050000",2024-04-13 05:00:00,-122.17926279537,36.7928955383301,0,"available_crw"
"254026_0",182,"254026_0_crw_182",20,"254026_0_20240413T110000",2024-04-13 11:00:00,-122.204576041916,36.7590043792916,0,"available_crw"
"254026_0",182,"254026_0_crw_182",21,"254026_0_20240413T170000",2024-04-13 17:00:00,-122.314529882665,36.8497975238884,0,"available_crw"
"254026_0",182,"254026_0_crw_182",22,"254026_0_20240413T230000",2024-04-13 23:00:00,-122.334584748562,36.8659096461802,0,"available_crw"
"254026_0",182,"254026_0_crw_182",23,"254026_0_20240414T050000",2024-04-14 05:00:00,-122.327788812389,36.9176936253143,0,"available_crw"
"254026_0",182,"254026_0_crw_182",24,"254026_0_20240414T110000",2024-04-14 11:00:00,-122.413576780168,36.8480978814504,0,"available_crw"
"254026_0",182,"254026_0_crw_182",25,"254026_0_20240414T170000",2024-04-14 17:00:00,-122.648921722265,36.6948673513992,0,"available_crw"
"254026_0",182,"254026_0_crw_182",26,"254026_0_20240414T230000",2024-04-14 23:00:00,-122.670665646748,36.6802829623432,0,"available_crw"
"254026_0",182,"254026_0_crw_182",27,"254026_0_20240415T050000",2024-04-15 05:00:00,-122.706007178402,36.6550906258738,0,"available_crw"
"254026_0",182,"254026_0_crw_182",28,"254026_0_20240415T110000",2024-04-15 11:00:00,-122.942006186651,36.5318186103924,0,"available_crw"
"254026_0",182,"254026_0_crw_182",29,"254026_0_20240415T170000",2024-04-15 17:00:00,-122.880801209423,36.537824478461,0,"available_crw"
"254026_0",182,"254026_0_crw_182",30,"254026_0_20240415T230000",2024-04-15 23:00:00,-122.868358190759,36.552602356416,0,"available_crw"
"254026_0",183,"254026_0_crw_183",1,"254026_0_20240408T170000",2024-04-08 17:00:00,-122.0637,36.9493,0,"available_crw"
"254026_0",183,"254026_0_crw_183",2,"254026_0_20240408T230000",2024-04-08 23:00:00,-121.972982897655,36.7716866011714,0,"available_crw"
"254026_0",183,"254026_0_crw_183",3,"254026_0_20240409T050000",2024-04-09 05:00:00,-121.953783036523,36.7369557868587,0,"available_crw"
"254026_0",183,"254026_0_crw_183",4,"254026_0_20240409T110000",2024-04-09 11:00:00,-121.933329817152,36.7026949052165,0,"available_crw"
"254026_0",183,"254026_0_crw_183",5,"254026_0_20240409T170000",2024-04-09 17:00:00,-121.905806084558,36.7980950506444,0,"available_crw"
"254026_0",183,"254026_0_crw_183",6,"254026_0_20240409T230000",2024-04-09 23:00:00,-121.918806946029,36.8125792398163,0,"available_crw"
"254026_0",183,"254026_0_crw_183",7,"254026_0_20240410T050000",2024-04-10 05:00:00,-121.991813209427,36.8369734407567,0,"available_crw"
"254026_0",183,"254026_0_crw_183",8,"254026_0_20240410T110000",2024-04-10 11:00:00,-121.98513474624,36.8526628638505,0,"available_crw"
"254026_0",183,"254026_0_crw_183",9,"254026_0_20240410T170000",2024-04-10 17:00:00,-122.087976772418,36.8001589578587,0,"available_crw"
"254026_0",183,"254026_0_crw_183",10,"254026_0_20240410T230000",2024-04-10 23:00:00,-122.105094349515,36.8524436714413,0,"available_crw"
"254026_0",183,"254026_0_crw_183",11,"254026_0_20240411T050000",2024-04-11 05:00:00,-122.057170076623,36.8061671001265,0,"available_crw"
"254026_0",183,"254026_0_crw_183",12,"254026_0_20240411T110000",2024-04-11 11:00:00,-122.028120768938,36.7793017236999,0,"available_crw"
"254026_0",183,"254026_0_crw_183",13,"254026_0_20240411T170000",2024-04-11 17:00:00,-122.008818855817,36.773519525442,0,"available_crw"
"254026_0",183,"254026_0_crw_183",14,"254026_0_20240411T230000",2024-04-11 23:00:00,-121.994207195819,36.7725148544682,0,"available_crw"
"254026_0",183,"254026_0_crw_183",15,"254026_0_20240412T050000",2024-04-12 05:00:00,-121.957956528398,36.7293845838834,0,"available_crw"
"254026_0",183,"254026_0_crw_183",16,"254026_0_20240412T110000",2024-04-12 11:00:00,-121.948052082781,36.8269977175945,0,"available_crw"
"254026_0",183,"254026_0_crw_183",17,"254026_0_20240412T170000",2024-04-12 17:00:00,-122.133011617238,36.8723080881134,0,"available_crw"
"254026_0",183,"254026_0_crw_183",18,"254026_0_20240412T230000",2024-04-12 23:00:00,-122.161549711351,36.8741774818841,0,"available_crw"
"254026_0",183,"254026_0_crw_183",19,"254026_0_20240413T050000",2024-04-13 05:00:00,-122.217959240424,36.7255427483104,0,"available_crw"
"254026_0",183,"254026_0_crw_183",20,"254026_0_20240413T110000",2024-04-13 11:00:00,-122.255009617723,36.7515060805665,0,"available_crw"
"254026_0",183,"254026_0_crw_183",21,"254026_0_20240413T170000",2024-04-13 17:00:00,-122.275116829588,36.7550785216707,0,"available_crw"
"254026_0",183,"254026_0_crw_183",22,"254026_0_20240413T230000",2024-04-13 23:00:00,-122.312071387683,36.7583246782825,0,"available_crw"
"254026_0",183,"254026_0_crw_183",23,"254026_0_20240414T050000",2024-04-14 05:00:00,-122.35557085564,36.7598734526194,0,"available_crw"
"254026_0",183,"254026_0_crw_183",24,"254026_0_20240414T110000",2024-04-14 11:00:00,-122.405000552428,36.6096486866362,0,"available_crw"
"254026_0",183,"254026_0_crw_183",25,"254026_0_20240414T170000",2024-04-14 17:00:00,-122.541763974775,36.6722258537882,0,"available_crw"
"254026_0",183,"254026_0_crw_183",26,"254026_0_20240414T230000",2024-04-14 23:00:00,-122.578912802595,36.6719489951413,0,"available_crw"
"254026_0",183,"254026_0_crw_183",27,"254026_0_20240415T050000",2024-04-15 05:00:00,-122.596881615129,36.6638840586456,0,"available_crw"
"254026_0",183,"254026_0_crw_183",28,"254026_0_20240415T110000",2024-04-15 11:00:00,-122.607294155949,36.6555874133781,0,"available_crw"
"254026_0",183,"254026_0_crw_183",29,"254026_0_20240415T170000",2024-04-15 17:00:00,-122.671534659688,36.6613221813338,0,"available_crw"
"254026_0",183,"254026_0_crw_183",30,"254026_0_20240415T230000",2024-04-15 23:00:00,-122.585685984205,36.5919968474859,0,"available_crw"
"254026_0",184,"254026_0_crw_184",1,"254026_0_20240408T170000",2024-04-08 17:00:00,-122.0637,36.9493,0,"available_crw"
"254026_0",184,"254026_0_crw_184",2,"254026_0_20240408T230000",2024-04-08 23:00:00,-122.071844125396,36.950286231022,0,"available_crw"
"254026_0",184,"254026_0_crw_184",3,"254026_0_20240409T050000",2024-04-09 05:00:00,-122.140829459055,36.8051054884373,0,"available_crw"
"254026_0",184,"254026_0_crw_184",4,"254026_0_20240409T110000",2024-04-09 11:00:00,-122.156347394496,36.7691998259745,0,"available_crw"
"254026_0",184,"254026_0_crw_184",5,"254026_0_20240409T170000",2024-04-09 17:00:00,-122.160597438301,36.7748577476444,0,"available_crw"
"254026_0",184,"254026_0_crw_184",6,"254026_0_20240409T230000",2024-04-09 23:00:00,-122.157768723061,36.8496116953866,0,"available_crw"
"254026_0",184,"254026_0_crw_184",7,"254026_0_20240410T050000",2024-04-10 05:00:00,-122.175439258618,36.8759524261783,0,"available_crw"
"254026_0",184,"254026_0_crw_184",8,"254026_0_20240410T110000",2024-04-10 11:00:00,-122.185619594336,36.8844555439317,0,"available_crw"
"254026_0",184,"254026_0_crw_184",9,"254026_0_20240410T170000",2024-04-10 17:00:00,-122.171684408616,36.8966905923703,0,"available_crw"
"254026_0",184,"254026_0_crw_184",10,"254026_0_20240410T230000",2024-04-10 23:00:00,-122.292162753105,36.8816163312323,0,"available_crw"
"254026_0",184,"254026_0_crw_184",11,"254026_0_20240411T050000",2024-04-11 05:00:00,-122.318873360961,36.8733252549522,0,"available_crw"
"254026_0",184,"254026_0_crw_184",12,"254026_0_20240411T110000",2024-04-11 11:00:00,-122.28935172655,36.7197435436676,0,"available_crw"
"254026_0",184,"254026_0_crw_184",13,"254026_0_20240411T170000",2024-04-11 17:00:00,-122.332818437862,36.6811891212452,0,"available_crw"
"254026_0",184,"254026_0_crw_184",14,"254026_0_20240411T230000",2024-04-11 23:00:00,-122.366474348044,36.7279759203452,0,"available_crw"
"254026_0",184,"254026_0_crw_184",15,"254026_0_20240412T050000",2024-04-12 05:00:00,-122.35837662272,36.7268728096942,0,"available_crw"
"254026_0",184,"254026_0_crw_184",16,"254026_0_20240412T110000",2024-04-12 11:00:00,-122.31461630159,36.7216936886206,0,"available_crw"
"254026_0",184,"254026_0_crw_184",17,"254026_0_20240412T170000",2024-04-12 17:00:00,-122.281712362666,36.6768664302315,0,"available_crw"
"254026_0",184,"254026_0_crw_184",18,"254026_0_20240412T230000",2024-04-12 23:00:00,-122.258406355519,36.6466143166344,0,"available_crw"
"254026_0",184,"254026_0_crw_184",19,"254026_0_20240413T050000",2024-04-13 05:00:00,-122.321007289729,36.6795172870763,0,"available_crw"
"254026_0",184,"254026_0_crw_184",20,"254026_0_20240413T110000",2024-04-13 11:00:00,-122.358823950347,36.7478314610885,0,"available_crw"
"254026_0",184,"254026_0_crw_184",21,"254026_0_20240413T170000",2024-04-13 17:00:00,-122.421779402091,36.9330457749765,0,"available_crw"
"254026_0",184,"254026_0_crw_184",22,"254026_0_20240413T230000",2024-04-13 23:00:00,-122.454563841133,37.1582347348732,0,"available_crw"
"254026_0",184,"254026_0_crw_184",23,"254026_0_20240414T050000",2024-04-14 05:00:00,-122.461475544621,37.1958425750072,0,"available_crw"
"254026_0",184,"254026_0_crw_184",24,"254026_0_20240414T110000",2024-04-14 11:00:00,-122.52327833965,37.111314489233,0,"available_crw"
"254026_0",184,"254026_0_crw_184",25,"254026_0_20240414T170000",2024-04-14 17:00:00,-122.52390679619,37.0947529197517,0,"available_crw"
"254026_0",184,"254026_0_crw_184",26,"254026_0_20240414T230000",2024-04-14 23:00:00,-122.33583315535,37.0568032837458,0,"available_crw"
"254026_0",184,"254026_0_crw_184",27,"254026_0_20240415T050000",2024-04-15 05:00:00,-122.299916941904,37.064982615832,0,"available_crw"
"254026_0",184,"254026_0_crw_184",28,"254026_0_20240415T110000",2024-04-15 11:00:00,-122.300638162585,37.0891180905319,0,"available_crw"
"254026_0",184,"254026_0_crw_184",29,"254026_0_20240415T170000",2024-04-15 17:00:00,-122.305561908166,37.1187673976496,0,"available_crw"
"254026_0",184,"254026_0_crw_184",30,"254026_0_20240415T230000",2024-04-15 23:00:00,-122.298570484851,37.1152528988194,0,"available_crw"
"254026_0",185,"254026_0_crw_185",1,"254026_0_20240408T170000",2024-04-08 17:00:00,-122.0637,36.9493,0,"available_crw"
"254026_0",185,"254026_0_crw_185",2,"254026_0_20240408T230000",2024-04-08 23:00:00,-122.04872703058,36.9299402179283,0,"available_crw"
"254026_0",185,"254026_0_crw_185",3,"254026_0_20240409T050000",2024-04-09 05:00:00,-122.111563264085,36.9628327449827,0,"available_crw"
"254026_0",185,"254026_0_crw_185",4,"254026_0_20240409T110000",2024-04-09 11:00:00,-122.290043332502,37.0908262915093,0,"available_crw"
"254026_0",185,"254026_0_crw_185",5,"254026_0_20240409T170000",2024-04-09 17:00:00,-122.323847987984,37.113943893776,0,"available_crw"
"254026_0",185,"254026_0_crw_185",6,"254026_0_20240409T230000",2024-04-09 23:00:00,-122.509497920908,37.2852416244208,0,"available_crw"
"254026_0",185,"254026_0_crw_185",7,"254026_0_20240410T050000",2024-04-10 05:00:00,-122.493470677704,37.2371708085263,0,"available_crw"
"254026_0",185,"254026_0_crw_185",8,"254026_0_20240410T110000",2024-04-10 11:00:00,-122.485787339653,37.2152272138942,0,"available_crw"
"254026_0",185,"254026_0_crw_185",9,"254026_0_20240410T170000",2024-04-10 17:00:00,-122.553345269984,37.217159631621,0,"available_crw"
"254026_0",185,"254026_0_crw_185",10,"254026_0_20240410T230000",2024-04-10 23:00:00,-122.630069170664,37.2599405132427,0,"available_crw"
"254026_0",185,"254026_0_crw_185",11,"254026_0_20240411T050000",2024-04-11 05:00:00,-122.652980830647,37.244210961707,0,"available_crw"
"254026_0",185,"254026_0_crw_185",12,"254026_0_20240411T110000",2024-04-11 11:00:00,-122.653152017343,37.2263479074236,0,"available_crw"
"254026_0",185,"254026_0_crw_185",13,"254026_0_20240411T170000",2024-04-11 17:00:00,-122.71741431121,37.2431697148057,0,"available_crw"
"254026_0",185,"254026_0_crw_185",14,"254026_0_20240411T230000",2024-04-11 23:00:00,-122.931867425339,37.3297768542467,0,"available_crw"
"254026_0",185,"254026_0_crw_185",15,"254026_0_20240412T050000",2024-04-12 05:00:00,-122.972235419014,37.3435015049311,0,"available_crw"
"254026_0",185,"254026_0_crw_185",16,"254026_0_20240412T110000",2024-04-12 11:00:00,-123.013634758172,37.3551190560291,0,"available_crw"
"254026_0",185,"254026_0_crw_185",17,"254026_0_20240412T170000",2024-04-12 17:00:00,-123.059016718794,37.3666393073963,0,"available_crw"
"254026_0",185,"254026_0_crw_185",18,"254026_0_20240412T230000",2024-04-12 23:00:00,-123.136284826863,37.351284839137,0,"available_crw"
"254026_0",185,"254026_0_crw_185",19,"254026_0_20240413T050000",2024-04-13 05:00:00,-123.134072324752,37.4779991722455,0,"available_crw"
"254026_0",185,"254026_0_crw_185",20,"254026_0_20240413T110000",2024-04-13 11:00:00,-122.98098659289,37.4438237812946,0,"available_crw"
"254026_0",185,"254026_0_crw_185",21,"254026_0_20240413T170000",2024-04-13 17:00:00,-122.955192338164,37.3959919693179,0,"available_crw"
"254026_0",185,"254026_0_crw_185",22,"254026_0_20240413T230000",2024-04-13 23:00:00,-122.935093537307,37.3615294982436,0,"available_crw"
"254026_0",185,"254026_0_crw_185",23,"254026_0_20240414T050000",2024-04-14 05:00:00,-122.992904746261,37.4002253985392,0,"available_crw"
"254026_0",185,"254026_0_crw_185",24,"254026_0_20240414T110000",2024-04-14 11:00:00,-122.9805948532,37.4135873831713,0,"available_crw"
"254026_0",185,"254026_0_crw_185",25,"254026_0_20240414T170000",2024-04-14 17:00:00,-122.961775498256,37.4394594353268,0,"available_crw"
"254026_0",185,"254026_0_crw_185",26,"254026_0_20240414T230000",2024-04-14 23:00:00,-122.968986661698,37.4563720721646,0,"available_crw"
"254026_0",185,"254026_0_crw_185",27,"254026_0_20240415T050000",2024-04-15 05:00:00,-122.934113141013,37.5004022022764,0,"available_crw"
"254026_0",185,"254026_0_crw_185",28,"254026_0_20240415T110000",2024-04-15 11:00:00,-122.933155324396,37.5639562949514,0,"available_crw"
"254026_0",185,"254026_0_crw_185",29,"254026_0_20240415T170000",2024-04-15 17:00:00,-122.936768192207,37.5937271950929,0,"available_crw"
"254026_0",185,"254026_0_crw_185",30,"254026_0_20240415T230000",2024-04-15 23:00:00,-123.004099920657,37.5117654569156,0,"available_crw"
"254026_0",186,"254026_0_crw_186",1,"254026_0_20240408T170000",2024-04-08 17:00:00,-122.0637,36.9493,0,"available_crw"
"254026_0",186,"254026_0_crw_186",2,"254026_0_20240408T230000",2024-04-08 23:00:00,-121.972982897655,36.7716866011714,0,"available_crw"
"254026_0",186,"254026_0_crw_186",3,"254026_0_20240409T050000",2024-04-09 05:00:00,-121.943538904575,36.7534062836767,0,"available_crw"
"254026_0",186,"254026_0_crw_186",4,"254026_0_20240409T110000",2024-04-09 11:00:00,-121.906681246205,36.7494438791998,0,"available_crw"
"254026_0",186,"254026_0_crw_186",5,"254026_0_20240409T170000",2024-04-09 17:00:00,-121.840640114431,36.8954854407621,0,"available_crw"
"254026_0",186,"254026_0_crw_186",6,"254026_0_20240409T230000",2024-04-09 23:00:00,-121.865421006078,36.9091499012239,0,"available_crw"
"254026_0",186,"254026_0_crw_186",7,"254026_0_20240410T050000",2024-04-10 05:00:00,-121.9444714336,36.9123192715314,0,"available_crw"
"254026_0",186,"254026_0_crw_186",8,"254026_0_20240410T110000",2024-04-10 11:00:00,-121.972829707391,36.9131539309093,0,"available_crw"
"254026_0",186,"254026_0_crw_186",9,"254026_0_20240410T170000",2024-04-10 17:00:00,-122.272954490884,36.9487148181071,0,"available_crw"
"254026_0",186,"254026_0_crw_186",10,"254026_0_20240410T230000",2024-04-10 23:00:00,-122.316462947969,36.9515368257679,0,"available_crw"
"254026_0",186,"254026_0_crw_186",11,"254026_0_20240411T050000",2024-04-11 05:00:00,-122.263910832703,37.0710532893937,0,"available_crw"
"254026_0",186,"254026_0_crw_186",12,"254026_0_20240411T110000",2024-04-11 11:00:00,-122.228158443121,37.0438118701395,0,"available_crw"
"254026_0",186,"254026_0_crw_186",13,"254026_0_20240411T170000",2024-04-11 17:00:00,-122.362640396783,36.977261126107,0,"available_crw"
"254026_0",186,"254026_0_crw_186",14,"254026_0_20240411T230000",2024-04-11 23:00:00,-122.380268468132,36.9508914325446,0,"available_crw"
"254026_0",186,"254026_0_crw_186",15,"254026_0_20240412T050000",2024-04-12 05:00:00,-122.401397312132,36.9168717800321,0,"available_crw"
"254026_0",186,"254026_0_crw_186",16,"254026_0_20240412T110000",2024-04-12 11:00:00,-122.539167006487,36.7600189265114,0,"available_crw"
"254026_0",186,"254026_0_crw_186",17,"254026_0_20240412T170000",2024-04-12 17:00:00,-122.533903278502,36.7426634675119,0,"available_crw"
"254026_0",186,"254026_0_crw_186",18,"254026_0_20240412T230000",2024-04-12 23:00:00,-122.541288147283,36.7455591886104,0,"available_crw"
"254026_0",186,"254026_0_crw_186",19,"254026_0_20240413T050000",2024-04-13 05:00:00,-122.555851141269,36.7962972776716,0,"available_crw"
"254026_0",186,"254026_0_crw_186",20,"254026_0_20240413T110000",2024-04-13 11:00:00,-122.515947855472,36.8373126869684,0,"available_crw"
"254026_0",186,"254026_0_crw_186",21,"254026_0_20240413T170000",2024-04-13 17:00:00,-122.427977280907,36.8617129419125,0,"available_crw"
"254026_0",186,"254026_0_crw_186",22,"254026_0_20240413T230000",2024-04-13 23:00:00,-122.386404869236,36.8740415944144,0,"available_crw"
"254026_0",186,"254026_0_crw_186",23,"254026_0_20240414T050000",2024-04-14 05:00:00,-122.362611202081,36.8970671144712,0,"available_crw"
"254026_0",186,"254026_0_crw_186",24,"254026_0_20240414T110000",2024-04-14 11:00:00,-122.334086765819,36.9271344247204,0,"available_crw"
"254026_0",186,"254026_0_crw_186",25,"254026_0_20240414T170000",2024-04-14 17:00:00,-122.328638421489,36.9380916351377,0,"available_crw"
"254026_0",186,"254026_0_crw_186",26,"254026_0_20240414T230000",2024-04-14 23:00:00,-122.31309450199,36.9714386509818,0,"available_crw"
"254026_0",186,"254026_0_crw_186",27,"254026_0_20240415T050000",2024-04-15 05:00:00,-122.307176607017,36.9114112470029,0,"available_crw"
"254026_0",186,"254026_0_crw_186",28,"254026_0_20240415T110000",2024-04-15 11:00:00,-122.300959941517,36.8767348433672,0,"available_crw"
"254026_0",186,"254026_0_crw_186",29,"254026_0_20240415T170000",2024-04-15 17:00:00,-122.303360766389,36.6847426535869,0,"available_crw"
"254026_0",186,"254026_0_crw_186",30,"254026_0_20240415T230000",2024-04-15 23:00:00,-122.354521789129,36.622335828662,0,"available_crw"
"254026_0",187,"254026_0_crw_187",1,"254026_0_20240408T170000",2024-04-08 17:00:00,-122.0637,36.9493,0,"available_crw"
"254026_0",187,"254026_0_crw_187",2,"254026_0_20240408T230000",2024-04-08 23:00:00,-122.043507580812,36.9234239822708,0,"available_crw"
"254026_0",187,"254026_0_crw_187",3,"254026_0_20240409T050000",2024-04-09 05:00:00,-122.016875107876,36.8922608802614,0,"available_crw"
"254026_0",187,"254026_0_crw_187",4,"254026_0_20240409T110000",2024-04-09 11:00:00,-121.913509730801,36.7191961715881,0,"available_crw"
"254026_0",187,"254026_0_crw_187",5,"254026_0_20240409T170000",2024-04-09 17:00:00,-121.896818863591,36.7095034664253,0,"available_crw"
"254026_0",187,"254026_0_crw_187",6,"254026_0_20240409T230000",2024-04-09 23:00:00,-121.86452588148,36.6947232611236,0,"available_crw"
"254026_0",187,"254026_0_crw_187",7,"254026_0_20240410T050000",2024-04-10 05:00:00,-121.830449695993,36.6828302046555,0,"available_crw"
"254026_0",187,"254026_0_crw_187",8,"254026_0_20240410T110000",2024-04-10 11:00:00,-121.804354950576,36.6740288920797,0,"available_crw"
"254026_0",187,"254026_0_crw_187",9,"254026_0_20240410T170000",2024-04-10 17:00:00,-121.847863731808,36.6328715984369,0,"available_crw"
"254026_0",187,"254026_0_crw_187",10,"254026_0_20240410T230000",2024-04-10 23:00:00,-121.868983053503,36.6685583534286,0,"available_crw"
"254026_0",187,"254026_0_crw_187",11,"254026_0_20240411T050000",2024-04-11 05:00:00,-121.968224402446,36.8986522619638,0,"available_crw"
"254026_0",187,"254026_0_crw_187",12,"254026_0_20240411T110000",2024-04-11 11:00:00,-121.998182493194,36.8966785893754,0,"available_crw"
"254026_0",187,"254026_0_crw_187",13,"254026_0_20240411T170000",2024-04-11 17:00:00,-122.044876735704,36.8919913656757,0,"available_crw"
"254026_0",187,"254026_0_crw_187",14,"254026_0_20240411T230000",2024-04-11 23:00:00,-122.062371750264,36.737230044802,0,"available_crw"
"254026_0",187,"254026_0_crw_187",15,"254026_0_20240412T050000",2024-04-12 05:00:00,-122.05973544752,36.725624632409,0,"available_crw"
"254026_0",187,"254026_0_crw_187",16,"254026_0_20240412T110000",2024-04-12 11:00:00,-122.107452203947,36.7350062342158,0,"available_crw"
"254026_0",187,"254026_0_crw_187",17,"254026_0_20240412T170000",2024-04-12 17:00:00,-122.121619496518,36.7137265173949,0,"available_crw"
"254026_0",187,"254026_0_crw_187",18,"254026_0_20240412T230000",2024-04-12 23:00:00,-122.135520221583,36.6859882526681,0,"available_crw"
"254026_0",187,"254026_0_crw_187",19,"254026_0_20240413T050000",2024-04-13 05:00:00,-122.125478365581,36.6700601907377,0,"available_crw"
"254026_0",187,"254026_0_crw_187",20,"254026_0_20240413T110000",2024-04-13 11:00:00,-122.051407510712,36.4875887471018,0,"available_crw"
"254026_0",187,"254026_0_crw_187",21,"254026_0_20240413T170000",2024-04-13 17:00:00,-122.042299064618,36.4660196979123,0,"available_crw"
"254026_0",187,"254026_0_crw_187",22,"254026_0_20240413T230000",2024-04-13 23:00:00,-122.076631563229,36.4219503633925,0,"available_crw"
"254026_0",187,"254026_0_crw_187",23,"254026_0_20240414T050000",2024-04-14 05:00:00,-122.079177207613,36.4282331903362,0,"available_crw"
"254026_0",187,"254026_0_crw_187",24,"254026_0_20240414T110000",2024-04-14 11:00:00,-122.087656703216,36.3789549591527,0,"available_crw"
"254026_0",187,"254026_0_crw_187",25,"254026_0_20240414T170000",2024-04-14 17:00:00,-122.109600826563,36.4365016469901,0,"available_crw"
"254026_0",187,"254026_0_crw_187",26,"254026_0_20240414T230000",2024-04-14 23:00:00,-122.124273209986,36.463965653343,0,"available_crw"
"254026_0",187,"254026_0_crw_187",27,"254026_0_20240415T050000",2024-04-15 05:00:00,-122.057654530474,36.4692617103588,0,"available_crw"
"254026_0",187,"254026_0_crw_187",28,"254026_0_20240415T110000",2024-04-15 11:00:00,-122.121774635508,36.4385523733262,0,"available_crw"
"254026_0",187,"254026_0_crw_187",29,"254026_0_20240415T170000",2024-04-15 17:00:00,-122.125773269742,36.420982174895,0,"available_crw"
"254026_0",187,"254026_0_crw_187",30,"254026_0_20240415T230000",2024-04-15 23:00:00,-122.146151026543,36.4229314451586,0,"available_crw"
"254026_0",188,"254026_0_crw_188",1,"254026_0_20240408T170000",2024-04-08 17:00:00,-122.0637,36.9493,0,"available_crw"
"254026_0",188,"254026_0_crw_188",2,"254026_0_20240408T230000",2024-04-08 23:00:00,-122.21516970335,36.9136129426167,0,"available_crw"
"254026_0",188,"254026_0_crw_188",3,"254026_0_20240409T050000",2024-04-09 05:00:00,-122.229763450502,36.9019001185763,0,"available_crw"
"254026_0",188,"254026_0_crw_188",4,"254026_0_20240409T110000",2024-04-09 11:00:00,-122.228256659933,36.8840773815793,0,"available_crw"
"254026_0",188,"254026_0_crw_188",5,"254026_0_20240409T170000",2024-04-09 17:00:00,-122.293623238729,36.8969779903378,0,"available_crw"
"254026_0",188,"254026_0_crw_188",6,"254026_0_20240409T230000",2024-04-09 23:00:00,-122.246079582801,36.8650977045841,0,"available_crw"
"254026_0",188,"254026_0_crw_188",7,"254026_0_20240410T050000",2024-04-10 05:00:00,-122.215102239006,36.8485138239703,0,"available_crw"
"254026_0",188,"254026_0_crw_188",8,"254026_0_20240410T110000",2024-04-10 11:00:00,-122.006973096601,36.6956563315367,0,"available_crw"
"254026_0",188,"254026_0_crw_188",9,"254026_0_20240410T170000",2024-04-10 17:00:00,-121.970682769208,36.6892304290699,0,"available_crw"
"254026_0",188,"254026_0_crw_188",10,"254026_0_20240410T230000",2024-04-10 23:00:00,-121.933526582168,36.6831623205637,0,"available_crw"
"254026_0",188,"254026_0_crw_188",11,"254026_0_20240411T050000",2024-04-11 05:00:00,-121.982531456992,36.713456163188,0,"available_crw"
"254026_0",188,"254026_0_crw_188",12,"254026_0_20240411T110000",2024-04-11 11:00:00,-122.013742066196,36.7838997008007,0,"available_crw"
"254026_0",188,"254026_0_crw_188",13,"254026_0_20240411T170000",2024-04-11 17:00:00,-121.964740614397,36.7808087505311,0,"available_crw"
"254026_0",188,"254026_0_crw_188",14,"254026_0_20240411T230000",2024-04-11 23:00:00,-121.950345871481,36.7830692927971,0,"available_crw"
"254026_0",188,"254026_0_crw_188",15,"254026_0_20240412T050000",2024-04-12 05:00:00,-121.907096074023,36.7906454971192,0,"available_crw"
"254026_0",188,"254026_0_crw_188",16,"254026_0_20240412T110000",2024-04-12 11:00:00,-121.910880628803,36.7847776115787,0,"available_crw"
"254026_0",188,"254026_0_crw_188",17,"254026_0_20240412T170000",2024-04-12 17:00:00,-121.927787266008,36.7574405183259,0,"available_crw"
"254026_0",188,"254026_0_crw_188",18,"254026_0_20240412T230000",2024-04-12 23:00:00,-121.925441067948,36.7275770246267,0,"available_crw"
"254026_0",188,"254026_0_crw_188",19,"254026_0_20240413T050000",2024-04-13 05:00:00,-121.922415143586,36.697140238252,0,"available_crw"
"254026_0",188,"254026_0_crw_188",20,"254026_0_20240413T110000",2024-04-13 11:00:00,-121.969258161607,36.6612568494671,0,"available_crw"
"254026_0",188,"254026_0_crw_188",21,"254026_0_20240413T170000",2024-04-13 17:00:00,-121.984372258576,36.6725143529868,0,"available_crw"
"254026_0",188,"254026_0_crw_188",22,"254026_0_20240413T230000",2024-04-13 23:00:00,-121.913181637583,36.654176175341,0,"available_crw"
"254026_0",188,"254026_0_crw_188",23,"254026_0_20240414T050000",2024-04-14 05:00:00,-121.945909838722,36.6247222803872,0,"available_crw"
"254026_0",188,"254026_0_crw_188",24,"254026_0_20240414T110000",2024-04-14 11:00:00,-121.960005755333,36.6047206610466,0,"available_crw"
"254026_0",188,"254026_0_crw_188",25,"254026_0_20240414T170000",2024-04-14 17:00:00,-122.107529214541,36.4540898307017,0,"available_crw"
"254026_0",188,"254026_0_crw_188",26,"254026_0_20240414T230000",2024-04-14 23:00:00,-122.090447707353,36.5127063609309,0,"available_crw"
"254026_0",188,"254026_0_crw_188",27,"254026_0_20240415T050000",2024-04-15 05:00:00,-122.085512518516,36.5074306295598,0,"available_crw"
"254026_0",188,"254026_0_crw_188",28,"254026_0_20240415T110000",2024-04-15 11:00:00,-122.060126505863,36.4856443280327,0,"available_crw"
"254026_0",188,"254026_0_crw_188",29,"254026_0_20240415T170000",2024-04-15 17:00:00,-122.026661389814,36.4592199233608,0,"available_crw"
"254026_0",188,"254026_0_crw_188",30,"254026_0_20240415T230000",2024-04-15 23:00:00,-122.006923494548,36.4547107951114,0,"available_crw"
"254026_0",189,"254026_0_crw_189",1,"254026_0_20240408T170000",2024-04-08 17:00:00,-122.0637,36.9493,0,"available_crw"
"254026_0",189,"254026_0_crw_189",2,"254026_0_20240408T230000",2024-04-08 23:00:00,-121.937186075153,36.7279957569188,0,"available_crw"
"254026_0",189,"254026_0_crw_189",3,"254026_0_20240409T050000",2024-04-09 05:00:00,-121.920043554638,36.7095916295758,0,"available_crw"
"254026_0",189,"254026_0_crw_189",4,"254026_0_20240409T110000",2024-04-09 11:00:00,-121.890339782034,36.6803275510486,0,"available_crw"
"254026_0",189,"254026_0_crw_189",5,"254026_0_20240409T170000",2024-04-09 17:00:00,-121.859419200135,36.6516150740443,0,"available_crw"
"254026_0",189,"254026_0_crw_189",6,"254026_0_20240409T230000",2024-04-09 23:00:00,-121.828897127042,36.6266701922387,0,"available_crw"
"254026_0",189,"254026_0_crw_189",7,"254026_0_20240410T050000",2024-04-10 05:00:00,-121.898948884872,36.6476082874628,0,"available_crw"
"254026_0",189,"254026_0_crw_189",8,"254026_0_20240410T110000",2024-04-10 11:00:00,-121.857585138571,36.6901831567601,0,"available_crw"
"254026_0",189,"254026_0_crw_189",9,"254026_0_20240410T170000",2024-04-10 17:00:00,-121.855844318112,36.68372306675,0,"available_crw"
"254026_0",189,"254026_0_crw_189",10,"254026_0_20240410T230000",2024-04-10 23:00:00,-121.901160804117,36.7316214012558,0,"available_crw"
"254026_0",189,"254026_0_crw_189",11,"254026_0_20240411T050000",2024-04-11 05:00:00,-121.892955264971,36.7313465185254,0,"available_crw"
"254026_0",189,"254026_0_crw_189",12,"254026_0_20240411T110000",2024-04-11 11:00:00,-121.84378984232,36.8816267941385,0,"available_crw"
"254026_0",189,"254026_0_crw_189",13,"254026_0_20240411T170000",2024-04-11 17:00:00,-121.836912109407,36.9037333793659,0,"available_crw"
"254026_0",189,"254026_0_crw_189",14,"254026_0_20240411T230000",2024-04-11 23:00:00,-121.832042568264,36.8984041786442,0,"available_crw"
"254026_0",189,"254026_0_crw_189",15,"254026_0_20240412T050000",2024-04-12 05:00:00,-121.806902994396,36.8763416977781,0,"available_crw"
"254026_0",189,"254026_0_crw_189",16,"254026_0_20240412T110000",2024-04-12 11:00:00,-121.853601067299,36.8638802367591,0,"available_crw"
"254026_0",189,"254026_0_crw_189",17,"254026_0_20240412T170000",2024-04-12 17:00:00,-121.887442682168,36.8514290865885,0,"available_crw"
"254026_0",189,"254026_0_crw_189",18,"254026_0_20240412T230000",2024-04-12 23:00:00,-121.979543371231,36.8621584704688,0,"available_crw"
"254026_0",189,"254026_0_crw_189",19,"254026_0_20240413T050000",2024-04-13 05:00:00,-122.012695260785,36.906900943514,0,"available_crw"
"254026_0",189,"254026_0_crw_189",20,"254026_0_20240413T110000",2024-04-13 11:00:00,-121.990232379771,36.9557461540151,0,"available_crw"
"254026_0",189,"254026_0_crw_189",21,"254026_0_20240413T170000",2024-04-13 17:00:00,-121.970433771582,36.9510051550045,0,"available_crw"
"254026_0",189,"254026_0_crw_189",22,"254026_0_20240413T230000",2024-04-13 23:00:00,-121.933784307136,36.9455921396796,0,"available_crw"
"254026_0",189,"254026_0_crw_189",23,"254026_0_20240414T050000",2024-04-14 05:00:00,-121.890000635211,36.9399037672902,0,"available_crw"
"254026_0",189,"254026_0_crw_189",24,"254026_0_20240414T110000",2024-04-14 11:00:00,-121.861383771044,36.9411122816189,0,"available_crw"
"254026_0",189,"254026_0_crw_189",25,"254026_0_20240414T170000",2024-04-14 17:00:00,-121.858986272577,36.9246428611302,0,"available_crw"
"254026_0",189,"254026_0_crw_189",26,"254026_0_20240414T230000",2024-04-14 23:00:00,-121.852103113194,36.88703665102,0,"available_crw"
"254026_0",189,"254026_0_crw_189",27,"254026_0_20240415T050000",2024-04-15 05:00:00,-121.842036265841,36.86550263593,0,"available_crw"
"254026_0",189,"254026_0_crw_189",28,"254026_0_20240415T110000",2024-04-15 11:00:00,-121.891148844358,36.8679196268739,0,"available_crw"
"254026_0",189,"254026_0_crw_189",29,"254026_0_20240415T170000",2024-04-15 17:00:00,-121.919444811443,36.8644220601319,0,"available_crw"
"254026_0",189,"254026_0_crw_189",30,"254026_0_20240415T230000",2024-04-15 23:00:00,-121.947415343181,36.8606652520108,0,"available_crw"
"254026_0",190,"254026_0_crw_190",1,"254026_0_20240408T170000",2024-04-08 17:00:00,-122.0637,36.9493,0,"available_crw"
"254026_0",190,"254026_0_crw_190",2,"254026_0_20240408T230000",2024-04-08 23:00:00,-122.041116949982,36.9255096380072,0,"available_crw"
"254026_0",190,"254026_0_crw_190",3,"254026_0_20240409T050000",2024-04-09 05:00:00,-122.186853569357,36.8769218066947,0,"available_crw"
"254026_0",190,"254026_0_crw_190",4,"254026_0_20240409T110000",2024-04-09 11:00:00,-122.229973534143,36.8612786622475,0,"available_crw"
"254026_0",190,"254026_0_crw_190",5,"254026_0_20240409T170000",2024-04-09 17:00:00,-122.227791450788,36.8676526610409,0,"available_crw"
"254026_0",190,"254026_0_crw_190",6,"254026_0_20240409T230000",2024-04-09 23:00:00,-122.207583594424,36.8642831335153,0,"available_crw"
"254026_0",190,"254026_0_crw_190",7,"254026_0_20240410T050000",2024-04-10 05:00:00,-122.177936726007,36.8179851741546,0,"available_crw"
"254026_0",190,"254026_0_crw_190",8,"254026_0_20240410T110000",2024-04-10 11:00:00,-122.160004690139,36.7910694575336,0,"available_crw"
"254026_0",190,"254026_0_crw_190",9,"254026_0_20240410T170000",2024-04-10 17:00:00,-122.13647348107,36.7581048070415,0,"available_crw"
"254026_0",190,"254026_0_crw_190",10,"254026_0_20240410T230000",2024-04-10 23:00:00,-122.185360958434,36.7541278739041,0,"available_crw"
"254026_0",190,"254026_0_crw_190",11,"254026_0_20240411T050000",2024-04-11 05:00:00,-122.199017026178,36.7498342803306,0,"available_crw"
"254026_0",190,"254026_0_crw_190",12,"254026_0_20240411T110000",2024-04-11 11:00:00,-122.238460737723,36.7350115208732,0,"available_crw"
"254026_0",190,"254026_0_crw_190",13,"254026_0_20240411T170000",2024-04-11 17:00:00,-122.25972214195,36.7104644529456,0,"available_crw"
"254026_0",190,"254026_0_crw_190",14,"254026_0_20240411T230000",2024-04-11 23:00:00,-122.280879573679,36.6851232619303,0,"available_crw"
"254026_0",190,"254026_0_crw_190",15,"254026_0_20240412T050000",2024-04-12 05:00:00,-122.470863885806,36.5179621482452,0,"available_crw"
"254026_0",190,"254026_0_crw_190",16,"254026_0_20240412T110000",2024-04-12 11:00:00,-122.477475225544,36.507439150745,0,"available_crw"
"254026_0",190,"254026_0_crw_190",17,"254026_0_20240412T170000",2024-04-12 17:00:00,-122.328531341858,36.4090605494746,0,"available_crw"
"254026_0",190,"254026_0_crw_190",18,"254026_0_20240412T230000",2024-04-12 23:00:00,-122.293855974492,36.387104863788,0,"available_crw"
"254026_0",190,"254026_0_crw_190",19,"254026_0_20240413T050000",2024-04-13 05:00:00,-122.366429193327,36.4006682300009,0,"available_crw"
"254026_0",190,"254026_0_crw_190",20,"254026_0_20240413T110000",2024-04-13 11:00:00,-122.359924265882,36.4046756017971,0,"available_crw"
"254026_0",190,"254026_0_crw_190",21,"254026_0_20240413T170000",2024-04-13 17:00:00,-122.323944034468,36.4288263112703,0,"available_crw"
"254026_0",190,"254026_0_crw_190",22,"254026_0_20240413T230000",2024-04-13 23:00:00,-122.311129752396,36.4569049692045,0,"available_crw"
"254026_0",190,"254026_0_crw_190",23,"254026_0_20240414T050000",2024-04-14 05:00:00,-122.250066354482,36.4736093502156,0,"available_crw"
"254026_0",190,"254026_0_crw_190",24,"254026_0_20240414T110000",2024-04-14 11:00:00,-122.239430983245,36.3471600723979,0,"available_crw"
"254026_0",190,"254026_0_crw_190",25,"254026_0_20240414T170000",2024-04-14 17:00:00,-122.259753419556,36.3449793426915,0,"available_crw"
"254026_0",190,"254026_0_crw_190",26,"254026_0_20240414T230000",2024-04-14 23:00:00,-122.539997788738,36.3489617445383,0,"available_crw"
"254026_0",190,"254026_0_crw_190",27,"254026_0_20240415T050000",2024-04-15 05:00:00,-122.446837110766,36.286424754877,0,"available_crw"
"254026_0",190,"254026_0_crw_190",28,"254026_0_20240415T110000",2024-04-15 11:00:00,-122.411846691576,36.2658097826174,0,"available_crw"
"254026_0",190,"254026_0_crw_190",29,"254026_0_20240415T170000",2024-04-15 17:00:00,-122.388824418934,36.2811559827583,0,"available_crw"
"254026_0",190,"254026_0_crw_190",30,"254026_0_20240415T230000",2024-04-15 23:00:00,-122.381166476772,36.2965238029952,0,"available_crw"
"254026_0",191,"254026_0_crw_191",1,"254026_0_20240408T170000",2024-04-08 17:00:00,-122.0637,36.9493,0,"available_crw"
"254026_0",191,"254026_0_crw_191",2,"254026_0_20240408T230000",2024-04-08 23:00:00,-122.039962132268,36.9192265417833,0,"available_crw"
"254026_0",191,"254026_0_crw_191",3,"254026_0_20240409T050000",2024-04-09 05:00:00,-122.017974351256,36.916507217992,0,"available_crw"
"254026_0",191,"254026_0_crw_191",4,"254026_0_20240409T110000",2024-04-09 11:00:00,-122.006105410022,36.9386889691406,0,"available_crw"
"254026_0",191,"254026_0_crw_191",5,"254026_0_20240409T170000",2024-04-09 17:00:00,-122.053072886066,36.9062417627125,0,"available_crw"
"254026_0",191,"254026_0_crw_191",6,"254026_0_20240409T230000",2024-04-09 23:00:00,-122.087406351112,36.880394086835,0,"available_crw"
"254026_0",191,"254026_0_crw_191",7,"254026_0_20240410T050000",2024-04-10 05:00:00,-122.11164883615,36.857694727562,0,"available_crw"
"254026_0",191,"254026_0_crw_191",8,"254026_0_20240410T110000",2024-04-10 11:00:00,-122.325054221649,36.709584834559,0,"available_crw"
"254026_0",191,"254026_0_crw_191",9,"254026_0_20240410T170000",2024-04-10 17:00:00,-122.350357370034,36.687685183828,0,"available_crw"
"254026_0",191,"254026_0_crw_191",10,"254026_0_20240410T230000",2024-04-10 23:00:00,-122.372559543364,36.6637072864397,0,"available_crw"
"254026_0",191,"254026_0_crw_191",11,"254026_0_20240411T050000",2024-04-11 05:00:00,-122.357428932367,36.7226795923606,0,"available_crw"
"254026_0",191,"254026_0_crw_191",12,"254026_0_20240411T110000",2024-04-11 11:00:00,-122.369158664269,36.7510767445085,0,"available_crw"
"254026_0",191,"254026_0_crw_191",13,"254026_0_20240411T170000",2024-04-11 17:00:00,-122.345874174986,36.8234849297556,0,"available_crw"
"254026_0",191,"254026_0_crw_191",14,"254026_0_20240411T230000",2024-04-11 23:00:00,-122.336971957043,36.8531703777901,0,"available_crw"
"254026_0",191,"254026_0_crw_191",15,"254026_0_20240412T050000",2024-04-12 05:00:00,-122.328682771735,36.8829706823728,0,"available_crw"
"254026_0",191,"254026_0_crw_191",16,"254026_0_20240412T110000",2024-04-12 11:00:00,-122.334361350555,36.8988999730016,0,"available_crw"
"254026_0",191,"254026_0_crw_191",17,"254026_0_20240412T170000",2024-04-12 17:00:00,-122.385011208434,37.1390458851828,0,"available_crw"
"254026_0",191,"254026_0_crw_191",18,"254026_0_20240412T230000",2024-04-12 23:00:00,-122.395703948838,37.1603979780712,0,"available_crw"
"254026_0",191,"254026_0_crw_191",19,"254026_0_20240413T050000",2024-04-13 05:00:00,-122.404657349505,37.1697701883191,0,"available_crw"
"254026_0",191,"254026_0_crw_191",20,"254026_0_20240413T110000",2024-04-13 11:00:00,-122.433430651521,37.1961763827648,0,"available_crw"
"254026_0",191,"254026_0_crw_191",21,"254026_0_20240413T170000",2024-04-13 17:00:00,-122.452428164336,37.2131574156479,0,"available_crw"
"254026_0",191,"254026_0_crw_191",22,"254026_0_20240413T230000",2024-04-13 23:00:00,-122.629443426947,37.4114638914847,0,"available_crw"
"254026_0",191,"254026_0_crw_191",23,"254026_0_20240414T050000",2024-04-14 05:00:00,-122.65080053133,37.4269230899707,0,"available_crw"
"254026_0",191,"254026_0_crw_191",24,"254026_0_20240414T110000",2024-04-14 11:00:00,-122.664020539272,37.4322173706584,0,"available_crw"
"254026_0",191,"254026_0_crw_191",25,"254026_0_20240414T170000",2024-04-14 17:00:00,-122.691958331959,37.4379477333164,0,"available_crw"
"254026_0",191,"254026_0_crw_191",26,"254026_0_20240414T230000",2024-04-14 23:00:00,-122.661067952555,37.468876982514,0,"available_crw"
"254026_0",191,"254026_0_crw_191",27,"254026_0_20240415T050000",2024-04-15 05:00:00,-122.635933855282,37.4976181219966,0,"available_crw"
"254026_0",191,"254026_0_crw_191",28,"254026_0_20240415T110000",2024-04-15 11:00:00,-122.594733015657,37.4546693953844,0,"available_crw"
"254026_0",191,"254026_0_crw_191",29,"254026_0_20240415T170000",2024-04-15 17:00:00,-122.566855099718,37.4268594193386,0,"available_crw"
"254026_0",191,"254026_0_crw_191",30,"254026_0_20240415T230000",2024-04-15 23:00:00,-122.491886251386,37.4053176400193,0,"available_crw"
"254026_0",192,"254026_0_crw_192",1,"254026_0_20240408T170000",2024-04-08 17:00:00,-122.0637,36.9493,0,"available_crw"
"254026_0",192,"254026_0_crw_192",2,"254026_0_20240408T230000",2024-04-08 23:00:00,-121.956081092278,36.7397385411542,0,"available_crw"
"254026_0",192,"254026_0_crw_192",3,"254026_0_20240409T050000",2024-04-09 05:00:00,-121.987061484115,36.6940314675235,0,"available_crw"
"254026_0",192,"254026_0_crw_192",4,"254026_0_20240409T110000",2024-04-09 11:00:00,-121.8747822759,36.7317172464921,0,"available_crw"
"254026_0",192,"254026_0_crw_192",5,"254026_0_20240409T170000",2024-04-09 17:00:00,-121.832219315235,36.747687697315,0,"available_crw"
"254026_0",192,"254026_0_crw_192",6,"254026_0_20240409T230000",2024-04-09 23:00:00,-121.794011071299,36.764480380426,0,"available_crw"
"254026_0",192,"254026_0_crw_192",7,"254026_0_20240410T050000",2024-04-10 05:00:00,-121.91387889193,36.7815827213599,0,"available_crw"
"254026_0",192,"254026_0_crw_192",8,"254026_0_20240410T110000",2024-04-10 11:00:00,-121.926322414478,36.7596140976807,0,"available_crw"
"254026_0",192,"254026_0_crw_192",9,"254026_0_20240410T170000",2024-04-10 17:00:00,-121.988969000205,36.7465795837805,0,"available_crw"
"254026_0",192,"254026_0_crw_192",10,"254026_0_20240410T230000",2024-04-10 23:00:00,-121.995398991322,36.762334169043,0,"available_crw"
"254026_0",192,"254026_0_crw_192",11,"254026_0_20240411T050000",2024-04-11 05:00:00,-122.023151949081,36.7822572052626,0,"available_crw"
"254026_0",192,"254026_0_crw_192",12,"254026_0_20240411T110000",2024-04-11 11:00:00,-122.044533859212,36.7972079562491,0,"available_crw"
"254026_0",192,"254026_0_crw_192",13,"254026_0_20240411T170000",2024-04-11 17:00:00,-122.199026674559,36.9436805002809,0,"available_crw"
"254026_0",192,"254026_0_crw_192",14,"254026_0_20240411T230000",2024-04-11 23:00:00,-122.218286916309,36.9496431067269,0,"available_crw"
"254026_0",192,"254026_0_crw_192",15,"254026_0_20240412T050000",2024-04-12 05:00:00,-122.238754242069,36.9474810937762,0,"available_crw"
"254026_0",192,"254026_0_crw_192",16,"254026_0_20240412T110000",2024-04-12 11:00:00,-122.134471799796,36.89666991966,0,"available_crw"
"254026_0",192,"254026_0_crw_192",17,"254026_0_20240412T170000",2024-04-12 17:00:00,-122.101662092587,36.8812492660564,0,"available_crw"
"254026_0",192,"254026_0_crw_192",18,"254026_0_20240412T230000",2024-04-12 23:00:00,-122.080579612316,36.8869315249557,0,"available_crw"
"254026_0",192,"254026_0_crw_192",19,"254026_0_20240413T050000",2024-04-13 05:00:00,-122.082708423554,36.9110131845023,0,"available_crw"
"254026_0",192,"254026_0_crw_192",20,"254026_0_20240413T110000",2024-04-13 11:00:00,-122.152001533342,36.8304363662439,0,"available_crw"
"254026_0",192,"254026_0_crw_192",21,"254026_0_20240413T170000",2024-04-13 17:00:00,-122.146522718132,36.8131241638957,0,"available_crw"
"254026_0",192,"254026_0_crw_192",22,"254026_0_20240413T230000",2024-04-13 23:00:00,-122.139226453028,36.8028885608085,0,"available_crw"
"254026_0",192,"254026_0_crw_192",23,"254026_0_20240414T050000",2024-04-14 05:00:00,-122.114169275245,36.7709125860368,0,"available_crw"
"254026_0",192,"254026_0_crw_192",24,"254026_0_20240414T110000",2024-04-14 11:00:00,-122.089769769375,36.741211100868,0,"available_crw"
"254026_0",192,"254026_0_crw_192",25,"254026_0_20240414T170000",2024-04-14 17:00:00,-122.109286445378,36.6915677458369,0,"available_crw"
"254026_0",192,"254026_0_crw_192",26,"254026_0_20240414T230000",2024-04-14 23:00:00,-122.214780745117,36.5194309445682,0,"available_crw"
"254026_0",192,"254026_0_crw_192",27,"254026_0_20240415T050000",2024-04-15 05:00:00,-122.226948268608,36.4988668756824,0,"available_crw"
"254026_0",192,"254026_0_crw_192",28,"254026_0_20240415T110000",2024-04-15 11:00:00,-122.226314232137,36.5590831921597,0,"available_crw"
"254026_0",192,"254026_0_crw_192",29,"254026_0_20240415T170000",2024-04-15 17:00:00,-122.242878845291,36.570940717765,0,"available_crw"
"254026_0",192,"254026_0_crw_192",30,"254026_0_20240415T230000",2024-04-15 23:00:00,-122.279235477559,36.5769092644449,0,"available_crw"
"254026_0",193,"254026_0_crw_193",1,"254026_0_20240408T170000",2024-04-08 17:00:00,-122.0637,36.9493,0,"available_crw"
"254026_0",193,"254026_0_crw_193",2,"254026_0_20240408T230000",2024-04-08 23:00:00,-121.956081092278,36.7397385411542,0,"available_crw"
"254026_0",193,"254026_0_crw_193",3,"254026_0_20240409T050000",2024-04-09 05:00:00,-121.940090010497,36.7293047678444,0,"available_crw"
"254026_0",193,"254026_0_crw_193",4,"254026_0_20240409T110000",2024-04-09 11:00:00,-121.91984879591,36.72629590831,0,"available_crw"
"254026_0",193,"254026_0_crw_193",5,"254026_0_20240409T170000",2024-04-09 17:00:00,-121.884824525191,36.7363267098265,0,"available_crw"
"254026_0",193,"254026_0_crw_193",6,"254026_0_20240409T230000",2024-04-09 23:00:00,-121.882637098171,36.6822913288932,0,"available_crw"
"254026_0",193,"254026_0_crw_193",7,"254026_0_20240410T050000",2024-04-10 05:00:00,-121.947224665818,36.697032531255,0,"available_crw"
"254026_0",193,"254026_0_crw_193",8,"254026_0_20240410T110000",2024-04-10 11:00:00,-122.203817212269,36.7906130865933,0,"available_crw"
"254026_0",193,"254026_0_crw_193",9,"254026_0_20240410T170000",2024-04-10 17:00:00,-122.464633994976,36.9146690385437,0,"available_crw"
"254026_0",193,"254026_0_crw_193",10,"254026_0_20240410T230000",2024-04-10 23:00:00,-122.414375221492,36.9506602036025,0,"available_crw"
"254026_0",193,"254026_0_crw_193",11,"254026_0_20240411T050000",2024-04-11 05:00:00,-122.381908115696,36.9749268390547,0,"available_crw"
"254026_0",193,"254026_0_crw_193",12,"254026_0_20240411T110000",2024-04-11 11:00:00,-122.348193642748,37.0016389743883,0,"available_crw"
"254026_0",193,"254026_0_crw_193",13,"254026_0_20240411T170000",2024-04-11 17:00:00,-122.469641994719,36.9914924478835,0,"available_crw"
"254026_0",193,"254026_0_crw_193",14,"254026_0_20240411T230000",2024-04-11 23:00:00,-122.48245124911,36.9768798644955,0,"available_crw"
"254026_0",193,"254026_0_crw_193",15,"254026_0_20240412T050000",2024-04-12 05:00:00,-122.505218881297,36.9469866621603,0,"available_crw"
"254026_0",193,"254026_0_crw_193",16,"254026_0_20240412T110000",2024-04-12 11:00:00,-122.452935376385,36.9737215977156,0,"available_crw"
"254026_0",193,"254026_0_crw_193",17,"254026_0_20240412T170000",2024-04-12 17:00:00,-122.413733561177,36.9950753031445,0,"available_crw"
"254026_0",193,"254026_0_crw_193",18,"254026_0_20240412T230000",2024-04-12 23:00:00,-122.411042438278,37.012808319626,0,"available_crw"
"254026_0",193,"254026_0_crw_193",19,"254026_0_20240413T050000",2024-04-13 05:00:00,-122.387730696123,36.9555707775528,0,"available_crw"
"254026_0",193,"254026_0_crw_193",20,"254026_0_20240413T110000",2024-04-13 11:00:00,-122.439054225589,36.9995063870668,0,"available_crw"
"254026_0",193,"254026_0_crw_193",21,"254026_0_20240413T170000",2024-04-13 17:00:00,-122.605269617211,36.9197649218142,0,"available_crw"
"254026_0",193,"254026_0_crw_193",22,"254026_0_20240413T230000",2024-04-13 23:00:00,-122.666185259055,36.9376490506529,0,"available_crw"
"254026_0",193,"254026_0_crw_193",23,"254026_0_20240414T050000",2024-04-14 05:00:00,-122.686599276203,36.9351956152934,0,"available_crw"
"254026_0",193,"254026_0_crw_193",24,"254026_0_20240414T110000",2024-04-14 11:00:00,-122.682336280123,36.9408520192159,0,"available_crw"
"254026_0",193,"254026_0_crw_193",25,"254026_0_20240414T170000",2024-04-14 17:00:00,-122.660204054133,36.9717105141465,0,"available_crw"
"254026_0",193,"254026_0_crw_193",26,"254026_0_20240414T230000",2024-04-14 23:00:00,-122.6514827546,36.9936256879197,0,"available_crw"
"254026_0",193,"254026_0_crw_193",27,"254026_0_20240415T050000",2024-04-15 05:00:00,-122.61475556738,36.9672607070084,0,"available_crw"
"254026_0",193,"254026_0_crw_193",28,"254026_0_20240415T110000",2024-04-15 11:00:00,-122.58983248214,36.9558932133224,0,"available_crw"
"254026_0",193,"254026_0_crw_193",29,"254026_0_20240415T170000",2024-04-15 17:00:00,-122.568819083531,36.9617889756206,0,"available_crw"
"254026_0",193,"254026_0_crw_193",30,"254026_0_20240415T230000",2024-04-15 23:00:00,-122.622489069237,36.9197161824668,0,"available_crw"
"254026_0",194,"254026_0_crw_194",1,"254026_0_20240408T170000",2024-04-08 17:00:00,-122.0637,36.9493,0,"available_crw"
"254026_0",194,"254026_0_crw_194",2,"254026_0_20240408T230000",2024-04-08 23:00:00,-122.039962132268,36.9192265417833,0,"available_crw"
"254026_0",194,"254026_0_crw_194",3,"254026_0_20240409T050000",2024-04-09 05:00:00,-122.02906087022,36.9113172421104,0,"available_crw"
"254026_0",194,"254026_0_crw_194",4,"254026_0_20240409T110000",2024-04-09 11:00:00,-122.037208640384,36.9103736809179,0,"available_crw"
"254026_0",194,"254026_0_crw_194",5,"254026_0_20240409T170000",2024-04-09 17:00:00,-122.050654046165,36.9056199334702,0,"available_crw"
"254026_0",194,"254026_0_crw_194",6,"254026_0_20240409T230000",2024-04-09 23:00:00,-122.095621705004,36.8533234198411,0,"available_crw"
"254026_0",194,"254026_0_crw_194",7,"254026_0_20240410T050000",2024-04-10 05:00:00,-122.083141285527,36.9126964804037,0,"available_crw"
"254026_0",194,"254026_0_crw_194",8,"254026_0_20240410T110000",2024-04-10 11:00:00,-121.939506099596,36.8602818612373,0,"available_crw"
"254026_0",194,"254026_0_crw_194",9,"254026_0_20240410T170000",2024-04-10 17:00:00,-121.918939696963,36.8614656377645,0,"available_crw"
"254026_0",194,"254026_0_crw_194",10,"254026_0_20240410T230000",2024-04-10 23:00:00,-121.874824332342,36.8647756158279,0,"available_crw"
"254026_0",194,"254026_0_crw_194",11,"254026_0_20240411T050000",2024-04-11 05:00:00,-121.976647613116,36.9186487660935,0,"available_crw"
"254026_0",194,"254026_0_crw_194",12,"254026_0_20240411T110000",2024-04-11 11:00:00,-121.968772841487,36.9205772405299,0,"available_crw"
"254026_0",194,"254026_0_crw_194",13,"254026_0_20240411T170000",2024-04-11 17:00:00,-122.082107700203,36.9568388179224,0,"available_crw"
"254026_0",194,"254026_0_crw_194",14,"254026_0_20240411T230000",2024-04-11 23:00:00,-122.123684373994,36.969265389139,0,"available_crw"
"254026_0",194,"254026_0_crw_194",15,"254026_0_20240412T050000",2024-04-12 05:00:00,-122.168559367862,36.9814548433893,0,"available_crw"
"254026_0",194,"254026_0_crw_194",16,"254026_0_20240412T110000",2024-04-12 11:00:00,-122.419924124942,37.085319019439,0,"available_crw"
"254026_0",194,"254026_0_crw_194",17,"254026_0_20240412T170000",2024-04-12 17:00:00,-122.460027415867,37.0992923458011,0,"available_crw"
"254026_0",194,"254026_0_crw_194",18,"254026_0_20240412T230000",2024-04-12 23:00:00,-122.415541568019,37.1399615786091,0,"available_crw"
"254026_0",194,"254026_0_crw_194",19,"254026_0_20240413T050000",2024-04-13 05:00:00,-122.43253512327,37.1599070395402,0,"available_crw"
"254026_0",194,"254026_0_crw_194",20,"254026_0_20240413T110000",2024-04-13 11:00:00,-122.42431227932,37.1592853561693,0,"available_crw"
"254026_0",194,"254026_0_crw_194",21,"254026_0_20240413T170000",2024-04-13 17:00:00,-122.377153687709,37.1573061597598,0,"available_crw"
"254026_0",194,"254026_0_crw_194",22,"254026_0_20240413T230000",2024-04-13 23:00:00,-122.368082331254,37.1803310874282,0,"available_crw"
"254026_0",194,"254026_0_crw_194",23,"254026_0_20240414T050000",2024-04-14 05:00:00,-122.393678853149,37.1931157561411,0,"available_crw"
"254026_0",194,"254026_0_crw_194",24,"254026_0_20240414T110000",2024-04-14 11:00:00,-122.57581788428,37.318270445587,0,"available_crw"
"254026_0",194,"254026_0_crw_194",25,"254026_0_20240414T170000",2024-04-14 17:00:00,-122.553190623298,37.2220160370269,0,"available_crw"
"254026_0",194,"254026_0_crw_194",26,"254026_0_20240414T230000",2024-04-14 23:00:00,-122.547579202855,37.1996746922811,0,"available_crw"
"254026_0",194,"254026_0_crw_194",27,"254026_0_20240415T050000",2024-04-15 05:00:00,-122.53630175585,37.1711572679322,0,"available_crw"
"254026_0",194,"254026_0_crw_194",28,"254026_0_20240415T110000",2024-04-15 11:00:00,-122.521377041628,37.1596739543433,0,"available_crw"
"254026_0",194,"254026_0_crw_194",29,"254026_0_20240415T170000",2024-04-15 17:00:00,-122.500003428816,37.0868705944714,0,"available_crw"
"254026_0",194,"254026_0_crw_194",30,"254026_0_20240415T230000",2024-04-15 23:00:00,-122.46987537225,37.086336796767,0,"available_crw"
"254026_0",195,"254026_0_crw_195",1,"254026_0_20240408T170000",2024-04-08 17:00:00,-122.0637,36.9493,0,"available_crw"
"254026_0",195,"254026_0_crw_195",2,"254026_0_20240408T230000",2024-04-08 23:00:00,-122.066585972615,36.874549838707,0,"available_crw"
"254026_0",195,"254026_0_crw_195",3,"254026_0_20240409T050000",2024-04-09 05:00:00,-121.987339664302,36.9489958612315,0,"available_crw"
"254026_0",195,"254026_0_crw_195",4,"254026_0_20240409T110000",2024-04-09 11:00:00,-122.10720109048,36.9307048833413,0,"available_crw"
"254026_0",195,"254026_0_crw_195",5,"254026_0_20240409T170000",2024-04-09 17:00:00,-122.153423167445,36.9224692897305,0,"available_crw"
"254026_0",195,"254026_0_crw_195",6,"254026_0_20240409T230000",2024-04-09 23:00:00,-122.180853492058,36.9022145517115,0,"available_crw"
"254026_0",195,"254026_0_crw_195",7,"254026_0_20240410T050000",2024-04-10 05:00:00,-122.152321566746,36.9579015205503,0,"available_crw"
"254026_0",195,"254026_0_crw_195",8,"254026_0_20240410T110000",2024-04-10 11:00:00,-122.162265769812,36.9738835933743,0,"available_crw"
"254026_0",195,"254026_0_crw_195",9,"254026_0_20240410T170000",2024-04-10 17:00:00,-122.161744303311,36.9241365116128,0,"available_crw"
"254026_0",195,"254026_0_crw_195",10,"254026_0_20240410T230000",2024-04-10 23:00:00,-122.160399005902,36.8885494849506,0,"available_crw"
"254026_0",195,"254026_0_crw_195",11,"254026_0_20240411T050000",2024-04-11 05:00:00,-122.22512228513,36.9034068899268,0,"available_crw"
"254026_0",195,"254026_0_crw_195",12,"254026_0_20240411T110000",2024-04-11 11:00:00,-122.271008294983,36.9127436690906,0,"available_crw"
"254026_0",195,"254026_0_crw_195",13,"254026_0_20240411T170000",2024-04-11 17:00:00,-122.491360277934,36.9874829003294,0,"available_crw"
"254026_0",195,"254026_0_crw_195",14,"254026_0_20240411T230000",2024-04-11 23:00:00,-122.695453968806,37.0879515159179,0,"available_crw"
"254026_0",195,"254026_0_crw_195",15,"254026_0_20240412T050000",2024-04-12 05:00:00,-122.733860451056,37.1058733483614,0,"available_crw"
"254026_0",195,"254026_0_crw_195",16,"254026_0_20240412T110000",2024-04-12 11:00:00,-122.76798090444,37.1180381301366,0,"available_crw"
"254026_0",195,"254026_0_crw_195",17,"254026_0_20240412T170000",2024-04-12 17:00:00,-122.788211086992,37.1105121297712,0,"available_crw"
"254026_0",195,"254026_0_crw_195",18,"254026_0_20240412T230000",2024-04-12 23:00:00,-122.830127214738,37.0931487977452,0,"available_crw"
"254026_0",195,"254026_0_crw_195",19,"254026_0_20240413T050000",2024-04-13 05:00:00,-123.113719925075,37.0056666545289,0,"available_crw"
"254026_0",195,"254026_0_crw_195",20,"254026_0_20240413T110000",2024-04-13 11:00:00,-123.154760352433,36.9920961853988,0,"available_crw"
"254026_0",195,"254026_0_crw_195",21,"254026_0_20240413T170000",2024-04-13 17:00:00,-123.201305901028,36.940661933609,0,"available_crw"
"254026_0",195,"254026_0_crw_195",22,"254026_0_20240413T230000",2024-04-13 23:00:00,-123.20643385809,36.9296049774912,0,"available_crw"
"254026_0",195,"254026_0_crw_195",23,"254026_0_20240414T050000",2024-04-14 05:00:00,-123.195825546836,36.9139014804501,0,"available_crw"
"254026_0",195,"254026_0_crw_195",24,"254026_0_20240414T110000",2024-04-14 11:00:00,-123.171673392046,36.8814588033562,0,"available_crw"
"254026_0",195,"254026_0_crw_195",25,"254026_0_20240414T170000",2024-04-14 17:00:00,-123.146211046054,36.8494182594512,0,"available_crw"
"254026_0",195,"254026_0_crw_195",26,"254026_0_20240414T230000",2024-04-14 23:00:00,-123.119268888687,36.8184373223707,0,"available_crw"
"254026_0",195,"254026_0_crw_195",27,"254026_0_20240415T050000",2024-04-15 05:00:00,-123.090751177981,36.7883881627082,0,"available_crw"
"254026_0",195,"254026_0_crw_195",28,"254026_0_20240415T110000",2024-04-15 11:00:00,-123.073284307027,36.7704449930301,0,"available_crw"
"254026_0",195,"254026_0_crw_195",29,"254026_0_20240415T170000",2024-04-15 17:00:00,-123.043075675988,36.7412155105336,0,"available_crw"
"254026_0",195,"254026_0_crw_195",30,"254026_0_20240415T230000",2024-04-15 23:00:00,-123.018341250368,36.7180606735418,0,"available_crw"
"254026_0",196,"254026_0_crw_196",1,"254026_0_20240408T170000",2024-04-08 17:00:00,-122.0637,36.9493,0,"available_crw"
"254026_0",196,"254026_0_crw_196",2,"254026_0_20240408T230000",2024-04-08 23:00:00,-122.066585972615,36.874549838707,0,"available_crw"
"254026_0",196,"254026_0_crw_196",3,"254026_0_20240409T050000",2024-04-09 05:00:00,-121.879094118328,36.836514360098,0,"available_crw"
"254026_0",196,"254026_0_crw_196",4,"254026_0_20240409T110000",2024-04-09 11:00:00,-121.914646874889,36.7906267315186,0,"available_crw"
"254026_0",196,"254026_0_crw_196",5,"254026_0_20240409T170000",2024-04-09 17:00:00,-121.915844105261,36.774086175335,0,"available_crw"
"254026_0",196,"254026_0_crw_196",6,"254026_0_20240409T230000",2024-04-09 23:00:00,-121.907061584805,36.7590998154474,0,"available_crw"
"254026_0",196,"254026_0_crw_196",7,"254026_0_20240410T050000",2024-04-10 05:00:00,-121.95618783023,36.7583034786108,0,"available_crw"
"254026_0",196,"254026_0_crw_196",8,"254026_0_20240410T110000",2024-04-10 11:00:00,-121.997927182092,36.7981005810904,0,"available_crw"
"254026_0",196,"254026_0_crw_196",9,"254026_0_20240410T170000",2024-04-10 17:00:00,-122.029736996855,36.8259285529135,0,"available_crw"
"254026_0",196,"254026_0_crw_196",10,"254026_0_20240410T230000",2024-04-10 23:00:00,-122.196535005121,36.7475033923759,0,"available_crw"
"254026_0",196,"254026_0_crw_196",11,"254026_0_20240411T050000",2024-04-11 05:00:00,-122.206734708181,36.7390291438909,0,"available_crw"
"254026_0",196,"254026_0_crw_196",12,"254026_0_20240411T110000",2024-04-11 11:00:00,-122.234944639973,36.7123504168167,0,"available_crw"
"254026_0",196,"254026_0_crw_196",13,"254026_0_20240411T170000",2024-04-11 17:00:00,-122.255816148497,36.6876062632867,0,"available_crw"
"254026_0",196,"254026_0_crw_196",14,"254026_0_20240411T230000",2024-04-11 23:00:00,-122.13953508692,36.7163428856937,0,"available_crw"
"254026_0",196,"254026_0_crw_196",15,"254026_0_20240412T050000",2024-04-12 05:00:00,-122.155343961505,36.8712242827914,0,"available_crw"
"254026_0",196,"254026_0_crw_196",16,"254026_0_20240412T110000",2024-04-12 11:00:00,-122.000102674948,36.8488918975141,0,"available_crw"
"254026_0",196,"254026_0_crw_196",17,"254026_0_20240412T170000",2024-04-12 17:00:00,-121.962604892783,36.8439849328624,0,"available_crw"
"254026_0",196,"254026_0_crw_196",18,"254026_0_20240412T230000",2024-04-12 23:00:00,-121.943149564838,36.8494645197821,0,"available_crw"
"254026_0",196,"254026_0_crw_196",19,"254026_0_20240413T050000",2024-04-13 05:00:00,-121.907504020587,36.8600354474517,0,"available_crw"
"254026_0",196,"254026_0_crw_196",20,"254026_0_20240413T110000",2024-04-13 11:00:00,-121.883715799745,36.883058602009,0,"available_crw"
"254026_0",196,"254026_0_crw_196",21,"254026_0_20240413T170000",2024-04-13 17:00:00,-121.862001450576,36.8475815858421,0,"available_crw"
"254026_0",196,"254026_0_crw_196",22,"254026_0_20240413T230000",2024-04-13 23:00:00,-121.83989444729,36.8139809237077,0,"available_crw"
"254026_0",196,"254026_0_crw_196",23,"254026_0_20240414T050000",2024-04-14 05:00:00,-121.81657769165,36.7809175434493,0,"available_crw"
"254026_0",196,"254026_0_crw_196",24,"254026_0_20240414T110000",2024-04-14 11:00:00,-121.821979184891,36.7062596437595,0,"available_crw"
"254026_0",196,"254026_0_crw_196",25,"254026_0_20240414T170000",2024-04-14 17:00:00,-121.827981566401,36.7107697274622,0,"available_crw"
"254026_0",196,"254026_0_crw_196",26,"254026_0_20240414T230000",2024-04-14 23:00:00,-121.975764637872,36.8615343726411,0,"available_crw"
"254026_0",196,"254026_0_crw_196",27,"254026_0_20240415T050000",2024-04-15 05:00:00,-121.994728851692,36.8680402268638,0,"available_crw"
"254026_0",196,"254026_0_crw_196",28,"254026_0_20240415T110000",2024-04-15 11:00:00,-121.987410486297,36.8710608607987,0,"available_crw"
"254026_0",196,"254026_0_crw_196",29,"254026_0_20240415T170000",2024-04-15 17:00:00,-122.106876840749,36.8905879232602,0,"available_crw"
"254026_0",196,"254026_0_crw_196",30,"254026_0_20240415T230000",2024-04-15 23:00:00,-122.033994129896,36.9046997913035,0,"available_crw"
"254026_0",197,"254026_0_crw_197",1,"254026_0_20240408T170000",2024-04-08 17:00:00,-122.0637,36.9493,0,"available_crw"
"254026_0",197,"254026_0_crw_197",2,"254026_0_20240408T230000",2024-04-08 23:00:00,-122.04872703058,36.9299402179283,0,"available_crw"
"254026_0",197,"254026_0_crw_197",3,"254026_0_20240409T050000",2024-04-09 05:00:00,-122.097523751517,36.9246143918436,0,"available_crw"
"254026_0",197,"254026_0_crw_197",4,"254026_0_20240409T110000",2024-04-09 11:00:00,-122.400771128218,36.9184409148125,0,"available_crw"
"254026_0",197,"254026_0_crw_197",5,"254026_0_20240409T170000",2024-04-09 17:00:00,-122.703107866558,36.9386555922372,0,"available_crw"
"254026_0",197,"254026_0_crw_197",6,"254026_0_20240409T230000",2024-04-09 23:00:00,-122.736779683562,36.9258169462252,0,"available_crw"
"254026_0",197,"254026_0_crw_197",7,"254026_0_20240410T050000",2024-04-10 05:00:00,-122.746820467317,36.9403097052317,0,"available_crw"
"254026_0",197,"254026_0_crw_197",8,"254026_0_20240410T110000",2024-04-10 11:00:00,-122.770445866485,36.9697709013147,0,"available_crw"
"254026_0",197,"254026_0_crw_197",9,"254026_0_20240410T170000",2024-04-10 17:00:00,-122.786124791875,36.9887736124658,0,"available_crw"
"254026_0",197,"254026_0_crw_197",10,"254026_0_20240410T230000",2024-04-10 23:00:00,-122.787134774963,37.0635599217423,0,"available_crw"
"254026_0",197,"254026_0_crw_197",11,"254026_0_20240411T050000",2024-04-11 05:00:00,-122.977092718323,37.094967401078,0,"available_crw"
"254026_0",197,"254026_0_crw_197",12,"254026_0_20240411T110000",2024-04-11 11:00:00,-123.020412602583,37.0997929998101,0,"available_crw"
"254026_0",197,"254026_0_crw_197",13,"254026_0_20240411T170000",2024-04-11 17:00:00,-122.948557750068,37.1175146999685,0,"available_crw"
"254026_0",197,"254026_0_crw_197",14,"254026_0_20240411T230000",2024-04-11 23:00:00,-122.934097377674,37.1293667604112,0,"available_crw"
"254026_0",197,"254026_0_crw_197",15,"254026_0_20240412T050000",2024-04-12 05:00:00,-122.91655871304,37.1913600567817,0,"available_crw"
"254026_0",197,"254026_0_crw_197",16,"254026_0_20240412T110000",2024-04-12 11:00:00,-122.916289450388,37.2143634089323,0,"available_crw"
"254026_0",197,"254026_0_crw_197",17,"254026_0_20240412T170000",2024-04-12 17:00:00,-122.909979261686,37.2100936930056,0,"available_crw"
"254026_0",197,"254026_0_crw_197",18,"254026_0_20240412T230000",2024-04-12 23:00:00,-122.880432814731,37.1907605452382,0,"available_crw"
"254026_0",197,"254026_0_crw_197",19,"254026_0_20240413T050000",2024-04-13 05:00:00,-123.00861041927,37.1163638357052,0,"available_crw"
"254026_0",197,"254026_0_crw_197",20,"254026_0_20240413T110000",2024-04-13 11:00:00,-123.038871878567,37.0576053599723,0,"available_crw"
"254026_0",197,"254026_0_crw_197",21,"254026_0_20240413T170000",2024-04-13 17:00:00,-123.028933491016,37.0416154443745,0,"available_crw"
"254026_0",197,"254026_0_crw_197",22,"254026_0_20240413T230000",2024-04-13 23:00:00,-123.05590414518,36.9942470616621,0,"available_crw"
"254026_0",197,"254026_0_crw_197",23,"254026_0_20240414T050000",2024-04-14 05:00:00,-123.073436672116,36.9615380014608,0,"available_crw"
"254026_0",197,"254026_0_crw_197",24,"254026_0_20240414T110000",2024-04-14 11:00:00,-123.090196596264,36.9262135037987,0,"available_crw"
"254026_0",197,"254026_0_crw_197",25,"254026_0_20240414T170000",2024-04-14 17:00:00,-123.099956381639,36.9048140852443,0,"available_crw"
"254026_0",197,"254026_0_crw_197",26,"254026_0_20240414T230000",2024-04-14 23:00:00,-123.174289288158,36.859777419436,0,"available_crw"
"254026_0",197,"254026_0_crw_197",27,"254026_0_20240415T050000",2024-04-15 05:00:00,-123.18279836155,36.8446839951728,0,"available_crw"
"254026_0",197,"254026_0_crw_197",28,"254026_0_20240415T110000",2024-04-15 11:00:00,-123.200182096813,36.8119347673548,0,"available_crw"
"254026_0",197,"254026_0_crw_197",29,"254026_0_20240415T170000",2024-04-15 17:00:00,-123.198216617443,36.7954399626053,0,"available_crw"
"254026_0",197,"254026_0_crw_197",30,"254026_0_20240415T230000",2024-04-15 23:00:00,-123.180164004771,36.7850312567928,0,"available_crw"
"254026_0",198,"254026_0_crw_198",1,"254026_0_20240408T170000",2024-04-08 17:00:00,-122.0637,36.9493,0,"available_crw"
"254026_0",198,"254026_0_crw_198",2,"254026_0_20240408T230000",2024-04-08 23:00:00,-122.041116949982,36.9255096380072,0,"available_crw"
"254026_0",198,"254026_0_crw_198",3,"254026_0_20240409T050000",2024-04-09 05:00:00,-122.029405855559,36.9183846544605,0,"available_crw"
"254026_0",198,"254026_0_crw_198",4,"254026_0_20240409T110000",2024-04-09 11:00:00,-121.997466387232,36.9029966956718,0,"available_crw"
"254026_0",198,"254026_0_crw_198",5,"254026_0_20240409T170000",2024-04-09 17:00:00,-122.006937355579,36.8882623338917,0,"available_crw"
"254026_0",198,"254026_0_crw_198",6,"254026_0_20240409T230000",2024-04-09 23:00:00,-122.00647854364,36.8716978265515,0,"available_crw"
"254026_0",198,"254026_0_crw_198",7,"254026_0_20240410T050000",2024-04-10 05:00:00,-122.027040792188,36.8702687423938,0,"available_crw"
"254026_0",198,"254026_0_crw_198",8,"254026_0_20240410T110000",2024-04-10 11:00:00,-122.330106254849,36.8760238170859,0,"available_crw"
"254026_0",198,"254026_0_crw_198",9,"254026_0_20240410T170000",2024-04-10 17:00:00,-122.373675284898,36.8745430093295,0,"available_crw"
"254026_0",198,"254026_0_crw_198",10,"254026_0_20240410T230000",2024-04-10 23:00:00,-122.391349363813,36.8660044443506,0,"available_crw"
"254026_0",198,"254026_0_crw_198",11,"254026_0_20240411T050000",2024-04-11 05:00:00,-122.427189594171,36.8460563065956,0,"available_crw"
"254026_0",198,"254026_0_crw_198",12,"254026_0_20240411T110000",2024-04-11 11:00:00,-122.480992150477,36.9651976219266,0,"available_crw"
"254026_0",198,"254026_0_crw_198",13,"254026_0_20240411T170000",2024-04-11 17:00:00,-122.543045226171,37.0047216177041,0,"available_crw"
"254026_0",198,"254026_0_crw_198",14,"254026_0_20240411T230000",2024-04-11 23:00:00,-122.574602058081,37.0206682396748,0,"available_crw"
"254026_0",198,"254026_0_crw_198",15,"254026_0_20240412T050000",2024-04-12 05:00:00,-122.598842918484,37.032566041473,0,"available_crw"
"254026_0",198,"254026_0_crw_198",16,"254026_0_20240412T110000",2024-04-12 11:00:00,-122.640066259914,37.0509152527099,0,"available_crw"
"254026_0",198,"254026_0_crw_198",17,"254026_0_20240412T170000",2024-04-12 17:00:00,-122.590919850323,37.0879587899343,0,"available_crw"
"254026_0",198,"254026_0_crw_198",18,"254026_0_20240412T230000",2024-04-12 23:00:00,-122.566632654248,37.1106792563373,0,"available_crw"
"254026_0",198,"254026_0_crw_198",19,"254026_0_20240413T050000",2024-04-13 05:00:00,-122.560399383366,37.1213690302737,0,"available_crw"
"254026_0",198,"254026_0_crw_198",20,"254026_0_20240413T110000",2024-04-13 11:00:00,-122.557971588085,37.1330055998964,0,"available_crw"
"254026_0",198,"254026_0_crw_198",21,"254026_0_20240413T170000",2024-04-13 17:00:00,-122.552155281214,37.1705151197651,0,"available_crw"
"254026_0",198,"254026_0_crw_198",22,"254026_0_20240413T230000",2024-04-13 23:00:00,-122.554327711067,37.1821840718023,0,"available_crw"
"254026_0",198,"254026_0_crw_198",23,"254026_0_20240414T050000",2024-04-14 05:00:00,-122.564493703094,37.2037024119245,0,"available_crw"
"254026_0",198,"254026_0_crw_198",24,"254026_0_20240414T110000",2024-04-14 11:00:00,-122.574907132358,37.2249136458128,0,"available_crw"
"254026_0",198,"254026_0_crw_198",25,"254026_0_20240414T170000",2024-04-14 17:00:00,-122.590785775061,37.2355589379243,0,"available_crw"
"254026_0",198,"254026_0_crw_198",26,"254026_0_20240414T230000",2024-04-14 23:00:00,-122.589648380737,37.2876200632825,0,"available_crw"
"254026_0",198,"254026_0_crw_198",27,"254026_0_20240415T050000",2024-04-15 05:00:00,-122.667910038453,37.2122674574576,0,"available_crw"
"254026_0",198,"254026_0_crw_198",28,"254026_0_20240415T110000",2024-04-15 11:00:00,-122.847252838555,37.0847786091992,0,"available_crw"
"254026_0",198,"254026_0_crw_198",29,"254026_0_20240415T170000",2024-04-15 17:00:00,-123.084178709387,36.9610269331977,0,"available_crw"
"254026_0",198,"254026_0_crw_198",30,"254026_0_20240415T230000",2024-04-15 23:00:00,-123.09193346253,37.0000737244023,0,"available_crw"
"254026_0",199,"254026_0_crw_199",1,"254026_0_20240408T170000",2024-04-08 17:00:00,-122.0637,36.9493,0,"available_crw"
"254026_0",199,"254026_0_crw_199",2,"254026_0_20240408T230000",2024-04-08 23:00:00,-122.041116949982,36.9255096380072,0,"available_crw"
"254026_0",199,"254026_0_crw_199",3,"254026_0_20240409T050000",2024-04-09 05:00:00,-121.906078827083,36.7264821917554,0,"available_crw"
"254026_0",199,"254026_0_crw_199",4,"254026_0_20240409T110000",2024-04-09 11:00:00,-121.887388929466,36.6999134657297,0,"available_crw"
"254026_0",199,"254026_0_crw_199",5,"254026_0_20240409T170000",2024-04-09 17:00:00,-121.863580798004,36.6705946262529,0,"available_crw"
"254026_0",199,"254026_0_crw_199",6,"254026_0_20240409T230000",2024-04-09 23:00:00,-121.852574804995,36.6628121980424,0,"available_crw"
"254026_0",199,"254026_0_crw_199",7,"254026_0_20240410T050000",2024-04-10 05:00:00,-121.818742471555,36.639912518896,0,"available_crw"
"254026_0",199,"254026_0_crw_199",8,"254026_0_20240410T110000",2024-04-10 11:00:00,-121.862880437086,36.6226609887774,0,"available_crw"
"254026_0",199,"254026_0_crw_199",9,"254026_0_20240410T170000",2024-04-10 17:00:00,-121.893151470098,36.7470204034501,0,"available_crw"
"254026_0",199,"254026_0_crw_199",10,"254026_0_20240410T230000",2024-04-10 23:00:00,-121.923099188612,36.748440274781,0,"available_crw"
"254026_0",199,"254026_0_crw_199",11,"254026_0_20240411T050000",2024-04-11 05:00:00,-121.970060632661,36.7490585812393,0,"available_crw"
"254026_0",199,"254026_0_crw_199",12,"254026_0_20240411T110000",2024-04-11 11:00:00,-122.04731959256,36.7906491691022,0,"available_crw"
"254026_0",199,"254026_0_crw_199",13,"254026_0_20240411T170000",2024-04-11 17:00:00,-122.084448089066,36.7925742611432,0,"available_crw"
"254026_0",199,"254026_0_crw_199",14,"254026_0_20240411T230000",2024-04-11 23:00:00,-122.121601632726,36.791250137942,0,"available_crw"
"254026_0",199,"254026_0_crw_199",15,"254026_0_20240412T050000",2024-04-12 05:00:00,-122.152934386802,36.775117674704,0,"available_crw"
"254026_0",199,"254026_0_crw_199",16,"254026_0_20240412T110000",2024-04-12 11:00:00,-122.176590717999,36.7625842030149,0,"available_crw"
"254026_0",199,"254026_0_crw_199",17,"254026_0_20240412T170000",2024-04-12 17:00:00,-122.20792292705,36.7453577763409,0,"available_crw"
"254026_0",199,"254026_0_crw_199",18,"254026_0_20240412T230000",2024-04-12 23:00:00,-122.217290804295,36.730602974839,0,"available_crw"
"254026_0",199,"254026_0_crw_199",19,"254026_0_20240413T050000",2024-04-13 05:00:00,-122.167833418348,36.7604519748252,0,"available_crw"
"254026_0",199,"254026_0_crw_199",20,"254026_0_20240413T110000",2024-04-13 11:00:00,-121.906485665429,36.8836192888744,0,"available_crw"
"254026_0",199,"254026_0_crw_199",21,"254026_0_20240413T170000",2024-04-13 17:00:00,-121.895823039202,36.8978021865597,0,"available_crw"
"254026_0",199,"254026_0_crw_199",22,"254026_0_20240413T230000",2024-04-13 23:00:00,-121.894904285074,36.9143539071338,0,"available_crw"
"254026_0",199,"254026_0_crw_199",23,"254026_0_20240414T050000",2024-04-14 05:00:00,-121.893999764137,36.9371288476209,0,"available_crw"
"254026_0",199,"254026_0_crw_199",24,"254026_0_20240414T110000",2024-04-14 11:00:00,-121.893893656143,36.9751390448689,0,"available_crw"
"254026_0",199,"254026_0_crw_199",25,"254026_0_20240414T170000",2024-04-14 17:00:00,-121.887566299462,36.9709057010722,0,"available_crw"
"254026_0",199,"254026_0_crw_199",26,"254026_0_20240414T230000",2024-04-14 23:00:00,-121.93181403041,36.9535210697395,0,"available_crw"
"254026_0",199,"254026_0_crw_199",27,"254026_0_20240415T050000",2024-04-15 05:00:00,-121.885839624425,36.8025810191452,0,"available_crw"
"254026_0",199,"254026_0_crw_199",28,"254026_0_20240415T110000",2024-04-15 11:00:00,-121.90551490318,36.7976206126754,0,"available_crw"
"254026_0",199,"254026_0_crw_199",29,"254026_0_20240415T170000",2024-04-15 17:00:00,-121.950168036851,36.7851672817183,0,"available_crw"
"254026_0",199,"254026_0_crw_199",30,"254026_0_20240415T230000",2024-04-15 23:00:00,-121.962101383014,36.9115293073362,0,"available_crw"
"254026_0",200,"254026_0_crw_200",1,"254026_0_20240408T170000",2024-04-08 17:00:00,-122.0637,36.9493,0,"available_crw"
"254026_0",200,"254026_0_crw_200",2,"254026_0_20240408T230000",2024-04-08 23:00:00,-122.03804893492,36.9173492559836,0,"available_crw"
"254026_0",200,"254026_0_crw_200",3,"254026_0_20240409T050000",2024-04-09 05:00:00,-122.013231174359,36.88784857316,0,"available_crw"
"254026_0",200,"254026_0_crw_200",4,"254026_0_20240409T110000",2024-04-09 11:00:00,-122.162108079254,36.8460021760199,0,"available_crw"
"254026_0",200,"254026_0_crw_200",5,"254026_0_20240409T170000",2024-04-09 17:00:00,-122.170352238645,36.8294129444199,0,"available_crw"
"254026_0",200,"254026_0_crw_200",6,"254026_0_20240409T230000",2024-04-09 23:00:00,-122.174627218566,36.8895295361247,0,"available_crw"
"254026_0",200,"254026_0_crw_200",7,"254026_0_20240410T050000",2024-04-10 05:00:00,-122.020090880893,36.864101475062,0,"available_crw"
"254026_0",200,"254026_0_crw_200",8,"254026_0_20240410T110000",2024-04-10 11:00:00,-122.005442871855,36.8649088514057,0,"available_crw"
"254026_0",200,"254026_0_crw_200",9,"254026_0_20240410T170000",2024-04-10 17:00:00,-121.974556894998,36.8816310189095,0,"available_crw"
"254026_0",200,"254026_0_crw_200",10,"254026_0_20240410T230000",2024-04-10 23:00:00,-121.946099072397,36.9009210635615,0,"available_crw"
"254026_0",200,"254026_0_crw_200",11,"254026_0_20240411T050000",2024-04-11 05:00:00,-121.911426145059,36.9264811709536,0,"available_crw"
"254026_0",200,"254026_0_crw_200",12,"254026_0_20240411T110000",2024-04-11 11:00:00,-121.890755881873,36.9420979615807,0,"available_crw"
"254026_0",200,"254026_0_crw_200",13,"254026_0_20240411T170000",2024-04-11 17:00:00,-122.012371408133,36.9342965074325,0,"available_crw"
"254026_0",200,"254026_0_crw_200",14,"254026_0_20240411T230000",2024-04-11 23:00:00,-122.007637654024,36.9397055653604,0,"available_crw"
"254026_0",200,"254026_0_crw_200",15,"254026_0_20240412T050000",2024-04-12 05:00:00,-122.005296004905,36.9561670405027,0,"available_crw"
"254026_0",200,"254026_0_crw_200",16,"254026_0_20240412T110000",2024-04-12 11:00:00,-122.038645017739,36.9142368555582,0,"available_crw"
"254026_0",200,"254026_0_crw_200",17,"254026_0_20240412T170000",2024-04-12 17:00:00,-121.985746287728,36.9401441421525,0,"available_crw"
"254026_0",200,"254026_0_crw_200",18,"254026_0_20240412T230000",2024-04-12 23:00:00,-121.973890475874,36.9265656368368,0,"available_crw"
"254026_0",200,"254026_0_crw_200",19,"254026_0_20240413T050000",2024-04-13 05:00:00,-121.945591708483,36.896095100712,0,"available_crw"
"254026_0",200,"254026_0_crw_200",20,"254026_0_20240413T110000",2024-04-13 11:00:00,-121.957049034453,36.9449842868949,0,"available_crw"
"254026_0",200,"254026_0_crw_200",21,"254026_0_20240413T170000",2024-04-13 17:00:00,-121.976237706428,36.9540336216187,0,"available_crw"
"254026_0",200,"254026_0_crw_200",22,"254026_0_20240413T230000",2024-04-13 23:00:00,-121.997347693443,36.9483741569808,0,"available_crw"
"254026_0",200,"254026_0_crw_200",23,"254026_0_20240414T050000",2024-04-14 05:00:00,-122.033217158411,36.9382079525688,0,"available_crw"
"254026_0",200,"254026_0_crw_200",24,"254026_0_20240414T110000",2024-04-14 11:00:00,-122.077370394415,36.9244799377417,0,"available_crw"
"254026_0",200,"254026_0_crw_200",25,"254026_0_20240414T170000",2024-04-14 17:00:00,-121.961103684478,36.8949075332304,0,"available_crw"
"254026_0",200,"254026_0_crw_200",26,"254026_0_20240414T230000",2024-04-14 23:00:00,-121.966078455092,36.8788142507053,0,"available_crw"
"254026_0",200,"254026_0_crw_200",27,"254026_0_20240415T050000",2024-04-15 05:00:00,-121.974614348136,36.8490608919709,0,"available_crw"
"254026_0",200,"254026_0_crw_200",28,"254026_0_20240415T110000",2024-04-15 11:00:00,-121.799979682768,36.7824862156671,0,"available_crw"
"254026_0",200,"254026_0_crw_200",29,"254026_0_20240415T170000",2024-04-15 17:00:00,-121.845902887387,36.74302037533,0,"available_crw"
"254026_0",200,"254026_0_crw_200",30,"254026_0_20240415T230000",2024-04-15 23:00:00,-121.852681911108,36.7325605892894,0,"available_crw"
